2026-07-17 20:17:57,947 INFO o.a.j.u.JMeterUtils: Setting Locale to en_EN
2026-07-17 20:17:57,956 INFO o.a.j.JMeter: Loading user properties from: D:\apache-jmeter-5.6.3\apache-jmeter-5.6.3\bin\user.properties
2026-07-17 20:17:57,958 INFO o.a.j.JMeter: Loading system properties from: D:\apache-jmeter-5.6.3\apache-jmeter-5.6.3\bin\system.properties
2026-07-17 20:17:57,958 INFO o.a.j.JMeter: Setting JMeter property: voucherId=10000
2026-07-17 20:17:57,963 INFO o.a.j.JMeter: Copyright (c) 1998-2024 The Apache Software Foundation
2026-07-17 20:17:57,963 INFO o.a.j.JMeter: Version 5.6.3
2026-07-17 20:17:57,963 INFO o.a.j.JMeter: java.version=1.8.0_221
2026-07-17 20:17:57,963 INFO o.a.j.JMeter: java.vm.name=Java HotSpot(TM) 64-Bit Server VM
2026-07-17 20:17:57,965 INFO o.a.j.JMeter: os.name=Windows 10
2026-07-17 20:17:57,965 INFO o.a.j.JMeter: os.arch=amd64
2026-07-17 20:17:57,965 INFO o.a.j.JMeter: os.version=10.0
2026-07-17 20:17:57,965 INFO o.a.j.JMeter: file.encoding=GBK
2026-07-17 20:17:57,965 INFO o.a.j.JMeter: java.awt.headless=true
2026-07-17 20:17:57,965 INFO o.a.j.JMeter: Max memory     =1073741824
2026-07-17 20:17:57,965 INFO o.a.j.JMeter: Available Processors =24
2026-07-17 20:17:57,968 INFO o.a.j.JMeter: Default Locale=English (EN)
2026-07-17 20:17:57,968 INFO o.a.j.JMeter: JMeter  Locale=English (EN)
2026-07-17 20:17:57,968 INFO o.a.j.JMeter: JMeterHome=D:\apache-jmeter-5.6.3\apache-jmeter-5.6.3
2026-07-17 20:17:57,968 INFO o.a.j.JMeter: user.dir  =D:\IDEAprojects\hm-dianping\hm-dianping
2026-07-17 20:17:57,968 INFO o.a.j.JMeter: PWD       =D:\IDEAprojects\hm-dianping\hm-dianping
2026-07-17 20:17:57,971 INFO o.a.j.JMeter: IP: 192.168.1.124 Name: LAPTOP-MEAJN5NP FullName: 192.168.1.124
2026-07-17 20:17:57,983 INFO o.a.j.s.FileServer: Default base='D:\IDEAprojects\hm-dianping\hm-dianping'
2026-07-17 20:17:57,986 INFO o.a.j.s.FileServer: Set new base='D:\IDEAprojects\hm-dianping\hm-dianping\benchmark'
2026-07-17 20:17:58,108 INFO o.a.j.s.SaveService: Testplan (JMX) version: 2.2. Testlog (JTL) version: 2.2
2026-07-17 20:17:58,124 INFO o.a.j.s.SaveService: Using SaveService properties file encoding UTF-8
2026-07-17 20:17:58,128 INFO o.a.j.s.SaveService: Using SaveService properties version 5.0
2026-07-17 20:17:58,133 INFO o.a.j.s.SaveService: Loading file: benchmark\seckill.jmx
2026-07-17 20:17:58,192 INFO o.a.j.p.h.s.HTTPSamplerBase: Parser for text/html is org.apache.jmeter.protocol.http.parser.LagartoBasedHtmlParser
2026-07-17 20:17:58,192 INFO o.a.j.p.h.s.HTTPSamplerBase: Parser for application/xhtml+xml is org.apache.jmeter.protocol.http.parser.LagartoBasedHtmlParser
2026-07-17 20:17:58,192 INFO o.a.j.p.h.s.HTTPSamplerBase: Parser for application/xml is org.apache.jmeter.protocol.http.parser.LagartoBasedHtmlParser
2026-07-17 20:17:58,192 INFO o.a.j.p.h.s.HTTPSamplerBase: Parser for text/xml is org.apache.jmeter.protocol.http.parser.LagartoBasedHtmlParser
2026-07-17 20:17:58,192 INFO o.a.j.p.h.s.HTTPSamplerBase: Parser for text/vnd.wap.wml is org.apache.jmeter.protocol.http.parser.RegexpHTMLParser
2026-07-17 20:17:58,192 INFO o.a.j.p.h.s.HTTPSamplerBase: Parser for text/css is org.apache.jmeter.protocol.http.parser.CssParser
2026-07-17 20:17:58,437 INFO o.a.j.JMeter: Creating summariser <summary>
2026-07-17 20:17:58,447 INFO o.a.j.e.StandardJMeterEngine: Running the test!
2026-07-17 20:17:58,448 INFO o.a.j.s.SampleEvent: List of sample_variables: []
2026-07-17 20:17:58,448 INFO o.a.j.s.SampleEvent: List of sample_variables: []
2026-07-17 20:17:58,452 INFO o.a.j.e.u.CompoundVariable: Note: Function class names must contain the string: '.functions.'
2026-07-17 20:17:58,452 INFO o.a.j.e.u.CompoundVariable: Note: Function class names must not contain the string: '.gui.'
2026-07-17 20:17:58,683 INFO o.a.j.JMeter: Running test (1784290678683)
2026-07-17 20:17:58,722 INFO o.a.j.e.StandardJMeterEngine: Starting ThreadGroup: 1 : 秒杀线程组：1000用户
2026-07-17 20:17:58,722 INFO o.a.j.e.StandardJMeterEngine: Starting 1000 threads for group 秒杀线程组：1000用户.
2026-07-17 20:17:58,722 INFO o.a.j.e.StandardJMeterEngine: Thread will continue on error
2026-07-17 20:17:58,722 INFO o.a.j.t.ThreadGroup: Starting thread group... number=1 threads=1000 ramp-up=1 delayedStart=false
2026-07-17 20:17:58,865 INFO o.a.j.t.ThreadGroup: Started thread group number 1
2026-07-17 20:17:58,866 INFO o.a.j.e.StandardJMeterEngine: All thread groups have been started
2026-07-17 20:17:59,168 INFO o.a.j.t.JMeterThread: Thread started: 秒杀线程组：1000用户 1-5
2026-07-17 20:17:59,169 INFO o.a.j.t.JMeterThread: Thread started: 秒杀线程组：1000用户 1-6
2026-07-17 20:17:59,170 INFO o.a.j.t.JMeterThread: Thread started: 秒杀线程组：1000用户 1-4
2026-07-17 20:17:59,170 INFO o.a.j.t.JMeterThread: Thread started: 秒杀线程组：1000用户 1-2
2026-07-17 20:17:59,170 INFO o.a.j.s.FileServer: Stored: D:/IDEAprojects/bench-sync/benchmark/tokens.txt
2026-07-17 20:17:59,171 INFO o.a.j.t.JMeterThread: Thread started: 秒杀线程组：1000用户 1-9
2026-07-17 20:17:59,171 INFO o.a.j.t.JMeterThread: Thread started: 秒杀线程组：1000用户 1-3
2026-07-17 20:17:59,172 INFO o.a.j.t.JMeterThread: Thread started: 秒杀线程组：1000用户 1-11
2026-07-17 20:17:59,172 INFO o.a.j.t.JMeterThread: Thread started: 秒杀线程组：1000用户 1-8
2026-07-17 20:17:59,172 INFO o.a.j.t.JMeterThread: Thread started: 秒杀线程组：1000用户 1-10
2026-07-17 20:17:59,174 INFO o.a.j.t.JMeterThread: Thread started: 秒杀线程组：1000用户 1-12
2026-07-17 20:17:59,174 INFO o.a.j.t.JMeterThread: Thread started: 秒杀线程组：1000用户 1-17
2026-07-17 20:17:59,174 INFO o.a.j.t.JMeterThread: Thread started: 秒杀线程组：1000用户 1-1
2026-07-17 20:17:59,175 INFO o.a.j.t.JMeterThread: Thread started: 秒杀线程组：1000用户 1-23
2026-07-17 20:17:59,176 INFO o.a.j.t.JMeterThread: Thread started: 秒杀线程组：1000用户 1-13
2026-07-17 20:17:59,176 INFO o.a.j.t.JMeterThread: Thread started: 秒杀线程组：1000用户 1-7
2026-07-17 20:17:59,176 INFO o.a.j.t.JMeterThread: Thread started: 秒杀线程组：1000用户 1-14
2026-07-17 20:17:59,177 INFO o.a.j.t.JMeterThread: Thread started: 秒杀线程组：1000用户 1-16
2026-07-17 20:17:59,178 INFO o.a.j.t.JMeterThread: Thread started: 秒杀线程组：1000用户 1-26
2026-07-17 20:17:59,178 INFO o.a.j.t.JMeterThread: Thread started: 秒杀线程组：1000用户 1-15
2026-07-17 20:17:59,179 INFO o.a.j.t.JMeterThread: Thread started: 秒杀线程组：1000用户 1-19
2026-07-17 20:17:59,181 INFO o.a.j.t.JMeterThread: Thread started: 秒杀线程组：1000用户 1-24
2026-07-17 20:17:59,181 INFO o.a.j.t.JMeterThread: Thread started: 秒杀线程组：1000用户 1-22
2026-07-17 20:17:59,182 INFO o.a.j.t.JMeterThread: Thread started: 秒杀线程组：1000用户 1-18
2026-07-17 20:17:59,183 INFO o.a.j.t.JMeterThread: Thread started: 秒杀线程组：1000用户 1-25
2026-07-17 20:17:59,183 INFO o.a.j.t.JMeterThread: Thread started: 秒杀线程组：1000用户 1-27
2026-07-17 20:17:59,183 INFO o.a.j.t.JMeterThread: Thread started: 秒杀线程组：1000用户 1-20
2026-07-17 20:17:59,183 INFO o.a.j.t.JMeterThread: Thread started: 秒杀线程组：1000用户 1-32
2026-07-17 20:17:59,185 INFO o.a.j.t.JMeterThread: Thread started: 秒杀线程组：1000用户 1-21
2026-07-17 20:17:59,188 INFO o.a.j.t.JMeterThread: Thread started: 秒杀线程组：1000用户 1-41
2026-07-17 20:17:59,188 INFO o.a.j.t.JMeterThread: Thread started: 秒杀线程组：1000用户 1-31
2026-07-17 20:17:59,188 INFO o.a.j.t.JMeterThread: Thread started: 秒杀线程组：1000用户 1-40
2026-07-17 20:17:59,188 INFO o.a.j.t.JMeterThread: Thread started: 秒杀线程组：1000用户 1-29
2026-07-17 20:17:59,188 INFO o.a.j.t.JMeterThread: Thread started: 秒杀线程组：1000用户 1-28
2026-07-17 20:17:59,188 INFO o.a.j.t.JMeterThread: Thread started: 秒杀线程组：1000用户 1-30
2026-07-17 20:17:59,191 INFO o.a.j.t.JMeterThread: Thread started: 秒杀线程组：1000用户 1-33
2026-07-17 20:17:59,191 INFO o.a.j.t.JMeterThread: Thread started: 秒杀线程组：1000用户 1-34
2026-07-17 20:17:59,192 INFO o.a.j.t.JMeterThread: Thread started: 秒杀线程组：1000用户 1-36
2026-07-17 20:17:59,192 INFO o.a.j.t.JMeterThread: Thread started: 秒杀线程组：1000用户 1-38
2026-07-17 20:17:59,192 INFO o.a.j.t.JMeterThread: Thread started: 秒杀线程组：1000用户 1-46
2026-07-17 20:17:59,193 INFO o.a.j.t.JMeterThread: Thread started: 秒杀线程组：1000用户 1-45
2026-07-17 20:17:59,193 INFO o.a.j.t.JMeterThread: Thread started: 秒杀线程组：1000用户 1-35
2026-07-17 20:17:59,194 INFO o.a.j.t.JMeterThread: Thread started: 秒杀线程组：1000用户 1-43
2026-07-17 20:17:59,195 INFO o.a.j.t.JMeterThread: Thread started: 秒杀线程组：1000用户 1-37
2026-07-17 20:17:59,195 INFO o.a.j.t.JMeterThread: Thread started: 秒杀线程组：1000用户 1-39
2026-07-17 20:17:59,195 INFO o.a.j.t.JMeterThread: Thread started: 秒杀线程组：1000用户 1-48
2026-07-17 20:17:59,196 INFO o.a.j.t.JMeterThread: Thread started: 秒杀线程组：1000用户 1-49
2026-07-17 20:17:59,197 INFO o.a.j.t.JMeterThread: Thread started: 秒杀线程组：1000用户 1-53
2026-07-17 20:17:59,197 INFO o.a.j.t.JMeterThread: Thread started: 秒杀线程组：1000用户 1-50
2026-07-17 20:17:59,198 INFO o.a.j.t.JMeterThread: Thread started: 秒杀线程组：1000用户 1-51
2026-07-17 20:17:59,200 INFO o.a.j.t.JMeterThread: Thread started: 秒杀线程组：1000用户 1-42
2026-07-17 20:17:59,201 INFO o.a.j.t.JMeterThread: Thread started: 秒杀线程组：1000用户 1-55
2026-07-17 20:17:59,201 INFO o.a.j.t.JMeterThread: Thread started: 秒杀线程组：1000用户 1-47
2026-07-17 20:17:59,201 INFO o.a.j.t.JMeterThread: Thread started: 秒杀线程组：1000用户 1-56
2026-07-17 20:17:59,201 INFO o.a.j.t.JMeterThread: Thread started: 秒杀线程组：1000用户 1-54
2026-07-17 20:17:59,201 INFO o.a.j.t.JMeterThread: Thread started: 秒杀线程组：1000用户 1-57
2026-07-17 20:17:59,203 INFO o.a.j.t.JMeterThread: Thread started: 秒杀线程组：1000用户 1-44
2026-07-17 20:17:59,207 INFO o.a.j.t.JMeterThread: Thread started: 秒杀线程组：1000用户 1-52
2026-07-17 20:17:59,209 INFO o.a.j.t.JMeterThread: Thread started: 秒杀线程组：1000用户 1-59
2026-07-17 20:17:59,209 INFO o.a.j.t.JMeterThread: Thread started: 秒杀线程组：1000用户 1-58
2026-07-17 20:17:59,210 INFO o.a.j.t.JMeterThread: Thread started: 秒杀线程组：1000用户 1-67
2026-07-17 20:17:59,215 INFO o.a.j.t.JMeterThread: Thread started: 秒杀线程组：1000用户 1-60
2026-07-17 20:17:59,215 INFO o.a.j.t.JMeterThread: Thread started: 秒杀线程组：1000用户 1-65
2026-07-17 20:17:59,218 INFO o.a.j.t.JMeterThread: Thread started: 秒杀线程组：1000用户 1-62
2026-07-17 20:17:59,218 INFO o.a.j.t.JMeterThread: Thread started: 秒杀线程组：1000用户 1-63
2026-07-17 20:17:59,218 INFO o.a.j.t.JMeterThread: Thread started: 秒杀线程组：1000用户 1-66
2026-07-17 20:17:59,219 INFO o.a.j.t.JMeterThread: Thread started: 秒杀线程组：1000用户 1-69
2026-07-17 20:17:59,219 INFO o.a.j.t.JMeterThread: Thread started: 秒杀线程组：1000用户 1-61
2026-07-17 20:17:59,220 INFO o.a.j.t.JMeterThread: Thread started: 秒杀线程组：1000用户 1-74
2026-07-17 20:17:59,220 INFO o.a.j.t.JMeterThread: Thread started: 秒杀线程组：1000用户 1-70
2026-07-17 20:17:59,220 INFO o.a.j.t.JMeterThread: Thread started: 秒杀线程组：1000用户 1-72
2026-07-17 20:17:59,221 INFO o.a.j.t.JMeterThread: Thread started: 秒杀线程组：1000用户 1-71
2026-07-17 20:17:59,221 INFO o.a.j.t.JMeterThread: Thread started: 秒杀线程组：1000用户 1-83
2026-07-17 20:17:59,222 INFO o.a.j.t.JMeterThread: Thread started: 秒杀线程组：1000用户 1-76
2026-07-17 20:17:59,222 INFO o.a.j.t.JMeterThread: Thread started: 秒杀线程组：1000用户 1-64
2026-07-17 20:17:59,224 INFO o.a.j.t.JMeterThread: Thread started: 秒杀线程组：1000用户 1-68
2026-07-17 20:17:59,224 INFO o.a.j.p.h.s.HTTPHCAbstractImpl: Local host = LAPTOP-MEAJN5NP
2026-07-17 20:17:59,225 INFO o.a.j.t.JMeterThread: Thread started: 秒杀线程组：1000用户 1-84
2026-07-17 20:17:59,228 INFO o.a.j.t.JMeterThread: Thread started: 秒杀线程组：1000用户 1-73
2026-07-17 20:17:59,228 INFO o.a.j.t.JMeterThread: Thread started: 秒杀线程组：1000用户 1-85
2026-07-17 20:17:59,228 INFO o.a.j.t.JMeterThread: Thread started: 秒杀线程组：1000用户 1-87
2026-07-17 20:17:59,228 INFO o.a.j.t.JMeterThread: Thread started: 秒杀线程组：1000用户 1-78
2026-07-17 20:17:59,229 INFO o.a.j.t.JMeterThread: Thread started: 秒杀线程组：1000用户 1-89
2026-07-17 20:17:59,229 INFO o.a.j.t.JMeterThread: Thread started: 秒杀线程组：1000用户 1-77
2026-07-17 20:17:59,229 INFO o.a.j.t.JMeterThread: Thread started: 秒杀线程组：1000用户 1-75
2026-07-17 20:17:59,229 INFO o.a.j.t.JMeterThread: Thread started: 秒杀线程组：1000用户 1-79
2026-07-17 20:17:59,230 INFO o.a.j.t.JMeterThread: Thread started: 秒杀线程组：1000用户 1-93
2026-07-17 20:17:59,230 INFO o.a.j.t.JMeterThread: Thread started: 秒杀线程组：1000用户 1-82
2026-07-17 20:17:59,231 INFO o.a.j.t.JMeterThread: Thread started: 秒杀线程组：1000用户 1-88
2026-07-17 20:17:59,231 INFO o.a.j.t.JMeterThread: Thread started: 秒杀线程组：1000用户 1-91
2026-07-17 20:17:59,232 INFO o.a.j.t.JMeterThread: Thread started: 秒杀线程组：1000用户 1-92
2026-07-17 20:17:59,231 INFO o.a.j.t.JMeterThread: Thread started: 秒杀线程组：1000用户 1-81
2026-07-17 20:17:59,233 INFO o.a.j.t.JMeterThread: Thread started: 秒杀线程组：1000用户 1-80
2026-07-17 20:17:59,234 INFO o.a.j.t.JMeterThread: Thread started: 秒杀线程组：1000用户 1-94
2026-07-17 20:17:59,234 INFO o.a.j.p.h.s.HTTPHC4Impl: HTTP request retry count = 0
2026-07-17 20:17:59,236 INFO o.a.j.s.SampleResult: Note: Sample TimeStamps are START times
2026-07-17 20:17:59,236 INFO o.a.j.s.SampleResult: sampleresult.default.encoding is set to UTF-8
2026-07-17 20:17:59,236 INFO o.a.j.s.SampleResult: sampleresult.useNanoTime=true
2026-07-17 20:17:59,236 INFO o.a.j.s.SampleResult: sampleresult.nanoThreadSleep=5000
2026-07-17 20:17:59,237 INFO o.a.j.t.JMeterThread: Thread started: 秒杀线程组：1000用户 1-90
2026-07-17 20:17:59,238 INFO o.a.j.t.JMeterThread: Thread started: 秒杀线程组：1000用户 1-86
2026-07-17 20:17:59,239 INFO o.a.j.t.JMeterThread: Thread started: 秒杀线程组：1000用户 1-97
2026-07-17 20:17:59,240 INFO o.a.j.t.JMeterThread: Thread started: 秒杀线程组：1000用户 1-98
2026-07-17 20:17:59,241 INFO o.a.j.t.JMeterThread: Thread started: 秒杀线程组：1000用户 1-95
2026-07-17 20:17:59,243 INFO o.a.j.t.JMeterThread: Thread started: 秒杀线程组：1000用户 1-101
2026-07-17 20:17:59,243 INFO o.a.j.t.JMeterThread: Thread started: 秒杀线程组：1000用户 1-96
2026-07-17 20:17:59,246 INFO o.a.j.t.JMeterThread: Thread started: 秒杀线程组：1000用户 1-100
2026-07-17 20:17:59,246 INFO o.a.j.t.JMeterThread: Thread started: 秒杀线程组：1000用户 1-99
2026-07-17 20:17:59,249 INFO o.a.j.t.JMeterThread: Thread started: 秒杀线程组：1000用户 1-109
2026-07-17 20:17:59,250 INFO o.a.j.t.JMeterThread: Thread started: 秒杀线程组：1000用户 1-103
2026-07-17 20:17:59,250 INFO o.a.j.t.JMeterThread: Thread started: 秒杀线程组：1000用户 1-102
2026-07-17 20:17:59,251 INFO o.a.j.t.JMeterThread: Thread started: 秒杀线程组：1000用户 1-111
2026-07-17 20:17:59,252 INFO o.a.j.t.JMeterThread: Thread started: 秒杀线程组：1000用户 1-105
2026-07-17 20:17:59,252 INFO o.a.j.t.JMeterThread: Thread started: 秒杀线程组：1000用户 1-106
2026-07-17 20:17:59,253 INFO o.a.j.t.JMeterThread: Thread started: 秒杀线程组：1000用户 1-112
2026-07-17 20:17:59,253 INFO o.a.j.t.JMeterThread: Thread started: 秒杀线程组：1000用户 1-107
2026-07-17 20:17:59,253 INFO o.a.j.t.JMeterThread: Thread started: 秒杀线程组：1000用户 1-108
2026-07-17 20:17:59,254 INFO o.a.j.t.JMeterThread: Thread started: 秒杀线程组：1000用户 1-104
2026-07-17 20:17:59,255 INFO o.a.j.t.JMeterThread: Thread started: 秒杀线程组：1000用户 1-114
2026-07-17 20:17:59,256 INFO o.a.j.t.JMeterThread: Thread started: 秒杀线程组：1000用户 1-116
2026-07-17 20:17:59,257 INFO o.a.j.t.JMeterThread: Thread started: 秒杀线程组：1000用户 1-113
2026-07-17 20:17:59,257 INFO o.a.j.t.JMeterThread: Thread started: 秒杀线程组：1000用户 1-115
2026-07-17 20:17:59,257 INFO o.a.j.t.JMeterThread: Thread started: 秒杀线程组：1000用户 1-110
2026-07-17 20:17:59,257 INFO o.a.j.t.JMeterThread: Thread started: 秒杀线程组：1000用户 1-117
2026-07-17 20:17:59,258 INFO o.a.j.t.JMeterThread: Thread started: 秒杀线程组：1000用户 1-119
2026-07-17 20:17:59,260 INFO o.a.j.t.JMeterThread: Thread started: 秒杀线程组：1000用户 1-118
2026-07-17 20:17:59,262 INFO o.a.j.t.JMeterThread: Thread started: 秒杀线程组：1000用户 1-129
2026-07-17 20:17:59,263 INFO o.a.j.t.JMeterThread: Thread started: 秒杀线程组：1000用户 1-127
2026-07-17 20:17:59,263 INFO o.a.j.t.JMeterThread: Thread started: 秒杀线程组：1000用户 1-131
2026-07-17 20:17:59,263 INFO o.a.j.t.JMeterThread: Thread started: 秒杀线程组：1000用户 1-126
2026-07-17 20:17:59,265 INFO o.a.j.t.JMeterThread: Thread started: 秒杀线程组：1000用户 1-122
2026-07-17 20:17:59,267 INFO o.a.j.t.JMeterThread: Thread started: 秒杀线程组：1000用户 1-123
2026-07-17 20:17:59,267 INFO o.a.j.t.JMeterThread: Thread started: 秒杀线程组：1000用户 1-120
2026-07-17 20:17:59,267 INFO o.a.j.t.JMeterThread: Thread started: 秒杀线程组：1000用户 1-135
2026-07-17 20:17:59,270 INFO o.a.j.t.JMeterThread: Thread started: 秒杀线程组：1000用户 1-130
2026-07-17 20:17:59,270 INFO o.a.j.t.JMeterThread: Thread started: 秒杀线程组：1000用户 1-121
2026-07-17 20:17:59,271 INFO o.a.j.t.JMeterThread: Thread started: 秒杀线程组：1000用户 1-124
2026-07-17 20:17:59,272 INFO o.a.j.t.JMeterThread: Thread started: 秒杀线程组：1000用户 1-125
2026-07-17 20:17:59,272 INFO o.a.j.t.JMeterThread: Thread started: 秒杀线程组：1000用户 1-128
2026-07-17 20:17:59,273 INFO o.a.j.t.JMeterThread: Thread started: 秒杀线程组：1000用户 1-136
2026-07-17 20:17:59,273 INFO o.a.j.t.JMeterThread: Thread started: 秒杀线程组：1000用户 1-140
2026-07-17 20:17:59,273 INFO o.a.j.t.JMeterThread: Thread started: 秒杀线程组：1000用户 1-137
2026-07-17 20:17:59,274 INFO o.a.j.t.JMeterThread: Thread started: 秒杀线程组：1000用户 1-132
2026-07-17 20:17:59,275 INFO o.a.j.t.JMeterThread: Thread started: 秒杀线程组：1000用户 1-133
2026-07-17 20:17:59,276 INFO o.a.j.t.JMeterThread: Thread started: 秒杀线程组：1000用户 1-142
2026-07-17 20:17:59,276 INFO o.a.j.t.JMeterThread: Thread started: 秒杀线程组：1000用户 1-134
2026-07-17 20:17:59,279 INFO o.a.j.t.JMeterThread: Thread started: 秒杀线程组：1000用户 1-141
2026-07-17 20:17:59,281 INFO o.a.j.t.JMeterThread: Thread started: 秒杀线程组：1000用户 1-138
2026-07-17 20:17:59,282 INFO o.a.j.t.JMeterThread: Thread started: 秒杀线程组：1000用户 1-139
2026-07-17 20:17:59,285 INFO o.a.j.t.JMeterThread: Thread started: 秒杀线程组：1000用户 1-144
2026-07-17 20:17:59,285 INFO o.a.j.t.JMeterThread: Thread started: 秒杀线程组：1000用户 1-146
2026-07-17 20:17:59,288 INFO o.a.j.t.JMeterThread: Thread started: 秒杀线程组：1000用户 1-149
2026-07-17 20:17:59,288 INFO o.a.j.t.JMeterThread: Thread started: 秒杀线程组：1000用户 1-155
2026-07-17 20:17:59,290 INFO o.a.j.t.JMeterThread: Thread started: 秒杀线程组：1000用户 1-148
2026-07-17 20:17:59,290 INFO o.a.j.t.JMeterThread: Thread started: 秒杀线程组：1000用户 1-147
2026-07-17 20:17:59,290 INFO o.a.j.t.JMeterThread: Thread started: 秒杀线程组：1000用户 1-143
2026-07-17 20:17:59,290 INFO o.a.j.t.JMeterThread: Thread started: 秒杀线程组：1000用户 1-145
2026-07-17 20:17:59,291 INFO o.a.j.t.JMeterThread: Thread started: 秒杀线程组：1000用户 1-152
2026-07-17 20:17:59,294 INFO o.a.j.t.JMeterThread: Thread started: 秒杀线程组：1000用户 1-156
2026-07-17 20:17:59,294 INFO o.a.j.t.JMeterThread: Thread started: 秒杀线程组：1000用户 1-151
2026-07-17 20:17:59,295 INFO o.a.j.t.JMeterThread: Thread started: 秒杀线程组：1000用户 1-150
2026-07-17 20:17:59,295 INFO o.a.j.t.JMeterThread: Thread started: 秒杀线程组：1000用户 1-153
2026-07-17 20:17:59,296 INFO o.a.j.t.JMeterThread: Thread started: 秒杀线程组：1000用户 1-154
2026-07-17 20:17:59,296 INFO o.a.j.t.JMeterThread: Thread started: 秒杀线程组：1000用户 1-158
2026-07-17 20:17:59,297 INFO o.a.j.t.JMeterThread: Thread started: 秒杀线程组：1000用户 1-159
2026-07-17 20:17:59,299 INFO o.a.j.t.JMeterThread: Thread started: 秒杀线程组：1000用户 1-157
2026-07-17 20:17:59,301 INFO o.a.j.t.JMeterThread: Thread started: 秒杀线程组：1000用户 1-164
2026-07-17 20:17:59,301 INFO o.a.j.t.JMeterThread: Thread started: 秒杀线程组：1000用户 1-168
2026-07-17 20:17:59,301 INFO o.a.j.t.JMeterThread: Thread started: 秒杀线程组：1000用户 1-160
2026-07-17 20:17:59,301 INFO o.a.j.t.JMeterThread: Thread started: 秒杀线程组：1000用户 1-169
2026-07-17 20:17:59,302 INFO o.a.j.t.JMeterThread: Thread started: 秒杀线程组：1000用户 1-165
2026-07-17 20:17:59,303 INFO o.a.j.t.JMeterThread: Thread started: 秒杀线程组：1000用户 1-173
2026-07-17 20:17:59,303 INFO o.a.j.t.JMeterThread: Thread started: 秒杀线程组：1000用户 1-161
2026-07-17 20:17:59,303 INFO o.a.j.t.JMeterThread: Thread started: 秒杀线程组：1000用户 1-166
2026-07-17 20:17:59,305 INFO o.a.j.t.JMeterThread: Thread started: 秒杀线程组：1000用户 1-167
2026-07-17 20:17:59,305 INFO o.a.j.t.JMeterThread: Thread started: 秒杀线程组：1000用户 1-162
2026-07-17 20:17:59,306 INFO o.a.j.t.JMeterThread: Thread started: 秒杀线程组：1000用户 1-163
2026-07-17 20:17:59,307 INFO o.a.j.t.JMeterThread: Thread started: 秒杀线程组：1000用户 1-177
2026-07-17 20:17:59,307 INFO o.a.j.t.JMeterThread: Thread started: 秒杀线程组：1000用户 1-178
2026-07-17 20:17:59,307 INFO o.a.j.t.JMeterThread: Thread started: 秒杀线程组：1000用户 1-179
2026-07-17 20:17:59,308 INFO o.a.j.t.JMeterThread: Thread started: 秒杀线程组：1000用户 1-180
2026-07-17 20:17:59,311 INFO o.a.j.t.JMeterThread: Thread started: 秒杀线程组：1000用户 1-170
2026-07-17 20:17:59,311 INFO o.a.j.t.JMeterThread: Thread started: 秒杀线程组：1000用户 1-171
2026-07-17 20:17:59,312 INFO o.a.j.t.JMeterThread: Thread started: 秒杀线程组：1000用户 1-176
2026-07-17 20:17:59,313 INFO o.a.j.t.JMeterThread: Thread started: 秒杀线程组：1000用户 1-172
2026-07-17 20:17:59,323 INFO o.a.j.t.JMeterThread: Thread started: 秒杀线程组：1000用户 1-189
2026-07-17 20:17:59,324 INFO o.a.j.t.JMeterThread: Thread started: 秒杀线程组：1000用户 1-191
2026-07-17 20:17:59,323 INFO o.a.j.t.JMeterThread: Thread started: 秒杀线程组：1000用户 1-194
2026-07-17 20:17:59,324 INFO o.a.j.t.JMeterThread: Thread started: 秒杀线程组：1000用户 1-190
2026-07-17 20:17:59,324 INFO o.a.j.t.JMeterThread: Thread started: 秒杀线程组：1000用户 1-186
2026-07-17 20:17:59,323 INFO o.a.j.t.JMeterThread: Thread started: 秒杀线程组：1000用户 1-192
2026-07-17 20:17:59,323 INFO o.a.j.t.JMeterThread: Thread started: 秒杀线程组：1000用户 1-182
2026-07-17 20:17:59,323 INFO o.a.j.t.JMeterThread: Thread started: 秒杀线程组：1000用户 1-188
2026-07-17 20:17:59,324 INFO o.a.j.t.JMeterThread: Thread started: 秒杀线程组：1000用户 1-185
2026-07-17 20:17:59,325 INFO o.a.j.t.JMeterThread: Thread started: 秒杀线程组：1000用户 1-183
2026-07-17 20:17:59,324 INFO o.a.j.t.JMeterThread: Thread started: 秒杀线程组：1000用户 1-187
2026-07-17 20:17:59,324 INFO o.a.j.t.JMeterThread: Thread started: 秒杀线程组：1000用户 1-184
2026-07-17 20:17:59,325 INFO o.a.j.t.JMeterThread: Thread started: 秒杀线程组：1000用户 1-174
2026-07-17 20:17:59,325 INFO o.a.j.t.JMeterThread: Thread started: 秒杀线程组：1000用户 1-175
2026-07-17 20:17:59,324 INFO o.a.j.t.JMeterThread: Thread started: 秒杀线程组：1000用户 1-181
2026-07-17 20:17:59,325 INFO o.a.j.t.JMeterThread: Thread started: 秒杀线程组：1000用户 1-195
2026-07-17 20:17:59,326 INFO o.a.j.t.JMeterThread: Thread started: 秒杀线程组：1000用户 1-196
2026-07-17 20:17:59,328 INFO o.a.j.t.JMeterThread: Thread started: 秒杀线程组：1000用户 1-197
2026-07-17 20:17:59,329 INFO o.a.j.t.JMeterThread: Thread started: 秒杀线程组：1000用户 1-193
2026-07-17 20:17:59,330 INFO o.a.j.t.JMeterThread: Thread started: 秒杀线程组：1000用户 1-200
2026-07-17 20:17:59,330 INFO o.a.j.t.JMeterThread: Thread started: 秒杀线程组：1000用户 1-199
2026-07-17 20:17:59,331 INFO o.a.j.t.JMeterThread: Thread started: 秒杀线程组：1000用户 1-201
2026-07-17 20:17:59,333 INFO o.a.j.t.JMeterThread: Thread started: 秒杀线程组：1000用户 1-198
2026-07-17 20:17:59,334 INFO o.a.j.t.JMeterThread: Thread started: 秒杀线程组：1000用户 1-203
2026-07-17 20:17:59,335 INFO o.a.j.t.JMeterThread: Thread started: 秒杀线程组：1000用户 1-209
2026-07-17 20:17:59,335 INFO o.a.j.t.JMeterThread: Thread started: 秒杀线程组：1000用户 1-204
2026-07-17 20:17:59,336 INFO o.a.j.t.JMeterThread: Thread started: 秒杀线程组：1000用户 1-205
2026-07-17 20:17:59,338 INFO o.a.j.t.JMeterThread: Thread started: 秒杀线程组：1000用户 1-202
2026-07-17 20:17:59,340 INFO o.a.j.t.JMeterThread: Thread started: 秒杀线程组：1000用户 1-207
2026-07-17 20:17:59,340 INFO o.a.j.t.JMeterThread: Thread started: 秒杀线程组：1000用户 1-208
2026-07-17 20:17:59,351 INFO o.a.j.t.JMeterThread: Thread started: 秒杀线程组：1000用户 1-216
2026-07-17 20:17:59,351 INFO o.a.j.t.JMeterThread: Thread started: 秒杀线程组：1000用户 1-206
2026-07-17 20:17:59,352 INFO o.a.j.t.JMeterThread: Thread started: 秒杀线程组：1000用户 1-214
2026-07-17 20:17:59,351 INFO o.a.j.t.JMeterThread: Thread started: 秒杀线程组：1000用户 1-212
2026-07-17 20:17:59,351 INFO o.a.j.t.JMeterThread: Thread started: 秒杀线程组：1000用户 1-217
2026-07-17 20:17:59,351 INFO o.a.j.t.JMeterThread: Thread started: 秒杀线程组：1000用户 1-211
2026-07-17 20:17:59,351 INFO o.a.j.t.JMeterThread: Thread started: 秒杀线程组：1000用户 1-213
2026-07-17 20:17:59,352 INFO o.a.j.t.JMeterThread: Thread started: 秒杀线程组：1000用户 1-215
2026-07-17 20:17:59,352 INFO o.a.j.t.JMeterThread: Thread started: 秒杀线程组：1000用户 1-210
2026-07-17 20:17:59,354 INFO o.a.j.t.JMeterThread: Thread started: 秒杀线程组：1000用户 1-221
2026-07-17 20:17:59,355 INFO o.a.j.t.JMeterThread: Thread started: 秒杀线程组：1000用户 1-223
2026-07-17 20:17:59,356 INFO o.a.j.t.JMeterThread: Thread started: 秒杀线程组：1000用户 1-219
2026-07-17 20:17:59,356 INFO o.a.j.t.JMeterThread: Thread started: 秒杀线程组：1000用户 1-218
2026-07-17 20:17:59,358 INFO o.a.j.t.JMeterThread: Thread started: 秒杀线程组：1000用户 1-220
2026-07-17 20:17:59,358 INFO o.a.j.t.JMeterThread: Thread started: 秒杀线程组：1000用户 1-222
2026-07-17 20:17:59,358 INFO o.a.j.t.JMeterThread: Thread started: 秒杀线程组：1000用户 1-226
2026-07-17 20:17:59,359 INFO o.a.j.t.JMeterThread: Thread started: 秒杀线程组：1000用户 1-224
2026-07-17 20:17:59,359 INFO o.a.j.t.JMeterThread: Thread started: 秒杀线程组：1000用户 1-231
2026-07-17 20:17:59,359 INFO o.a.j.t.JMeterThread: Thread started: 秒杀线程组：1000用户 1-238
2026-07-17 20:17:59,359 INFO o.a.j.t.JMeterThread: Thread started: 秒杀线程组：1000用户 1-229
2026-07-17 20:17:59,360 INFO o.a.j.t.JMeterThread: Thread started: 秒杀线程组：1000用户 1-225
2026-07-17 20:17:59,360 INFO o.a.j.t.JMeterThread: Thread started: 秒杀线程组：1000用户 1-241
2026-07-17 20:17:59,360 INFO o.a.j.t.JMeterThread: Thread started: 秒杀线程组：1000用户 1-239
2026-07-17 20:17:59,360 INFO o.a.j.t.JMeterThread: Thread started: 秒杀线程组：1000用户 1-232
2026-07-17 20:17:59,360 INFO o.a.j.t.JMeterThread: Thread started: 秒杀线程组：1000用户 1-230
2026-07-17 20:17:59,361 INFO o.a.j.t.JMeterThread: Thread started: 秒杀线程组：1000用户 1-228
2026-07-17 20:17:59,361 INFO o.a.j.t.JMeterThread: Thread started: 秒杀线程组：1000用户 1-234
2026-07-17 20:17:59,362 INFO o.a.j.t.JMeterThread: Thread started: 秒杀线程组：1000用户 1-243
2026-07-17 20:17:59,362 INFO o.a.j.t.JMeterThread: Thread started: 秒杀线程组：1000用户 1-242
2026-07-17 20:17:59,362 INFO o.a.j.t.JMeterThread: Thread started: 秒杀线程组：1000用户 1-227
2026-07-17 20:17:59,363 INFO o.a.j.t.JMeterThread: Thread started: 秒杀线程组：1000用户 1-240
2026-07-17 20:17:59,364 INFO o.a.j.t.JMeterThread: Thread started: 秒杀线程组：1000用户 1-237
2026-07-17 20:17:59,364 INFO o.a.j.t.JMeterThread: Thread started: 秒杀线程组：1000用户 1-245
2026-07-17 20:17:59,365 INFO o.a.j.t.JMeterThread: Thread started: 秒杀线程组：1000用户 1-235
2026-07-17 20:17:59,366 INFO o.a.j.t.JMeterThread: Thread started: 秒杀线程组：1000用户 1-233
2026-07-17 20:17:59,368 INFO o.a.j.t.JMeterThread: Thread started: 秒杀线程组：1000用户 1-249
2026-07-17 20:17:59,368 INFO o.a.j.t.JMeterThread: Thread started: 秒杀线程组：1000用户 1-244
2026-07-17 20:17:59,368 INFO o.a.j.t.JMeterThread: Thread started: 秒杀线程组：1000用户 1-247
2026-07-17 20:17:59,369 INFO o.a.j.t.JMeterThread: Thread started: 秒杀线程组：1000用户 1-251
2026-07-17 20:17:59,369 INFO o.a.j.t.JMeterThread: Thread started: 秒杀线程组：1000用户 1-253
2026-07-17 20:17:59,370 INFO o.a.j.t.JMeterThread: Thread started: 秒杀线程组：1000用户 1-236
2026-07-17 20:17:59,372 INFO o.a.j.t.JMeterThread: Thread started: 秒杀线程组：1000用户 1-255
2026-07-17 20:17:59,372 INFO o.a.j.t.JMeterThread: Thread started: 秒杀线程组：1000用户 1-248
2026-07-17 20:17:59,374 INFO o.a.j.t.JMeterThread: Thread started: 秒杀线程组：1000用户 1-257
2026-07-17 20:17:59,375 INFO o.a.j.t.JMeterThread: Thread started: 秒杀线程组：1000用户 1-254
2026-07-17 20:17:59,375 INFO o.a.j.t.JMeterThread: Thread started: 秒杀线程组：1000用户 1-256
2026-07-17 20:17:59,376 INFO o.a.j.t.JMeterThread: Thread started: 秒杀线程组：1000用户 1-246
2026-07-17 20:17:59,376 INFO o.a.j.t.JMeterThread: Thread started: 秒杀线程组：1000用户 1-258
2026-07-17 20:17:59,377 INFO o.a.j.t.JMeterThread: Thread started: 秒杀线程组：1000用户 1-252
2026-07-17 20:17:59,377 INFO o.a.j.t.JMeterThread: Thread started: 秒杀线程组：1000用户 1-259
2026-07-17 20:17:59,380 INFO o.a.j.t.JMeterThread: Thread started: 秒杀线程组：1000用户 1-263
2026-07-17 20:17:59,380 INFO o.a.j.t.JMeterThread: Thread started: 秒杀线程组：1000用户 1-262
2026-07-17 20:17:59,380 INFO o.a.j.t.JMeterThread: Thread started: 秒杀线程组：1000用户 1-265
2026-07-17 20:17:59,381 INFO o.a.j.t.JMeterThread: Thread started: 秒杀线程组：1000用户 1-267
2026-07-17 20:17:59,381 INFO o.a.j.t.JMeterThread: Thread started: 秒杀线程组：1000用户 1-264
2026-07-17 20:17:59,381 INFO o.a.j.t.JMeterThread: Thread started: 秒杀线程组：1000用户 1-250
2026-07-17 20:17:59,384 INFO o.a.j.t.JMeterThread: Thread started: 秒杀线程组：1000用户 1-266
2026-07-17 20:17:59,385 INFO o.a.j.t.JMeterThread: Thread started: 秒杀线程组：1000用户 1-269
2026-07-17 20:17:59,386 INFO o.a.j.t.JMeterThread: Thread started: 秒杀线程组：1000用户 1-261
2026-07-17 20:17:59,386 INFO o.a.j.t.JMeterThread: Thread started: 秒杀线程组：1000用户 1-273
2026-07-17 20:17:59,388 INFO o.a.j.t.JMeterThread: Thread started: 秒杀线程组：1000用户 1-268
2026-07-17 20:17:59,389 INFO o.a.j.t.JMeterThread: Thread started: 秒杀线程组：1000用户 1-272
2026-07-17 20:17:59,390 INFO o.a.j.t.JMeterThread: Thread started: 秒杀线程组：1000用户 1-270
2026-07-17 20:17:59,390 INFO o.a.j.t.JMeterThread: Thread started: 秒杀线程组：1000用户 1-260
2026-07-17 20:17:59,392 INFO o.a.j.t.JMeterThread: Thread started: 秒杀线程组：1000用户 1-271
2026-07-17 20:17:59,393 INFO o.a.j.t.JMeterThread: Thread started: 秒杀线程组：1000用户 1-274
2026-07-17 20:17:59,394 INFO o.a.j.t.JMeterThread: Thread started: 秒杀线程组：1000用户 1-275
2026-07-17 20:17:59,397 INFO o.a.j.t.JMeterThread: Thread started: 秒杀线程组：1000用户 1-276
2026-07-17 20:17:59,401 INFO o.a.j.t.JMeterThread: Thread started: 秒杀线程组：1000用户 1-278
2026-07-17 20:17:59,401 INFO o.a.j.t.JMeterThread: Thread started: 秒杀线程组：1000用户 1-279
2026-07-17 20:17:59,402 INFO o.a.j.t.JMeterThread: Thread started: 秒杀线程组：1000用户 1-285
2026-07-17 20:17:59,402 INFO o.a.j.t.JMeterThread: Thread started: 秒杀线程组：1000用户 1-288
2026-07-17 20:17:59,402 INFO o.a.j.t.JMeterThread: Thread started: 秒杀线程组：1000用户 1-284
2026-07-17 20:17:59,402 INFO o.a.j.t.JMeterThread: Thread started: 秒杀线程组：1000用户 1-280
2026-07-17 20:17:59,402 INFO o.a.j.t.JMeterThread: Thread started: 秒杀线程组：1000用户 1-277
2026-07-17 20:17:59,403 INFO o.a.j.t.JMeterThread: Thread started: 秒杀线程组：1000用户 1-282
2026-07-17 20:17:59,405 INFO o.a.j.t.JMeterThread: Thread started: 秒杀线程组：1000用户 1-283
2026-07-17 20:17:59,407 INFO o.a.j.t.JMeterThread: Thread started: 秒杀线程组：1000用户 1-286
2026-07-17 20:17:59,407 INFO o.a.j.t.JMeterThread: Thread started: 秒杀线程组：1000用户 1-294
2026-07-17 20:17:59,407 INFO o.a.j.t.JMeterThread: Thread started: 秒杀线程组：1000用户 1-287
2026-07-17 20:17:59,407 INFO o.a.j.t.JMeterThread: Thread started: 秒杀线程组：1000用户 1-297
2026-07-17 20:17:59,405 INFO o.a.j.t.JMeterThread: Thread started: 秒杀线程组：1000用户 1-291
2026-07-17 20:17:59,405 INFO o.a.j.t.JMeterThread: Thread started: 秒杀线程组：1000用户 1-281
2026-07-17 20:17:59,408 INFO o.a.j.t.JMeterThread: Thread started: 秒杀线程组：1000用户 1-289
2026-07-17 20:17:59,408 INFO o.a.j.t.JMeterThread: Thread started: 秒杀线程组：1000用户 1-290
2026-07-17 20:17:59,409 INFO o.a.j.t.JMeterThread: Thread started: 秒杀线程组：1000用户 1-293
2026-07-17 20:17:59,409 INFO o.a.j.t.JMeterThread: Thread started: 秒杀线程组：1000用户 1-298
2026-07-17 20:17:59,410 INFO o.a.j.t.JMeterThread: Thread started: 秒杀线程组：1000用户 1-296
2026-07-17 20:17:59,413 INFO o.a.j.t.JMeterThread: Thread started: 秒杀线程组：1000用户 1-301
2026-07-17 20:17:59,411 INFO o.a.j.t.JMeterThread: Thread started: 秒杀线程组：1000用户 1-300
2026-07-17 20:17:59,414 INFO o.a.j.t.JMeterThread: Thread started: 秒杀线程组：1000用户 1-299
2026-07-17 20:17:59,414 INFO o.a.j.t.JMeterThread: Thread started: 秒杀线程组：1000用户 1-292
2026-07-17 20:17:59,416 INFO o.a.j.t.JMeterThread: Thread started: 秒杀线程组：1000用户 1-302
2026-07-17 20:17:59,416 INFO o.a.j.t.JMeterThread: Thread started: 秒杀线程组：1000用户 1-308
2026-07-17 20:17:59,416 INFO o.a.j.t.JMeterThread: Thread started: 秒杀线程组：1000用户 1-303
2026-07-17 20:17:59,417 INFO o.a.j.t.JMeterThread: Thread started: 秒杀线程组：1000用户 1-304
2026-07-17 20:17:59,418 INFO o.a.j.t.JMeterThread: Thread started: 秒杀线程组：1000用户 1-295
2026-07-17 20:17:59,419 INFO o.a.j.t.JMeterThread: Thread started: 秒杀线程组：1000用户 1-309
2026-07-17 20:17:59,419 INFO o.a.j.t.JMeterThread: Thread started: 秒杀线程组：1000用户 1-306
2026-07-17 20:17:59,420 INFO o.a.j.t.JMeterThread: Thread started: 秒杀线程组：1000用户 1-311
2026-07-17 20:17:59,423 INFO o.a.j.t.JMeterThread: Thread started: 秒杀线程组：1000用户 1-310
2026-07-17 20:17:59,424 INFO o.a.j.t.JMeterThread: Thread started: 秒杀线程组：1000用户 1-317
2026-07-17 20:17:59,425 INFO o.a.j.t.JMeterThread: Thread started: 秒杀线程组：1000用户 1-305
2026-07-17 20:17:59,425 INFO o.a.j.t.JMeterThread: Thread started: 秒杀线程组：1000用户 1-316
2026-07-17 20:17:59,426 INFO o.a.j.t.JMeterThread: Thread started: 秒杀线程组：1000用户 1-307
2026-07-17 20:17:59,426 INFO o.a.j.t.JMeterThread: Thread started: 秒杀线程组：1000用户 1-315
2026-07-17 20:17:59,427 INFO o.a.j.t.JMeterThread: Thread started: 秒杀线程组：1000用户 1-319
2026-07-17 20:17:59,428 INFO o.a.j.t.JMeterThread: Thread started: 秒杀线程组：1000用户 1-322
2026-07-17 20:17:59,433 INFO o.a.j.t.JMeterThread: Thread started: 秒杀线程组：1000用户 1-314
2026-07-17 20:17:59,433 INFO o.a.j.t.JMeterThread: Thread started: 秒杀线程组：1000用户 1-312
2026-07-17 20:17:59,433 INFO o.a.j.t.JMeterThread: Thread started: 秒杀线程组：1000用户 1-313
2026-07-17 20:17:59,434 INFO o.a.j.t.JMeterThread: Thread started: 秒杀线程组：1000用户 1-328
2026-07-17 20:17:59,436 INFO o.a.j.t.JMeterThread: Thread started: 秒杀线程组：1000用户 1-332
2026-07-17 20:17:59,437 INFO o.a.j.t.JMeterThread: Thread started: 秒杀线程组：1000用户 1-333
2026-07-17 20:17:59,437 INFO o.a.j.t.JMeterThread: Thread started: 秒杀线程组：1000用户 1-334
2026-07-17 20:17:59,437 INFO o.a.j.t.JMeterThread: Thread started: 秒杀线程组：1000用户 1-318
2026-07-17 20:17:59,437 INFO o.a.j.t.JMeterThread: Thread started: 秒杀线程组：1000用户 1-326
2026-07-17 20:17:59,437 INFO o.a.j.t.JMeterThread: Thread started: 秒杀线程组：1000用户 1-323
2026-07-17 20:17:59,437 INFO o.a.j.t.JMeterThread: Thread started: 秒杀线程组：1000用户 1-320
2026-07-17 20:17:59,439 INFO o.a.j.t.JMeterThread: Thread started: 秒杀线程组：1000用户 1-331
2026-07-17 20:17:59,439 INFO o.a.j.t.JMeterThread: Thread started: 秒杀线程组：1000用户 1-335
2026-07-17 20:17:59,439 INFO o.a.j.t.JMeterThread: Thread started: 秒杀线程组：1000用户 1-330
2026-07-17 20:17:59,441 INFO o.a.j.t.JMeterThread: Thread started: 秒杀线程组：1000用户 1-321
2026-07-17 20:17:59,443 INFO o.a.j.t.JMeterThread: Thread started: 秒杀线程组：1000用户 1-340
2026-07-17 20:17:59,443 INFO o.a.j.t.JMeterThread: Thread started: 秒杀线程组：1000用户 1-327
2026-07-17 20:17:59,443 INFO o.a.j.t.JMeterThread: Thread started: 秒杀线程组：1000用户 1-336
2026-07-17 20:17:59,443 INFO o.a.j.t.JMeterThread: Thread is done: 秒杀线程组：1000用户 1-21
2026-07-17 20:17:59,443 INFO o.a.j.t.JMeterThread: Thread is done: 秒杀线程组：1000用户 1-94
2026-07-17 20:17:59,443 INFO o.a.j.t.JMeterThread: Thread is done: 秒杀线程组：1000用户 1-202
2026-07-17 20:17:59,443 INFO o.a.j.t.JMeterThread: Thread finished: 秒杀线程组：1000用户 1-21
2026-07-17 20:17:59,443 INFO o.a.j.t.JMeterThread: Thread is done: 秒杀线程组：1000用户 1-172
2026-07-17 20:17:59,443 INFO o.a.j.t.JMeterThread: Thread is done: 秒杀线程组：1000用户 1-45
2026-07-17 20:17:59,443 INFO o.a.j.t.JMeterThread: Thread finished: 秒杀线程组：1000用户 1-172
2026-07-17 20:17:59,443 INFO o.a.j.t.JMeterThread: Thread is done: 秒杀线程组：1000用户 1-135
2026-07-17 20:17:59,443 INFO o.a.j.t.JMeterThread: Thread is done: 秒杀线程组：1000用户 1-74
2026-07-17 20:17:59,443 INFO o.a.j.t.JMeterThread: Thread is done: 秒杀线程组：1000用户 1-252
2026-07-17 20:17:59,443 INFO o.a.j.t.JMeterThread: Thread is done: 秒杀线程组：1000用户 1-197
2026-07-17 20:17:59,443 INFO o.a.j.t.JMeterThread: Thread finished: 秒杀线程组：1000用户 1-74
2026-07-17 20:17:59,443 INFO o.a.j.t.JMeterThread: Thread finished: 秒杀线程组：1000用户 1-135
2026-07-17 20:17:59,443 INFO o.a.j.t.JMeterThread: Thread finished: 秒杀线程组：1000用户 1-202
2026-07-17 20:17:59,443 INFO o.a.j.t.JMeterThread: Thread finished: 秒杀线程组：1000用户 1-94
2026-07-17 20:17:59,443 INFO o.a.j.t.JMeterThread: Thread is done: 秒杀线程组：1000用户 1-146
2026-07-17 20:17:59,443 INFO o.a.j.t.JMeterThread: Thread is done: 秒杀线程组：1000用户 1-270
2026-07-17 20:17:59,443 INFO o.a.j.t.JMeterThread: Thread finished: 秒杀线程组：1000用户 1-146
2026-07-17 20:17:59,444 INFO o.a.j.t.JMeterThread: Thread finished: 秒杀线程组：1000用户 1-270
2026-07-17 20:17:59,443 INFO o.a.j.t.JMeterThread: Thread finished: 秒杀线程组：1000用户 1-45
2026-07-17 20:17:59,443 INFO o.a.j.t.JMeterThread: Thread finished: 秒杀线程组：1000用户 1-252
2026-07-17 20:17:59,444 INFO o.a.j.t.JMeterThread: Thread started: 秒杀线程组：1000用户 1-339
2026-07-17 20:17:59,444 INFO o.a.j.t.JMeterThread: Thread started: 秒杀线程组：1000用户 1-324
2026-07-17 20:17:59,444 INFO o.a.j.t.JMeterThread: Thread started: 秒杀线程组：1000用户 1-338
2026-07-17 20:17:59,444 INFO o.a.j.t.JMeterThread: Thread finished: 秒杀线程组：1000用户 1-197
2026-07-17 20:17:59,446 INFO o.a.j.t.JMeterThread: Thread started: 秒杀线程组：1000用户 1-325
2026-07-17 20:17:59,446 INFO o.a.j.t.JMeterThread: Thread started: 秒杀线程组：1000用户 1-341
2026-07-17 20:17:59,446 INFO o.a.j.t.JMeterThread: Thread is done: 秒杀线程组：1000用户 1-120
2026-07-17 20:17:59,446 INFO o.a.j.t.JMeterThread: Thread finished: 秒杀线程组：1000用户 1-120
2026-07-17 20:17:59,447 INFO o.a.j.t.JMeterThread: Thread started: 秒杀线程组：1000用户 1-342
2026-07-17 20:17:59,449 INFO o.a.j.t.JMeterThread: Thread started: 秒杀线程组：1000用户 1-329
2026-07-17 20:17:59,449 INFO o.a.j.t.JMeterThread: Thread started: 秒杀线程组：1000用户 1-345
2026-07-17 20:17:59,451 INFO o.a.j.t.JMeterThread: Thread started: 秒杀线程组：1000用户 1-337
2026-07-17 20:17:59,453 INFO o.a.j.t.JMeterThread: Thread started: 秒杀线程组：1000用户 1-344
2026-07-17 20:17:59,453 INFO o.a.j.t.JMeterThread: Thread is done: 秒杀线程组：1000用户 1-138
2026-07-17 20:17:59,453 INFO o.a.j.t.JMeterThread: Thread is done: 秒杀线程组：1000用户 1-241
2026-07-17 20:17:59,453 INFO o.a.j.t.JMeterThread: Thread finished: 秒杀线程组：1000用户 1-138
2026-07-17 20:17:59,453 INFO o.a.j.t.JMeterThread: Thread is done: 秒杀线程组：1000用户 1-225
2026-07-17 20:17:59,453 INFO o.a.j.t.JMeterThread: Thread is done: 秒杀线程组：1000用户 1-60
2026-07-17 20:17:59,453 INFO o.a.j.t.JMeterThread: Thread finished: 秒杀线程组：1000用户 1-225
2026-07-17 20:17:59,453 INFO o.a.j.t.JMeterThread: Thread finished: 秒杀线程组：1000用户 1-241
2026-07-17 20:17:59,453 INFO o.a.j.t.JMeterThread: Thread is done: 秒杀线程组：1000用户 1-230
2026-07-17 20:17:59,453 INFO o.a.j.t.JMeterThread: Thread finished: 秒杀线程组：1000用户 1-230
2026-07-17 20:17:59,453 INFO o.a.j.t.JMeterThread: Thread finished: 秒杀线程组：1000用户 1-60
2026-07-17 20:17:59,455 INFO o.a.j.t.JMeterThread: Thread is done: 秒杀线程组：1000用户 1-36
2026-07-17 20:17:59,455 INFO o.a.j.t.JMeterThread: Thread finished: 秒杀线程组：1000用户 1-36
2026-07-17 20:17:59,455 INFO o.a.j.t.JMeterThread: Thread started: 秒杀线程组：1000用户 1-346
2026-07-17 20:17:59,456 INFO o.a.j.t.JMeterThread: Thread is done: 秒杀线程组：1000用户 1-119
2026-07-17 20:17:59,456 INFO o.a.j.t.JMeterThread: Thread finished: 秒杀线程组：1000用户 1-119
2026-07-17 20:17:59,456 INFO o.a.j.t.JMeterThread: Thread started: 秒杀线程组：1000用户 1-350
2026-07-17 20:17:59,456 INFO o.a.j.t.JMeterThread: Thread started: 秒杀线程组：1000用户 1-347
2026-07-17 20:17:59,456 INFO o.a.j.t.JMeterThread: Thread is done: 秒杀线程组：1000用户 1-152
2026-07-17 20:17:59,456 INFO o.a.j.t.JMeterThread: Thread finished: 秒杀线程组：1000用户 1-152
2026-07-17 20:17:59,458 INFO o.a.j.t.JMeterThread: Thread started: 秒杀线程组：1000用户 1-351
2026-07-17 20:17:59,458 INFO o.a.j.t.JMeterThread: Thread started: 秒杀线程组：1000用户 1-348
2026-07-17 20:17:59,458 INFO o.a.j.t.JMeterThread: Thread started: 秒杀线程组：1000用户 1-343
2026-07-17 20:17:59,458 INFO o.a.j.t.JMeterThread: Thread started: 秒杀线程组：1000用户 1-354
2026-07-17 20:17:59,458 INFO o.a.j.t.JMeterThread: Thread is done: 秒杀线程组：1000用户 1-236
2026-07-17 20:17:59,458 INFO o.a.j.t.JMeterThread: Thread is done: 秒杀线程组：1000用户 1-288
2026-07-17 20:17:59,458 INFO o.a.j.t.JMeterThread: Thread finished: 秒杀线程组：1000用户 1-236
2026-07-17 20:17:59,458 INFO o.a.j.t.JMeterThread: Thread finished: 秒杀线程组：1000用户 1-288
2026-07-17 20:17:59,459 INFO o.a.j.t.JMeterThread: Thread is done: 秒杀线程组：1000用户 1-39
2026-07-17 20:17:59,459 INFO o.a.j.t.JMeterThread: Thread finished: 秒杀线程组：1000用户 1-39
2026-07-17 20:17:59,459 INFO o.a.j.t.JMeterThread: Thread is done: 秒杀线程组：1000用户 1-205
2026-07-17 20:17:59,459 INFO o.a.j.t.JMeterThread: Thread finished: 秒杀线程组：1000用户 1-205
2026-07-17 20:17:59,460 INFO o.a.j.t.JMeterThread: Thread is done: 秒杀线程组：1000用户 1-263
2026-07-17 20:17:59,460 INFO o.a.j.t.JMeterThread: Thread is done: 秒杀线程组：1000用户 1-237
2026-07-17 20:17:59,460 INFO o.a.j.t.JMeterThread: Thread finished: 秒杀线程组：1000用户 1-263
2026-07-17 20:17:59,460 INFO o.a.j.t.JMeterThread: Thread finished: 秒杀线程组：1000用户 1-237
2026-07-17 20:17:59,461 INFO o.a.j.t.JMeterThread: Thread started: 秒杀线程组：1000用户 1-355
2026-07-17 20:17:59,462 INFO o.a.j.t.JMeterThread: Thread started: 秒杀线程组：1000用户 1-352
2026-07-17 20:17:59,463 INFO o.a.j.t.JMeterThread: Thread is done: 秒杀线程组：1000用户 1-186
2026-07-17 20:17:59,463 INFO o.a.j.t.JMeterThread: Thread is done: 秒杀线程组：1000用户 1-218
2026-07-17 20:17:59,463 INFO o.a.j.t.JMeterThread: Thread is done: 秒杀线程组：1000用户 1-159
2026-07-17 20:17:59,463 INFO o.a.j.t.JMeterThread: Thread finished: 秒杀线程组：1000用户 1-186
2026-07-17 20:17:59,463 INFO o.a.j.t.JMeterThread: Thread is done: 秒杀线程组：1000用户 1-127
2026-07-17 20:17:59,463 INFO o.a.j.t.JMeterThread: Thread finished: 秒杀线程组：1000用户 1-127
2026-07-17 20:17:59,463 INFO o.a.j.t.JMeterThread: Thread finished: 秒杀线程组：1000用户 1-218
2026-07-17 20:17:59,463 INFO o.a.j.t.JMeterThread: Thread finished: 秒杀线程组：1000用户 1-159
2026-07-17 20:17:59,463 INFO o.a.j.t.JMeterThread: Thread is done: 秒杀线程组：1000用户 1-3
2026-07-17 20:17:59,463 INFO o.a.j.t.JMeterThread: Thread finished: 秒杀线程组：1000用户 1-3
2026-07-17 20:17:59,463 INFO o.a.j.t.JMeterThread: Thread is done: 秒杀线程组：1000用户 1-44
2026-07-17 20:17:59,463 INFO o.a.j.t.JMeterThread: Thread finished: 秒杀线程组：1000用户 1-44
2026-07-17 20:17:59,464 INFO o.a.j.t.JMeterThread: Thread started: 秒杀线程组：1000用户 1-353
2026-07-17 20:17:59,465 INFO o.a.j.t.JMeterThread: Thread started: 秒杀线程组：1000用户 1-349
2026-07-17 20:17:59,465 INFO o.a.j.t.JMeterThread: Thread is done: 秒杀线程组：1000用户 1-91
2026-07-17 20:17:59,465 INFO o.a.j.t.JMeterThread: Thread finished: 秒杀线程组：1000用户 1-91
2026-07-17 20:17:59,465 INFO o.a.j.t.JMeterThread: Thread is done: 秒杀线程组：1000用户 1-55
2026-07-17 20:17:59,465 INFO o.a.j.t.JMeterThread: Thread is done: 秒杀线程组：1000用户 1-291
2026-07-17 20:17:59,465 INFO o.a.j.t.JMeterThread: Thread finished: 秒杀线程组：1000用户 1-55
2026-07-17 20:17:59,465 INFO o.a.j.t.JMeterThread: Thread is done: 秒杀线程组：1000用户 1-180
2026-07-17 20:17:59,465 INFO o.a.j.t.JMeterThread: Thread finished: 秒杀线程组：1000用户 1-291
2026-07-17 20:17:59,465 INFO o.a.j.t.JMeterThread: Thread is done: 秒杀线程组：1000用户 1-185
2026-07-17 20:17:59,465 INFO o.a.j.t.JMeterThread: Thread is done: 秒杀线程组：1000用户 1-95
2026-07-17 20:17:59,465 INFO o.a.j.t.JMeterThread: Thread finished: 秒杀线程组：1000用户 1-180
2026-07-17 20:17:59,465 INFO o.a.j.t.JMeterThread: Thread finished: 秒杀线程组：1000用户 1-95
2026-07-17 20:17:59,465 INFO o.a.j.t.JMeterThread: Thread finished: 秒杀线程组：1000用户 1-185
2026-07-17 20:17:59,467 INFO o.a.j.t.JMeterThread: Thread started: 秒杀线程组：1000用户 1-357
2026-07-17 20:17:59,467 INFO o.a.j.t.JMeterThread: Thread started: 秒杀线程组：1000用户 1-361
2026-07-17 20:17:59,468 INFO o.a.j.t.JMeterThread: Thread is done: 秒杀线程组：1000用户 1-191
2026-07-17 20:17:59,468 INFO o.a.j.t.JMeterThread: Thread finished: 秒杀线程组：1000用户 1-191
2026-07-17 20:17:59,468 INFO o.a.j.t.JMeterThread: Thread is done: 秒杀线程组：1000用户 1-181
2026-07-17 20:17:59,468 INFO o.a.j.t.JMeterThread: Thread finished: 秒杀线程组：1000用户 1-181
2026-07-17 20:17:59,468 INFO o.a.j.t.JMeterThread: Thread is done: 秒杀线程组：1000用户 1-73
2026-07-17 20:17:59,468 INFO o.a.j.t.JMeterThread: Thread started: 秒杀线程组：1000用户 1-363
2026-07-17 20:17:59,468 INFO o.a.j.t.JMeterThread: Thread started: 秒杀线程组：1000用户 1-364
2026-07-17 20:17:59,468 INFO o.a.j.t.JMeterThread: Thread is done: 秒杀线程组：1000用户 1-6
2026-07-17 20:17:59,468 INFO o.a.j.t.JMeterThread: Thread started: 秒杀线程组：1000用户 1-366
2026-07-17 20:17:59,468 INFO o.a.j.t.JMeterThread: Thread finished: 秒杀线程组：1000用户 1-73
2026-07-17 20:17:59,468 INFO o.a.j.t.JMeterThread: Thread started: 秒杀线程组：1000用户 1-358
2026-07-17 20:17:59,468 INFO o.a.j.t.JMeterThread: Thread started: 秒杀线程组：1000用户 1-365
2026-07-17 20:17:59,468 INFO o.a.j.t.JMeterThread: Thread finished: 秒杀线程组：1000用户 1-6
2026-07-17 20:17:59,468 INFO o.a.j.t.JMeterThread: Thread is done: 秒杀线程组：1000用户 1-206
2026-07-17 20:17:59,468 INFO o.a.j.t.JMeterThread: Thread is done: 秒杀线程组：1000用户 1-96
2026-07-17 20:17:59,468 INFO o.a.j.t.JMeterThread: Thread finished: 秒杀线程组：1000用户 1-96
2026-07-17 20:17:59,468 INFO o.a.j.t.JMeterThread: Thread finished: 秒杀线程组：1000用户 1-206
2026-07-17 20:17:59,469 INFO o.a.j.t.JMeterThread: Thread started: 秒杀线程组：1000用户 1-367
2026-07-17 20:17:59,470 INFO o.a.j.t.JMeterThread: Thread started: 秒杀线程组：1000用户 1-372
2026-07-17 20:17:59,471 INFO o.a.j.t.JMeterThread: Thread started: 秒杀线程组：1000用户 1-356
2026-07-17 20:17:59,471 INFO o.a.j.t.JMeterThread: Thread started: 秒杀线程组：1000用户 1-360
2026-07-17 20:17:59,472 INFO o.a.j.t.JMeterThread: Thread started: 秒杀线程组：1000用户 1-374
2026-07-17 20:17:59,472 INFO o.a.j.t.JMeterThread: Thread started: 秒杀线程组：1000用户 1-359
2026-07-17 20:17:59,474 INFO o.a.j.t.JMeterThread: Thread is done: 秒杀线程组：1000用户 1-98
2026-07-17 20:17:59,474 INFO o.a.j.t.JMeterThread: Thread is done: 秒杀线程组：1000用户 1-29
2026-07-17 20:17:59,474 INFO o.a.j.t.JMeterThread: Thread is done: 秒杀线程组：1000用户 1-43
2026-07-17 20:17:59,474 INFO o.a.j.t.JMeterThread: Thread finished: 秒杀线程组：1000用户 1-98
2026-07-17 20:17:59,474 INFO o.a.j.t.JMeterThread: Thread finished: 秒杀线程组：1000用户 1-29
2026-07-17 20:17:59,474 INFO o.a.j.t.JMeterThread: Thread is done: 秒杀线程组：1000用户 1-166
2026-07-17 20:17:59,474 INFO o.a.j.t.JMeterThread: Thread is done: 秒杀线程组：1000用户 1-81
2026-07-17 20:17:59,474 INFO o.a.j.t.JMeterThread: Thread finished: 秒杀线程组：1000用户 1-43
2026-07-17 20:17:59,474 INFO o.a.j.t.JMeterThread: Thread started: 秒杀线程组：1000用户 1-368
2026-07-17 20:17:59,474 INFO o.a.j.t.JMeterThread: Thread is done: 秒杀线程组：1000用户 1-137
2026-07-17 20:17:59,475 INFO o.a.j.t.JMeterThread: Thread is done: 秒杀线程组：1000用户 1-83
2026-07-17 20:17:59,474 INFO o.a.j.t.JMeterThread: Thread finished: 秒杀线程组：1000用户 1-81
2026-07-17 20:17:59,475 INFO o.a.j.t.JMeterThread: Thread finished: 秒杀线程组：1000用户 1-83
2026-07-17 20:17:59,474 INFO o.a.j.t.JMeterThread: Thread is done: 秒杀线程组：1000用户 1-72
2026-07-17 20:17:59,474 INFO o.a.j.t.JMeterThread: Thread finished: 秒杀线程组：1000用户 1-166
2026-07-17 20:17:59,475 INFO o.a.j.t.JMeterThread: Thread finished: 秒杀线程组：1000用户 1-137
2026-07-17 20:17:59,475 INFO o.a.j.t.JMeterThread: Thread finished: 秒杀线程组：1000用户 1-72
2026-07-17 20:17:59,475 INFO o.a.j.t.JMeterThread: Thread is done: 秒杀线程组：1000用户 1-102
2026-07-17 20:17:59,475 INFO o.a.j.t.JMeterThread: Thread finished: 秒杀线程组：1000用户 1-102
2026-07-17 20:17:59,476 INFO o.a.j.t.JMeterThread: Thread is done: 秒杀线程组：1000用户 1-220
2026-07-17 20:17:59,476 INFO o.a.j.t.JMeterThread: Thread started: 秒杀线程组：1000用户 1-369
2026-07-17 20:17:59,472 INFO o.a.j.t.JMeterThread: Thread started: 秒杀线程组：1000用户 1-371
2026-07-17 20:17:59,476 INFO o.a.j.t.JMeterThread: Thread finished: 秒杀线程组：1000用户 1-220
2026-07-17 20:17:59,476 INFO o.a.j.t.JMeterThread: Thread started: 秒杀线程组：1000用户 1-370
2026-07-17 20:17:59,476 INFO o.a.j.t.JMeterThread: Thread started: 秒杀线程组：1000用户 1-376
2026-07-17 20:17:59,476 INFO o.a.j.t.JMeterThread: Thread is done: 秒杀线程组：1000用户 1-4
2026-07-17 20:17:59,477 INFO o.a.j.t.JMeterThread: Thread finished: 秒杀线程组：1000用户 1-4
2026-07-17 20:17:59,477 INFO o.a.j.t.JMeterThread: Thread started: 秒杀线程组：1000用户 1-375
2026-07-17 20:17:59,477 INFO o.a.j.t.JMeterThread: Thread started: 秒杀线程组：1000用户 1-377
2026-07-17 20:17:59,478 INFO o.a.j.t.JMeterThread: Thread started: 秒杀线程组：1000用户 1-362
2026-07-17 20:17:59,478 INFO o.a.j.t.JMeterThread: Thread started: 秒杀线程组：1000用户 1-379
2026-07-17 20:17:59,479 INFO o.a.j.t.JMeterThread: Thread started: 秒杀线程组：1000用户 1-378
2026-07-17 20:17:59,480 INFO o.a.j.t.JMeterThread: Thread started: 秒杀线程组：1000用户 1-381
2026-07-17 20:17:59,481 INFO o.a.j.t.JMeterThread: Thread started: 秒杀线程组：1000用户 1-383
2026-07-17 20:17:59,482 INFO o.a.j.t.JMeterThread: Thread started: 秒杀线程组：1000用户 1-380
2026-07-17 20:17:59,482 INFO o.a.j.t.JMeterThread: Thread started: 秒杀线程组：1000用户 1-384
2026-07-17 20:17:59,484 INFO o.a.j.t.JMeterThread: Thread started: 秒杀线程组：1000用户 1-385
2026-07-17 20:17:59,485 INFO o.a.j.t.JMeterThread: Thread started: 秒杀线程组：1000用户 1-386
2026-07-17 20:17:59,485 INFO o.a.j.t.JMeterThread: Thread started: 秒杀线程组：1000用户 1-382
2026-07-17 20:17:59,487 INFO o.a.j.t.JMeterThread: Thread started: 秒杀线程组：1000用户 1-373
2026-07-17 20:17:59,488 INFO o.a.j.t.JMeterThread: Thread started: 秒杀线程组：1000用户 1-390
2026-07-17 20:17:59,492 INFO o.a.j.t.JMeterThread: Thread started: 秒杀线程组：1000用户 1-387
2026-07-17 20:17:59,495 INFO o.a.j.t.JMeterThread: Thread started: 秒杀线程组：1000用户 1-388
2026-07-17 20:17:59,495 INFO o.a.j.t.JMeterThread: Thread started: 秒杀线程组：1000用户 1-397
2026-07-17 20:17:59,496 INFO o.a.j.t.JMeterThread: Thread started: 秒杀线程组：1000用户 1-400
2026-07-17 20:17:59,496 INFO o.a.j.t.JMeterThread: Thread started: 秒杀线程组：1000用户 1-393
2026-07-17 20:17:59,496 INFO o.a.j.t.JMeterThread: Thread started: 秒杀线程组：1000用户 1-389
2026-07-17 20:17:59,496 INFO o.a.j.t.JMeterThread: Thread started: 秒杀线程组：1000用户 1-403
2026-07-17 20:17:59,496 INFO o.a.j.t.JMeterThread: Thread started: 秒杀线程组：1000用户 1-394
2026-07-17 20:17:59,497 INFO o.a.j.t.JMeterThread: Thread started: 秒杀线程组：1000用户 1-395
2026-07-17 20:17:59,498 INFO o.a.j.t.JMeterThread: Thread started: 秒杀线程组：1000用户 1-405
2026-07-17 20:17:59,499 INFO o.a.j.t.JMeterThread: Thread started: 秒杀线程组：1000用户 1-391
2026-07-17 20:17:59,499 INFO o.a.j.t.JMeterThread: Thread started: 秒杀线程组：1000用户 1-401
2026-07-17 20:17:59,499 INFO o.a.j.t.JMeterThread: Thread started: 秒杀线程组：1000用户 1-392
2026-07-17 20:17:59,501 INFO o.a.j.t.JMeterThread: Thread started: 秒杀线程组：1000用户 1-406
2026-07-17 20:17:59,501 INFO o.a.j.t.JMeterThread: Thread started: 秒杀线程组：1000用户 1-404
2026-07-17 20:17:59,501 INFO o.a.j.t.JMeterThread: Thread started: 秒杀线程组：1000用户 1-407
2026-07-17 20:17:59,502 INFO o.a.j.t.JMeterThread: Thread started: 秒杀线程组：1000用户 1-396
2026-07-17 20:17:59,503 INFO o.a.j.t.JMeterThread: Thread is done: 秒杀线程组：1000用户 1-283
2026-07-17 20:17:59,503 INFO o.a.j.t.JMeterThread: Thread finished: 秒杀线程组：1000用户 1-283
2026-07-17 20:17:59,503 INFO o.a.j.t.JMeterThread: Thread is done: 秒杀线程组：1000用户 1-66
2026-07-17 20:17:59,503 INFO o.a.j.t.JMeterThread: Thread finished: 秒杀线程组：1000用户 1-66
2026-07-17 20:17:59,504 INFO o.a.j.t.JMeterThread: Thread is done: 秒杀线程组：1000用户 1-244
2026-07-17 20:17:59,504 INFO o.a.j.t.JMeterThread: Thread is done: 秒杀线程组：1000用户 1-42
2026-07-17 20:17:59,504 INFO o.a.j.t.JMeterThread: Thread finished: 秒杀线程组：1000用户 1-244
2026-07-17 20:17:59,504 INFO o.a.j.t.JMeterThread: Thread is done: 秒杀线程组：1000用户 1-253
2026-07-17 20:17:59,504 INFO o.a.j.t.JMeterThread: Thread is done: 秒杀线程组：1000用户 1-9
2026-07-17 20:17:59,504 INFO o.a.j.t.JMeterThread: Thread finished: 秒杀线程组：1000用户 1-9
2026-07-17 20:17:59,504 INFO o.a.j.t.JMeterThread: Thread finished: 秒杀线程组：1000用户 1-42
2026-07-17 20:17:59,504 INFO o.a.j.t.JMeterThread: Thread finished: 秒杀线程组：1000用户 1-253
2026-07-17 20:17:59,505 INFO o.a.j.t.JMeterThread: Thread started: 秒杀线程组：1000用户 1-411
2026-07-17 20:17:59,505 INFO o.a.j.t.JMeterThread: Thread started: 秒杀线程组：1000用户 1-402
2026-07-17 20:17:59,505 INFO o.a.j.t.JMeterThread: Thread is done: 秒杀线程组：1000用户 1-122
2026-07-17 20:17:59,505 INFO o.a.j.t.JMeterThread: Thread finished: 秒杀线程组：1000用户 1-122
2026-07-17 20:17:59,507 INFO o.a.j.t.JMeterThread: Thread started: 秒杀线程组：1000用户 1-398
2026-07-17 20:17:59,507 INFO o.a.j.t.JMeterThread: Thread started: 秒杀线程组：1000用户 1-399
2026-07-17 20:17:59,508 INFO o.a.j.t.JMeterThread: Thread started: 秒杀线程组：1000用户 1-414
2026-07-17 20:17:59,509 INFO o.a.j.t.JMeterThread: Thread started: 秒杀线程组：1000用户 1-410
2026-07-17 20:17:59,509 INFO o.a.j.t.JMeterThread: Thread started: 秒杀线程组：1000用户 1-408
2026-07-17 20:17:59,509 INFO o.a.j.t.JMeterThread: Thread is done: 秒杀线程组：1000用户 1-7
2026-07-17 20:17:59,509 INFO o.a.j.t.JMeterThread: Thread finished: 秒杀线程组：1000用户 1-7
2026-07-17 20:17:59,509 INFO o.a.j.t.JMeterThread: Thread is done: 秒杀线程组：1000用户 1-278
2026-07-17 20:17:59,509 INFO o.a.j.t.JMeterThread: Thread finished: 秒杀线程组：1000用户 1-278
2026-07-17 20:17:59,509 INFO o.a.j.t.JMeterThread: Thread is done: 秒杀线程组：1000用户 1-149
2026-07-17 20:17:59,509 INFO o.a.j.t.JMeterThread: Thread finished: 秒杀线程组：1000用户 1-149
2026-07-17 20:17:59,511 INFO o.a.j.t.JMeterThread: Thread started: 秒杀线程组：1000用户 1-412
2026-07-17 20:17:59,511 INFO o.a.j.t.JMeterThread: Thread started: 秒杀线程组：1000用户 1-409
2026-07-17 20:17:59,511 INFO o.a.j.t.JMeterThread: Thread is done: 秒杀线程组：1000用户 1-289
2026-07-17 20:17:59,511 INFO o.a.j.t.JMeterThread: Thread is done: 秒杀线程组：1000用户 1-171
2026-07-17 20:17:59,511 INFO o.a.j.t.JMeterThread: Thread finished: 秒杀线程组：1000用户 1-289
2026-07-17 20:17:59,511 INFO o.a.j.t.JMeterThread: Thread finished: 秒杀线程组：1000用户 1-171
2026-07-17 20:17:59,512 INFO o.a.j.t.JMeterThread: Thread is done: 秒杀线程组：1000用户 1-240
2026-07-17 20:17:59,512 INFO o.a.j.t.JMeterThread: Thread finished: 秒杀线程组：1000用户 1-240
2026-07-17 20:17:59,512 INFO o.a.j.t.JMeterThread: Thread is done: 秒杀线程组：1000用户 1-232
2026-07-17 20:17:59,512 INFO o.a.j.t.JMeterThread: Thread finished: 秒杀线程组：1000用户 1-232
2026-07-17 20:17:59,512 INFO o.a.j.t.JMeterThread: Thread started: 秒杀线程组：1000用户 1-421
2026-07-17 20:17:59,512 INFO o.a.j.t.JMeterThread: Thread is done: 秒杀线程组：1000用户 1-97
2026-07-17 20:17:59,512 INFO o.a.j.t.JMeterThread: Thread finished: 秒杀线程组：1000用户 1-97
2026-07-17 20:17:59,513 INFO o.a.j.t.JMeterThread: Thread started: 秒杀线程组：1000用户 1-415
2026-07-17 20:17:59,513 INFO o.a.j.t.JMeterThread: Thread is done: 秒杀线程组：1000用户 1-51
2026-07-17 20:17:59,513 INFO o.a.j.t.JMeterThread: Thread finished: 秒杀线程组：1000用户 1-51
2026-07-17 20:17:59,513 INFO o.a.j.t.JMeterThread: Thread is done: 秒杀线程组：1000用户 1-201
2026-07-17 20:17:59,513 INFO o.a.j.t.JMeterThread: Thread finished: 秒杀线程组：1000用户 1-201
2026-07-17 20:17:59,513 INFO o.a.j.t.JMeterThread: Thread is done: 秒杀线程组：1000用户 1-68
2026-07-17 20:17:59,513 INFO o.a.j.t.JMeterThread: Thread finished: 秒杀线程组：1000用户 1-68
2026-07-17 20:17:59,514 INFO o.a.j.t.JMeterThread: Thread started: 秒杀线程组：1000用户 1-413
2026-07-17 20:17:59,514 INFO o.a.j.t.JMeterThread: Thread started: 秒杀线程组：1000用户 1-418
2026-07-17 20:17:59,514 INFO o.a.j.t.JMeterThread: Thread is done: 秒杀线程组：1000用户 1-34
2026-07-17 20:17:59,514 INFO o.a.j.t.JMeterThread: Thread finished: 秒杀线程组：1000用户 1-34
2026-07-17 20:17:59,515 INFO o.a.j.t.JMeterThread: Thread is done: 秒杀线程组：1000用户 1-30
2026-07-17 20:17:59,515 INFO o.a.j.t.JMeterThread: Thread is done: 秒杀线程组：1000用户 1-25
2026-07-17 20:17:59,515 INFO o.a.j.t.JMeterThread: Thread finished: 秒杀线程组：1000用户 1-30
2026-07-17 20:17:59,515 INFO o.a.j.t.JMeterThread: Thread is done: 秒杀线程组：1000用户 1-19
2026-07-17 20:17:59,515 INFO o.a.j.t.JMeterThread: Thread finished: 秒杀线程组：1000用户 1-19
2026-07-17 20:17:59,515 INFO o.a.j.t.JMeterThread: Thread finished: 秒杀线程组：1000用户 1-25
2026-07-17 20:17:59,516 INFO o.a.j.t.JMeterThread: Thread started: 秒杀线程组：1000用户 1-423
2026-07-17 20:17:59,516 INFO o.a.j.t.JMeterThread: Thread started: 秒杀线程组：1000用户 1-416
2026-07-17 20:17:59,516 INFO o.a.j.t.JMeterThread: Thread is done: 秒杀线程组：1000用户 1-262
2026-07-17 20:17:59,516 INFO o.a.j.t.JMeterThread: Thread started: 秒杀线程组：1000用户 1-417
2026-07-17 20:17:59,516 INFO o.a.j.t.JMeterThread: Thread finished: 秒杀线程组：1000用户 1-262
2026-07-17 20:17:59,516 INFO o.a.j.t.JMeterThread: Thread is done: 秒杀线程组：1000用户 1-187
2026-07-17 20:17:59,516 INFO o.a.j.t.JMeterThread: Thread finished: 秒杀线程组：1000用户 1-187
2026-07-17 20:17:59,519 INFO o.a.j.t.JMeterThread: Thread started: 秒杀线程组：1000用户 1-430
2026-07-17 20:17:59,521 INFO o.a.j.t.JMeterThread: Thread started: 秒杀线程组：1000用户 1-420
2026-07-17 20:17:59,521 INFO o.a.j.t.JMeterThread: Thread started: 秒杀线程组：1000用户 1-422
2026-07-17 20:17:59,521 INFO o.a.j.t.JMeterThread: Thread started: 秒杀线程组：1000用户 1-424
2026-07-17 20:17:59,521 INFO o.a.j.t.JMeterThread: Thread started: 秒杀线程组：1000用户 1-419
2026-07-17 20:17:59,522 INFO o.a.j.t.JMeterThread: Thread started: 秒杀线程组：1000用户 1-435
2026-07-17 20:17:59,522 INFO o.a.j.t.JMeterThread: Thread started: 秒杀线程组：1000用户 1-431
2026-07-17 20:17:59,523 INFO o.a.j.t.JMeterThread: Thread started: 秒杀线程组：1000用户 1-425
2026-07-17 20:17:59,523 INFO o.a.j.t.JMeterThread: Thread started: 秒杀线程组：1000用户 1-433
2026-07-17 20:17:59,524 INFO o.a.j.t.JMeterThread: Thread started: 秒杀线程组：1000用户 1-426
2026-07-17 20:17:59,524 INFO o.a.j.t.JMeterThread: Thread started: 秒杀线程组：1000用户 1-438
2026-07-17 20:17:59,525 INFO o.a.j.t.JMeterThread: Thread started: 秒杀线程组：1000用户 1-439
2026-07-17 20:17:59,525 INFO o.a.j.t.JMeterThread: Thread started: 秒杀线程组：1000用户 1-437
2026-07-17 20:17:59,526 INFO o.a.j.t.JMeterThread: Thread started: 秒杀线程组：1000用户 1-429
2026-07-17 20:17:59,526 INFO o.a.j.t.JMeterThread: Thread started: 秒杀线程组：1000用户 1-436
2026-07-17 20:17:59,527 INFO o.a.j.t.JMeterThread: Thread started: 秒杀线程组：1000用户 1-432
2026-07-17 20:17:59,527 INFO o.a.j.t.JMeterThread: Thread started: 秒杀线程组：1000用户 1-441
2026-07-17 20:17:59,527 INFO o.a.j.t.JMeterThread: Thread started: 秒杀线程组：1000用户 1-434
2026-07-17 20:17:59,528 INFO o.a.j.t.JMeterThread: Thread started: 秒杀线程组：1000用户 1-445
2026-07-17 20:17:59,529 INFO o.a.j.t.JMeterThread: Thread started: 秒杀线程组：1000用户 1-427
2026-07-17 20:17:59,529 INFO o.a.j.t.JMeterThread: Thread started: 秒杀线程组：1000用户 1-443
2026-07-17 20:17:59,531 INFO o.a.j.t.JMeterThread: Thread started: 秒杀线程组：1000用户 1-442
2026-07-17 20:17:59,531 INFO o.a.j.t.JMeterThread: Thread started: 秒杀线程组：1000用户 1-428
2026-07-17 20:17:59,531 INFO o.a.j.t.JMeterThread: Thread is done: 秒杀线程组：1000用户 1-340
2026-07-17 20:17:59,531 INFO o.a.j.t.JMeterThread: Thread is done: 秒杀线程组：1000用户 1-331
2026-07-17 20:17:59,531 INFO o.a.j.t.JMeterThread: Thread finished: 秒杀线程组：1000用户 1-340
2026-07-17 20:17:59,531 INFO o.a.j.t.JMeterThread: Thread finished: 秒杀线程组：1000用户 1-331
2026-07-17 20:17:59,532 INFO o.a.j.t.JMeterThread: Thread is done: 秒杀线程组：1000用户 1-334
2026-07-17 20:17:59,532 INFO o.a.j.t.JMeterThread: Thread is done: 秒杀线程组：1000用户 1-326
2026-07-17 20:17:59,532 INFO o.a.j.t.JMeterThread: Thread finished: 秒杀线程组：1000用户 1-334
2026-07-17 20:17:59,532 INFO o.a.j.t.JMeterThread: Thread is done: 秒杀线程组：1000用户 1-335
2026-07-17 20:17:59,532 INFO o.a.j.t.JMeterThread: Thread finished: 秒杀线程组：1000用户 1-326
2026-07-17 20:17:59,532 INFO o.a.j.t.JMeterThread: Thread started: 秒杀线程组：1000用户 1-446
2026-07-17 20:17:59,532 INFO o.a.j.t.JMeterThread: Thread is done: 秒杀线程组：1000用户 1-320
2026-07-17 20:17:59,532 INFO o.a.j.t.JMeterThread: Thread finished: 秒杀线程组：1000用户 1-335
2026-07-17 20:17:59,532 INFO o.a.j.t.JMeterThread: Thread is done: 秒杀线程组：1000用户 1-336
2026-07-17 20:17:59,532 INFO o.a.j.t.JMeterThread: Thread finished: 秒杀线程组：1000用户 1-336
2026-07-17 20:17:59,532 INFO o.a.j.t.JMeterThread: Thread finished: 秒杀线程组：1000用户 1-320
2026-07-17 20:17:59,533 INFO o.a.j.t.JMeterThread: Thread started: 秒杀线程组：1000用户 1-447
2026-07-17 20:17:59,533 INFO o.a.j.t.JMeterThread: Thread is done: 秒杀线程组：1000用户 1-330
2026-07-17 20:17:59,533 INFO o.a.j.t.JMeterThread: Thread is done: 秒杀线程组：1000用户 1-313
2026-07-17 20:17:59,533 INFO o.a.j.t.JMeterThread: Thread finished: 秒杀线程组：1000用户 1-330
2026-07-17 20:17:59,533 INFO o.a.j.t.JMeterThread: Thread is done: 秒杀线程组：1000用户 1-338
2026-07-17 20:17:59,533 INFO o.a.j.t.JMeterThread: Thread is done: 秒杀线程组：1000用户 1-327
2026-07-17 20:17:59,533 INFO o.a.j.t.JMeterThread: Thread finished: 秒杀线程组：1000用户 1-313
2026-07-17 20:17:59,534 INFO o.a.j.t.JMeterThread: Thread finished: 秒杀线程组：1000用户 1-327
2026-07-17 20:17:59,533 INFO o.a.j.t.JMeterThread: Thread finished: 秒杀线程组：1000用户 1-338
2026-07-17 20:17:59,534 INFO o.a.j.t.JMeterThread: Thread started: 秒杀线程组：1000用户 1-440
2026-07-17 20:17:59,534 INFO o.a.j.t.JMeterThread: Thread is done: 秒杀线程组：1000用户 1-333
2026-07-17 20:17:59,534 INFO o.a.j.t.JMeterThread: Thread finished: 秒杀线程组：1000用户 1-333
2026-07-17 20:17:59,534 INFO o.a.j.t.JMeterThread: Thread is done: 秒杀线程组：1000用户 1-318
2026-07-17 20:17:59,534 INFO o.a.j.t.JMeterThread: Thread finished: 秒杀线程组：1000用户 1-318
2026-07-17 20:17:59,534 INFO o.a.j.t.JMeterThread: Thread is done: 秒杀线程组：1000用户 1-322
2026-07-17 20:17:59,535 INFO o.a.j.t.JMeterThread: Thread finished: 秒杀线程组：1000用户 1-322
2026-07-17 20:17:59,535 INFO o.a.j.t.JMeterThread: Thread is done: 秒杀线程组：1000用户 1-332
2026-07-17 20:17:59,535 INFO o.a.j.t.JMeterThread: Thread finished: 秒杀线程组：1000用户 1-332
2026-07-17 20:17:59,535 INFO o.a.j.t.JMeterThread: Thread is done: 秒杀线程组：1000用户 1-314
2026-07-17 20:17:59,535 INFO o.a.j.t.JMeterThread: Thread finished: 秒杀线程组：1000用户 1-314
2026-07-17 20:17:59,535 INFO o.a.j.t.JMeterThread: Thread is done: 秒杀线程组：1000用户 1-307
2026-07-17 20:17:59,535 INFO o.a.j.t.JMeterThread: Thread finished: 秒杀线程组：1000用户 1-307
2026-07-17 20:17:59,535 INFO o.a.j.t.JMeterThread: Thread is done: 秒杀线程组：1000用户 1-362
2026-07-17 20:17:59,535 INFO o.a.j.t.JMeterThread: Thread finished: 秒杀线程组：1000用户 1-362
2026-07-17 20:17:59,537 INFO o.a.j.t.JMeterThread: Thread is done: 秒杀线程组：1000用户 1-319
2026-07-17 20:17:59,537 INFO o.a.j.t.JMeterThread: Thread is done: 秒杀线程组：1000用户 1-315
2026-07-17 20:17:59,537 INFO o.a.j.t.JMeterThread: Thread finished: 秒杀线程组：1000用户 1-319
2026-07-17 20:17:59,537 INFO o.a.j.t.JMeterThread: Thread finished: 秒杀线程组：1000用户 1-315
2026-07-17 20:17:59,537 INFO o.a.j.t.JMeterThread: Thread started: 秒杀线程组：1000用户 1-444
2026-07-17 20:17:59,538 INFO o.a.j.t.JMeterThread: Thread is done: 秒杀线程组：1000用户 1-312
2026-07-17 20:17:59,538 INFO o.a.j.t.JMeterThread: Thread finished: 秒杀线程组：1000用户 1-312
2026-07-17 20:17:59,538 INFO o.a.j.t.JMeterThread: Thread is done: 秒杀线程组：1000用户 1-316
2026-07-17 20:17:59,538 INFO o.a.j.t.JMeterThread: Thread finished: 秒杀线程组：1000用户 1-316
2026-07-17 20:17:59,539 INFO o.a.j.t.JMeterThread: Thread started: 秒杀线程组：1000用户 1-452
2026-07-17 20:17:59,539 INFO o.a.j.t.JMeterThread: Thread started: 秒杀线程组：1000用户 1-451
2026-07-17 20:17:59,539 INFO o.a.j.t.JMeterThread: Thread is done: 秒杀线程组：1000用户 1-305
2026-07-17 20:17:59,539 INFO o.a.j.t.JMeterThread: Thread finished: 秒杀线程组：1000用户 1-305
2026-07-17 20:17:59,539 INFO o.a.j.t.JMeterThread: Thread is done: 秒杀线程组：1000用户 1-302
2026-07-17 20:17:59,539 INFO o.a.j.t.JMeterThread: Thread finished: 秒杀线程组：1000用户 1-302
2026-07-17 20:17:59,539 INFO o.a.j.t.JMeterThread: Thread is done: 秒杀线程组：1000用户 1-310
2026-07-17 20:17:59,539 INFO o.a.j.t.JMeterThread: Thread finished: 秒杀线程组：1000用户 1-310
2026-07-17 20:17:59,540 INFO o.a.j.t.JMeterThread: Thread is done: 秒杀线程组：1000用户 1-8
2026-07-17 20:17:59,540 INFO o.a.j.t.JMeterThread: Thread is done: 秒杀线程组：1000用户 1-80
2026-07-17 20:17:59,540 INFO o.a.j.t.JMeterThread: Thread finished: 秒杀线程组：1000用户 1-8
2026-07-17 20:17:59,540 INFO o.a.j.t.JMeterThread: Thread finished: 秒杀线程组：1000用户 1-80
2026-07-17 20:17:59,540 INFO o.a.j.t.JMeterThread: Thread is done: 秒杀线程组：1000用户 1-141
2026-07-17 20:17:59,540 INFO o.a.j.t.JMeterThread: Thread is done: 秒杀线程组：1000用户 1-54
2026-07-17 20:17:59,540 INFO o.a.j.t.JMeterThread: Thread finished: 秒杀线程组：1000用户 1-141
2026-07-17 20:17:59,540 INFO o.a.j.t.JMeterThread: Thread finished: 秒杀线程组：1000用户 1-54
2026-07-17 20:17:59,542 INFO o.a.j.t.JMeterThread: Thread started: 秒杀线程组：1000用户 1-457
2026-07-17 20:17:59,542 INFO o.a.j.t.JMeterThread: Thread started: 秒杀线程组：1000用户 1-448
2026-07-17 20:17:59,542 INFO o.a.j.t.JMeterThread: Thread started: 秒杀线程组：1000用户 1-449
2026-07-17 20:17:59,542 INFO o.a.j.t.JMeterThread: Thread is done: 秒杀线程组：1000用户 1-59
2026-07-17 20:17:59,542 INFO o.a.j.t.JMeterThread: Thread finished: 秒杀线程组：1000用户 1-59
2026-07-17 20:17:59,542 INFO o.a.j.t.JMeterThread: Thread is done: 秒杀线程组：1000用户 1-281
2026-07-17 20:17:59,542 INFO o.a.j.t.JMeterThread: Thread finished: 秒杀线程组：1000用户 1-281
2026-07-17 20:17:59,543 INFO o.a.j.t.JMeterThread: Thread started: 秒杀线程组：1000用户 1-456
2026-07-17 20:17:59,543 INFO o.a.j.t.JMeterThread: Thread is done: 秒杀线程组：1000用户 1-285
2026-07-17 20:17:59,543 INFO o.a.j.t.JMeterThread: Thread started: 秒杀线程组：1000用户 1-455
2026-07-17 20:17:59,543 INFO o.a.j.t.JMeterThread: Thread finished: 秒杀线程组：1000用户 1-285
2026-07-17 20:17:59,543 INFO o.a.j.t.JMeterThread: Thread is done: 秒杀线程组：1000用户 1-53
2026-07-17 20:17:59,543 INFO o.a.j.t.JMeterThread: Thread finished: 秒杀线程组：1000用户 1-53
2026-07-17 20:17:59,543 INFO o.a.j.t.JMeterThread: Thread started: 秒杀线程组：1000用户 1-459
2026-07-17 20:17:59,543 INFO o.a.j.t.JMeterThread: Thread is done: 秒杀线程组：1000用户 1-14
2026-07-17 20:17:59,543 INFO o.a.j.t.JMeterThread: Thread finished: 秒杀线程组：1000用户 1-14
2026-07-17 20:17:59,543 INFO o.a.j.t.JMeterThread: Thread is done: 秒杀线程组：1000用户 1-268
2026-07-17 20:17:59,543 INFO o.a.j.t.JMeterThread: Thread finished: 秒杀线程组：1000用户 1-268
2026-07-17 20:17:59,544 INFO o.a.j.t.JMeterThread: Thread started: 秒杀线程组：1000用户 1-450
2026-07-17 20:17:59,544 INFO o.a.j.t.JMeterThread: Thread started: 秒杀线程组：1000用户 1-454
2026-07-17 20:17:59,544 INFO o.a.j.t.JMeterThread: Thread is done: 秒杀线程组：1000用户 1-303
2026-07-17 20:17:59,544 INFO o.a.j.t.JMeterThread: Thread finished: 秒杀线程组：1000用户 1-303
2026-07-17 20:17:59,544 INFO o.a.j.t.JMeterThread: Thread is done: 秒杀线程组：1000用户 1-93
2026-07-17 20:17:59,545 INFO o.a.j.t.JMeterThread: Thread finished: 秒杀线程组：1000用户 1-93
2026-07-17 20:17:59,545 INFO o.a.j.t.JMeterThread: Thread is done: 秒杀线程组：1000用户 1-306
2026-07-17 20:17:59,545 INFO o.a.j.t.JMeterThread: Thread finished: 秒杀线程组：1000用户 1-306
2026-07-17 20:17:59,546 INFO o.a.j.t.JMeterThread: Thread started: 秒杀线程组：1000用户 1-463
2026-07-17 20:17:59,546 INFO o.a.j.t.JMeterThread: Thread started: 秒杀线程组：1000用户 1-453
2026-07-17 20:17:59,546 INFO o.a.j.t.JMeterThread: Thread is done: 秒杀线程组：1000用户 1-145
2026-07-17 20:17:59,546 INFO o.a.j.t.JMeterThread: Thread is done: 秒杀线程组：1000用户 1-125
2026-07-17 20:17:59,546 INFO o.a.j.t.JMeterThread: Thread finished: 秒杀线程组：1000用户 1-145
2026-07-17 20:17:59,546 INFO o.a.j.t.JMeterThread: Thread finished: 秒杀线程组：1000用户 1-125
2026-07-17 20:17:59,546 INFO o.a.j.t.JMeterThread: Thread is done: 秒杀线程组：1000用户 1-311
2026-07-17 20:17:59,546 INFO o.a.j.t.JMeterThread: Thread finished: 秒杀线程组：1000用户 1-311
2026-07-17 20:17:59,546 INFO o.a.j.t.JMeterThread: Thread is done: 秒杀线程组：1000用户 1-134
2026-07-17 20:17:59,546 INFO o.a.j.t.JMeterThread: Thread finished: 秒杀线程组：1000用户 1-134
2026-07-17 20:17:59,546 INFO o.a.j.t.JMeterThread: Thread is done: 秒杀线程组：1000用户 1-113
2026-07-17 20:17:59,546 INFO o.a.j.t.JMeterThread: Thread finished: 秒杀线程组：1000用户 1-113
2026-07-17 20:17:59,548 INFO o.a.j.t.JMeterThread: Thread is done: 秒杀线程组：1000用户 1-189
2026-07-17 20:17:59,548 INFO o.a.j.t.JMeterThread: Thread is done: 秒杀线程组：1000用户 1-211
2026-07-17 20:17:59,548 INFO o.a.j.t.JMeterThread: Thread finished: 秒杀线程组：1000用户 1-189
2026-07-17 20:17:59,548 INFO o.a.j.t.JMeterThread: Thread finished: 秒杀线程组：1000用户 1-211
2026-07-17 20:17:59,548 INFO o.a.j.t.JMeterThread: Thread is done: 秒杀线程组：1000用户 1-402
2026-07-17 20:17:59,548 INFO o.a.j.t.JMeterThread: Thread finished: 秒杀线程组：1000用户 1-402
2026-07-17 20:17:59,549 INFO o.a.j.t.JMeterThread: Thread is done: 秒杀线程组：1000用户 1-194
2026-07-17 20:17:59,549 INFO o.a.j.t.JMeterThread: Thread finished: 秒杀线程组：1000用户 1-194
2026-07-17 20:17:59,549 INFO o.a.j.t.JMeterThread: Thread is done: 秒杀线程组：1000用户 1-309
2026-07-17 20:17:59,549 INFO o.a.j.t.JMeterThread: Thread finished: 秒杀线程组：1000用户 1-309
2026-07-17 20:17:59,550 INFO o.a.j.t.JMeterThread: Thread started: 秒杀线程组：1000用户 1-458
2026-07-17 20:17:59,550 INFO o.a.j.t.JMeterThread: Thread is done: 秒杀线程组：1000用户 1-154
2026-07-17 20:17:59,550 INFO o.a.j.t.JMeterThread: Thread finished: 秒杀线程组：1000用户 1-154
2026-07-17 20:17:59,550 INFO o.a.j.t.JMeterThread: Thread is done: 秒杀线程组：1000用户 1-2
2026-07-17 20:17:59,550 INFO o.a.j.t.JMeterThread: Thread finished: 秒杀线程组：1000用户 1-2
2026-07-17 20:17:59,550 INFO o.a.j.t.JMeterThread: Thread is done: 秒杀线程组：1000用户 1-61
2026-07-17 20:17:59,550 INFO o.a.j.t.JMeterThread: Thread is done: 秒杀线程组：1000用户 1-195
2026-07-17 20:17:59,550 INFO o.a.j.t.JMeterThread: Thread finished: 秒杀线程组：1000用户 1-61
2026-07-17 20:17:59,550 INFO o.a.j.t.JMeterThread: Thread is done: 秒杀线程组：1000用户 1-112
2026-07-17 20:17:59,550 INFO o.a.j.t.JMeterThread: Thread finished: 秒杀线程组：1000用户 1-195
2026-07-17 20:17:59,550 INFO o.a.j.t.JMeterThread: Thread finished: 秒杀线程组：1000用户 1-112
2026-07-17 20:17:59,551 INFO o.a.j.t.JMeterThread: Thread started: 秒杀线程组：1000用户 1-466
2026-07-17 20:17:59,551 INFO o.a.j.t.JMeterThread: Thread started: 秒杀线程组：1000用户 1-461
2026-07-17 20:17:59,551 INFO o.a.j.t.JMeterThread: Thread is done: 秒杀线程组：1000用户 1-100
2026-07-17 20:17:59,551 INFO o.a.j.t.JMeterThread: Thread is done: 秒杀线程组：1000用户 1-280
2026-07-17 20:17:59,551 INFO o.a.j.t.JMeterThread: Thread finished: 秒杀线程组：1000用户 1-100
2026-07-17 20:17:59,551 INFO o.a.j.t.JMeterThread: Thread finished: 秒杀线程组：1000用户 1-280
2026-07-17 20:17:59,552 INFO o.a.j.t.JMeterThread: Thread started: 秒杀线程组：1000用户 1-469
2026-07-17 20:17:59,552 INFO o.a.j.t.JMeterThread: Thread started: 秒杀线程组：1000用户 1-471
2026-07-17 20:17:59,552 INFO o.a.j.t.JMeterThread: Thread is done: 秒杀线程组：1000用户 1-131
2026-07-17 20:17:59,552 INFO o.a.j.t.JMeterThread: Thread finished: 秒杀线程组：1000用户 1-131
2026-07-17 20:17:59,552 INFO o.a.j.t.JMeterThread: Thread is done: 秒杀线程组：1000用户 1-182
2026-07-17 20:17:59,552 INFO o.a.j.t.JMeterThread: Thread finished: 秒杀线程组：1000用户 1-182
2026-07-17 20:17:59,552 INFO o.a.j.t.JMeterThread: Thread is done: 秒杀线程组：1000用户 1-69
2026-07-17 20:17:59,552 INFO o.a.j.t.JMeterThread: Thread finished: 秒杀线程组：1000用户 1-69
2026-07-17 20:17:59,553 INFO o.a.j.t.JMeterThread: Thread started: 秒杀线程组：1000用户 1-460
2026-07-17 20:17:59,553 INFO o.a.j.t.JMeterThread: Thread started: 秒杀线程组：1000用户 1-472
2026-07-17 20:17:59,553 INFO o.a.j.t.JMeterThread: Thread is done: 秒杀线程组：1000用户 1-257
2026-07-17 20:17:59,553 INFO o.a.j.t.JMeterThread: Thread finished: 秒杀线程组：1000用户 1-257
2026-07-17 20:17:59,554 INFO o.a.j.t.JMeterThread: Thread is done: 秒杀线程组：1000用户 1-173
2026-07-17 20:17:59,554 INFO o.a.j.t.JMeterThread: Thread started: 秒杀线程组：1000用户 1-473
2026-07-17 20:17:59,554 INFO o.a.j.t.JMeterThread: Thread finished: 秒杀线程组：1000用户 1-173
2026-07-17 20:17:59,554 INFO o.a.j.t.JMeterThread: Thread is done: 秒杀线程组：1000用户 1-77
2026-07-17 20:17:59,554 INFO o.a.j.t.JMeterThread: Thread finished: 秒杀线程组：1000用户 1-77
2026-07-17 20:17:59,554 INFO o.a.j.t.JMeterThread: Thread started: 秒杀线程组：1000用户 1-474
2026-07-17 20:17:59,555 INFO o.a.j.t.JMeterThread: Thread is done: 秒杀线程组：1000用户 1-151
2026-07-17 20:17:59,555 INFO o.a.j.t.JMeterThread: Thread finished: 秒杀线程组：1000用户 1-151
2026-07-17 20:17:59,555 INFO o.a.j.t.JMeterThread: Thread is done: 秒杀线程组：1000用户 1-261
2026-07-17 20:17:59,555 INFO o.a.j.t.JMeterThread: Thread finished: 秒杀线程组：1000用户 1-261
2026-07-17 20:17:59,555 INFO o.a.j.t.JMeterThread: Thread is done: 秒杀线程组：1000用户 1-156
2026-07-17 20:17:59,555 INFO o.a.j.t.JMeterThread: Thread is done: 秒杀线程组：1000用户 1-117
2026-07-17 20:17:59,555 INFO o.a.j.t.JMeterThread: Thread finished: 秒杀线程组：1000用户 1-156
2026-07-17 20:17:59,555 INFO o.a.j.t.JMeterThread: Thread finished: 秒杀线程组：1000用户 1-117
2026-07-17 20:17:59,555 INFO o.a.j.t.JMeterThread: Thread is done: 秒杀线程组：1000用户 1-317
2026-07-17 20:17:59,555 INFO o.a.j.t.JMeterThread: Thread finished: 秒杀线程组：1000用户 1-317
2026-07-17 20:17:59,555 INFO o.a.j.t.JMeterThread: Thread is done: 秒杀线程组：1000用户 1-28
2026-07-17 20:17:59,555 INFO o.a.j.t.JMeterThread: Thread finished: 秒杀线程组：1000用户 1-28
2026-07-17 20:17:59,555 INFO o.a.j.t.JMeterThread: Thread is done: 秒杀线程组：1000用户 1-292
2026-07-17 20:17:59,555 INFO o.a.j.t.JMeterThread: Thread is done: 秒杀线程组：1000用户 1-299
2026-07-17 20:17:59,555 INFO o.a.j.t.JMeterThread: Thread finished: 秒杀线程组：1000用户 1-292
2026-07-17 20:17:59,555 INFO o.a.j.t.JMeterThread: Thread finished: 秒杀线程组：1000用户 1-299
2026-07-17 20:17:59,556 INFO o.a.j.t.JMeterThread: Thread is done: 秒杀线程组：1000用户 1-177
2026-07-17 20:17:59,556 INFO o.a.j.t.JMeterThread: Thread is done: 秒杀线程组：1000用户 1-139
2026-07-17 20:17:59,556 INFO o.a.j.t.JMeterThread: Thread finished: 秒杀线程组：1000用户 1-139
2026-07-17 20:17:59,556 INFO o.a.j.t.JMeterThread: Thread finished: 秒杀线程组：1000用户 1-177
2026-07-17 20:17:59,556 INFO o.a.j.t.JMeterThread: Thread started: 秒杀线程组：1000用户 1-462
2026-07-17 20:17:59,556 INFO o.a.j.t.JMeterThread: Thread is done: 秒杀线程组：1000用户 1-37
2026-07-17 20:17:59,556 INFO o.a.j.t.JMeterThread: Thread is done: 秒杀线程组：1000用户 1-273
2026-07-17 20:17:59,555 INFO o.a.j.t.JMeterThread: Thread started: 秒杀线程组：1000用户 1-464
2026-07-17 20:17:59,556 INFO o.a.j.t.JMeterThread: Thread finished: 秒杀线程组：1000用户 1-37
2026-07-17 20:17:59,556 INFO o.a.j.t.JMeterThread: Thread is done: 秒杀线程组：1000用户 1-64
2026-07-17 20:17:59,556 INFO o.a.j.t.JMeterThread: Thread finished: 秒杀线程组：1000用户 1-273
2026-07-17 20:17:59,556 INFO o.a.j.t.JMeterThread: Thread finished: 秒杀线程组：1000用户 1-64
2026-07-17 20:17:59,556 INFO o.a.j.t.JMeterThread: Thread is done: 秒杀线程组：1000用户 1-258
2026-07-17 20:17:59,556 INFO o.a.j.t.JMeterThread: Thread finished: 秒杀线程组：1000用户 1-258
2026-07-17 20:17:59,556 INFO o.a.j.t.JMeterThread: Thread is done: 秒杀线程组：1000用户 1-328
2026-07-17 20:17:59,556 INFO o.a.j.t.JMeterThread: Thread finished: 秒杀线程组：1000用户 1-328
2026-07-17 20:17:59,557 INFO o.a.j.t.JMeterThread: Thread is done: 秒杀线程组：1000用户 1-323
2026-07-17 20:17:59,557 INFO o.a.j.t.JMeterThread: Thread is done: 秒杀线程组：1000用户 1-115
2026-07-17 20:17:59,557 INFO o.a.j.t.JMeterThread: Thread is done: 秒杀线程组：1000用户 1-219
2026-07-17 20:17:59,557 INFO o.a.j.t.JMeterThread: Thread finished: 秒杀线程组：1000用户 1-219
2026-07-17 20:17:59,557 INFO o.a.j.t.JMeterThread: Thread finished: 秒杀线程组：1000用户 1-323
2026-07-17 20:17:59,557 INFO o.a.j.t.JMeterThread: Thread started: 秒杀线程组：1000用户 1-476
2026-07-17 20:17:59,557 INFO o.a.j.t.JMeterThread: Thread started: 秒杀线程组：1000用户 1-475
2026-07-17 20:17:59,557 INFO o.a.j.t.JMeterThread: Thread is done: 秒杀线程组：1000用户 1-304
2026-07-17 20:17:59,557 INFO o.a.j.t.JMeterThread: Thread finished: 秒杀线程组：1000用户 1-115
2026-07-17 20:17:59,558 INFO o.a.j.t.JMeterThread: Thread is done: 秒杀线程组：1000用户 1-298
2026-07-17 20:17:59,558 INFO o.a.j.t.JMeterThread: Thread finished: 秒杀线程组：1000用户 1-298
2026-07-17 20:17:59,557 INFO o.a.j.t.JMeterThread: Thread started: 秒杀线程组：1000用户 1-465
2026-07-17 20:17:59,557 INFO o.a.j.t.JMeterThread: Thread is done: 秒杀线程组：1000用户 1-62
2026-07-17 20:17:59,558 INFO o.a.j.t.JMeterThread: Thread is done: 秒杀线程组：1000用户 1-163
2026-07-17 20:17:59,558 INFO o.a.j.t.JMeterThread: Thread finished: 秒杀线程组：1000用户 1-304
2026-07-17 20:17:59,557 INFO o.a.j.t.JMeterThread: Thread started: 秒杀线程组：1000用户 1-468
2026-07-17 20:17:59,558 INFO o.a.j.t.JMeterThread: Thread finished: 秒杀线程组：1000用户 1-163
2026-07-17 20:17:59,558 INFO o.a.j.t.JMeterThread: Thread finished: 秒杀线程组：1000用户 1-62
2026-07-17 20:17:59,558 INFO o.a.j.t.JMeterThread: Thread is done: 秒杀线程组：1000用户 1-99
2026-07-17 20:17:59,558 INFO o.a.j.t.JMeterThread: Thread finished: 秒杀线程组：1000用户 1-99
2026-07-17 20:17:59,558 INFO o.a.j.t.JMeterThread: Thread started: 秒杀线程组：1000用户 1-470
2026-07-17 20:17:59,558 INFO o.a.j.t.JMeterThread: Thread is done: 秒杀线程组：1000用户 1-178
2026-07-17 20:17:59,558 INFO o.a.j.t.JMeterThread: Thread started: 秒杀线程组：1000用户 1-477
2026-07-17 20:17:59,558 INFO o.a.j.t.JMeterThread: Thread finished: 秒杀线程组：1000用户 1-178
2026-07-17 20:17:59,558 INFO o.a.j.t.JMeterThread: Thread is done: 秒杀线程组：1000用户 1-301
2026-07-17 20:17:59,558 INFO o.a.j.t.JMeterThread: Thread finished: 秒杀线程组：1000用户 1-301
2026-07-17 20:17:59,558 INFO o.a.j.t.JMeterThread: Thread is done: 秒杀线程组：1000用户 1-297
2026-07-17 20:17:59,559 INFO o.a.j.t.JMeterThread: Thread finished: 秒杀线程组：1000用户 1-297
2026-07-17 20:17:59,559 INFO o.a.j.t.JMeterThread: Thread is done: 秒杀线程组：1000用户 1-259
2026-07-17 20:17:59,559 INFO o.a.j.t.JMeterThread: Thread finished: 秒杀线程组：1000用户 1-259
2026-07-17 20:17:59,559 INFO o.a.j.t.JMeterThread: Thread started: 秒杀线程组：1000用户 1-478
2026-07-17 20:17:59,559 INFO o.a.j.t.JMeterThread: Thread is done: 秒杀线程组：1000用户 1-87
2026-07-17 20:17:59,559 INFO o.a.j.t.JMeterThread: Thread finished: 秒杀线程组：1000用户 1-87
2026-07-17 20:17:59,559 INFO o.a.j.t.JMeterThread: Thread is done: 秒杀线程组：1000用户 1-300
2026-07-17 20:17:59,559 INFO o.a.j.t.JMeterThread: Thread is done: 秒杀线程组：1000用户 1-308
2026-07-17 20:17:59,559 INFO o.a.j.t.JMeterThread: Thread is done: 秒杀线程组：1000用户 1-170
2026-07-17 20:17:59,559 INFO o.a.j.t.JMeterThread: Thread finished: 秒杀线程组：1000用户 1-308
2026-07-17 20:17:59,559 INFO o.a.j.t.JMeterThread: Thread finished: 秒杀线程组：1000用户 1-300
2026-07-17 20:17:59,559 INFO o.a.j.t.JMeterThread: Thread finished: 秒杀线程组：1000用户 1-170
2026-07-17 20:17:59,561 INFO o.a.j.t.JMeterThread: Thread started: 秒杀线程组：1000用户 1-467
2026-07-17 20:17:59,562 INFO o.a.j.t.JMeterThread: Thread is done: 秒杀线程组：1000用户 1-104
2026-07-17 20:17:59,562 INFO o.a.j.t.JMeterThread: Thread finished: 秒杀线程组：1000用户 1-104
2026-07-17 20:17:59,562 INFO o.a.j.t.JMeterThread: Thread is done: 秒杀线程组：1000用户 1-295
2026-07-17 20:17:59,562 INFO o.a.j.t.JMeterThread: Thread finished: 秒杀线程组：1000用户 1-295
2026-07-17 20:17:59,562 INFO o.a.j.t.JMeterThread: Thread is done: 秒杀线程组：1000用户 1-429
2026-07-17 20:17:59,562 INFO o.a.j.t.JMeterThread: Thread finished: 秒杀线程组：1000用户 1-429
2026-07-17 20:17:59,562 INFO o.a.j.t.JMeterThread: Thread is done: 秒杀线程组：1000用户 1-183
2026-07-17 20:17:59,562 INFO o.a.j.t.JMeterThread: Thread is done: 秒杀线程组：1000用户 1-251
2026-07-17 20:17:59,562 INFO o.a.j.t.JMeterThread: Thread is done: 秒杀线程组：1000用户 1-123
2026-07-17 20:17:59,562 INFO o.a.j.t.JMeterThread: Thread finished: 秒杀线程组：1000用户 1-183
2026-07-17 20:17:59,562 INFO o.a.j.t.JMeterThread: Thread is done: 秒杀线程组：1000用户 1-290
2026-07-17 20:17:59,562 INFO o.a.j.t.JMeterThread: Thread finished: 秒杀线程组：1000用户 1-251
2026-07-17 20:17:59,563 INFO o.a.j.t.JMeterThread: Thread finished: 秒杀线程组：1000用户 1-290
2026-07-17 20:17:59,562 INFO o.a.j.t.JMeterThread: Thread is done: 秒杀线程组：1000用户 1-271
2026-07-17 20:17:59,562 INFO o.a.j.t.JMeterThread: Thread finished: 秒杀线程组：1000用户 1-123
2026-07-17 20:17:59,563 INFO o.a.j.t.JMeterThread: Thread finished: 秒杀线程组：1000用户 1-271
2026-07-17 20:17:59,564 INFO o.a.j.t.JMeterThread: Thread is done: 秒杀线程组：1000用户 1-84
2026-07-17 20:17:59,564 INFO o.a.j.t.JMeterThread: Thread is done: 秒杀线程组：1000用户 1-48
2026-07-17 20:17:59,564 INFO o.a.j.t.JMeterThread: Thread is done: 秒杀线程组：1000用户 1-439
2026-07-17 20:17:59,564 INFO o.a.j.t.JMeterThread: Thread finished: 秒杀线程组：1000用户 1-48
2026-07-17 20:17:59,564 INFO o.a.j.t.JMeterThread: Thread finished: 秒杀线程组：1000用户 1-439
2026-07-17 20:17:59,564 INFO o.a.j.t.JMeterThread: Thread started: 秒杀线程组：1000用户 1-479
2026-07-17 20:17:59,564 INFO o.a.j.t.JMeterThread: Thread finished: 秒杀线程组：1000用户 1-84
2026-07-17 20:17:59,564 INFO o.a.j.t.JMeterThread: Thread started: 秒杀线程组：1000用户 1-483
2026-07-17 20:17:59,564 INFO o.a.j.t.JMeterThread: Thread is done: 秒杀线程组：1000用户 1-208
2026-07-17 20:17:59,565 INFO o.a.j.t.JMeterThread: Thread finished: 秒杀线程组：1000用户 1-208
2026-07-17 20:17:59,565 INFO o.a.j.t.JMeterThread: Thread is done: 秒杀线程组：1000用户 1-438
2026-07-17 20:17:59,565 INFO o.a.j.t.JMeterThread: Thread finished: 秒杀线程组：1000用户 1-438
2026-07-17 20:17:59,565 INFO o.a.j.t.JMeterThread: Thread is done: 秒杀线程组：1000用户 1-88
2026-07-17 20:17:59,565 INFO o.a.j.t.JMeterThread: Thread is done: 秒杀线程组：1000用户 1-437
2026-07-17 20:17:59,565 INFO o.a.j.t.JMeterThread: Thread finished: 秒杀线程组：1000用户 1-437
2026-07-17 20:17:59,565 INFO o.a.j.t.JMeterThread: Thread is done: 秒杀线程组：1000用户 1-110
2026-07-17 20:17:59,565 INFO o.a.j.t.JMeterThread: Thread finished: 秒杀线程组：1000用户 1-88
2026-07-17 20:17:59,565 INFO o.a.j.t.JMeterThread: Thread finished: 秒杀线程组：1000用户 1-110
2026-07-17 20:17:59,565 INFO o.a.j.t.JMeterThread: Thread is done: 秒杀线程组：1000用户 1-111
2026-07-17 20:17:59,565 INFO o.a.j.t.JMeterThread: Thread finished: 秒杀线程组：1000用户 1-111
2026-07-17 20:17:59,566 INFO o.a.j.t.JMeterThread: Thread is done: 秒杀线程组：1000用户 1-38
2026-07-17 20:17:59,566 INFO o.a.j.t.JMeterThread: Thread finished: 秒杀线程组：1000用户 1-38
2026-07-17 20:17:59,566 INFO o.a.j.t.JMeterThread: Thread is done: 秒杀线程组：1000用户 1-143
2026-07-17 20:17:59,566 INFO o.a.j.t.JMeterThread: Thread finished: 秒杀线程组：1000用户 1-143
2026-07-17 20:17:59,566 INFO o.a.j.t.JMeterThread: Thread is done: 秒杀线程组：1000用户 1-426
2026-07-17 20:17:59,566 INFO o.a.j.t.JMeterThread: Thread is done: 秒杀线程组：1000用户 1-425
2026-07-17 20:17:59,566 INFO o.a.j.t.JMeterThread: Thread finished: 秒杀线程组：1000用户 1-426
2026-07-17 20:17:59,566 INFO o.a.j.t.JMeterThread: Thread is done: 秒杀线程组：1000用户 1-431
2026-07-17 20:17:59,566 INFO o.a.j.t.JMeterThread: Thread finished: 秒杀线程组：1000用户 1-425
2026-07-17 20:17:59,566 INFO o.a.j.t.JMeterThread: Thread finished: 秒杀线程组：1000用户 1-431
2026-07-17 20:17:59,566 INFO o.a.j.t.JMeterThread: Thread is done: 秒杀线程组：1000用户 1-442
2026-07-17 20:17:59,566 INFO o.a.j.t.JMeterThread: Thread finished: 秒杀线程组：1000用户 1-442
2026-07-17 20:17:59,566 INFO o.a.j.t.JMeterThread: Thread is done: 秒杀线程组：1000用户 1-435
2026-07-17 20:17:59,566 INFO o.a.j.t.JMeterThread: Thread is done: 秒杀线程组：1000用户 1-433
2026-07-17 20:17:59,566 INFO o.a.j.t.JMeterThread: Thread finished: 秒杀线程组：1000用户 1-435
2026-07-17 20:17:59,567 INFO o.a.j.t.JMeterThread: Thread finished: 秒杀线程组：1000用户 1-433
2026-07-17 20:17:59,567 INFO o.a.j.t.JMeterThread: Thread started: 秒杀线程组：1000用户 1-481
2026-07-17 20:17:59,568 INFO o.a.j.t.JMeterThread: Thread is done: 秒杀线程组：1000用户 1-11
2026-07-17 20:17:59,568 INFO o.a.j.t.JMeterThread: Thread finished: 秒杀线程组：1000用户 1-11
2026-07-17 20:17:59,568 INFO o.a.j.t.JMeterThread: Thread started: 秒杀线程组：1000用户 1-484
2026-07-17 20:17:59,568 INFO o.a.j.t.JMeterThread: Thread is done: 秒杀线程组：1000用户 1-70
2026-07-17 20:17:59,568 INFO o.a.j.t.JMeterThread: Thread is done: 秒杀线程组：1000用户 1-274
2026-07-17 20:17:59,568 INFO o.a.j.t.JMeterThread: Thread finished: 秒杀线程组：1000用户 1-70
2026-07-17 20:17:59,568 INFO o.a.j.t.JMeterThread: Thread finished: 秒杀线程组：1000用户 1-274
2026-07-17 20:17:59,568 INFO o.a.j.t.JMeterThread: Thread is done: 秒杀线程组：1000用户 1-420
2026-07-17 20:17:59,569 INFO o.a.j.t.JMeterThread: Thread finished: 秒杀线程组：1000用户 1-420
2026-07-17 20:17:59,569 INFO o.a.j.t.JMeterThread: Thread is done: 秒杀线程组：1000用户 1-422
2026-07-17 20:17:59,569 INFO o.a.j.t.JMeterThread: Thread finished: 秒杀线程组：1000用户 1-422
2026-07-17 20:17:59,570 INFO o.a.j.t.JMeterThread: Thread is done: 秒杀线程组：1000用户 1-419
2026-07-17 20:17:59,570 INFO o.a.j.t.JMeterThread: Thread finished: 秒杀线程组：1000用户 1-419
2026-07-17 20:17:59,570 INFO o.a.j.t.JMeterThread: Thread started: 秒杀线程组：1000用户 1-485
2026-07-17 20:17:59,570 INFO o.a.j.t.JMeterThread: Thread is done: 秒杀线程组：1000用户 1-424
2026-07-17 20:17:59,570 INFO o.a.j.t.JMeterThread: Thread started: 秒杀线程组：1000用户 1-480
2026-07-17 20:17:59,570 INFO o.a.j.t.JMeterThread: Thread is done: 秒杀线程组：1000用户 1-449
2026-07-17 20:17:59,570 INFO o.a.j.t.JMeterThread: Thread is done: 秒杀线程组：1000用户 1-430
2026-07-17 20:17:59,570 INFO o.a.j.t.JMeterThread: Thread finished: 秒杀线程组：1000用户 1-430
2026-07-17 20:17:59,570 INFO o.a.j.t.JMeterThread: Thread finished: 秒杀线程组：1000用户 1-424
2026-07-17 20:17:59,570 INFO o.a.j.t.JMeterThread: Thread finished: 秒杀线程组：1000用户 1-449
2026-07-17 20:17:59,571 INFO o.a.j.t.JMeterThread: Thread is done: 秒杀线程组：1000用户 1-417
2026-07-17 20:17:59,571 INFO o.a.j.t.JMeterThread: Thread finished: 秒杀线程组：1000用户 1-417
2026-07-17 20:17:59,571 INFO o.a.j.t.JMeterThread: Thread started: 秒杀线程组：1000用户 1-486
2026-07-17 20:17:59,571 INFO o.a.j.t.JMeterThread: Thread started: 秒杀线程组：1000用户 1-482
2026-07-17 20:17:59,571 INFO o.a.j.t.JMeterThread: Thread started: 秒杀线程组：1000用户 1-487
2026-07-17 20:17:59,572 INFO o.a.j.t.JMeterThread: Thread is done: 秒杀线程组：1000用户 1-455
2026-07-17 20:17:59,572 INFO o.a.j.t.JMeterThread: Thread is done: 秒杀线程组：1000用户 1-423
2026-07-17 20:17:59,572 INFO o.a.j.t.JMeterThread: Thread finished: 秒杀线程组：1000用户 1-455
2026-07-17 20:17:59,572 INFO o.a.j.t.JMeterThread: Thread finished: 秒杀线程组：1000用户 1-423
2026-07-17 20:17:59,573 INFO o.a.j.t.JMeterThread: Thread started: 秒杀线程组：1000用户 1-488
2026-07-17 20:17:59,573 INFO o.a.j.t.JMeterThread: Thread is done: 秒杀线程组：1000用户 1-413
2026-07-17 20:17:59,573 INFO o.a.j.t.JMeterThread: Thread is done: 秒杀线程组：1000用户 1-415
2026-07-17 20:17:59,573 INFO o.a.j.t.JMeterThread: Thread is done: 秒杀线程组：1000用户 1-409
2026-07-17 20:17:59,573 INFO o.a.j.t.JMeterThread: Thread is done: 秒杀线程组：1000用户 1-421
2026-07-17 20:17:59,573 INFO o.a.j.t.JMeterThread: Thread is done: 秒杀线程组：1000用户 1-416
2026-07-17 20:17:59,573 INFO o.a.j.t.JMeterThread: Thread finished: 秒杀线程组：1000用户 1-409
2026-07-17 20:17:59,573 INFO o.a.j.t.JMeterThread: Thread is done: 秒杀线程组：1000用户 1-458
2026-07-17 20:17:59,573 INFO o.a.j.t.JMeterThread: Thread finished: 秒杀线程组：1000用户 1-413
2026-07-17 20:17:59,575 INFO o.a.j.t.JMeterThread: Thread finished: 秒杀线程组：1000用户 1-416
2026-07-17 20:17:59,573 INFO o.a.j.t.JMeterThread: Thread finished: 秒杀线程组：1000用户 1-415
2026-07-17 20:17:59,575 INFO o.a.j.t.JMeterThread: Thread is done: 秒杀线程组：1000用户 1-412
2026-07-17 20:17:59,575 INFO o.a.j.t.JMeterThread: Thread finished: 秒杀线程组：1000用户 1-412
2026-07-17 20:17:59,575 INFO o.a.j.t.JMeterThread: Thread is done: 秒杀线程组：1000用户 1-418
2026-07-17 20:17:59,573 INFO o.a.j.t.JMeterThread: Thread finished: 秒杀线程组：1000用户 1-421
2026-07-17 20:17:59,575 INFO o.a.j.t.JMeterThread: Thread finished: 秒杀线程组：1000用户 1-418
2026-07-17 20:17:59,575 INFO o.a.j.t.JMeterThread: Thread started: 秒杀线程组：1000用户 1-504
2026-07-17 20:17:59,575 INFO o.a.j.t.JMeterThread: Thread finished: 秒杀线程组：1000用户 1-458
2026-07-17 20:17:59,575 INFO o.a.j.t.JMeterThread: Thread started: 秒杀线程组：1000用户 1-490
2026-07-17 20:17:59,576 INFO o.a.j.t.JMeterThread: Thread started: 秒杀线程组：1000用户 1-505
2026-07-17 20:17:59,576 INFO o.a.j.t.JMeterThread: Thread is done: 秒杀线程组：1000用户 1-414
2026-07-17 20:17:59,576 INFO o.a.j.t.JMeterThread: Thread finished: 秒杀线程组：1000用户 1-414
2026-07-17 20:17:59,577 INFO o.a.j.t.JMeterThread: Thread is done: 秒杀线程组：1000用户 1-408
2026-07-17 20:17:59,577 INFO o.a.j.t.JMeterThread: Thread finished: 秒杀线程组：1000用户 1-408
2026-07-17 20:17:59,577 INFO o.a.j.t.JMeterThread: Thread is done: 秒杀线程组：1000用户 1-399
2026-07-17 20:17:59,577 INFO o.a.j.t.JMeterThread: Thread is done: 秒杀线程组：1000用户 1-86
2026-07-17 20:17:59,577 INFO o.a.j.t.JMeterThread: Thread finished: 秒杀线程组：1000用户 1-399
2026-07-17 20:17:59,577 INFO o.a.j.t.JMeterThread: Thread is done: 秒杀线程组：1000用户 1-398
2026-07-17 20:17:59,577 INFO o.a.j.t.JMeterThread: Thread finished: 秒杀线程组：1000用户 1-398
2026-07-17 20:17:59,577 INFO o.a.j.t.JMeterThread: Thread is done: 秒杀线程组：1000用户 1-260
2026-07-17 20:17:59,578 INFO o.a.j.t.JMeterThread: Thread finished: 秒杀线程组：1000用户 1-260
2026-07-17 20:17:59,577 INFO o.a.j.t.JMeterThread: Thread finished: 秒杀线程组：1000用户 1-86
2026-07-17 20:17:59,579 INFO o.a.j.t.JMeterThread: Thread is done: 秒杀线程组：1000用户 1-46
2026-07-17 20:17:59,579 INFO o.a.j.t.JMeterThread: Thread finished: 秒杀线程组：1000用户 1-46
2026-07-17 20:17:59,579 INFO o.a.j.t.JMeterThread: Thread is done: 秒杀线程组：1000用户 1-248
2026-07-17 20:17:59,579 INFO o.a.j.t.JMeterThread: Thread finished: 秒杀线程组：1000用户 1-248
2026-07-17 20:17:59,579 INFO o.a.j.t.JMeterThread: Thread is done: 秒杀线程组：1000用户 1-410
2026-07-17 20:17:59,579 INFO o.a.j.t.JMeterThread: Thread finished: 秒杀线程组：1000用户 1-410
2026-07-17 20:17:59,579 INFO o.a.j.t.JMeterThread: Thread started: 秒杀线程组：1000用户 1-493
2026-07-17 20:17:59,579 INFO o.a.j.t.JMeterThread: Thread started: 秒杀线程组：1000用户 1-492
2026-07-17 20:17:59,579 INFO o.a.j.t.JMeterThread: Thread started: 秒杀线程组：1000用户 1-495
2026-07-17 20:17:59,581 INFO o.a.j.t.JMeterThread: Thread started: 秒杀线程组：1000用户 1-489
2026-07-17 20:17:59,579 INFO o.a.j.t.JMeterThread: Thread started: 秒杀线程组：1000用户 1-491
2026-07-17 20:17:59,581 INFO o.a.j.t.JMeterThread: Thread started: 秒杀线程组：1000用户 1-509
2026-07-17 20:17:59,581 INFO o.a.j.t.JMeterThread: Thread is done: 秒杀线程组：1000用户 1-411
2026-07-17 20:17:59,581 INFO o.a.j.t.JMeterThread: Thread is done: 秒杀线程组：1000用户 1-396
2026-07-17 20:17:59,581 INFO o.a.j.t.JMeterThread: Thread is done: 秒杀线程组：1000用户 1-485
2026-07-17 20:17:59,581 INFO o.a.j.t.JMeterThread: Thread is done: 秒杀线程组：1000用户 1-406
2026-07-17 20:17:59,581 INFO o.a.j.t.JMeterThread: Thread finished: 秒杀线程组：1000用户 1-485
2026-07-17 20:17:59,581 INFO o.a.j.t.JMeterThread: Thread finished: 秒杀线程组：1000用户 1-396
2026-07-17 20:17:59,581 INFO o.a.j.t.JMeterThread: Thread finished: 秒杀线程组：1000用户 1-411
2026-07-17 20:17:59,581 INFO o.a.j.t.JMeterThread: Thread finished: 秒杀线程组：1000用户 1-406
2026-07-17 20:17:59,582 INFO o.a.j.t.JMeterThread: Thread started: 秒杀线程组：1000用户 1-506
2026-07-17 20:17:59,582 INFO o.a.j.t.JMeterThread: Thread started: 秒杀线程组：1000用户 1-497
2026-07-17 20:17:59,582 INFO o.a.j.t.JMeterThread: Thread started: 秒杀线程组：1000用户 1-510
2026-07-17 20:17:59,582 INFO o.a.j.t.JMeterThread: Thread is done: 秒杀线程组：1000用户 1-407
2026-07-17 20:17:59,582 INFO o.a.j.t.JMeterThread: Thread finished: 秒杀线程组：1000用户 1-407
2026-07-17 20:17:59,582 INFO o.a.j.t.JMeterThread: Thread started: 秒杀线程组：1000用户 1-494
2026-07-17 20:17:59,583 INFO o.a.j.t.JMeterThread: Thread is done: 秒杀线程组：1000用户 1-226
2026-07-17 20:17:59,583 INFO o.a.j.t.JMeterThread: Thread finished: 秒杀线程组：1000用户 1-226
2026-07-17 20:17:59,583 INFO o.a.j.t.JMeterThread: Thread started: 秒杀线程组：1000用户 1-507
2026-07-17 20:17:59,583 INFO o.a.j.t.JMeterThread: Thread started: 秒杀线程组：1000用户 1-499
2026-07-17 20:17:59,583 INFO o.a.j.t.JMeterThread: Thread started: 秒杀线程组：1000用户 1-513
2026-07-17 20:17:59,583 INFO o.a.j.t.JMeterThread: Thread started: 秒杀线程组：1000用户 1-498
2026-07-17 20:17:59,583 INFO o.a.j.t.JMeterThread: Thread started: 秒杀线程组：1000用户 1-511
2026-07-17 20:17:59,584 INFO o.a.j.t.JMeterThread: Thread started: 秒杀线程组：1000用户 1-508
2026-07-17 20:17:59,583 INFO o.a.j.t.JMeterThread: Thread started: 秒杀线程组：1000用户 1-512
2026-07-17 20:17:59,583 INFO o.a.j.t.JMeterThread: Thread started: 秒杀线程组：1000用户 1-501
2026-07-17 20:17:59,584 INFO o.a.j.t.JMeterThread: Thread started: 秒杀线程组：1000用户 1-515
2026-07-17 20:17:59,584 INFO o.a.j.t.JMeterThread: Thread started: 秒杀线程组：1000用户 1-500
2026-07-17 20:17:59,584 INFO o.a.j.t.JMeterThread: Thread started: 秒杀线程组：1000用户 1-502
2026-07-17 20:17:59,584 INFO o.a.j.t.JMeterThread: Thread is done: 秒杀线程组：1000用户 1-404
2026-07-17 20:17:59,584 INFO o.a.j.t.JMeterThread: Thread finished: 秒杀线程组：1000用户 1-404
2026-07-17 20:17:59,585 INFO o.a.j.t.JMeterThread: Thread started: 秒杀线程组：1000用户 1-503
2026-07-17 20:17:59,585 INFO o.a.j.t.JMeterThread: Thread is done: 秒杀线程组：1000用户 1-401
2026-07-17 20:17:59,585 INFO o.a.j.t.JMeterThread: Thread finished: 秒杀线程组：1000用户 1-401
2026-07-17 20:17:59,587 INFO o.a.j.t.JMeterThread: Thread is done: 秒杀线程组：1000用户 1-287
2026-07-17 20:17:59,587 INFO o.a.j.t.JMeterThread: Thread finished: 秒杀线程组：1000用户 1-287
2026-07-17 20:17:59,587 INFO o.a.j.t.JMeterThread: Thread is done: 秒杀线程组：1000用户 1-228
2026-07-17 20:17:59,587 INFO o.a.j.t.JMeterThread: Thread finished: 秒杀线程组：1000用户 1-228
2026-07-17 20:17:59,587 INFO o.a.j.t.JMeterThread: Thread is done: 秒杀线程组：1000用户 1-231
2026-07-17 20:17:59,587 INFO o.a.j.t.JMeterThread: Thread finished: 秒杀线程组：1000用户 1-231
2026-07-17 20:17:59,587 INFO o.a.j.t.JMeterThread: Thread started: 秒杀线程组：1000用户 1-520
2026-07-17 20:17:59,587 INFO o.a.j.t.JMeterThread: Thread started: 秒杀线程组：1000用户 1-496
2026-07-17 20:17:59,587 INFO o.a.j.t.JMeterThread: Thread started: 秒杀线程组：1000用户 1-517
2026-07-17 20:17:59,588 INFO o.a.j.t.JMeterThread: Thread started: 秒杀线程组：1000用户 1-514
2026-07-17 20:17:59,588 INFO o.a.j.t.JMeterThread: Thread started: 秒杀线程组：1000用户 1-518
2026-07-17 20:17:59,588 INFO o.a.j.t.JMeterThread: Thread is done: 秒杀线程组：1000用户 1-395
2026-07-17 20:17:59,588 INFO o.a.j.t.JMeterThread: Thread started: 秒杀线程组：1000用户 1-523
2026-07-17 20:17:59,588 INFO o.a.j.t.JMeterThread: Thread is done: 秒杀线程组：1000用户 1-405
2026-07-17 20:17:59,588 INFO o.a.j.t.JMeterThread: Thread is done: 秒杀线程组：1000用户 1-392
2026-07-17 20:17:59,588 INFO o.a.j.t.JMeterThread: Thread is done: 秒杀线程组：1000用户 1-391
2026-07-17 20:17:59,588 INFO o.a.j.t.JMeterThread: Thread finished: 秒杀线程组：1000用户 1-405
2026-07-17 20:17:59,588 INFO o.a.j.t.JMeterThread: Thread finished: 秒杀线程组：1000用户 1-395
2026-07-17 20:17:59,588 INFO o.a.j.t.JMeterThread: Thread is done: 秒杀线程组：1000用户 1-394
2026-07-17 20:17:59,588 INFO o.a.j.t.JMeterThread: Thread finished: 秒杀线程组：1000用户 1-391
2026-07-17 20:17:59,588 INFO o.a.j.t.JMeterThread: Thread finished: 秒杀线程组：1000用户 1-392
2026-07-17 20:17:59,589 INFO o.a.j.t.JMeterThread: Thread finished: 秒杀线程组：1000用户 1-394
2026-07-17 20:17:59,589 INFO o.a.j.t.JMeterThread: Thread is done: 秒杀线程组：1000用户 1-389
2026-07-17 20:17:59,589 INFO o.a.j.t.JMeterThread: Thread finished: 秒杀线程组：1000用户 1-389
2026-07-17 20:17:59,590 INFO o.a.j.t.JMeterThread: Thread started: 秒杀线程组：1000用户 1-516
2026-07-17 20:17:59,590 INFO o.a.j.t.JMeterThread: Thread started: 秒杀线程组：1000用户 1-521
2026-07-17 20:17:59,590 INFO o.a.j.t.JMeterThread: Thread started: 秒杀线程组：1000用户 1-522
2026-07-17 20:17:59,590 INFO o.a.j.t.JMeterThread: Thread is done: 秒杀线程组：1000用户 1-403
2026-07-17 20:17:59,590 INFO o.a.j.t.JMeterThread: Thread finished: 秒杀线程组：1000用户 1-403
2026-07-17 20:17:59,590 INFO o.a.j.t.JMeterThread: Thread is done: 秒杀线程组：1000用户 1-393
2026-07-17 20:17:59,590 INFO o.a.j.t.JMeterThread: Thread finished: 秒杀线程组：1000用户 1-393
2026-07-17 20:17:59,591 INFO o.a.j.t.JMeterThread: Thread is done: 秒杀线程组：1000用户 1-400
2026-07-17 20:17:59,591 INFO o.a.j.t.JMeterThread: Thread finished: 秒杀线程组：1000用户 1-400
2026-07-17 20:17:59,591 INFO o.a.j.t.JMeterThread: Thread is done: 秒杀线程组：1000用户 1-388
2026-07-17 20:17:59,591 INFO o.a.j.t.JMeterThread: Thread finished: 秒杀线程组：1000用户 1-388
2026-07-17 20:17:59,591 INFO o.a.j.t.JMeterThread: Thread is done: 秒杀线程组：1000用户 1-397
2026-07-17 20:17:59,591 INFO o.a.j.t.JMeterThread: Thread finished: 秒杀线程组：1000用户 1-397
2026-07-17 20:17:59,593 INFO o.a.j.t.JMeterThread: Thread is done: 秒杀线程组：1000用户 1-387
2026-07-17 20:17:59,593 INFO o.a.j.t.JMeterThread: Thread finished: 秒杀线程组：1000用户 1-387
2026-07-17 20:17:59,593 INFO o.a.j.t.JMeterThread: Thread started: 秒杀线程组：1000用户 1-519
2026-07-17 20:17:59,593 INFO o.a.j.t.JMeterThread: Thread is done: 秒杀线程组：1000用户 1-390
2026-07-17 20:17:59,593 INFO o.a.j.t.JMeterThread: Thread started: 秒杀线程组：1000用户 1-525
2026-07-17 20:17:59,593 INFO o.a.j.t.JMeterThread: Thread finished: 秒杀线程组：1000用户 1-390
2026-07-17 20:17:59,595 INFO o.a.j.t.JMeterThread: Thread is done: 秒杀线程组：1000用户 1-382
2026-07-17 20:17:59,595 INFO o.a.j.t.JMeterThread: Thread is done: 秒杀线程组：1000用户 1-373
2026-07-17 20:17:59,595 INFO o.a.j.t.JMeterThread: Thread finished: 秒杀线程组：1000用户 1-373
2026-07-17 20:17:59,595 INFO o.a.j.t.JMeterThread: Thread is done: 秒杀线程组：1000用户 1-386
2026-07-17 20:17:59,595 INFO o.a.j.t.JMeterThread: Thread finished: 秒杀线程组：1000用户 1-382
2026-07-17 20:17:59,595 INFO o.a.j.t.JMeterThread: Thread started: 秒杀线程组：1000用户 1-526
2026-07-17 20:17:59,595 INFO o.a.j.t.JMeterThread: Thread finished: 秒杀线程组：1000用户 1-386
2026-07-17 20:17:59,596 INFO o.a.j.t.JMeterThread: Thread started: 秒杀线程组：1000用户 1-534
2026-07-17 20:17:59,596 INFO o.a.j.t.JMeterThread: Thread is done: 秒杀线程组：1000用户 1-52
2026-07-17 20:17:59,596 INFO o.a.j.t.JMeterThread: Thread is done: 秒杀线程组：1000用户 1-381
2026-07-17 20:17:59,596 INFO o.a.j.t.JMeterThread: Thread finished: 秒杀线程组：1000用户 1-52
2026-07-17 20:17:59,596 INFO o.a.j.t.JMeterThread: Thread is done: 秒杀线程组：1000用户 1-385
2026-07-17 20:17:59,596 INFO o.a.j.t.JMeterThread: Thread finished: 秒杀线程组：1000用户 1-381
2026-07-17 20:17:59,596 INFO o.a.j.t.JMeterThread: Thread finished: 秒杀线程组：1000用户 1-385
2026-07-17 20:17:59,596 INFO o.a.j.t.JMeterThread: Thread is done: 秒杀线程组：1000用户 1-214
2026-07-17 20:17:59,596 INFO o.a.j.t.JMeterThread: Thread finished: 秒杀线程组：1000用户 1-214
2026-07-17 20:17:59,597 INFO o.a.j.t.JMeterThread: Thread started: 秒杀线程组：1000用户 1-530
2026-07-17 20:17:59,597 INFO o.a.j.t.JMeterThread: Thread is done: 秒杀线程组：1000用户 1-380
2026-07-17 20:17:59,597 INFO o.a.j.t.JMeterThread: Thread finished: 秒杀线程组：1000用户 1-380
2026-07-17 20:17:59,597 INFO o.a.j.t.JMeterThread: Thread is done: 秒杀线程组：1000用户 1-384
2026-07-17 20:17:59,597 INFO o.a.j.t.JMeterThread: Thread started: 秒杀线程组：1000用户 1-524
2026-07-17 20:17:59,597 INFO o.a.j.t.JMeterThread: Thread is done: 秒杀线程组：1000用户 1-511
2026-07-17 20:17:59,597 INFO o.a.j.t.JMeterThread: Thread finished: 秒杀线程组：1000用户 1-511
2026-07-17 20:17:59,597 INFO o.a.j.t.JMeterThread: Thread started: 秒杀线程组：1000用户 1-529
2026-07-17 20:17:59,597 INFO o.a.j.t.JMeterThread: Thread finished: 秒杀线程组：1000用户 1-384
2026-07-17 20:17:59,597 INFO o.a.j.t.JMeterThread: Thread is done: 秒杀线程组：1000用户 1-383
2026-07-17 20:17:59,597 INFO o.a.j.t.JMeterThread: Thread finished: 秒杀线程组：1000用户 1-383
2026-07-17 20:17:59,597 INFO o.a.j.t.JMeterThread: Thread is done: 秒杀线程组：1000用户 1-378
2026-07-17 20:17:59,597 INFO o.a.j.t.JMeterThread: Thread finished: 秒杀线程组：1000用户 1-378
2026-07-17 20:17:59,600 INFO o.a.j.t.JMeterThread: Thread started: 秒杀线程组：1000用户 1-527
2026-07-17 20:17:59,600 INFO o.a.j.t.JMeterThread: Thread is done: 秒杀线程组：1000用户 1-377
2026-07-17 20:17:59,600 INFO o.a.j.t.JMeterThread: Thread is done: 秒杀线程组：1000用户 1-375
2026-07-17 20:17:59,600 INFO o.a.j.t.JMeterThread: Thread finished: 秒杀线程组：1000用户 1-377
2026-07-17 20:17:59,600 INFO o.a.j.t.JMeterThread: Thread is done: 秒杀线程组：1000用户 1-379
2026-07-17 20:17:59,600 INFO o.a.j.t.JMeterThread: Thread is done: 秒杀线程组：1000用户 1-370
2026-07-17 20:17:59,600 INFO o.a.j.t.JMeterThread: Thread finished: 秒杀线程组：1000用户 1-375
2026-07-17 20:17:59,600 INFO o.a.j.t.JMeterThread: Thread is done: 秒杀线程组：1000用户 1-371
2026-07-17 20:17:59,600 INFO o.a.j.t.JMeterThread: Thread started: 秒杀线程组：1000用户 1-532
2026-07-17 20:17:59,600 INFO o.a.j.t.JMeterThread: Thread finished: 秒杀线程组：1000用户 1-379
2026-07-17 20:17:59,600 INFO o.a.j.t.JMeterThread: Thread finished: 秒杀线程组：1000用户 1-370
2026-07-17 20:17:59,601 INFO o.a.j.t.JMeterThread: Thread finished: 秒杀线程组：1000用户 1-371
2026-07-17 20:17:59,601 INFO o.a.j.t.JMeterThread: Thread started: 秒杀线程组：1000用户 1-528
2026-07-17 20:17:59,601 INFO o.a.j.t.JMeterThread: Thread is done: 秒杀线程组：1000用户 1-359
2026-07-17 20:17:59,601 INFO o.a.j.t.JMeterThread: Thread finished: 秒杀线程组：1000用户 1-359
2026-07-17 20:17:59,602 INFO o.a.j.t.JMeterThread: Thread started: 秒杀线程组：1000用户 1-536
2026-07-17 20:17:59,602 INFO o.a.j.t.JMeterThread: Thread is done: 秒杀线程组：1000用户 1-356
2026-07-17 20:17:59,602 INFO o.a.j.t.JMeterThread: Thread finished: 秒杀线程组：1000用户 1-356
2026-07-17 20:17:59,603 INFO o.a.j.t.JMeterThread: Thread is done: 秒杀线程组：1000用户 1-517
2026-07-17 20:17:59,603 INFO o.a.j.t.JMeterThread: Thread finished: 秒杀线程组：1000用户 1-517
2026-07-17 20:17:59,603 INFO o.a.j.t.JMeterThread: Thread is done: 秒杀线程组：1000用户 1-507
2026-07-17 20:17:59,603 INFO o.a.j.t.JMeterThread: Thread is done: 秒杀线程组：1000用户 1-523
2026-07-17 20:17:59,603 INFO o.a.j.t.JMeterThread: Thread is done: 秒杀线程组：1000用户 1-369
2026-07-17 20:17:59,603 INFO o.a.j.t.JMeterThread: Thread finished: 秒杀线程组：1000用户 1-369
2026-07-17 20:17:59,603 INFO o.a.j.t.JMeterThread: Thread started: 秒杀线程组：1000用户 1-537
2026-07-17 20:17:59,603 INFO o.a.j.t.JMeterThread: Thread finished: 秒杀线程组：1000用户 1-523
2026-07-17 20:17:59,603 INFO o.a.j.t.JMeterThread: Thread is done: 秒杀线程组：1000用户 1-284
2026-07-17 20:17:59,604 INFO o.a.j.t.JMeterThread: Thread finished: 秒杀线程组：1000用户 1-284
2026-07-17 20:17:59,603 INFO o.a.j.t.JMeterThread: Thread finished: 秒杀线程组：1000用户 1-507
2026-07-17 20:17:59,604 INFO o.a.j.t.JMeterThread: Thread started: 秒杀线程组：1000用户 1-538
2026-07-17 20:17:59,603 INFO o.a.j.t.JMeterThread: Thread started: 秒杀线程组：1000用户 1-531
2026-07-17 20:17:59,604 INFO o.a.j.t.JMeterThread: Thread is done: 秒杀线程组：1000用户 1-516
2026-07-17 20:17:59,604 INFO o.a.j.t.JMeterThread: Thread is done: 秒杀线程组：1000用户 1-514
2026-07-17 20:17:59,604 INFO o.a.j.t.JMeterThread: Thread is done: 秒杀线程组：1000用户 1-518
2026-07-17 20:17:59,604 INFO o.a.j.t.JMeterThread: Thread finished: 秒杀线程组：1000用户 1-516
2026-07-17 20:17:59,604 INFO o.a.j.t.JMeterThread: Thread finished: 秒杀线程组：1000用户 1-514
2026-07-17 20:17:59,604 INFO o.a.j.t.JMeterThread: Thread finished: 秒杀线程组：1000用户 1-518
2026-07-17 20:17:59,606 INFO o.a.j.t.JMeterThread: Thread started: 秒杀线程组：1000用户 1-533
2026-07-17 20:17:59,606 INFO o.a.j.t.JMeterThread: Thread started: 秒杀线程组：1000用户 1-535
2026-07-17 20:17:59,607 INFO o.a.j.t.JMeterThread: Thread started: 秒杀线程组：1000用户 1-542
2026-07-17 20:17:59,607 INFO o.a.j.t.JMeterThread: Thread is done: 秒杀线程组：1000用户 1-503
2026-07-17 20:17:59,607 INFO o.a.j.t.JMeterThread: Thread is done: 秒杀线程组：1000用户 1-522
2026-07-17 20:17:59,607 INFO o.a.j.t.JMeterThread: Thread is done: 秒杀线程组：1000用户 1-496
2026-07-17 20:17:59,607 INFO o.a.j.t.JMeterThread: Thread finished: 秒杀线程组：1000用户 1-503
2026-07-17 20:17:59,607 INFO o.a.j.t.JMeterThread: Thread is done: 秒杀线程组：1000用户 1-520
2026-07-17 20:17:59,607 INFO o.a.j.t.JMeterThread: Thread started: 秒杀线程组：1000用户 1-540
2026-07-17 20:17:59,607 INFO o.a.j.t.JMeterThread: Thread finished: 秒杀线程组：1000用户 1-520
2026-07-17 20:17:59,607 INFO o.a.j.t.JMeterThread: Thread finished: 秒杀线程组：1000用户 1-522
2026-07-17 20:17:59,607 INFO o.a.j.t.JMeterThread: Thread finished: 秒杀线程组：1000用户 1-496
2026-07-17 20:17:59,608 INFO o.a.j.t.JMeterThread: Thread is done: 秒杀线程组：1000用户 1-494
2026-07-17 20:17:59,608 INFO o.a.j.t.JMeterThread: Thread is done: 秒杀线程组：1000用户 1-200
2026-07-17 20:17:59,608 INFO o.a.j.t.JMeterThread: Thread finished: 秒杀线程组：1000用户 1-494
2026-07-17 20:17:59,608 INFO o.a.j.t.JMeterThread: Thread finished: 秒杀线程组：1000用户 1-200
2026-07-17 20:17:59,608 INFO o.a.j.t.JMeterThread: Thread started: 秒杀线程组：1000用户 1-543
2026-07-17 20:17:59,608 INFO o.a.j.t.JMeterThread: Thread is done: 秒杀线程组：1000用户 1-239
2026-07-17 20:17:59,608 INFO o.a.j.t.JMeterThread: Thread finished: 秒杀线程组：1000用户 1-239
2026-07-17 20:17:59,610 INFO o.a.j.t.JMeterThread: Thread started: 秒杀线程组：1000用户 1-545
2026-07-17 20:17:59,610 INFO o.a.j.t.JMeterThread: Thread started: 秒杀线程组：1000用户 1-539
2026-07-17 20:17:59,610 INFO o.a.j.t.JMeterThread: Thread is done: 秒杀线程组：1000用户 1-508
2026-07-17 20:17:59,610 INFO o.a.j.t.JMeterThread: Thread is done: 秒杀线程组：1000用户 1-530
2026-07-17 20:17:59,610 INFO o.a.j.t.JMeterThread: Thread is done: 秒杀线程组：1000用户 1-534
2026-07-17 20:17:59,610 INFO o.a.j.t.JMeterThread: Thread is done: 秒杀线程组：1000用户 1-513
2026-07-17 20:17:59,610 INFO o.a.j.t.JMeterThread: Thread finished: 秒杀线程组：1000用户 1-530
2026-07-17 20:17:59,610 INFO o.a.j.t.JMeterThread: Thread finished: 秒杀线程组：1000用户 1-534
2026-07-17 20:17:59,610 INFO o.a.j.t.JMeterThread: Thread is done: 秒杀线程组：1000用户 1-510
2026-07-17 20:17:59,610 INFO o.a.j.t.JMeterThread: Thread finished: 秒杀线程组：1000用户 1-508
2026-07-17 20:17:59,610 INFO o.a.j.t.JMeterThread: Thread is done: 秒杀线程组：1000用户 1-499
2026-07-17 20:17:59,611 INFO o.a.j.t.JMeterThread: Thread finished: 秒杀线程组：1000用户 1-499
2026-07-17 20:17:59,611 INFO o.a.j.t.JMeterThread: Thread is done: 秒杀线程组：1000用户 1-502
2026-07-17 20:17:59,610 INFO o.a.j.t.JMeterThread: Thread finished: 秒杀线程组：1000用户 1-513
2026-07-17 20:17:59,611 INFO o.a.j.t.JMeterThread: Thread finished: 秒杀线程组：1000用户 1-502
2026-07-17 20:17:59,610 INFO o.a.j.t.JMeterThread: Thread finished: 秒杀线程组：1000用户 1-510
2026-07-17 20:17:59,611 INFO o.a.j.t.JMeterThread: Thread is done: 秒杀线程组：1000用户 1-509
2026-07-17 20:17:59,611 INFO o.a.j.t.JMeterThread: Thread finished: 秒杀线程组：1000用户 1-509
2026-07-17 20:17:59,611 INFO o.a.j.t.JMeterThread: Thread is done: 秒杀线程组：1000用户 1-495
2026-07-17 20:17:59,611 INFO o.a.j.t.JMeterThread: Thread finished: 秒杀线程组：1000用户 1-495
2026-07-17 20:17:59,611 INFO o.a.j.t.JMeterThread: Thread is done: 秒杀线程组：1000用户 1-498
2026-07-17 20:17:59,611 INFO o.a.j.t.JMeterThread: Thread is done: 秒杀线程组：1000用户 1-515
2026-07-17 20:17:59,611 INFO o.a.j.t.JMeterThread: Thread finished: 秒杀线程组：1000用户 1-515
2026-07-17 20:17:59,611 INFO o.a.j.t.JMeterThread: Thread is done: 秒杀线程组：1000用户 1-506
2026-07-17 20:17:59,611 INFO o.a.j.t.JMeterThread: Thread finished: 秒杀线程组：1000用户 1-498
2026-07-17 20:17:59,612 INFO o.a.j.t.JMeterThread: Thread finished: 秒杀线程组：1000用户 1-506
2026-07-17 20:17:59,612 INFO o.a.j.t.JMeterThread: Thread started: 秒杀线程组：1000用户 1-549
2026-07-17 20:17:59,612 INFO o.a.j.t.JMeterThread: Thread is done: 秒杀线程组：1000用户 1-497
2026-07-17 20:17:59,612 INFO o.a.j.t.JMeterThread: Thread started: 秒杀线程组：1000用户 1-548
2026-07-17 20:17:59,612 INFO o.a.j.t.JMeterThread: Thread started: 秒杀线程组：1000用户 1-547
2026-07-17 20:17:59,612 INFO o.a.j.t.JMeterThread: Thread started: 秒杀线程组：1000用户 1-541
2026-07-17 20:17:59,612 INFO o.a.j.t.JMeterThread: Thread finished: 秒杀线程组：1000用户 1-497
2026-07-17 20:17:59,610 INFO o.a.j.t.JMeterThread: Thread started: 秒杀线程组：1000用户 1-544
2026-07-17 20:17:59,613 INFO o.a.j.t.JMeterThread: Thread started: 秒杀线程组：1000用户 1-551
2026-07-17 20:17:59,613 INFO o.a.j.t.JMeterThread: Thread started: 秒杀线程组：1000用户 1-550
2026-07-17 20:17:59,613 INFO o.a.j.t.JMeterThread: Thread is done: 秒杀线程组：1000用户 1-512
2026-07-17 20:17:59,613 INFO o.a.j.t.JMeterThread: Thread is done: 秒杀线程组：1000用户 1-491
2026-07-17 20:17:59,613 INFO o.a.j.t.JMeterThread: Thread finished: 秒杀线程组：1000用户 1-512
2026-07-17 20:17:59,613 INFO o.a.j.t.JMeterThread: Thread finished: 秒杀线程组：1000用户 1-491
2026-07-17 20:17:59,615 INFO o.a.j.t.JMeterThread: Thread started: 秒杀线程组：1000用户 1-554
2026-07-17 20:17:59,615 INFO o.a.j.t.JMeterThread: Thread is done: 秒杀线程组：1000用户 1-501
2026-07-17 20:17:59,615 INFO o.a.j.t.JMeterThread: Thread is done: 秒杀线程组：1000用户 1-500
2026-07-17 20:17:59,615 INFO o.a.j.t.JMeterThread: Thread finished: 秒杀线程组：1000用户 1-501
2026-07-17 20:17:59,615 INFO o.a.j.t.JMeterThread: Thread is done: 秒杀线程组：1000用户 1-528
2026-07-17 20:17:59,615 INFO o.a.j.t.JMeterThread: Thread finished: 秒杀线程组：1000用户 1-500
2026-07-17 20:17:59,615 INFO o.a.j.t.JMeterThread: Thread is done: 秒杀线程组：1000用户 1-492
2026-07-17 20:17:59,615 INFO o.a.j.t.JMeterThread: Thread finished: 秒杀线程组：1000用户 1-492
2026-07-17 20:17:59,615 INFO o.a.j.t.JMeterThread: Thread is done: 秒杀线程组：1000用户 1-493
2026-07-17 20:17:59,615 INFO o.a.j.t.JMeterThread: Thread finished: 秒杀线程组：1000用户 1-528
2026-07-17 20:17:59,615 INFO o.a.j.t.JMeterThread: Thread finished: 秒杀线程组：1000用户 1-493
2026-07-17 20:17:59,615 INFO o.a.j.t.JMeterThread: Thread is done: 秒杀线程组：1000用户 1-489
2026-07-17 20:17:59,615 INFO o.a.j.t.JMeterThread: Thread finished: 秒杀线程组：1000用户 1-489
2026-07-17 20:17:59,615 INFO o.a.j.t.JMeterThread: Thread is done: 秒杀线程组：1000用户 1-490
2026-07-17 20:17:59,615 INFO o.a.j.t.JMeterThread: Thread finished: 秒杀线程组：1000用户 1-490
2026-07-17 20:17:59,617 INFO o.a.j.t.JMeterThread: Thread started: 秒杀线程组：1000用户 1-546
2026-07-17 20:17:59,617 INFO o.a.j.t.JMeterThread: Thread started: 秒杀线程组：1000用户 1-552
2026-07-17 20:17:59,617 INFO o.a.j.t.JMeterThread: Thread is done: 秒杀线程组：1000用户 1-505
2026-07-17 20:17:59,617 INFO o.a.j.t.JMeterThread: Thread finished: 秒杀线程组：1000用户 1-505
2026-07-17 20:17:59,617 INFO o.a.j.t.JMeterThread: Thread is done: 秒杀线程组：1000用户 1-488
2026-07-17 20:17:59,618 INFO o.a.j.t.JMeterThread: Thread finished: 秒杀线程组：1000用户 1-488
2026-07-17 20:17:59,618 INFO o.a.j.t.JMeterThread: Thread is done: 秒杀线程组：1000用户 1-504
2026-07-17 20:17:59,618 INFO o.a.j.t.JMeterThread: Thread finished: 秒杀线程组：1000用户 1-504
2026-07-17 20:17:59,618 INFO o.a.j.t.JMeterThread: Thread is done: 秒杀线程组：1000用户 1-480
2026-07-17 20:17:59,618 INFO o.a.j.t.JMeterThread: Thread finished: 秒杀线程组：1000用户 1-480
2026-07-17 20:17:59,618 INFO o.a.j.t.JMeterThread: Thread is done: 秒杀线程组：1000用户 1-484
2026-07-17 20:17:59,618 INFO o.a.j.t.JMeterThread: Thread is done: 秒杀线程组：1000用户 1-486
2026-07-17 20:17:59,618 INFO o.a.j.t.JMeterThread: Thread finished: 秒杀线程组：1000用户 1-484
2026-07-17 20:17:59,618 INFO o.a.j.t.JMeterThread: Thread finished: 秒杀线程组：1000用户 1-486
2026-07-17 20:17:59,618 INFO o.a.j.t.JMeterThread: Thread is done: 秒杀线程组：1000用户 1-487
2026-07-17 20:17:59,618 INFO o.a.j.t.JMeterThread: Thread is done: 秒杀线程组：1000用户 1-482
2026-07-17 20:17:59,618 INFO o.a.j.t.JMeterThread: Thread finished: 秒杀线程组：1000用户 1-487
2026-07-17 20:17:59,618 INFO o.a.j.t.JMeterThread: Thread finished: 秒杀线程组：1000用户 1-482
2026-07-17 20:17:59,620 INFO o.a.j.t.JMeterThread: Thread is done: 秒杀线程组：1000用户 1-483
2026-07-17 20:17:59,620 INFO o.a.j.t.JMeterThread: Thread finished: 秒杀线程组：1000用户 1-483
2026-07-17 20:17:59,620 INFO o.a.j.t.JMeterThread: Thread is done: 秒杀线程组：1000用户 1-481
2026-07-17 20:17:59,620 INFO o.a.j.t.JMeterThread: Thread finished: 秒杀线程组：1000用户 1-481
2026-07-17 20:17:59,621 INFO o.a.j.t.JMeterThread: Thread is done: 秒杀线程组：1000用户 1-467
2026-07-17 20:17:59,621 INFO o.a.j.t.JMeterThread: Thread finished: 秒杀线程组：1000用户 1-467
2026-07-17 20:17:59,621 INFO o.a.j.t.JMeterThread: Thread started: 秒杀线程组：1000用户 1-562
2026-07-17 20:17:59,621 INFO o.a.j.t.JMeterThread: Thread started: 秒杀线程组：1000用户 1-556
2026-07-17 20:17:59,621 INFO o.a.j.t.JMeterThread: Thread started: 秒杀线程组：1000用户 1-559
2026-07-17 20:17:59,621 INFO o.a.j.t.JMeterThread: Thread started: 秒杀线程组：1000用户 1-553
2026-07-17 20:17:59,621 INFO o.a.j.t.JMeterThread: Thread is done: 秒杀线程组：1000用户 1-479
2026-07-17 20:17:59,621 INFO o.a.j.t.JMeterThread: Thread finished: 秒杀线程组：1000用户 1-479
2026-07-17 20:17:59,623 INFO o.a.j.t.JMeterThread: Thread is done: 秒杀线程组：1000用户 1-464
2026-07-17 20:17:59,623 INFO o.a.j.t.JMeterThread: Thread is done: 秒杀线程组：1000用户 1-473
2026-07-17 20:17:59,623 INFO o.a.j.t.JMeterThread: Thread finished: 秒杀线程组：1000用户 1-464
2026-07-17 20:17:59,623 INFO o.a.j.t.JMeterThread: Thread is done: 秒杀线程组：1000用户 1-478
2026-07-17 20:17:59,623 INFO o.a.j.t.JMeterThread: Thread finished: 秒杀线程组：1000用户 1-473
2026-07-17 20:17:59,623 INFO o.a.j.t.JMeterThread: Thread finished: 秒杀线程组：1000用户 1-478
2026-07-17 20:17:59,623 INFO o.a.j.t.JMeterThread: Thread is done: 秒杀线程组：1000用户 1-475
2026-07-17 20:17:59,623 INFO o.a.j.t.JMeterThread: Thread started: 秒杀线程组：1000用户 1-560
2026-07-17 20:17:59,623 INFO o.a.j.t.JMeterThread: Thread started: 秒杀线程组：1000用户 1-561
2026-07-17 20:17:59,623 INFO o.a.j.t.JMeterThread: Thread finished: 秒杀线程组：1000用户 1-475
2026-07-17 20:17:59,624 INFO o.a.j.t.JMeterThread: Thread is done: 秒杀线程组：1000用户 1-89
2026-07-17 20:17:59,624 INFO o.a.j.t.JMeterThread: Thread started: 秒杀线程组：1000用户 1-555
2026-07-17 20:17:59,624 INFO o.a.j.t.JMeterThread: Thread finished: 秒杀线程组：1000用户 1-89
2026-07-17 20:17:59,624 INFO o.a.j.t.JMeterThread: Thread started: 秒杀线程组：1000用户 1-563
2026-07-17 20:17:59,624 INFO o.a.j.t.JMeterThread: Thread is done: 秒杀线程组：1000用户 1-477
2026-07-17 20:17:59,624 INFO o.a.j.t.JMeterThread: Thread finished: 秒杀线程组：1000用户 1-477
2026-07-17 20:17:59,625 INFO o.a.j.t.JMeterThread: Thread started: 秒杀线程组：1000用户 1-557
2026-07-17 20:17:59,625 INFO o.a.j.t.JMeterThread: Thread is done: 秒杀线程组：1000用户 1-276
2026-07-17 20:17:59,625 INFO o.a.j.t.JMeterThread: Thread started: 秒杀线程组：1000用户 1-564
2026-07-17 20:17:59,625 INFO o.a.j.t.JMeterThread: Thread is done: 秒杀线程组：1000用户 1-474
2026-07-17 20:17:59,625 INFO o.a.j.t.JMeterThread: Thread is done: 秒杀线程组：1000用户 1-465
2026-07-17 20:17:59,625 INFO o.a.j.t.JMeterThread: Thread finished: 秒杀线程组：1000用户 1-276
2026-07-17 20:17:59,625 INFO o.a.j.t.JMeterThread: Thread is done: 秒杀线程组：1000用户 1-468
2026-07-17 20:17:59,625 INFO o.a.j.t.JMeterThread: Thread finished: 秒杀线程组：1000用户 1-474
2026-07-17 20:17:59,625 INFO o.a.j.t.JMeterThread: Thread is done: 秒杀线程组：1000用户 1-215
2026-07-17 20:17:59,625 INFO o.a.j.t.JMeterThread: Thread finished: 秒杀线程组：1000用户 1-468
2026-07-17 20:17:59,625 INFO o.a.j.t.JMeterThread: Thread finished: 秒杀线程组：1000用户 1-465
2026-07-17 20:17:59,625 INFO o.a.j.t.JMeterThread: Thread finished: 秒杀线程组：1000用户 1-215
2026-07-17 20:17:59,625 INFO o.a.j.t.JMeterThread: Thread is done: 秒杀线程组：1000用户 1-476
2026-07-17 20:17:59,625 INFO o.a.j.t.JMeterThread: Thread finished: 秒杀线程组：1000用户 1-476
2026-07-17 20:17:59,625 INFO o.a.j.t.JMeterThread: Thread is done: 秒杀线程组：1000用户 1-462
2026-07-17 20:17:59,625 INFO o.a.j.t.JMeterThread: Thread finished: 秒杀线程组：1000用户 1-462
2026-07-17 20:17:59,625 INFO o.a.j.t.JMeterThread: Thread is done: 秒杀线程组：1000用户 1-470
2026-07-17 20:17:59,625 INFO o.a.j.t.JMeterThread: Thread finished: 秒杀线程组：1000用户 1-470
2026-07-17 20:17:59,627 INFO o.a.j.t.JMeterThread: Thread started: 秒杀线程组：1000用户 1-558
2026-07-17 20:17:59,627 INFO o.a.j.t.JMeterThread: Thread is done: 秒杀线程组：1000用户 1-460
2026-07-17 20:17:59,627 INFO o.a.j.t.JMeterThread: Thread finished: 秒杀线程组：1000用户 1-460
2026-07-17 20:17:59,627 INFO o.a.j.t.JMeterThread: Thread is done: 秒杀线程组：1000用户 1-472
2026-07-17 20:17:59,627 INFO o.a.j.t.JMeterThread: Thread finished: 秒杀线程组：1000用户 1-472
2026-07-17 20:17:59,627 INFO o.a.j.t.JMeterThread: Thread started: 秒杀线程组：1000用户 1-568
2026-07-17 20:17:59,628 INFO o.a.j.t.JMeterThread: Thread is done: 秒杀线程组：1000用户 1-456
2026-07-17 20:17:59,628 INFO o.a.j.t.JMeterThread: Thread finished: 秒杀线程组：1000用户 1-456
2026-07-17 20:17:59,628 INFO o.a.j.t.JMeterThread: Thread started: 秒杀线程组：1000用户 1-565
2026-07-17 20:17:59,628 INFO o.a.j.t.JMeterThread: Thread is done: 秒杀线程组：1000用户 1-461
2026-07-17 20:17:59,628 INFO o.a.j.t.JMeterThread: Thread finished: 秒杀线程组：1000用户 1-461
2026-07-17 20:17:59,628 INFO o.a.j.t.JMeterThread: Thread is done: 秒杀线程组：1000用户 1-471
2026-07-17 20:17:59,628 INFO o.a.j.t.JMeterThread: Thread finished: 秒杀线程组：1000用户 1-471
2026-07-17 20:17:59,629 INFO o.a.j.t.JMeterThread: Thread is done: 秒杀线程组：1000用户 1-466
2026-07-17 20:17:59,629 INFO o.a.j.t.JMeterThread: Thread is done: 秒杀线程组：1000用户 1-463
2026-07-17 20:17:59,629 INFO o.a.j.t.JMeterThread: Thread finished: 秒杀线程组：1000用户 1-466
2026-07-17 20:17:59,629 INFO o.a.j.t.JMeterThread: Thread finished: 秒杀线程组：1000用户 1-463
2026-07-17 20:17:59,630 INFO o.a.j.t.JMeterThread: Thread is done: 秒杀线程组：1000用户 1-453
2026-07-17 20:17:59,630 INFO o.a.j.t.JMeterThread: Thread finished: 秒杀线程组：1000用户 1-453
2026-07-17 20:17:59,630 INFO o.a.j.t.JMeterThread: Thread is done: 秒杀线程组：1000用户 1-457
2026-07-17 20:17:59,630 INFO o.a.j.t.JMeterThread: Thread finished: 秒杀线程组：1000用户 1-457
2026-07-17 20:17:59,630 INFO o.a.j.t.JMeterThread: Thread is done: 秒杀线程组：1000用户 1-454
2026-07-17 20:17:59,630 INFO o.a.j.t.JMeterThread: Thread finished: 秒杀线程组：1000用户 1-454
2026-07-17 20:17:59,630 INFO o.a.j.t.JMeterThread: Thread is done: 秒杀线程组：1000用户 1-448
2026-07-17 20:17:59,630 INFO o.a.j.t.JMeterThread: Thread finished: 秒杀线程组：1000用户 1-448
2026-07-17 20:17:59,630 INFO o.a.j.t.JMeterThread: Thread is done: 秒杀线程组：1000用户 1-459
2026-07-17 20:17:59,632 INFO o.a.j.t.JMeterThread: Thread is done: 秒杀线程组：1000用户 1-452
2026-07-17 20:17:59,632 INFO o.a.j.t.JMeterThread: Thread finished: 秒杀线程组：1000用户 1-459
2026-07-17 20:17:59,632 INFO o.a.j.t.JMeterThread: Thread started: 秒杀线程组：1000用户 1-567
2026-07-17 20:17:59,632 INFO o.a.j.t.JMeterThread: Thread finished: 秒杀线程组：1000用户 1-452
2026-07-17 20:17:59,632 INFO o.a.j.t.JMeterThread: Thread is done: 秒杀线程组：1000用户 1-469
2026-07-17 20:17:59,632 INFO o.a.j.t.JMeterThread: Thread finished: 秒杀线程组：1000用户 1-469
2026-07-17 20:17:59,633 INFO o.a.j.t.JMeterThread: Thread started: 秒杀线程组：1000用户 1-570
2026-07-17 20:17:59,633 INFO o.a.j.t.JMeterThread: Thread started: 秒杀线程组：1000用户 1-573
2026-07-17 20:17:59,633 INFO o.a.j.t.JMeterThread: Thread is done: 秒杀线程组：1000用户 1-450
2026-07-17 20:17:59,633 INFO o.a.j.t.JMeterThread: Thread is done: 秒杀线程组：1000用户 1-428
2026-07-17 20:17:59,633 INFO o.a.j.t.JMeterThread: Thread finished: 秒杀线程组：1000用户 1-450
2026-07-17 20:17:59,633 INFO o.a.j.t.JMeterThread: Thread started: 秒杀线程组：1000用户 1-566
2026-07-17 20:17:59,633 INFO o.a.j.t.JMeterThread: Thread finished: 秒杀线程组：1000用户 1-428
2026-07-17 20:17:59,633 INFO o.a.j.t.JMeterThread: Thread is done: 秒杀线程组：1000用户 1-445
2026-07-17 20:17:59,633 INFO o.a.j.t.JMeterThread: Thread finished: 秒杀线程组：1000用户 1-445
2026-07-17 20:17:59,634 INFO o.a.j.t.JMeterThread: Thread started: 秒杀线程组：1000用户 1-569
2026-07-17 20:17:59,634 INFO o.a.j.t.JMeterThread: Thread is done: 秒杀线程组：1000用户 1-564
2026-07-17 20:17:59,634 INFO o.a.j.t.JMeterThread: Thread finished: 秒杀线程组：1000用户 1-564
2026-07-17 20:17:59,634 INFO o.a.j.t.JMeterThread: Thread is done: 秒杀线程组：1000用户 1-441
2026-07-17 20:17:59,635 INFO o.a.j.t.JMeterThread: Thread finished: 秒杀线程组：1000用户 1-441
2026-07-17 20:17:59,635 INFO o.a.j.t.JMeterThread: Thread is done: 秒杀线程组：1000用户 1-440
2026-07-17 20:17:59,635 INFO o.a.j.t.JMeterThread: Thread is done: 秒杀线程组：1000用户 1-558
2026-07-17 20:17:59,635 INFO o.a.j.t.JMeterThread: Thread finished: 秒杀线程组：1000用户 1-440
2026-07-17 20:17:59,635 INFO o.a.j.t.JMeterThread: Thread finished: 秒杀线程组：1000用户 1-558
2026-07-17 20:17:59,635 INFO o.a.j.t.JMeterThread: Thread is done: 秒杀线程组：1000用户 1-444
2026-07-17 20:17:59,635 INFO o.a.j.t.JMeterThread: Thread is done: 秒杀线程组：1000用户 1-427
2026-07-17 20:17:59,635 INFO o.a.j.t.JMeterThread: Thread finished: 秒杀线程组：1000用户 1-444
2026-07-17 20:17:59,635 INFO o.a.j.t.JMeterThread: Thread finished: 秒杀线程组：1000用户 1-427
2026-07-17 20:17:59,636 INFO o.a.j.t.JMeterThread: Thread started: 秒杀线程组：1000用户 1-571
2026-07-17 20:17:59,636 INFO o.a.j.t.JMeterThread: Thread is done: 秒杀线程组：1000用户 1-451
2026-07-17 20:17:59,636 INFO o.a.j.t.JMeterThread: Thread finished: 秒杀线程组：1000用户 1-451
2026-07-17 20:17:59,636 INFO o.a.j.t.JMeterThread: Thread is done: 秒杀线程组：1000用户 1-447
2026-07-17 20:17:59,636 INFO o.a.j.t.JMeterThread: Thread finished: 秒杀线程组：1000用户 1-447
2026-07-17 20:17:59,636 INFO o.a.j.t.JMeterThread: Thread is done: 秒杀线程组：1000用户 1-443
2026-07-17 20:17:59,636 INFO o.a.j.t.JMeterThread: Thread finished: 秒杀线程组：1000用户 1-443
2026-07-17 20:17:59,636 INFO o.a.j.t.JMeterThread: Thread is done: 秒杀线程组：1000用户 1-432
2026-07-17 20:17:59,636 INFO o.a.j.t.JMeterThread: Thread is done: 秒杀线程组：1000用户 1-446
2026-07-17 20:17:59,636 INFO o.a.j.t.JMeterThread: Thread is done: 秒杀线程组：1000用户 1-179
2026-07-17 20:17:59,636 INFO o.a.j.t.JMeterThread: Thread finished: 秒杀线程组：1000用户 1-179
2026-07-17 20:17:59,636 INFO o.a.j.t.JMeterThread: Thread finished: 秒杀线程组：1000用户 1-432
2026-07-17 20:17:59,636 INFO o.a.j.t.JMeterThread: Thread finished: 秒杀线程组：1000用户 1-446
2026-07-17 20:17:59,637 INFO o.a.j.t.JMeterThread: Thread is done: 秒杀线程组：1000用户 1-56
2026-07-17 20:17:59,637 INFO o.a.j.t.JMeterThread: Thread finished: 秒杀线程组：1000用户 1-56
2026-07-17 20:17:59,637 INFO o.a.j.t.JMeterThread: Thread started: 秒杀线程组：1000用户 1-572
2026-07-17 20:17:59,637 INFO o.a.j.t.JMeterThread: Thread started: 秒杀线程组：1000用户 1-579
2026-07-17 20:17:59,637 INFO o.a.j.t.JMeterThread: Thread started: 秒杀线程组：1000用户 1-574
2026-07-17 20:17:59,637 INFO o.a.j.t.JMeterThread: Thread started: 秒杀线程组：1000用户 1-575
2026-07-17 20:17:59,637 INFO o.a.j.t.JMeterThread: Thread is done: 秒杀线程组：1000用户 1-434
2026-07-17 20:17:59,638 INFO o.a.j.t.JMeterThread: Thread finished: 秒杀线程组：1000用户 1-434
2026-07-17 20:17:59,637 INFO o.a.j.t.JMeterThread: Thread started: 秒杀线程组：1000用户 1-578
2026-07-17 20:17:59,638 INFO o.a.j.t.JMeterThread: Thread is done: 秒杀线程组：1000用户 1-436
2026-07-17 20:17:59,638 INFO o.a.j.t.JMeterThread: Thread finished: 秒杀线程组：1000用户 1-436
2026-07-17 20:17:59,638 INFO o.a.j.t.JMeterThread: Thread started: 秒杀线程组：1000用户 1-576
2026-07-17 20:17:59,638 INFO o.a.j.t.JMeterThread: Thread is done: 秒杀线程组：1000用户 1-565
2026-07-17 20:17:59,638 INFO o.a.j.t.JMeterThread: Thread is done: 秒杀线程组：1000用户 1-568
2026-07-17 20:17:59,638 INFO o.a.j.t.JMeterThread: Thread finished: 秒杀线程组：1000用户 1-568
2026-07-17 20:17:59,638 INFO o.a.j.t.JMeterThread: Thread finished: 秒杀线程组：1000用户 1-565
2026-07-17 20:17:59,640 INFO o.a.j.t.JMeterThread: Thread is done: 秒杀线程组：1000用户 1-570
2026-07-17 20:17:59,640 INFO o.a.j.t.JMeterThread: Thread finished: 秒杀线程组：1000用户 1-570
2026-07-17 20:17:59,640 INFO o.a.j.t.JMeterThread: Thread started: 秒杀线程组：1000用户 1-581
2026-07-17 20:17:59,640 INFO o.a.j.t.JMeterThread: Thread is done: 秒杀线程组：1000用户 1-245
2026-07-17 20:17:59,640 INFO o.a.j.t.JMeterThread: Thread finished: 秒杀线程组：1000用户 1-245
2026-07-17 20:17:59,640 INFO o.a.j.t.JMeterThread: Thread is done: 秒杀线程组：1000用户 1-557
2026-07-17 20:17:59,640 INFO o.a.j.t.JMeterThread: Thread finished: 秒杀线程组：1000用户 1-557
2026-07-17 20:17:59,640 INFO o.a.j.t.JMeterThread: Thread is done: 秒杀线程组：1000用户 1-22
2026-07-17 20:17:59,640 INFO o.a.j.t.JMeterThread: Thread is done: 秒杀线程组：1000用户 1-275
2026-07-17 20:17:59,640 INFO o.a.j.t.JMeterThread: Thread finished: 秒杀线程组：1000用户 1-22
2026-07-17 20:17:59,640 INFO o.a.j.t.JMeterThread: Thread finished: 秒杀线程组：1000用户 1-275
2026-07-17 20:17:59,640 INFO o.a.j.t.JMeterThread: Thread is done: 秒杀线程组：1000用户 1-23
2026-07-17 20:17:59,640 INFO o.a.j.t.JMeterThread: Thread finished: 秒杀线程组：1000用户 1-23
2026-07-17 20:17:59,640 INFO o.a.j.t.JMeterThread: Thread is done: 秒杀线程组：1000用户 1-153
2026-07-17 20:17:59,640 INFO o.a.j.t.JMeterThread: Thread finished: 秒杀线程组：1000用户 1-153
2026-07-17 20:17:59,640 INFO o.a.j.t.JMeterThread: Thread is done: 秒杀线程组：1000用户 1-563
2026-07-17 20:17:59,640 INFO o.a.j.t.JMeterThread: Thread finished: 秒杀线程组：1000用户 1-563
2026-07-17 20:17:59,640 INFO o.a.j.t.JMeterThread: Thread is done: 秒杀线程组：1000用户 1-26
2026-07-17 20:17:59,640 INFO o.a.j.t.JMeterThread: Thread finished: 秒杀线程组：1000用户 1-26
2026-07-17 20:17:59,642 INFO o.a.j.t.JMeterThread: Thread is done: 秒杀线程组：1000用户 1-212
2026-07-17 20:17:59,642 INFO o.a.j.t.JMeterThread: Thread finished: 秒杀线程组：1000用户 1-212
2026-07-17 20:17:59,642 INFO o.a.j.t.JMeterThread: Thread is done: 秒杀线程组：1000用户 1-279
2026-07-17 20:17:59,642 INFO o.a.j.t.JMeterThread: Thread finished: 秒杀线程组：1000用户 1-279
2026-07-17 20:17:59,642 INFO o.a.j.t.JMeterThread: Thread is done: 秒杀线程组：1000用户 1-294
2026-07-17 20:17:59,642 INFO o.a.j.t.JMeterThread: Thread is done: 秒杀线程组：1000用户 1-103
2026-07-17 20:17:59,642 INFO o.a.j.t.JMeterThread: Thread finished: 秒杀线程组：1000用户 1-103
2026-07-17 20:17:59,642 INFO o.a.j.t.JMeterThread: Thread is done: 秒杀线程组：1000用户 1-555
2026-07-17 20:17:59,642 INFO o.a.j.t.JMeterThread: Thread is done: 秒杀线程组：1000用户 1-65
2026-07-17 20:17:59,643 INFO o.a.j.t.JMeterThread: Thread finished: 秒杀线程组：1000用户 1-555
2026-07-17 20:17:59,642 INFO o.a.j.t.JMeterThread: Thread started: 秒杀线程组：1000用户 1-582
2026-07-17 20:17:59,642 INFO o.a.j.t.JMeterThread: Thread is done: 秒杀线程组：1000用户 1-556
2026-07-17 20:17:59,642 INFO o.a.j.t.JMeterThread: Thread finished: 秒杀线程组：1000用户 1-294
2026-07-17 20:17:59,643 INFO o.a.j.t.JMeterThread: Thread started: 秒杀线程组：1000用户 1-584
2026-07-17 20:17:59,643 INFO o.a.j.t.JMeterThread: Thread is done: 秒杀线程组：1000用户 1-561
2026-07-17 20:17:59,643 INFO o.a.j.t.JMeterThread: Thread finished: 秒杀线程组：1000用户 1-561
2026-07-17 20:17:59,643 INFO o.a.j.t.JMeterThread: Thread finished: 秒杀线程组：1000用户 1-556
2026-07-17 20:17:59,643 INFO o.a.j.t.JMeterThread: Thread finished: 秒杀线程组：1000用户 1-65
2026-07-17 20:17:59,643 INFO o.a.j.t.JMeterThread: Thread is done: 秒杀线程组：1000用户 1-17
2026-07-17 20:17:59,643 INFO o.a.j.t.JMeterThread: Thread is done: 秒杀线程组：1000用户 1-5
2026-07-17 20:17:59,643 INFO o.a.j.t.JMeterThread: Thread finished: 秒杀线程组：1000用户 1-17
2026-07-17 20:17:59,643 INFO o.a.j.t.JMeterThread: Thread is done: 秒杀线程组：1000用户 1-234
2026-07-17 20:17:59,643 INFO o.a.j.t.JMeterThread: Thread finished: 秒杀线程组：1000用户 1-5
2026-07-17 20:17:59,644 INFO o.a.j.t.JMeterThread: Thread is done: 秒杀线程组：1000用户 1-256
2026-07-17 20:17:59,643 INFO o.a.j.t.JMeterThread: Thread finished: 秒杀线程组：1000用户 1-234
2026-07-17 20:17:59,644 INFO o.a.j.t.JMeterThread: Thread finished: 秒杀线程组：1000用户 1-256
2026-07-17 20:17:59,644 INFO o.a.j.t.JMeterThread: Thread started: 秒杀线程组：1000用户 1-577
2026-07-17 20:17:59,644 INFO o.a.j.t.JMeterThread: Thread is done: 秒杀线程组：1000用户 1-124
2026-07-17 20:17:59,644 INFO o.a.j.t.JMeterThread: Thread started: 秒杀线程组：1000用户 1-580
2026-07-17 20:17:59,644 INFO o.a.j.t.JMeterThread: Thread finished: 秒杀线程组：1000用户 1-124
2026-07-17 20:17:59,644 INFO o.a.j.t.JMeterThread: Thread is done: 秒杀线程组：1000用户 1-282
2026-07-17 20:17:59,644 INFO o.a.j.t.JMeterThread: Thread is done: 秒杀线程组：1000用户 1-560
2026-07-17 20:17:59,644 INFO o.a.j.t.JMeterThread: Thread is done: 秒杀线程组：1000用户 1-553
2026-07-17 20:17:59,644 INFO o.a.j.t.JMeterThread: Thread finished: 秒杀线程组：1000用户 1-282
2026-07-17 20:17:59,644 INFO o.a.j.t.JMeterThread: Thread finished: 秒杀线程组：1000用户 1-560
2026-07-17 20:17:59,644 INFO o.a.j.t.JMeterThread: Thread finished: 秒杀线程组：1000用户 1-553
2026-07-17 20:17:59,645 INFO o.a.j.t.JMeterThread: Thread is done: 秒杀线程组：1000用户 1-233
2026-07-17 20:17:59,645 INFO o.a.j.t.JMeterThread: Thread is done: 秒杀线程组：1000用户 1-207
2026-07-17 20:17:59,645 INFO o.a.j.t.JMeterThread: Thread started: 秒杀线程组：1000用户 1-583
2026-07-17 20:17:59,645 INFO o.a.j.t.JMeterThread: Thread is done: 秒杀线程组：1000用户 1-269
2026-07-17 20:17:59,645 INFO o.a.j.t.JMeterThread: Thread finished: 秒杀线程组：1000用户 1-233
2026-07-17 20:17:59,645 INFO o.a.j.t.JMeterThread: Thread finished: 秒杀线程组：1000用户 1-269
2026-07-17 20:17:59,645 INFO o.a.j.t.JMeterThread: Thread finished: 秒杀线程组：1000用户 1-207
2026-07-17 20:17:59,646 INFO o.a.j.t.JMeterThread: Thread started: 秒杀线程组：1000用户 1-585
2026-07-17 20:17:59,646 INFO o.a.j.t.JMeterThread: Thread is done: 秒杀线程组：1000用户 1-20
2026-07-17 20:17:59,646 INFO o.a.j.t.JMeterThread: Thread finished: 秒杀线程组：1000用户 1-20
2026-07-17 20:17:59,646 INFO o.a.j.t.JMeterThread: Thread started: 秒杀线程组：1000用户 1-593
2026-07-17 20:17:59,646 INFO o.a.j.t.JMeterThread: Thread is done: 秒杀线程组：1000用户 1-562
2026-07-17 20:17:59,646 INFO o.a.j.t.JMeterThread: Thread finished: 秒杀线程组：1000用户 1-562
2026-07-17 20:17:59,646 INFO o.a.j.t.JMeterThread: Thread is done: 秒杀线程组：1000用户 1-174
2026-07-17 20:17:59,646 INFO o.a.j.t.JMeterThread: Thread is done: 秒杀线程组：1000用户 1-217
2026-07-17 20:17:59,647 INFO o.a.j.t.JMeterThread: Thread is done: 秒杀线程组：1000用户 1-559
2026-07-17 20:17:59,646 INFO o.a.j.t.JMeterThread: Thread finished: 秒杀线程组：1000用户 1-174
2026-07-17 20:17:59,647 INFO o.a.j.t.JMeterThread: Thread finished: 秒杀线程组：1000用户 1-559
2026-07-17 20:17:59,647 INFO o.a.j.t.JMeterThread: Thread finished: 秒杀线程组：1000用户 1-217
2026-07-17 20:17:59,647 INFO o.a.j.t.JMeterThread: Thread is done: 秒杀线程组：1000用户 1-544
2026-07-17 20:17:59,647 INFO o.a.j.t.JMeterThread: Thread is done: 秒杀线程组：1000用户 1-554
2026-07-17 20:17:59,647 INFO o.a.j.t.JMeterThread: Thread finished: 秒杀线程组：1000用户 1-554
2026-07-17 20:17:59,647 INFO o.a.j.t.JMeterThread: Thread is done: 秒杀线程组：1000用户 1-571
2026-07-17 20:17:59,647 INFO o.a.j.t.JMeterThread: Thread is done: 秒杀线程组：1000用户 1-552
2026-07-17 20:17:59,647 INFO o.a.j.t.JMeterThread: Thread finished: 秒杀线程组：1000用户 1-544
2026-07-17 20:17:59,648 INFO o.a.j.t.JMeterThread: Thread finished: 秒杀线程组：1000用户 1-571
2026-07-17 20:17:59,648 INFO o.a.j.t.JMeterThread: Thread is done: 秒杀线程组：1000用户 1-229
2026-07-17 20:17:59,648 INFO o.a.j.t.JMeterThread: Thread started: 秒杀线程组：1000用户 1-587
2026-07-17 20:17:59,648 INFO o.a.j.t.JMeterThread: Thread finished: 秒杀线程组：1000用户 1-552
2026-07-17 20:17:59,648 INFO o.a.j.t.JMeterThread: Thread is done: 秒杀线程组：1000用户 1-265
2026-07-17 20:17:59,648 INFO o.a.j.t.JMeterThread: Thread is done: 秒杀线程组：1000用户 1-546
2026-07-17 20:17:59,648 INFO o.a.j.t.JMeterThread: Thread finished: 秒杀线程组：1000用户 1-229
2026-07-17 20:17:59,648 INFO o.a.j.t.JMeterThread: Thread finished: 秒杀线程组：1000用户 1-546
2026-07-17 20:17:59,648 INFO o.a.j.t.JMeterThread: Thread finished: 秒杀线程组：1000用户 1-265
2026-07-17 20:17:59,649 INFO o.a.j.t.JMeterThread: Thread started: 秒杀线程组：1000用户 1-586
2026-07-17 20:17:59,649 INFO o.a.j.t.JMeterThread: Thread started: 秒杀线程组：1000用户 1-591
2026-07-17 20:17:59,650 INFO o.a.j.t.JMeterThread: Thread is done: 秒杀线程组：1000用户 1-550
2026-07-17 20:17:59,650 INFO o.a.j.t.JMeterThread: Thread is done: 秒杀线程组：1000用户 1-541
2026-07-17 20:17:59,650 INFO o.a.j.t.JMeterThread: Thread finished: 秒杀线程组：1000用户 1-550
2026-07-17 20:17:59,650 INFO o.a.j.t.JMeterThread: Thread finished: 秒杀线程组：1000用户 1-541
2026-07-17 20:17:59,650 INFO o.a.j.t.JMeterThread: Thread is done: 秒杀线程组：1000用户 1-354
2026-07-17 20:17:59,650 INFO o.a.j.t.JMeterThread: Thread finished: 秒杀线程组：1000用户 1-354
2026-07-17 20:17:59,651 INFO o.a.j.t.JMeterThread: Thread is done: 秒杀线程组：1000用户 1-547
2026-07-17 20:17:59,651 INFO o.a.j.t.JMeterThread: Thread is done: 秒杀线程组：1000用户 1-339
2026-07-17 20:17:59,651 INFO o.a.j.t.JMeterThread: Thread started: 秒杀线程组：1000用户 1-588
2026-07-17 20:17:59,651 INFO o.a.j.t.JMeterThread: Thread finished: 秒杀线程组：1000用户 1-339
2026-07-17 20:17:59,651 INFO o.a.j.t.JMeterThread: Thread started: 秒杀线程组：1000用户 1-590
2026-07-17 20:17:59,651 INFO o.a.j.t.JMeterThread: Thread finished: 秒杀线程组：1000用户 1-547
2026-07-17 20:17:59,651 INFO o.a.j.t.JMeterThread: Thread started: 秒杀线程组：1000用户 1-594
2026-07-17 20:17:59,651 INFO o.a.j.t.JMeterThread: Thread is done: 秒杀线程组：1000用户 1-551
2026-07-17 20:17:59,651 INFO o.a.j.t.JMeterThread: Thread finished: 秒杀线程组：1000用户 1-551
2026-07-17 20:17:59,652 INFO o.a.j.t.JMeterThread: Thread is done: 秒杀线程组：1000用户 1-545
2026-07-17 20:17:59,652 INFO o.a.j.t.JMeterThread: Thread is done: 秒杀线程组：1000用户 1-539
2026-07-17 20:17:59,652 INFO o.a.j.t.JMeterThread: Thread finished: 秒杀线程组：1000用户 1-539
2026-07-17 20:17:59,652 INFO o.a.j.t.JMeterThread: Thread started: 秒杀线程组：1000用户 1-589
2026-07-17 20:17:59,652 INFO o.a.j.t.JMeterThread: Thread started: 秒杀线程组：1000用户 1-599
2026-07-17 20:17:59,652 INFO o.a.j.t.JMeterThread: Thread finished: 秒杀线程组：1000用户 1-545
2026-07-17 20:17:59,652 INFO o.a.j.t.JMeterThread: Thread is done: 秒杀线程组：1000用户 1-549
2026-07-17 20:17:59,652 INFO o.a.j.t.JMeterThread: Thread finished: 秒杀线程组：1000用户 1-549
2026-07-17 20:17:59,652 INFO o.a.j.t.JMeterThread: Thread is done: 秒杀线程组：1000用户 1-548
2026-07-17 20:17:59,653 INFO o.a.j.t.JMeterThread: Thread finished: 秒杀线程组：1000用户 1-548
2026-07-17 20:17:59,653 INFO o.a.j.t.JMeterThread: Thread is done: 秒杀线程组：1000用户 1-581
2026-07-17 20:17:59,653 INFO o.a.j.t.JMeterThread: Thread is done: 秒杀线程组：1000用户 1-368
2026-07-17 20:17:59,653 INFO o.a.j.t.JMeterThread: Thread finished: 秒杀线程组：1000用户 1-581
2026-07-17 20:17:59,653 INFO o.a.j.t.JMeterThread: Thread finished: 秒杀线程组：1000用户 1-368
2026-07-17 20:17:59,654 INFO o.a.j.t.JMeterThread: Thread started: 秒杀线程组：1000用户 1-595
2026-07-17 20:17:59,654 INFO o.a.j.t.JMeterThread: Thread started: 秒杀线程组：1000用户 1-592
2026-07-17 20:17:59,654 INFO o.a.j.t.JMeterThread: Thread is done: 秒杀线程组：1000用户 1-542
2026-07-17 20:17:59,654 INFO o.a.j.t.JMeterThread: Thread finished: 秒杀线程组：1000用户 1-542
2026-07-17 20:17:59,654 INFO o.a.j.t.JMeterThread: Thread is done: 秒杀线程组：1000用户 1-543
2026-07-17 20:17:59,654 INFO o.a.j.t.JMeterThread: Thread finished: 秒杀线程组：1000用户 1-543
2026-07-17 20:17:59,654 INFO o.a.j.t.JMeterThread: Thread is done: 秒杀线程组：1000用户 1-535
2026-07-17 20:17:59,654 INFO o.a.j.t.JMeterThread: Thread finished: 秒杀线程组：1000用户 1-535
2026-07-17 20:17:59,655 INFO o.a.j.t.JMeterThread: Thread is done: 秒杀线程组：1000用户 1-538
2026-07-17 20:17:59,655 INFO o.a.j.t.JMeterThread: Thread finished: 秒杀线程组：1000用户 1-538
2026-07-17 20:17:59,656 INFO o.a.j.t.JMeterThread: Thread is done: 秒杀线程组：1000用户 1-533
2026-07-17 20:17:59,656 INFO o.a.j.t.JMeterThread: Thread finished: 秒杀线程组：1000用户 1-533
2026-07-17 20:17:59,656 INFO o.a.j.t.JMeterThread: Thread is done: 秒杀线程组：1000用户 1-586
2026-07-17 20:17:59,657 INFO o.a.j.t.JMeterThread: Thread is done: 秒杀线程组：1000用户 1-540
2026-07-17 20:17:59,657 INFO o.a.j.t.JMeterThread: Thread finished: 秒杀线程组：1000用户 1-586
2026-07-17 20:17:59,657 INFO o.a.j.t.JMeterThread: Thread finished: 秒杀线程组：1000用户 1-540
2026-07-17 20:17:59,657 INFO o.a.j.t.JMeterThread: Thread started: 秒杀线程组：1000用户 1-596
2026-07-17 20:17:59,658 INFO o.a.j.t.JMeterThread: Thread started: 秒杀线程组：1000用户 1-602
2026-07-17 20:17:59,658 INFO o.a.j.t.JMeterThread: Thread is done: 秒杀线程组：1000用户 1-537
2026-07-17 20:17:59,658 INFO o.a.j.t.JMeterThread: Thread finished: 秒杀线程组：1000用户 1-537
2026-07-17 20:17:59,658 INFO o.a.j.t.JMeterThread: Thread is done: 秒杀线程组：1000用户 1-531
2026-07-17 20:17:59,658 INFO o.a.j.t.JMeterThread: Thread finished: 秒杀线程组：1000用户 1-531
2026-07-17 20:17:59,658 INFO o.a.j.t.JMeterThread: Thread is done: 秒杀线程组：1000用户 1-532
2026-07-17 20:17:59,658 INFO o.a.j.t.JMeterThread: Thread finished: 秒杀线程组：1000用户 1-532
2026-07-17 20:17:59,658 INFO o.a.j.t.JMeterThread: Thread started: 秒杀线程组：1000用户 1-597
2026-07-17 20:17:59,658 INFO o.a.j.t.JMeterThread: Thread is done: 秒杀线程组：1000用户 1-536
2026-07-17 20:17:59,658 INFO o.a.j.t.JMeterThread: Thread finished: 秒杀线程组：1000用户 1-536
2026-07-17 20:17:59,659 INFO o.a.j.t.JMeterThread: Thread started: 秒杀线程组：1000用户 1-603
2026-07-17 20:17:59,659 INFO o.a.j.t.JMeterThread: Thread started: 秒杀线程组：1000用户 1-600
2026-07-17 20:17:59,659 INFO o.a.j.t.JMeterThread: Thread is done: 秒杀线程组：1000用户 1-527
2026-07-17 20:17:59,659 INFO o.a.j.t.JMeterThread: Thread finished: 秒杀线程组：1000用户 1-527
2026-07-17 20:17:59,659 INFO o.a.j.t.JMeterThread: Thread is done: 秒杀线程组：1000用户 1-524
2026-07-17 20:17:59,660 INFO o.a.j.t.JMeterThread: Thread finished: 秒杀线程组：1000用户 1-524
2026-07-17 20:17:59,660 INFO o.a.j.t.JMeterThread: Thread is done: 秒杀线程组：1000用户 1-529
2026-07-17 20:17:59,660 INFO o.a.j.t.JMeterThread: Thread is done: 秒杀线程组：1000用户 1-525
2026-07-17 20:17:59,660 INFO o.a.j.t.JMeterThread: Thread finished: 秒杀线程组：1000用户 1-529
2026-07-17 20:17:59,660 INFO o.a.j.t.JMeterThread: Thread finished: 秒杀线程组：1000用户 1-525
2026-07-17 20:17:59,661 INFO o.a.j.t.JMeterThread: Thread started: 秒杀线程组：1000用户 1-605
2026-07-17 20:17:59,661 INFO o.a.j.t.JMeterThread: Thread is done: 秒杀线程组：1000用户 1-361
2026-07-17 20:17:59,662 INFO o.a.j.t.JMeterThread: Thread finished: 秒杀线程组：1000用户 1-361
2026-07-17 20:17:59,662 INFO o.a.j.t.JMeterThread: Thread is done: 秒杀线程组：1000用户 1-286
2026-07-17 20:17:59,662 INFO o.a.j.t.JMeterThread: Thread is done: 秒杀线程组：1000用户 1-78
2026-07-17 20:17:59,662 INFO o.a.j.t.JMeterThread: Thread is done: 秒杀线程组：1000用户 1-364
2026-07-17 20:17:59,662 INFO o.a.j.t.JMeterThread: Thread started: 秒杀线程组：1000用户 1-606
2026-07-17 20:17:59,662 INFO o.a.j.t.JMeterThread: Thread finished: 秒杀线程组：1000用户 1-364
2026-07-17 20:17:59,662 INFO o.a.j.t.JMeterThread: Thread finished: 秒杀线程组：1000用户 1-286
2026-07-17 20:17:59,662 INFO o.a.j.t.JMeterThread: Thread started: 秒杀线程组：1000用户 1-598
2026-07-17 20:17:59,662 INFO o.a.j.t.JMeterThread: Thread is done: 秒杀线程组：1000用户 1-351
2026-07-17 20:17:59,662 INFO o.a.j.t.JMeterThread: Thread finished: 秒杀线程组：1000用户 1-78
2026-07-17 20:17:59,662 INFO o.a.j.t.JMeterThread: Thread finished: 秒杀线程组：1000用户 1-351
2026-07-17 20:17:59,662 INFO o.a.j.t.JMeterThread: Thread is done: 秒杀线程组：1000用户 1-521
2026-07-17 20:17:59,662 INFO o.a.j.t.JMeterThread: Thread finished: 秒杀线程组：1000用户 1-521
2026-07-17 20:17:59,662 INFO o.a.j.t.JMeterThread: Thread is done: 秒杀线程组：1000用户 1-595
2026-07-17 20:17:59,662 INFO o.a.j.t.JMeterThread: Thread finished: 秒杀线程组：1000用户 1-595
2026-07-17 20:17:59,662 INFO o.a.j.t.JMeterThread: Thread is done: 秒杀线程组：1000用户 1-592
2026-07-17 20:17:59,662 INFO o.a.j.t.JMeterThread: Thread is done: 秒杀线程组：1000用户 1-526
2026-07-17 20:17:59,662 INFO o.a.j.t.JMeterThread: Thread finished: 秒杀线程组：1000用户 1-592
2026-07-17 20:17:59,662 INFO o.a.j.t.JMeterThread: Thread finished: 秒杀线程组：1000用户 1-526
2026-07-17 20:17:59,663 INFO o.a.j.t.JMeterThread: Thread is done: 秒杀线程组：1000用户 1-519
2026-07-17 20:17:59,663 INFO o.a.j.t.JMeterThread: Thread started: 秒杀线程组：1000用户 1-607
2026-07-17 20:17:59,663 INFO o.a.j.t.JMeterThread: Thread started: 秒杀线程组：1000用户 1-601
2026-07-17 20:17:59,663 INFO o.a.j.t.JMeterThread: Thread finished: 秒杀线程组：1000用户 1-519
2026-07-17 20:17:59,664 INFO o.a.j.t.JMeterThread: Thread started: 秒杀线程组：1000用户 1-604
2026-07-17 20:17:59,664 INFO o.a.j.t.JMeterThread: Thread started: 秒杀线程组：1000用户 1-609
2026-07-17 20:17:59,664 INFO o.a.j.t.JMeterThread: Thread is done: 秒杀线程组：1000用户 1-599
2026-07-17 20:17:59,664 INFO o.a.j.t.JMeterThread: Thread finished: 秒杀线程组：1000用户 1-599
2026-07-17 20:17:59,664 INFO o.a.j.t.JMeterThread: Thread is done: 秒杀线程组：1000用户 1-589
2026-07-17 20:17:59,664 INFO o.a.j.t.JMeterThread: Thread finished: 秒杀线程组：1000用户 1-589
2026-07-17 20:17:59,664 INFO o.a.j.t.JMeterThread: Thread is done: 秒杀线程组：1000用户 1-590
2026-07-17 20:17:59,664 INFO o.a.j.t.JMeterThread: Thread is done: 秒杀线程组：1000用户 1-588
2026-07-17 20:17:59,664 INFO o.a.j.t.JMeterThread: Thread finished: 秒杀线程组：1000用户 1-590
2026-07-17 20:17:59,665 INFO o.a.j.t.JMeterThread: Thread finished: 秒杀线程组：1000用户 1-588
2026-07-17 20:17:59,665 INFO o.a.j.t.JMeterThread: Thread is done: 秒杀线程组：1000用户 1-591
2026-07-17 20:17:59,665 INFO o.a.j.t.JMeterThread: Thread started: 秒杀线程组：1000用户 1-610
2026-07-17 20:17:59,665 INFO o.a.j.t.JMeterThread: Thread finished: 秒杀线程组：1000用户 1-591
2026-07-17 20:17:59,665 INFO o.a.j.t.JMeterThread: Thread is done: 秒杀线程组：1000用户 1-594
2026-07-17 20:17:59,665 INFO o.a.j.t.JMeterThread: Thread finished: 秒杀线程组：1000用户 1-594
2026-07-17 20:17:59,667 INFO o.a.j.t.JMeterThread: Thread is done: 秒杀线程组：1000用户 1-587
2026-07-17 20:17:59,667 INFO o.a.j.t.JMeterThread: Thread finished: 秒杀线程组：1000用户 1-587
2026-07-17 20:17:59,667 INFO o.a.j.t.JMeterThread: Thread is done: 秒杀线程组：1000用户 1-593
2026-07-17 20:17:59,667 INFO o.a.j.t.JMeterThread: Thread finished: 秒杀线程组：1000用户 1-593
2026-07-17 20:17:59,667 INFO o.a.j.t.JMeterThread: Thread started: 秒杀线程组：1000用户 1-613
2026-07-17 20:17:59,668 INFO o.a.j.t.JMeterThread: Thread started: 秒杀线程组：1000用户 1-608
2026-07-17 20:17:59,669 INFO o.a.j.t.JMeterThread: Thread is done: 秒杀线程组：1000用户 1-585
2026-07-17 20:17:59,669 INFO o.a.j.t.JMeterThread: Thread started: 秒杀线程组：1000用户 1-614
2026-07-17 20:17:59,669 INFO o.a.j.t.JMeterThread: Thread finished: 秒杀线程组：1000用户 1-585
2026-07-17 20:17:59,669 INFO o.a.j.t.JMeterThread: Thread is done: 秒杀线程组：1000用户 1-577
2026-07-17 20:17:59,669 INFO o.a.j.t.JMeterThread: Thread is done: 秒杀线程组：1000用户 1-580
2026-07-17 20:17:59,669 INFO o.a.j.t.JMeterThread: Thread is done: 秒杀线程组：1000用户 1-582
2026-07-17 20:17:59,669 INFO o.a.j.t.JMeterThread: Thread finished: 秒杀线程组：1000用户 1-577
2026-07-17 20:17:59,669 INFO o.a.j.t.JMeterThread: Thread is done: 秒杀线程组：1000用户 1-583
2026-07-17 20:17:59,669 INFO o.a.j.t.JMeterThread: Thread finished: 秒杀线程组：1000用户 1-580
2026-07-17 20:17:59,669 INFO o.a.j.t.JMeterThread: Thread finished: 秒杀线程组：1000用户 1-582
2026-07-17 20:17:59,669 INFO o.a.j.t.JMeterThread: Thread finished: 秒杀线程组：1000用户 1-583
2026-07-17 20:17:59,669 INFO o.a.j.t.JMeterThread: Thread is done: 秒杀线程组：1000用户 1-579
2026-07-17 20:17:59,669 INFO o.a.j.t.JMeterThread: Thread finished: 秒杀线程组：1000用户 1-579
2026-07-17 20:17:59,669 INFO o.a.j.t.JMeterThread: Thread is done: 秒杀线程组：1000用户 1-584
2026-07-17 20:17:59,669 INFO o.a.j.t.JMeterThread: Thread finished: 秒杀线程组：1000用户 1-584
2026-07-17 20:17:59,670 INFO o.a.j.t.JMeterThread: Thread started: 秒杀线程组：1000用户 1-615
2026-07-17 20:17:59,670 INFO o.a.j.t.JMeterThread: Thread is done: 秒杀线程组：1000用户 1-572
2026-07-17 20:17:59,670 INFO o.a.j.t.JMeterThread: Thread finished: 秒杀线程组：1000用户 1-572
2026-07-17 20:17:59,670 INFO o.a.j.t.JMeterThread: Thread is done: 秒杀线程组：1000用户 1-575
2026-07-17 20:17:59,670 INFO o.a.j.t.JMeterThread: Thread finished: 秒杀线程组：1000用户 1-575
2026-07-17 20:17:59,670 INFO o.a.j.t.JMeterThread: Thread is done: 秒杀线程组：1000用户 1-576
2026-07-17 20:17:59,670 INFO o.a.j.t.JMeterThread: Thread finished: 秒杀线程组：1000用户 1-576
2026-07-17 20:17:59,670 INFO o.a.j.t.JMeterThread: Thread is done: 秒杀线程组：1000用户 1-578
2026-07-17 20:17:59,670 INFO o.a.j.t.JMeterThread: Thread finished: 秒杀线程组：1000用户 1-578
2026-07-17 20:17:59,670 INFO o.a.j.t.JMeterThread: Thread is done: 秒杀线程组：1000用户 1-574
2026-07-17 20:17:59,670 INFO o.a.j.t.JMeterThread: Thread finished: 秒杀线程组：1000用户 1-574
2026-07-17 20:17:59,672 INFO o.a.j.t.JMeterThread: Thread started: 秒杀线程组：1000用户 1-611
2026-07-17 20:17:59,672 INFO o.a.j.t.JMeterThread: Thread started: 秒杀线程组：1000用户 1-612
2026-07-17 20:17:59,672 INFO o.a.j.t.JMeterThread: Thread is done: 秒杀线程组：1000用户 1-569
2026-07-17 20:17:59,672 INFO o.a.j.t.JMeterThread: Thread finished: 秒杀线程组：1000用户 1-569
2026-07-17 20:17:59,672 INFO o.a.j.t.JMeterThread: Thread is done: 秒杀线程组：1000用户 1-573
2026-07-17 20:17:59,672 INFO o.a.j.t.JMeterThread: Thread finished: 秒杀线程组：1000用户 1-573
2026-07-17 20:17:59,672 INFO o.a.j.t.JMeterThread: Thread is done: 秒杀线程组：1000用户 1-566
2026-07-17 20:17:59,672 INFO o.a.j.t.JMeterThread: Thread finished: 秒杀线程组：1000用户 1-566
2026-07-17 20:17:59,673 INFO o.a.j.t.JMeterThread: Thread started: 秒杀线程组：1000用户 1-620
2026-07-17 20:17:59,673 INFO o.a.j.t.JMeterThread: Thread is done: 秒杀线程组：1000用户 1-567
2026-07-17 20:17:59,673 INFO o.a.j.t.JMeterThread: Thread finished: 秒杀线程组：1000用户 1-567
2026-07-17 20:17:59,673 INFO o.a.j.t.JMeterThread: Thread is done: 秒杀线程组：1000用户 1-604
2026-07-17 20:17:59,673 INFO o.a.j.t.JMeterThread: Thread finished: 秒杀线程组：1000用户 1-604
2026-07-17 20:17:59,673 INFO o.a.j.t.JMeterThread: Thread is done: 秒杀线程组：1000用户 1-610
2026-07-17 20:17:59,673 INFO o.a.j.t.JMeterThread: Thread finished: 秒杀线程组：1000用户 1-610
2026-07-17 20:17:59,673 INFO o.a.j.t.JMeterThread: Thread is done: 秒杀线程组：1000用户 1-609
2026-07-17 20:17:59,673 INFO o.a.j.t.JMeterThread: Thread finished: 秒杀线程组：1000用户 1-609
2026-07-17 20:17:59,675 INFO o.a.j.t.JMeterThread: Thread started: 秒杀线程组：1000用户 1-621
2026-07-17 20:17:59,675 INFO o.a.j.t.JMeterThread: Thread is done: 秒杀线程组：1000用户 1-601
2026-07-17 20:17:59,675 INFO o.a.j.t.JMeterThread: Thread finished: 秒杀线程组：1000用户 1-601
2026-07-17 20:17:59,675 INFO o.a.j.t.JMeterThread: Thread is done: 秒杀线程组：1000用户 1-598
2026-07-17 20:17:59,675 INFO o.a.j.t.JMeterThread: Thread finished: 秒杀线程组：1000用户 1-598
2026-07-17 20:17:59,676 INFO o.a.j.t.JMeterThread: Thread is done: 秒杀线程组：1000用户 1-605
2026-07-17 20:17:59,676 INFO o.a.j.t.JMeterThread: Thread started: 秒杀线程组：1000用户 1-626
2026-07-17 20:17:59,676 INFO o.a.j.t.JMeterThread: Thread finished: 秒杀线程组：1000用户 1-605
2026-07-17 20:17:59,676 INFO o.a.j.t.JMeterThread: Thread is done: 秒杀线程组：1000用户 1-606
2026-07-17 20:17:59,676 INFO o.a.j.t.JMeterThread: Thread finished: 秒杀线程组：1000用户 1-606
2026-07-17 20:17:59,676 INFO o.a.j.t.JMeterThread: Thread started: 秒杀线程组：1000用户 1-616
2026-07-17 20:17:59,676 INFO o.a.j.t.JMeterThread: Thread started: 秒杀线程组：1000用户 1-623
2026-07-17 20:17:59,676 INFO o.a.j.t.JMeterThread: Thread started: 秒杀线程组：1000用户 1-618
2026-07-17 20:17:59,676 INFO o.a.j.t.JMeterThread: Thread started: 秒杀线程组：1000用户 1-622
2026-07-17 20:17:59,676 INFO o.a.j.t.JMeterThread: Thread is done: 秒杀线程组：1000用户 1-607
2026-07-17 20:17:59,676 INFO o.a.j.t.JMeterThread: Thread finished: 秒杀线程组：1000用户 1-607
2026-07-17 20:17:59,676 INFO o.a.j.t.JMeterThread: Thread is done: 秒杀线程组：1000用户 1-600
2026-07-17 20:17:59,676 INFO o.a.j.t.JMeterThread: Thread finished: 秒杀线程组：1000用户 1-600
2026-07-17 20:17:59,676 INFO o.a.j.t.JMeterThread: Thread is done: 秒杀线程组：1000用户 1-597
2026-07-17 20:17:59,676 INFO o.a.j.t.JMeterThread: Thread finished: 秒杀线程组：1000用户 1-597
2026-07-17 20:17:59,678 INFO o.a.j.t.JMeterThread: Thread is done: 秒杀线程组：1000用户 1-603
2026-07-17 20:17:59,678 INFO o.a.j.t.JMeterThread: Thread finished: 秒杀线程组：1000用户 1-603
2026-07-17 20:17:59,678 INFO o.a.j.t.JMeterThread: Thread started: 秒杀线程组：1000用户 1-617
2026-07-17 20:17:59,678 INFO o.a.j.t.JMeterThread: Thread started: 秒杀线程组：1000用户 1-619
2026-07-17 20:17:59,678 INFO o.a.j.t.JMeterThread: Thread started: 秒杀线程组：1000用户 1-625
2026-07-17 20:17:59,678 INFO o.a.j.t.JMeterThread: Thread is done: 秒杀线程组：1000用户 1-602
2026-07-17 20:17:59,678 INFO o.a.j.t.JMeterThread: Thread finished: 秒杀线程组：1000用户 1-602
2026-07-17 20:17:59,680 INFO o.a.j.t.JMeterThread: Thread is done: 秒杀线程组：1000用户 1-596
2026-07-17 20:17:59,680 INFO o.a.j.t.JMeterThread: Thread finished: 秒杀线程组：1000用户 1-596
2026-07-17 20:17:59,680 INFO o.a.j.t.JMeterThread: Thread is done: 秒杀线程组：1000用户 1-611
2026-07-17 20:17:59,680 INFO o.a.j.t.JMeterThread: Thread finished: 秒杀线程组：1000用户 1-611
2026-07-17 20:17:59,680 INFO o.a.j.t.JMeterThread: Thread is done: 秒杀线程组：1000用户 1-615
2026-07-17 20:17:59,680 INFO o.a.j.t.JMeterThread: Thread finished: 秒杀线程组：1000用户 1-615
2026-07-17 20:17:59,680 INFO o.a.j.t.JMeterThread: Thread is done: 秒杀线程组：1000用户 1-612
2026-07-17 20:17:59,680 INFO o.a.j.t.JMeterThread: Thread finished: 秒杀线程组：1000用户 1-612
2026-07-17 20:17:59,680 INFO o.a.j.t.JMeterThread: Thread is done: 秒杀线程组：1000用户 1-614
2026-07-17 20:17:59,680 INFO o.a.j.t.JMeterThread: Thread finished: 秒杀线程组：1000用户 1-614
2026-07-17 20:17:59,680 INFO o.a.j.t.JMeterThread: Thread is done: 秒杀线程组：1000用户 1-613
2026-07-17 20:17:59,680 INFO o.a.j.t.JMeterThread: Thread finished: 秒杀线程组：1000用户 1-613
2026-07-17 20:17:59,680 INFO o.a.j.t.JMeterThread: Thread is done: 秒杀线程组：1000用户 1-608
2026-07-17 20:17:59,680 INFO o.a.j.t.JMeterThread: Thread finished: 秒杀线程组：1000用户 1-608
2026-07-17 20:17:59,682 INFO o.a.j.t.JMeterThread: Thread is done: 秒杀线程组：1000用户 1-620
2026-07-17 20:17:59,682 INFO o.a.j.t.JMeterThread: Thread started: 秒杀线程组：1000用户 1-633
2026-07-17 20:17:59,682 INFO o.a.j.t.JMeterThread: Thread finished: 秒杀线程组：1000用户 1-620
2026-07-17 20:17:59,682 INFO o.a.j.t.JMeterThread: Thread is done: 秒杀线程组：1000用户 1-621
2026-07-17 20:17:59,682 INFO o.a.j.t.JMeterThread: Thread finished: 秒杀线程组：1000用户 1-621
2026-07-17 20:17:59,683 INFO o.a.j.t.JMeterThread: Thread started: 秒杀线程组：1000用户 1-630
2026-07-17 20:17:59,683 INFO o.a.j.t.JMeterThread: Thread started: 秒杀线程组：1000用户 1-624
2026-07-17 20:17:59,684 INFO o.a.j.t.JMeterThread: Thread is done: 秒杀线程组：1000用户 1-622
2026-07-17 20:17:59,684 INFO o.a.j.t.JMeterThread: Thread started: 秒杀线程组：1000用户 1-632
2026-07-17 20:17:59,684 INFO o.a.j.t.JMeterThread: Thread finished: 秒杀线程组：1000用户 1-622
2026-07-17 20:17:59,684 INFO o.a.j.t.JMeterThread: Thread is done: 秒杀线程组：1000用户 1-618
2026-07-17 20:17:59,684 INFO o.a.j.t.JMeterThread: Thread finished: 秒杀线程组：1000用户 1-618
2026-07-17 20:17:59,684 INFO o.a.j.t.JMeterThread: Thread is done: 秒杀线程组：1000用户 1-626
2026-07-17 20:17:59,684 INFO o.a.j.t.JMeterThread: Thread finished: 秒杀线程组：1000用户 1-626
2026-07-17 20:17:59,684 INFO o.a.j.t.JMeterThread: Thread is done: 秒杀线程组：1000用户 1-623
2026-07-17 20:17:59,684 INFO o.a.j.t.JMeterThread: Thread is done: 秒杀线程组：1000用户 1-617
2026-07-17 20:17:59,684 INFO o.a.j.t.JMeterThread: Thread finished: 秒杀线程组：1000用户 1-623
2026-07-17 20:17:59,684 INFO o.a.j.t.JMeterThread: Thread finished: 秒杀线程组：1000用户 1-617
2026-07-17 20:17:59,685 INFO o.a.j.t.JMeterThread: Thread started: 秒杀线程组：1000用户 1-627
2026-07-17 20:17:59,685 INFO o.a.j.t.JMeterThread: Thread is done: 秒杀线程组：1000用户 1-625
2026-07-17 20:17:59,685 INFO o.a.j.t.JMeterThread: Thread finished: 秒杀线程组：1000用户 1-625
2026-07-17 20:17:59,686 INFO o.a.j.t.JMeterThread: Thread is done: 秒杀线程组：1000用户 1-619
2026-07-17 20:17:59,686 INFO o.a.j.t.JMeterThread: Thread started: 秒杀线程组：1000用户 1-628
2026-07-17 20:17:59,686 INFO o.a.j.t.JMeterThread: Thread started: 秒杀线程组：1000用户 1-635
2026-07-17 20:17:59,686 INFO o.a.j.t.JMeterThread: Thread finished: 秒杀线程组：1000用户 1-619
2026-07-17 20:17:59,686 INFO o.a.j.t.JMeterThread: Thread is done: 秒杀线程组：1000用户 1-616
2026-07-17 20:17:59,686 INFO o.a.j.t.JMeterThread: Thread finished: 秒杀线程组：1000用户 1-616
2026-07-17 20:17:59,687 INFO o.a.j.t.JMeterThread: Thread started: 秒杀线程组：1000用户 1-629
2026-07-17 20:17:59,688 INFO o.a.j.t.JMeterThread: Thread is done: 秒杀线程组：1000用户 1-633
2026-07-17 20:17:59,688 INFO o.a.j.t.JMeterThread: Thread is done: 秒杀线程组：1000用户 1-624
2026-07-17 20:17:59,688 INFO o.a.j.t.JMeterThread: Thread is done: 秒杀线程组：1000用户 1-630
2026-07-17 20:17:59,688 INFO o.a.j.t.JMeterThread: Thread finished: 秒杀线程组：1000用户 1-624
2026-07-17 20:17:59,688 INFO o.a.j.t.JMeterThread: Thread finished: 秒杀线程组：1000用户 1-633
2026-07-17 20:17:59,688 INFO o.a.j.t.JMeterThread: Thread finished: 秒杀线程组：1000用户 1-630
2026-07-17 20:17:59,690 INFO o.a.j.t.JMeterThread: Thread started: 秒杀线程组：1000用户 1-637
2026-07-17 20:17:59,690 INFO o.a.j.t.JMeterThread: Thread started: 秒杀线程组：1000用户 1-631
2026-07-17 20:17:59,691 INFO o.a.j.t.JMeterThread: Thread started: 秒杀线程组：1000用户 1-639
2026-07-17 20:17:59,691 INFO o.a.j.t.JMeterThread: Thread is done: 秒杀线程组：1000用户 1-632
2026-07-17 20:17:59,691 INFO o.a.j.t.JMeterThread: Thread finished: 秒杀线程组：1000用户 1-632
2026-07-17 20:17:59,691 INFO o.a.j.t.JMeterThread: Thread is done: 秒杀线程组：1000用户 1-635
2026-07-17 20:17:59,691 INFO o.a.j.t.JMeterThread: Thread finished: 秒杀线程组：1000用户 1-635
2026-07-17 20:17:59,691 INFO o.a.j.t.JMeterThread: Thread is done: 秒杀线程组：1000用户 1-627
2026-07-17 20:17:59,691 INFO o.a.j.t.JMeterThread: Thread finished: 秒杀线程组：1000用户 1-627
2026-07-17 20:17:59,692 INFO o.a.j.t.JMeterThread: Thread started: 秒杀线程组：1000用户 1-640
2026-07-17 20:17:59,692 INFO o.a.j.t.JMeterThread: Thread started: 秒杀线程组：1000用户 1-634
2026-07-17 20:17:59,692 INFO o.a.j.t.JMeterThread: Thread is done: 秒杀线程组：1000用户 1-628
2026-07-17 20:17:59,692 INFO o.a.j.t.JMeterThread: Thread finished: 秒杀线程组：1000用户 1-628
2026-07-17 20:17:59,692 INFO o.a.j.t.JMeterThread: Thread is done: 秒杀线程组：1000用户 1-629
2026-07-17 20:17:59,692 INFO o.a.j.t.JMeterThread: Thread finished: 秒杀线程组：1000用户 1-629
2026-07-17 20:17:59,693 INFO o.a.j.t.JMeterThread: Thread started: 秒杀线程组：1000用户 1-642
2026-07-17 20:17:59,693 INFO o.a.j.t.JMeterThread: Thread started: 秒杀线程组：1000用户 1-636
2026-07-17 20:17:59,693 INFO o.a.j.t.JMeterThread: Thread started: 秒杀线程组：1000用户 1-638
2026-07-17 20:17:59,693 INFO o.a.j.t.JMeterThread: Thread started: 秒杀线程组：1000用户 1-641
2026-07-17 20:17:59,696 INFO o.a.j.t.JMeterThread: Thread started: 秒杀线程组：1000用户 1-644
2026-07-17 20:17:59,696 INFO o.a.j.t.JMeterThread: Thread is done: 秒杀线程组：1000用户 1-631
2026-07-17 20:17:59,696 INFO o.a.j.t.JMeterThread: Thread is done: 秒杀线程组：1000用户 1-637
2026-07-17 20:17:59,696 INFO o.a.j.t.JMeterThread: Thread finished: 秒杀线程组：1000用户 1-631
2026-07-17 20:17:59,696 INFO o.a.j.t.JMeterThread: Thread finished: 秒杀线程组：1000用户 1-637
2026-07-17 20:17:59,697 INFO o.a.j.t.JMeterThread: Thread is done: 秒杀线程组：1000用户 1-639
2026-07-17 20:17:59,697 INFO o.a.j.t.JMeterThread: Thread finished: 秒杀线程组：1000用户 1-639
2026-07-17 20:17:59,697 INFO o.a.j.t.JMeterThread: Thread started: 秒杀线程组：1000用户 1-645
2026-07-17 20:17:59,697 INFO o.a.j.t.JMeterThread: Thread started: 秒杀线程组：1000用户 1-646
2026-07-17 20:17:59,698 INFO o.a.j.t.JMeterThread: Thread is done: 秒杀线程组：1000用户 1-640
2026-07-17 20:17:59,698 INFO o.a.j.t.JMeterThread: Thread finished: 秒杀线程组：1000用户 1-640
2026-07-17 20:17:59,698 INFO o.a.j.t.JMeterThread: Thread started: 秒杀线程组：1000用户 1-648
2026-07-17 20:17:59,700 INFO o.a.j.t.JMeterThread: Thread started: 秒杀线程组：1000用户 1-649
2026-07-17 20:17:59,700 INFO o.a.j.t.JMeterThread: Thread is done: 秒杀线程组：1000用户 1-636
2026-07-17 20:17:59,700 INFO o.a.j.t.JMeterThread: Thread finished: 秒杀线程组：1000用户 1-636
2026-07-17 20:17:59,700 INFO o.a.j.t.JMeterThread: Thread is done: 秒杀线程组：1000用户 1-634
2026-07-17 20:17:59,700 INFO o.a.j.t.JMeterThread: Thread started: 秒杀线程组：1000用户 1-643
2026-07-17 20:17:59,700 INFO o.a.j.t.JMeterThread: Thread finished: 秒杀线程组：1000用户 1-634
2026-07-17 20:17:59,701 INFO o.a.j.t.JMeterThread: Thread is done: 秒杀线程组：1000用户 1-641
2026-07-17 20:17:59,701 INFO o.a.j.t.JMeterThread: Thread finished: 秒杀线程组：1000用户 1-641
2026-07-17 20:17:59,701 INFO o.a.j.t.JMeterThread: Thread is done: 秒杀线程组：1000用户 1-638
2026-07-17 20:17:59,701 INFO o.a.j.t.JMeterThread: Thread finished: 秒杀线程组：1000用户 1-638
2026-07-17 20:17:59,701 INFO o.a.j.t.JMeterThread: Thread is done: 秒杀线程组：1000用户 1-642
2026-07-17 20:17:59,701 INFO o.a.j.t.JMeterThread: Thread finished: 秒杀线程组：1000用户 1-642
2026-07-17 20:17:59,702 INFO o.a.j.t.JMeterThread: Thread started: 秒杀线程组：1000用户 1-651
2026-07-17 20:17:59,702 INFO o.a.j.t.JMeterThread: Thread started: 秒杀线程组：1000用户 1-652
2026-07-17 20:17:59,703 INFO o.a.j.t.JMeterThread: Thread started: 秒杀线程组：1000用户 1-647
2026-07-17 20:17:59,704 INFO o.a.j.t.JMeterThread: Thread is done: 秒杀线程组：1000用户 1-644
2026-07-17 20:17:59,704 INFO o.a.j.t.JMeterThread: Thread finished: 秒杀线程组：1000用户 1-644
2026-07-17 20:17:59,704 INFO o.a.j.t.JMeterThread: Thread is done: 秒杀线程组：1000用户 1-645
2026-07-17 20:17:59,704 INFO o.a.j.t.JMeterThread: Thread finished: 秒杀线程组：1000用户 1-645
2026-07-17 20:17:59,704 INFO o.a.j.t.JMeterThread: Thread is done: 秒杀线程组：1000用户 1-646
2026-07-17 20:17:59,706 INFO o.a.j.t.JMeterThread: Thread finished: 秒杀线程组：1000用户 1-646
2026-07-17 20:17:59,706 INFO o.a.j.t.JMeterThread: Thread started: 秒杀线程组：1000用户 1-655
2026-07-17 20:17:59,706 INFO o.a.j.t.JMeterThread: Thread is done: 秒杀线程组：1000用户 1-648
2026-07-17 20:17:59,706 INFO o.a.j.t.JMeterThread: Thread finished: 秒杀线程组：1000用户 1-648
2026-07-17 20:17:59,706 INFO o.a.j.t.JMeterThread: Thread started: 秒杀线程组：1000用户 1-650
2026-07-17 20:17:59,708 INFO o.a.j.t.JMeterThread: Thread is done: 秒杀线程组：1000用户 1-643
2026-07-17 20:17:59,708 INFO o.a.j.t.JMeterThread: Thread finished: 秒杀线程组：1000用户 1-643
2026-07-17 20:17:59,708 INFO o.a.j.t.JMeterThread: Thread is done: 秒杀线程组：1000用户 1-649
2026-07-17 20:17:59,708 INFO o.a.j.t.JMeterThread: Thread finished: 秒杀线程组：1000用户 1-649
2026-07-17 20:17:59,710 INFO o.a.j.t.JMeterThread: Thread started: 秒杀线程组：1000用户 1-653
2026-07-17 20:17:59,710 INFO o.a.j.t.JMeterThread: Thread is done: 秒杀线程组：1000用户 1-652
2026-07-17 20:17:59,710 INFO o.a.j.t.JMeterThread: Thread finished: 秒杀线程组：1000用户 1-652
2026-07-17 20:17:59,710 INFO o.a.j.t.JMeterThread: Thread is done: 秒杀线程组：1000用户 1-651
2026-07-17 20:17:59,710 INFO o.a.j.t.JMeterThread: Thread finished: 秒杀线程组：1000用户 1-651
2026-07-17 20:17:59,711 INFO o.a.j.t.JMeterThread: Thread started: 秒杀线程组：1000用户 1-654
2026-07-17 20:17:59,711 INFO o.a.j.t.JMeterThread: Thread started: 秒杀线程组：1000用户 1-661
2026-07-17 20:17:59,711 INFO o.a.j.t.JMeterThread: Thread started: 秒杀线程组：1000用户 1-662
2026-07-17 20:17:59,711 INFO o.a.j.t.JMeterThread: Thread is done: 秒杀线程组：1000用户 1-647
2026-07-17 20:17:59,712 INFO o.a.j.t.JMeterThread: Thread finished: 秒杀线程组：1000用户 1-647
2026-07-17 20:17:59,713 INFO o.a.j.t.JMeterThread: Thread started: 秒杀线程组：1000用户 1-656
2026-07-17 20:17:59,713 INFO o.a.j.t.JMeterThread: Thread started: 秒杀线程组：1000用户 1-658
2026-07-17 20:17:59,713 INFO o.a.j.t.JMeterThread: Thread is done: 秒杀线程组：1000用户 1-650
2026-07-17 20:17:59,713 INFO o.a.j.t.JMeterThread: Thread is done: 秒杀线程组：1000用户 1-655
2026-07-17 20:17:59,714 INFO o.a.j.t.JMeterThread: Thread finished: 秒杀线程组：1000用户 1-650
2026-07-17 20:17:59,714 INFO o.a.j.t.JMeterThread: Thread finished: 秒杀线程组：1000用户 1-655
2026-07-17 20:17:59,714 INFO o.a.j.t.JMeterThread: Thread started: 秒杀线程组：1000用户 1-660
2026-07-17 20:17:59,714 INFO o.a.j.t.JMeterThread: Thread started: 秒杀线程组：1000用户 1-664
2026-07-17 20:17:59,714 INFO o.a.j.t.JMeterThread: Thread started: 秒杀线程组：1000用户 1-657
2026-07-17 20:17:59,715 INFO o.a.j.t.JMeterThread: Thread started: 秒杀线程组：1000用户 1-659
2026-07-17 20:17:59,717 INFO o.a.j.t.JMeterThread: Thread started: 秒杀线程组：1000用户 1-666
2026-07-17 20:17:59,717 INFO o.a.j.t.JMeterThread: Thread started: 秒杀线程组：1000用户 1-663
2026-07-17 20:17:59,718 INFO o.a.j.t.JMeterThread: Thread is done: 秒杀线程组：1000用户 1-653
2026-07-17 20:17:59,718 INFO o.a.j.t.JMeterThread: Thread finished: 秒杀线程组：1000用户 1-653
2026-07-17 20:17:59,718 INFO o.a.j.t.JMeterThread: Thread is done: 秒杀线程组：1000用户 1-654
2026-07-17 20:17:59,718 INFO o.a.j.t.JMeterThread: Thread finished: 秒杀线程组：1000用户 1-654
2026-07-17 20:17:59,719 INFO o.a.j.t.JMeterThread: Thread is done: 秒杀线程组：1000用户 1-661
2026-07-17 20:17:59,719 INFO o.a.j.t.JMeterThread: Thread finished: 秒杀线程组：1000用户 1-661
2026-07-17 20:17:59,719 INFO o.a.j.t.JMeterThread: Thread is done: 秒杀线程组：1000用户 1-662
2026-07-17 20:17:59,719 INFO o.a.j.t.JMeterThread: Thread finished: 秒杀线程组：1000用户 1-662
2026-07-17 20:17:59,720 INFO o.a.j.t.JMeterThread: Thread started: 秒杀线程组：1000用户 1-667
2026-07-17 20:17:59,720 INFO o.a.j.t.JMeterThread: Thread started: 秒杀线程组：1000用户 1-665
2026-07-17 20:17:59,721 INFO o.a.j.t.JMeterThread: Thread is done: 秒杀线程组：1000用户 1-656
2026-07-17 20:17:59,721 INFO o.a.j.t.JMeterThread: Thread finished: 秒杀线程组：1000用户 1-656
2026-07-17 20:17:59,721 INFO o.a.j.t.JMeterThread: Thread started: 秒杀线程组：1000用户 1-673
2026-07-17 20:17:59,722 INFO o.a.j.t.JMeterThread: Thread is done: 秒杀线程组：1000用户 1-657
2026-07-17 20:17:59,722 INFO o.a.j.t.JMeterThread: Thread started: 秒杀线程组：1000用户 1-668
2026-07-17 20:17:59,722 INFO o.a.j.t.JMeterThread: Thread finished: 秒杀线程组：1000用户 1-657
2026-07-17 20:17:59,722 INFO o.a.j.t.JMeterThread: Thread is done: 秒杀线程组：1000用户 1-658
2026-07-17 20:17:59,722 INFO o.a.j.t.JMeterThread: Thread finished: 秒杀线程组：1000用户 1-658
2026-07-17 20:17:59,723 INFO o.a.j.t.JMeterThread: Thread started: 秒杀线程组：1000用户 1-675
2026-07-17 20:17:59,723 INFO o.a.j.t.JMeterThread: Thread is done: 秒杀线程组：1000用户 1-664
2026-07-17 20:17:59,723 INFO o.a.j.t.JMeterThread: Thread finished: 秒杀线程组：1000用户 1-664
2026-07-17 20:17:59,723 INFO o.a.j.t.JMeterThread: Thread is done: 秒杀线程组：1000用户 1-660
2026-07-17 20:17:59,723 INFO o.a.j.t.JMeterThread: Thread finished: 秒杀线程组：1000用户 1-660
2026-07-17 20:17:59,723 INFO o.a.j.t.JMeterThread: Thread is done: 秒杀线程组：1000用户 1-659
2026-07-17 20:17:59,723 INFO o.a.j.t.JMeterThread: Thread finished: 秒杀线程组：1000用户 1-659
2026-07-17 20:17:59,724 INFO o.a.j.t.JMeterThread: Thread started: 秒杀线程组：1000用户 1-670
2026-07-17 20:17:59,725 INFO o.a.j.t.JMeterThread: Thread started: 秒杀线程组：1000用户 1-671
2026-07-17 20:17:59,725 INFO o.a.j.t.JMeterThread: Thread started: 秒杀线程组：1000用户 1-677
2026-07-17 20:17:59,725 INFO o.a.j.t.JMeterThread: Thread is done: 秒杀线程组：1000用户 1-666
2026-07-17 20:17:59,725 INFO o.a.j.t.JMeterThread: Thread finished: 秒杀线程组：1000用户 1-666
2026-07-17 20:17:59,725 INFO o.a.j.t.JMeterThread: Thread is done: 秒杀线程组：1000用户 1-667
2026-07-17 20:17:59,725 INFO o.a.j.t.JMeterThread: Thread finished: 秒杀线程组：1000用户 1-667
2026-07-17 20:17:59,726 INFO o.a.j.t.JMeterThread: Thread started: 秒杀线程组：1000用户 1-669
2026-07-17 20:17:59,726 INFO o.a.j.t.JMeterThread: Thread started: 秒杀线程组：1000用户 1-672
2026-07-17 20:17:59,726 INFO o.a.j.t.JMeterThread: Thread is done: 秒杀线程组：1000用户 1-665
2026-07-17 20:17:59,726 INFO o.a.j.t.JMeterThread: Thread finished: 秒杀线程组：1000用户 1-665
2026-07-17 20:17:59,726 INFO o.a.j.t.JMeterThread: Thread is done: 秒杀线程组：1000用户 1-663
2026-07-17 20:17:59,726 INFO o.a.j.t.JMeterThread: Thread finished: 秒杀线程组：1000用户 1-663
2026-07-17 20:17:59,726 INFO o.a.j.t.JMeterThread: Thread is done: 秒杀线程组：1000用户 1-346
2026-07-17 20:17:59,726 INFO o.a.j.t.JMeterThread: Thread is done: 秒杀线程组：1000用户 1-329
2026-07-17 20:17:59,726 INFO o.a.j.t.JMeterThread: Thread finished: 秒杀线程组：1000用户 1-346
2026-07-17 20:17:59,727 INFO o.a.j.t.JMeterThread: Thread finished: 秒杀线程组：1000用户 1-329
2026-07-17 20:17:59,727 INFO o.a.j.t.JMeterThread: Thread is done: 秒杀线程组：1000用户 1-337
2026-07-17 20:17:59,727 INFO o.a.j.t.JMeterThread: Thread finished: 秒杀线程组：1000用户 1-337
2026-07-17 20:17:59,727 INFO o.a.j.t.JMeterThread: Thread started: 秒杀线程组：1000用户 1-680
2026-07-17 20:17:59,727 INFO o.a.j.t.JMeterThread: Thread is done: 秒杀线程组：1000用户 1-341
2026-07-17 20:17:59,727 INFO o.a.j.t.JMeterThread: Thread finished: 秒杀线程组：1000用户 1-341
2026-07-17 20:17:59,727 INFO o.a.j.t.JMeterThread: Thread is done: 秒杀线程组：1000用户 1-321
2026-07-17 20:17:59,727 INFO o.a.j.t.JMeterThread: Thread started: 秒杀线程组：1000用户 1-674
2026-07-17 20:17:59,728 INFO o.a.j.t.JMeterThread: Thread is done: 秒杀线程组：1000用户 1-342
2026-07-17 20:17:59,727 INFO o.a.j.t.JMeterThread: Thread started: 秒杀线程组：1000用户 1-676
2026-07-17 20:17:59,727 INFO o.a.j.t.JMeterThread: Thread finished: 秒杀线程组：1000用户 1-321
2026-07-17 20:17:59,728 INFO o.a.j.t.JMeterThread: Thread finished: 秒杀线程组：1000用户 1-342
2026-07-17 20:17:59,728 INFO o.a.j.t.JMeterThread: Thread is done: 秒杀线程组：1000用户 1-668
2026-07-17 20:17:59,728 INFO o.a.j.t.JMeterThread: Thread is done: 秒杀线程组：1000用户 1-673
2026-07-17 20:17:59,728 INFO o.a.j.t.JMeterThread: Thread is done: 秒杀线程组：1000用户 1-675
2026-07-17 20:17:59,728 INFO o.a.j.t.JMeterThread: Thread finished: 秒杀线程组：1000用户 1-675
2026-07-17 20:17:59,728 INFO o.a.j.t.JMeterThread: Thread finished: 秒杀线程组：1000用户 1-673
2026-07-17 20:17:59,728 INFO o.a.j.t.JMeterThread: Thread finished: 秒杀线程组：1000用户 1-668
2026-07-17 20:17:59,728 INFO o.a.j.t.JMeterThread: Thread started: 秒杀线程组：1000用户 1-681
2026-07-17 20:17:59,729 INFO o.a.j.t.JMeterThread: Thread is done: 秒杀线程组：1000用户 1-355
2026-07-17 20:17:59,729 INFO o.a.j.t.JMeterThread: Thread is done: 秒杀线程组：1000用户 1-670
2026-07-17 20:17:59,729 INFO o.a.j.t.JMeterThread: Thread finished: 秒杀线程组：1000用户 1-355
2026-07-17 20:17:59,729 INFO o.a.j.t.JMeterThread: Thread started: 秒杀线程组：1000用户 1-678
2026-07-17 20:17:59,729 INFO o.a.j.t.JMeterThread: Thread is done: 秒杀线程组：1000用户 1-109
2026-07-17 20:17:59,729 INFO o.a.j.t.JMeterThread: Thread is done: 秒杀线程组：1000用户 1-277
2026-07-17 20:17:59,729 INFO o.a.j.t.JMeterThread: Thread finished: 秒杀线程组：1000用户 1-670
2026-07-17 20:17:59,729 INFO o.a.j.t.JMeterThread: Thread finished: 秒杀线程组：1000用户 1-109
2026-07-17 20:17:59,729 INFO o.a.j.t.JMeterThread: Thread finished: 秒杀线程组：1000用户 1-277
2026-07-17 20:17:59,729 INFO o.a.j.t.JMeterThread: Thread is done: 秒杀线程组：1000用户 1-360
2026-07-17 20:17:59,729 INFO o.a.j.t.JMeterThread: Thread is done: 秒杀线程组：1000用户 1-376
2026-07-17 20:17:59,729 INFO o.a.j.t.JMeterThread: Thread finished: 秒杀线程组：1000用户 1-376
2026-07-17 20:17:59,729 INFO o.a.j.t.JMeterThread: Thread is done: 秒杀线程组：1000用户 1-363
2026-07-17 20:17:59,729 INFO o.a.j.t.JMeterThread: Thread finished: 秒杀线程组：1000用户 1-360
2026-07-17 20:17:59,729 INFO o.a.j.t.JMeterThread: Thread finished: 秒杀线程组：1000用户 1-363
2026-07-17 20:17:59,729 INFO o.a.j.t.JMeterThread: Thread is done: 秒杀线程组：1000用户 1-41
2026-07-17 20:17:59,729 INFO o.a.j.t.JMeterThread: Thread finished: 秒杀线程组：1000用户 1-41
2026-07-17 20:17:59,730 INFO o.a.j.t.JMeterThread: Thread is done: 秒杀线程组：1000用户 1-372
2026-07-17 20:17:59,730 INFO o.a.j.t.JMeterThread: Thread finished: 秒杀线程组：1000用户 1-372
2026-07-17 20:17:59,730 INFO o.a.j.t.JMeterThread: Thread is done: 秒杀线程组：1000用户 1-366
2026-07-17 20:17:59,730 INFO o.a.j.t.JMeterThread: Thread finished: 秒杀线程组：1000用户 1-366
2026-07-17 20:17:59,730 INFO o.a.j.t.JMeterThread: Thread is done: 秒杀线程组：1000用户 1-365
2026-07-17 20:17:59,730 INFO o.a.j.t.JMeterThread: Thread finished: 秒杀线程组：1000用户 1-365
2026-07-17 20:17:59,730 INFO o.a.j.t.JMeterThread: Thread is done: 秒杀线程组：1000用户 1-352
2026-07-17 20:17:59,730 INFO o.a.j.t.JMeterThread: Thread finished: 秒杀线程组：1000用户 1-352
2026-07-17 20:17:59,730 INFO o.a.j.t.JMeterThread: Thread is done: 秒杀线程组：1000用户 1-343
2026-07-17 20:17:59,730 INFO o.a.j.t.JMeterThread: Thread is done: 秒杀线程组：1000用户 1-348
2026-07-17 20:17:59,730 INFO o.a.j.t.JMeterThread: Thread finished: 秒杀线程组：1000用户 1-343
2026-07-17 20:17:59,730 INFO o.a.j.t.JMeterThread: Thread is done: 秒杀线程组：1000用户 1-345
2026-07-17 20:17:59,730 INFO o.a.j.t.JMeterThread: Thread finished: 秒杀线程组：1000用户 1-345
2026-07-17 20:17:59,732 INFO o.a.j.t.JMeterThread: Thread is done: 秒杀线程组：1000用户 1-347
2026-07-17 20:17:59,732 INFO o.a.j.t.JMeterThread: Thread finished: 秒杀线程组：1000用户 1-347
2026-07-17 20:17:59,732 INFO o.a.j.t.JMeterThread: Thread finished: 秒杀线程组：1000用户 1-348
2026-07-17 20:17:59,732 INFO o.a.j.t.JMeterThread: Thread is done: 秒杀线程组：1000用户 1-324
2026-07-17 20:17:59,732 INFO o.a.j.t.JMeterThread: Thread finished: 秒杀线程组：1000用户 1-324
2026-07-17 20:17:59,732 INFO o.a.j.t.JMeterThread: Thread is done: 秒杀线程组：1000用户 1-344
2026-07-17 20:17:59,732 INFO o.a.j.t.JMeterThread: Thread is done: 秒杀线程组：1000用户 1-349
2026-07-17 20:17:59,732 INFO o.a.j.t.JMeterThread: Thread finished: 秒杀线程组：1000用户 1-344
2026-07-17 20:17:59,732 INFO o.a.j.t.JMeterThread: Thread started: 秒杀线程组：1000用户 1-679
2026-07-17 20:17:59,732 INFO o.a.j.t.JMeterThread: Thread finished: 秒杀线程组：1000用户 1-349
2026-07-17 20:17:59,732 INFO o.a.j.t.JMeterThread: Thread is done: 秒杀线程组：1000用户 1-374
2026-07-17 20:17:59,732 INFO o.a.j.t.JMeterThread: Thread finished: 秒杀线程组：1000用户 1-374
2026-07-17 20:17:59,732 INFO o.a.j.t.JMeterThread: Thread is done: 秒杀线程组：1000用户 1-357
2026-07-17 20:17:59,732 INFO o.a.j.t.JMeterThread: Thread is done: 秒杀线程组：1000用户 1-671
2026-07-17 20:17:59,732 INFO o.a.j.t.JMeterThread: Thread is done: 秒杀线程组：1000用户 1-358
2026-07-17 20:17:59,732 INFO o.a.j.t.JMeterThread: Thread finished: 秒杀线程组：1000用户 1-358
2026-07-17 20:17:59,732 INFO o.a.j.t.JMeterThread: Thread finished: 秒杀线程组：1000用户 1-357
2026-07-17 20:17:59,732 INFO o.a.j.t.JMeterThread: Thread finished: 秒杀线程组：1000用户 1-671
2026-07-17 20:17:59,733 INFO o.a.j.t.JMeterThread: Thread started: 秒杀线程组：1000用户 1-685
2026-07-17 20:17:59,733 INFO o.a.j.t.JMeterThread: Thread is done: 秒杀线程组：1000用户 1-367
2026-07-17 20:17:59,733 INFO o.a.j.t.JMeterThread: Thread finished: 秒杀线程组：1000用户 1-367
2026-07-17 20:17:59,733 INFO o.a.j.t.JMeterThread: Thread is done: 秒杀线程组：1000用户 1-669
2026-07-17 20:17:59,733 INFO o.a.j.t.JMeterThread: Thread is done: 秒杀线程组：1000用户 1-353
2026-07-17 20:17:59,733 INFO o.a.j.t.JMeterThread: Thread finished: 秒杀线程组：1000用户 1-669
2026-07-17 20:17:59,733 INFO o.a.j.t.JMeterThread: Thread is done: 秒杀线程组：1000用户 1-677
2026-07-17 20:17:59,733 INFO o.a.j.t.JMeterThread: Thread finished: 秒杀线程组：1000用户 1-677
2026-07-17 20:17:59,733 INFO o.a.j.t.JMeterThread: Thread finished: 秒杀线程组：1000用户 1-353
2026-07-17 20:17:59,733 INFO o.a.j.t.JMeterThread: Thread is done: 秒杀线程组：1000用户 1-350
2026-07-17 20:17:59,733 INFO o.a.j.t.JMeterThread: Thread is done: 秒杀线程组：1000用户 1-672
2026-07-17 20:17:59,733 INFO o.a.j.t.JMeterThread: Thread finished: 秒杀线程组：1000用户 1-350
2026-07-17 20:17:59,733 INFO o.a.j.t.JMeterThread: Thread finished: 秒杀线程组：1000用户 1-672
2026-07-17 20:17:59,734 INFO o.a.j.t.JMeterThread: Thread is done: 秒杀线程组：1000用户 1-325
2026-07-17 20:17:59,734 INFO o.a.j.t.JMeterThread: Thread is done: 秒杀线程组：1000用户 1-676
2026-07-17 20:17:59,734 INFO o.a.j.t.JMeterThread: Thread finished: 秒杀线程组：1000用户 1-325
2026-07-17 20:17:59,734 INFO o.a.j.t.JMeterThread: Thread finished: 秒杀线程组：1000用户 1-676
2026-07-17 20:17:59,734 INFO o.a.j.t.JMeterThread: Thread is done: 秒杀线程组：1000用户 1-674
2026-07-17 20:17:59,734 INFO o.a.j.t.JMeterThread: Thread finished: 秒杀线程组：1000用户 1-674
2026-07-17 20:17:59,735 INFO o.a.j.t.JMeterThread: Thread started: 秒杀线程组：1000用户 1-688
2026-07-17 20:17:59,735 INFO o.a.j.t.JMeterThread: Thread started: 秒杀线程组：1000用户 1-683
2026-07-17 20:17:59,735 INFO o.a.j.t.JMeterThread: Thread is done: 秒杀线程组：1000用户 1-680
2026-07-17 20:17:59,735 INFO o.a.j.t.JMeterThread: Thread finished: 秒杀线程组：1000用户 1-680
2026-07-17 20:17:59,737 INFO o.a.j.t.JMeterThread: Thread started: 秒杀线程组：1000用户 1-690
2026-07-17 20:17:59,737 INFO o.a.j.t.JMeterThread: Thread started: 秒杀线程组：1000用户 1-682
2026-07-17 20:17:59,737 INFO o.a.j.t.JMeterThread: Thread started: 秒杀线程组：1000用户 1-689
2026-07-17 20:17:59,737 INFO o.a.j.t.JMeterThread: Thread started: 秒杀线程组：1000用户 1-684
2026-07-17 20:17:59,738 INFO o.a.j.t.JMeterThread: Thread is done: 秒杀线程组：1000用户 1-681
2026-07-17 20:17:59,738 INFO o.a.j.t.JMeterThread: Thread is done: 秒杀线程组：1000用户 1-678
2026-07-17 20:17:59,738 INFO o.a.j.t.JMeterThread: Thread finished: 秒杀线程组：1000用户 1-681
2026-07-17 20:17:59,738 INFO o.a.j.t.JMeterThread: Thread finished: 秒杀线程组：1000用户 1-678
2026-07-17 20:17:59,740 INFO o.a.j.t.JMeterThread: Thread started: 秒杀线程组：1000用户 1-693
2026-07-17 20:17:59,740 INFO o.a.j.t.JMeterThread: Thread started: 秒杀线程组：1000用户 1-686
2026-07-17 20:17:59,741 INFO o.a.j.t.JMeterThread: Thread is done: 秒杀线程组：1000用户 1-683
2026-07-17 20:17:59,741 INFO o.a.j.t.JMeterThread: Thread is done: 秒杀线程组：1000用户 1-688
2026-07-17 20:17:59,741 INFO o.a.j.t.JMeterThread: Thread finished: 秒杀线程组：1000用户 1-683
2026-07-17 20:17:59,741 INFO o.a.j.t.JMeterThread: Thread is done: 秒杀线程组：1000用户 1-685
2026-07-17 20:17:59,741 INFO o.a.j.t.JMeterThread: Thread finished: 秒杀线程组：1000用户 1-685
2026-07-17 20:17:59,741 INFO o.a.j.t.JMeterThread: Thread finished: 秒杀线程组：1000用户 1-688
2026-07-17 20:17:59,741 INFO o.a.j.t.JMeterThread: Thread is done: 秒杀线程组：1000用户 1-679
2026-07-17 20:17:59,741 INFO o.a.j.t.JMeterThread: Thread finished: 秒杀线程组：1000用户 1-679
2026-07-17 20:17:59,741 INFO o.a.j.t.JMeterThread: Thread is done: 秒杀线程组：1000用户 1-682
2026-07-17 20:17:59,743 INFO o.a.j.t.JMeterThread: Thread is done: 秒杀线程组：1000用户 1-689
2026-07-17 20:17:59,743 INFO o.a.j.t.JMeterThread: Thread finished: 秒杀线程组：1000用户 1-682
2026-07-17 20:17:59,743 INFO o.a.j.t.JMeterThread: Thread finished: 秒杀线程组：1000用户 1-689
2026-07-17 20:17:59,743 INFO o.a.j.t.JMeterThread: Thread started: 秒杀线程组：1000用户 1-698
2026-07-17 20:17:59,743 INFO o.a.j.t.JMeterThread: Thread started: 秒杀线程组：1000用户 1-697
2026-07-17 20:17:59,743 INFO o.a.j.t.JMeterThread: Thread started: 秒杀线程组：1000用户 1-687
2026-07-17 20:17:59,743 INFO o.a.j.t.JMeterThread: Thread started: 秒杀线程组：1000用户 1-691
2026-07-17 20:17:59,744 INFO o.a.j.t.JMeterThread: Thread is done: 秒杀线程组：1000用户 1-690
2026-07-17 20:17:59,744 INFO o.a.j.t.JMeterThread: Thread finished: 秒杀线程组：1000用户 1-690
2026-07-17 20:17:59,744 INFO o.a.j.t.JMeterThread: Thread started: 秒杀线程组：1000用户 1-694
2026-07-17 20:17:59,744 INFO o.a.j.t.JMeterThread: Thread started: 秒杀线程组：1000用户 1-699
2026-07-17 20:17:59,745 INFO o.a.j.t.JMeterThread: Thread started: 秒杀线程组：1000用户 1-692
2026-07-17 20:17:59,745 INFO o.a.j.t.JMeterThread: Thread is done: 秒杀线程组：1000用户 1-684
2026-07-17 20:17:59,745 INFO o.a.j.t.JMeterThread: Thread finished: 秒杀线程组：1000用户 1-684
2026-07-17 20:17:59,747 INFO o.a.j.t.JMeterThread: Thread started: 秒杀线程组：1000用户 1-696
2026-07-17 20:17:59,747 INFO o.a.j.t.JMeterThread: Thread started: 秒杀线程组：1000用户 1-701
2026-07-17 20:17:59,748 INFO o.a.j.t.JMeterThread: Thread is done: 秒杀线程组：1000用户 1-686
2026-07-17 20:17:59,748 INFO o.a.j.t.JMeterThread: Thread finished: 秒杀线程组：1000用户 1-686
2026-07-17 20:17:59,749 INFO o.a.j.t.JMeterThread: Thread is done: 秒杀线程组：1000用户 1-693
2026-07-17 20:17:59,749 INFO o.a.j.t.JMeterThread: Thread finished: 秒杀线程组：1000用户 1-693
2026-07-17 20:17:59,750 INFO o.a.j.t.JMeterThread: Thread is done: 秒杀线程组：1000用户 1-699
2026-07-17 20:17:59,750 INFO o.a.j.t.JMeterThread: Thread is done: 秒杀线程组：1000用户 1-687
2026-07-17 20:17:59,750 INFO o.a.j.t.JMeterThread: Thread is done: 秒杀线程组：1000用户 1-697
2026-07-17 20:17:59,750 INFO o.a.j.t.JMeterThread: Thread finished: 秒杀线程组：1000用户 1-687
2026-07-17 20:17:59,750 INFO o.a.j.t.JMeterThread: Thread finished: 秒杀线程组：1000用户 1-699
2026-07-17 20:17:59,750 INFO o.a.j.t.JMeterThread: Thread finished: 秒杀线程组：1000用户 1-697
2026-07-17 20:17:59,750 INFO o.a.j.t.JMeterThread: Thread is done: 秒杀线程组：1000用户 1-698
2026-07-17 20:17:59,750 INFO o.a.j.t.JMeterThread: Thread finished: 秒杀线程组：1000用户 1-698
2026-07-17 20:17:59,751 INFO o.a.j.t.JMeterThread: Thread started: 秒杀线程组：1000用户 1-700
2026-07-17 20:17:59,751 INFO o.a.j.t.JMeterThread: Thread started: 秒杀线程组：1000用户 1-695
2026-07-17 20:17:59,751 INFO o.a.j.t.JMeterThread: Thread is done: 秒杀线程组：1000用户 1-694
2026-07-17 20:17:59,751 INFO o.a.j.t.JMeterThread: Thread is done: 秒杀线程组：1000用户 1-691
2026-07-17 20:17:59,751 INFO o.a.j.t.JMeterThread: Thread finished: 秒杀线程组：1000用户 1-694
2026-07-17 20:17:59,751 INFO o.a.j.t.JMeterThread: Thread finished: 秒杀线程组：1000用户 1-691
2026-07-17 20:17:59,752 INFO o.a.j.t.JMeterThread: Thread started: 秒杀线程组：1000用户 1-702
2026-07-17 20:17:59,752 INFO o.a.j.t.JMeterThread: Thread is done: 秒杀线程组：1000用户 1-692
2026-07-17 20:17:59,752 INFO o.a.j.t.JMeterThread: Thread finished: 秒杀线程组：1000用户 1-692
2026-07-17 20:17:59,753 INFO o.a.j.t.JMeterThread: Thread started: 秒杀线程组：1000用户 1-703
2026-07-17 20:17:59,753 INFO o.a.j.t.JMeterThread: Thread is done: 秒杀线程组：1000用户 1-696
2026-07-17 20:17:59,753 INFO o.a.j.t.JMeterThread: Thread finished: 秒杀线程组：1000用户 1-696
2026-07-17 20:17:59,754 INFO o.a.j.t.JMeterThread: Thread started: 秒杀线程组：1000用户 1-709
2026-07-17 20:17:59,754 INFO o.a.j.t.JMeterThread: Thread started: 秒杀线程组：1000用户 1-704
2026-07-17 20:17:59,755 INFO o.a.j.t.JMeterThread: Thread is done: 秒杀线程组：1000用户 1-701
2026-07-17 20:17:59,755 INFO o.a.j.t.JMeterThread: Thread finished: 秒杀线程组：1000用户 1-701
2026-07-17 20:17:59,757 INFO o.a.j.t.JMeterThread: Thread started: 秒杀线程组：1000用户 1-711
2026-07-17 20:17:59,757 INFO o.a.j.t.JMeterThread: Thread started: 秒杀线程组：1000用户 1-706
2026-07-17 20:17:59,758 INFO o.a.j.t.JMeterThread: Thread is done: 秒杀线程组：1000用户 1-700
2026-07-17 20:17:59,758 INFO o.a.j.t.JMeterThread: Thread finished: 秒杀线程组：1000用户 1-700
2026-07-17 20:17:59,758 INFO o.a.j.t.JMeterThread: Thread is done: 秒杀线程组：1000用户 1-695
2026-07-17 20:17:59,759 INFO o.a.j.t.JMeterThread: Thread finished: 秒杀线程组：1000用户 1-695
2026-07-17 20:17:59,759 INFO o.a.j.t.JMeterThread: Thread started: 秒杀线程组：1000用户 1-707
2026-07-17 20:17:59,759 INFO o.a.j.t.JMeterThread: Thread is done: 秒杀线程组：1000用户 1-702
2026-07-17 20:17:59,759 INFO o.a.j.t.JMeterThread: Thread finished: 秒杀线程组：1000用户 1-702
2026-07-17 20:17:59,759 INFO o.a.j.t.JMeterThread: Thread is done: 秒杀线程组：1000用户 1-703
2026-07-17 20:17:59,759 INFO o.a.j.t.JMeterThread: Thread finished: 秒杀线程组：1000用户 1-703
2026-07-17 20:17:59,760 INFO o.a.j.t.JMeterThread: Thread started: 秒杀线程组：1000用户 1-710
2026-07-17 20:17:59,760 INFO o.a.j.t.JMeterThread: Thread started: 秒杀线程组：1000用户 1-714
2026-07-17 20:17:59,760 INFO o.a.j.t.JMeterThread: Thread started: 秒杀线程组：1000用户 1-705
2026-07-17 20:17:59,761 INFO o.a.j.t.JMeterThread: Thread is done: 秒杀线程组：1000用户 1-704
2026-07-17 20:17:59,761 INFO o.a.j.t.JMeterThread: Thread is done: 秒杀线程组：1000用户 1-709
2026-07-17 20:17:59,763 INFO o.a.j.t.JMeterThread: Thread finished: 秒杀线程组：1000用户 1-704
2026-07-17 20:17:59,763 INFO o.a.j.t.JMeterThread: Thread finished: 秒杀线程组：1000用户 1-709
2026-07-17 20:17:59,763 INFO o.a.j.t.JMeterThread: Thread started: 秒杀线程组：1000用户 1-708
2026-07-17 20:17:59,763 INFO o.a.j.t.JMeterThread: Thread started: 秒杀线程组：1000用户 1-712
2026-07-17 20:17:59,763 INFO o.a.j.t.JMeterThread: Thread started: 秒杀线程组：1000用户 1-713
2026-07-17 20:17:59,766 INFO o.a.j.t.JMeterThread: Thread is done: 秒杀线程组：1000用户 1-706
2026-07-17 20:17:59,766 INFO o.a.j.t.JMeterThread: Thread is done: 秒杀线程组：1000用户 1-711
2026-07-17 20:17:59,766 INFO o.a.j.t.JMeterThread: Thread started: 秒杀线程组：1000用户 1-720
2026-07-17 20:17:59,766 INFO o.a.j.t.JMeterThread: Thread finished: 秒杀线程组：1000用户 1-711
2026-07-17 20:17:59,766 INFO o.a.j.t.JMeterThread: Thread finished: 秒杀线程组：1000用户 1-706
2026-07-17 20:17:59,766 INFO o.a.j.t.JMeterThread: Thread started: 秒杀线程组：1000用户 1-715
2026-07-17 20:17:59,767 INFO o.a.j.t.JMeterThread: Thread started: 秒杀线程组：1000用户 1-721
2026-07-17 20:17:59,767 INFO o.a.j.t.JMeterThread: Thread started: 秒杀线程组：1000用户 1-723
2026-07-17 20:17:59,767 INFO o.a.j.t.JMeterThread: Thread started: 秒杀线程组：1000用户 1-716
2026-07-17 20:17:59,768 INFO o.a.j.t.JMeterThread: Thread started: 秒杀线程组：1000用户 1-722
2026-07-17 20:17:59,768 INFO o.a.j.t.JMeterThread: Thread started: 秒杀线程组：1000用户 1-717
2026-07-17 20:17:59,768 INFO o.a.j.t.JMeterThread: Thread started: 秒杀线程组：1000用户 1-718
2026-07-17 20:17:59,768 INFO o.a.j.t.JMeterThread: Thread is done: 秒杀线程组：1000用户 1-707
2026-07-17 20:17:59,768 INFO o.a.j.t.JMeterThread: Thread finished: 秒杀线程组：1000用户 1-707
2026-07-17 20:17:59,769 INFO o.a.j.t.JMeterThread: Thread is done: 秒杀线程组：1000用户 1-714
2026-07-17 20:17:59,769 INFO o.a.j.t.JMeterThread: Thread finished: 秒杀线程组：1000用户 1-714
2026-07-17 20:17:59,769 INFO o.a.j.t.JMeterThread: Thread started: 秒杀线程组：1000用户 1-727
2026-07-17 20:17:59,769 INFO o.a.j.t.JMeterThread: Thread started: 秒杀线程组：1000用户 1-719
2026-07-17 20:17:59,769 INFO o.a.j.t.JMeterThread: Thread started: 秒杀线程组：1000用户 1-726
2026-07-17 20:17:59,770 INFO o.a.j.t.JMeterThread: Thread is done: 秒杀线程组：1000用户 1-705
2026-07-17 20:17:59,770 INFO o.a.j.t.JMeterThread: Thread finished: 秒杀线程组：1000用户 1-705
2026-07-17 20:17:59,770 INFO o.a.j.t.JMeterThread: Thread is done: 秒杀线程组：1000用户 1-710
2026-07-17 20:17:59,770 INFO o.a.j.t.JMeterThread: Thread started: 秒杀线程组：1000用户 1-728
2026-07-17 20:17:59,770 INFO o.a.j.t.JMeterThread: Thread finished: 秒杀线程组：1000用户 1-710
2026-07-17 20:17:59,770 INFO o.a.j.t.JMeterThread: Thread is done: 秒杀线程组：1000用户 1-712
2026-07-17 20:17:59,770 INFO o.a.j.t.JMeterThread: Thread finished: 秒杀线程组：1000用户 1-712
2026-07-17 20:17:59,770 INFO o.a.j.t.JMeterThread: Thread is done: 秒杀线程组：1000用户 1-708
2026-07-17 20:17:59,770 INFO o.a.j.t.JMeterThread: Thread finished: 秒杀线程组：1000用户 1-708
2026-07-17 20:17:59,771 INFO o.a.j.t.JMeterThread: Thread is done: 秒杀线程组：1000用户 1-713
2026-07-17 20:17:59,771 INFO o.a.j.t.JMeterThread: Thread finished: 秒杀线程组：1000用户 1-713
2026-07-17 20:17:59,771 INFO o.a.j.t.JMeterThread: Thread is done: 秒杀线程组：1000用户 1-715
2026-07-17 20:17:59,771 INFO o.a.j.t.JMeterThread: Thread finished: 秒杀线程组：1000用户 1-715
2026-07-17 20:17:59,771 INFO o.a.j.t.JMeterThread: Thread is done: 秒杀线程组：1000用户 1-720
2026-07-17 20:17:59,771 INFO o.a.j.t.JMeterThread: Thread finished: 秒杀线程组：1000用户 1-720
2026-07-17 20:17:59,772 INFO o.a.j.t.JMeterThread: Thread started: 秒杀线程组：1000用户 1-729
2026-07-17 20:17:59,772 INFO o.a.j.t.JMeterThread: Thread started: 秒杀线程组：1000用户 1-724
2026-07-17 20:17:59,772 INFO o.a.j.t.JMeterThread: Thread is done: 秒杀线程组：1000用户 1-716
2026-07-17 20:17:59,772 INFO o.a.j.t.JMeterThread: Thread finished: 秒杀线程组：1000用户 1-716
2026-07-17 20:17:59,772 INFO o.a.j.t.JMeterThread: Thread is done: 秒杀线程组：1000用户 1-723
2026-07-17 20:17:59,772 INFO o.a.j.t.JMeterThread: Thread finished: 秒杀线程组：1000用户 1-723
2026-07-17 20:17:59,772 INFO o.a.j.t.JMeterThread: Thread is done: 秒杀线程组：1000用户 1-721
2026-07-17 20:17:59,772 INFO o.a.j.t.JMeterThread: Thread finished: 秒杀线程组：1000用户 1-721
2026-07-17 20:17:59,772 INFO o.a.j.t.JMeterThread: Thread is done: 秒杀线程组：1000用户 1-722
2026-07-17 20:17:59,774 INFO o.a.j.t.JMeterThread: Thread finished: 秒杀线程组：1000用户 1-722
2026-07-17 20:17:59,774 INFO o.a.j.t.JMeterThread: Thread started: 秒杀线程组：1000用户 1-725
2026-07-17 20:17:59,774 INFO o.a.j.t.JMeterThread: Thread is done: 秒杀线程组：1000用户 1-718
2026-07-17 20:17:59,774 INFO o.a.j.t.JMeterThread: Thread finished: 秒杀线程组：1000用户 1-718
2026-07-17 20:17:59,775 INFO o.a.j.t.JMeterThread: Thread started: 秒杀线程组：1000用户 1-731
2026-07-17 20:17:59,775 INFO o.a.j.t.JMeterThread: Thread is done: 秒杀线程组：1000用户 1-717
2026-07-17 20:17:59,775 INFO o.a.j.t.JMeterThread: Thread finished: 秒杀线程组：1000用户 1-717
2026-07-17 20:17:59,775 INFO o.a.j.t.JMeterThread: Thread is done: 秒杀线程组：1000用户 1-726
2026-07-17 20:17:59,775 INFO o.a.j.t.JMeterThread: Thread finished: 秒杀线程组：1000用户 1-726
2026-07-17 20:17:59,776 INFO o.a.j.t.JMeterThread: Thread is done: 秒杀线程组：1000用户 1-727
2026-07-17 20:17:59,776 INFO o.a.j.t.JMeterThread: Thread finished: 秒杀线程组：1000用户 1-727
2026-07-17 20:17:59,776 INFO o.a.j.t.JMeterThread: Thread is done: 秒杀线程组：1000用户 1-719
2026-07-17 20:17:59,776 INFO o.a.j.t.JMeterThread: Thread finished: 秒杀线程组：1000用户 1-719
2026-07-17 20:17:59,776 INFO o.a.j.t.JMeterThread: Thread is done: 秒杀线程组：1000用户 1-728
2026-07-17 20:17:59,776 INFO o.a.j.t.JMeterThread: Thread finished: 秒杀线程组：1000用户 1-728
2026-07-17 20:17:59,778 INFO o.a.j.t.JMeterThread: Thread is done: 秒杀线程组：1000用户 1-729
2026-07-17 20:17:59,778 INFO o.a.j.t.JMeterThread: Thread finished: 秒杀线程组：1000用户 1-729
2026-07-17 20:17:59,778 INFO o.a.j.t.JMeterThread: Thread is done: 秒杀线程组：1000用户 1-724
2026-07-17 20:17:59,778 INFO o.a.j.t.JMeterThread: Thread finished: 秒杀线程组：1000用户 1-724
2026-07-17 20:17:59,779 INFO o.a.j.t.JMeterThread: Thread started: 秒杀线程组：1000用户 1-737
2026-07-17 20:17:59,779 INFO o.a.j.t.JMeterThread: Thread started: 秒杀线程组：1000用户 1-730
2026-07-17 20:17:59,779 INFO o.a.j.t.JMeterThread: Thread started: 秒杀线程组：1000用户 1-732
2026-07-17 20:17:59,780 INFO o.a.j.t.JMeterThread: Thread is done: 秒杀线程组：1000用户 1-725
2026-07-17 20:17:59,780 INFO o.a.j.t.JMeterThread: Thread finished: 秒杀线程组：1000用户 1-725
2026-07-17 20:17:59,780 INFO o.a.j.t.JMeterThread: Thread is done: 秒杀线程组：1000用户 1-731
2026-07-17 20:17:59,780 INFO o.a.j.t.JMeterThread: Thread finished: 秒杀线程组：1000用户 1-731
2026-07-17 20:17:59,782 INFO o.a.j.t.JMeterThread: Thread started: 秒杀线程组：1000用户 1-739
2026-07-17 20:17:59,782 INFO o.a.j.t.JMeterThread: Thread started: 秒杀线程组：1000用户 1-734
2026-07-17 20:17:59,783 INFO o.a.j.t.JMeterThread: Thread started: 秒杀线程组：1000用户 1-741
2026-07-17 20:17:59,783 INFO o.a.j.t.JMeterThread: Thread started: 秒杀线程组：1000用户 1-735
2026-07-17 20:17:59,783 INFO o.a.j.t.JMeterThread: Thread started: 秒杀线程组：1000用户 1-740
2026-07-17 20:17:59,784 INFO o.a.j.t.JMeterThread: Thread started: 秒杀线程组：1000用户 1-738
2026-07-17 20:17:59,784 INFO o.a.j.t.JMeterThread: Thread started: 秒杀线程组：1000用户 1-736
2026-07-17 20:17:59,785 INFO o.a.j.t.JMeterThread: Thread started: 秒杀线程组：1000用户 1-743
2026-07-17 20:17:59,786 INFO o.a.j.t.JMeterThread: Thread is done: 秒杀线程组：1000用户 1-730
2026-07-17 20:17:59,786 INFO o.a.j.t.JMeterThread: Thread finished: 秒杀线程组：1000用户 1-730
2026-07-17 20:17:59,786 INFO o.a.j.t.JMeterThread: Thread is done: 秒杀线程组：1000用户 1-732
2026-07-17 20:17:59,786 INFO o.a.j.t.JMeterThread: Thread is done: 秒杀线程组：1000用户 1-737
2026-07-17 20:17:59,786 INFO o.a.j.t.JMeterThread: Thread finished: 秒杀线程组：1000用户 1-732
2026-07-17 20:17:59,786 INFO o.a.j.t.JMeterThread: Thread finished: 秒杀线程组：1000用户 1-737
2026-07-17 20:17:59,788 INFO o.a.j.t.JMeterThread: Thread started: 秒杀线程组：1000用户 1-742
2026-07-17 20:17:59,788 INFO o.a.j.t.JMeterThread: Thread started: 秒杀线程组：1000用户 1-733
2026-07-17 20:17:59,789 INFO o.a.j.t.JMeterThread: Thread is done: 秒杀线程组：1000用户 1-734
2026-07-17 20:17:59,789 INFO o.a.j.t.JMeterThread: Thread finished: 秒杀线程组：1000用户 1-734
2026-07-17 20:17:59,789 INFO o.a.j.t.JMeterThread: Thread is done: 秒杀线程组：1000用户 1-739
2026-07-17 20:17:59,789 INFO o.a.j.t.JMeterThread: Thread is done: 秒杀线程组：1000用户 1-735
2026-07-17 20:17:59,789 INFO o.a.j.t.JMeterThread: Thread is done: 秒杀线程组：1000用户 1-741
2026-07-17 20:17:59,790 INFO o.a.j.t.JMeterThread: Thread finished: 秒杀线程组：1000用户 1-739
2026-07-17 20:17:59,790 INFO o.a.j.t.JMeterThread: Thread finished: 秒杀线程组：1000用户 1-741
2026-07-17 20:17:59,790 INFO o.a.j.t.JMeterThread: Thread finished: 秒杀线程组：1000用户 1-735
2026-07-17 20:17:59,790 INFO o.a.j.t.JMeterThread: Thread started: 秒杀线程组：1000用户 1-744
2026-07-17 20:17:59,790 INFO o.a.j.t.JMeterThread: Thread is done: 秒杀线程组：1000用户 1-740
2026-07-17 20:17:59,791 INFO o.a.j.t.JMeterThread: Thread finished: 秒杀线程组：1000用户 1-740
2026-07-17 20:17:59,791 INFO o.a.j.t.JMeterThread: Thread started: 秒杀线程组：1000用户 1-749
2026-07-17 20:17:59,791 INFO o.a.j.t.JMeterThread: Thread is done: 秒杀线程组：1000用户 1-736
2026-07-17 20:17:59,791 INFO o.a.j.t.JMeterThread: Thread started: 秒杀线程组：1000用户 1-750
2026-07-17 20:17:59,791 INFO o.a.j.t.JMeterThread: Thread finished: 秒杀线程组：1000用户 1-736
2026-07-17 20:17:59,791 INFO o.a.j.t.JMeterThread: Thread is done: 秒杀线程组：1000用户 1-738
2026-07-17 20:17:59,791 INFO o.a.j.t.JMeterThread: Thread finished: 秒杀线程组：1000用户 1-738
2026-07-17 20:17:59,792 INFO o.a.j.t.JMeterThread: Thread started: 秒杀线程组：1000用户 1-751
2026-07-17 20:17:59,792 INFO o.a.j.t.JMeterThread: Thread is done: 秒杀线程组：1000用户 1-743
2026-07-17 20:17:59,792 INFO o.a.j.t.JMeterThread: Thread finished: 秒杀线程组：1000用户 1-743
2026-07-17 20:17:59,793 INFO o.a.j.t.JMeterThread: Thread started: 秒杀线程组：1000用户 1-746
2026-07-17 20:17:59,793 INFO o.a.j.t.JMeterThread: Thread started: 秒杀线程组：1000用户 1-753
2026-07-17 20:17:59,793 INFO o.a.j.t.JMeterThread: Thread started: 秒杀线程组：1000用户 1-747
2026-07-17 20:17:59,793 INFO o.a.j.t.JMeterThread: Thread started: 秒杀线程组：1000用户 1-745
2026-07-17 20:17:59,794 INFO o.a.j.t.JMeterThread: Thread started: 秒杀线程组：1000用户 1-748
2026-07-17 20:17:59,794 INFO o.a.j.t.JMeterThread: Thread is done: 秒杀线程组：1000用户 1-733
2026-07-17 20:17:59,794 INFO o.a.j.t.JMeterThread: Thread finished: 秒杀线程组：1000用户 1-733
2026-07-17 20:17:59,794 INFO o.a.j.t.JMeterThread: Thread is done: 秒杀线程组：1000用户 1-742
2026-07-17 20:17:59,794 INFO o.a.j.t.JMeterThread: Thread finished: 秒杀线程组：1000用户 1-742
2026-07-17 20:17:59,797 INFO o.a.j.t.JMeterThread: Thread started: 秒杀线程组：1000用户 1-755
2026-07-17 20:17:59,798 INFO o.a.j.t.JMeterThread: Thread is done: 秒杀线程组：1000用户 1-749
2026-07-17 20:17:59,798 INFO o.a.j.t.JMeterThread: Thread is done: 秒杀线程组：1000用户 1-751
2026-07-17 20:17:59,798 INFO o.a.j.t.JMeterThread: Thread finished: 秒杀线程组：1000用户 1-749
2026-07-17 20:17:59,798 INFO o.a.j.t.JMeterThread: Thread finished: 秒杀线程组：1000用户 1-751
2026-07-17 20:17:59,798 INFO o.a.j.t.JMeterThread: Thread started: 秒杀线程组：1000用户 1-758
2026-07-17 20:17:59,798 INFO o.a.j.t.JMeterThread: Thread is done: 秒杀线程组：1000用户 1-750
2026-07-17 20:17:59,798 INFO o.a.j.t.JMeterThread: Thread is done: 秒杀线程组：1000用户 1-744
2026-07-17 20:17:59,798 INFO o.a.j.t.JMeterThread: Thread finished: 秒杀线程组：1000用户 1-750
2026-07-17 20:17:59,798 INFO o.a.j.t.JMeterThread: Thread finished: 秒杀线程组：1000用户 1-744
2026-07-17 20:17:59,800 INFO o.a.j.t.JMeterThread: Thread is done: 秒杀线程组：1000用户 1-745
2026-07-17 20:17:59,800 INFO o.a.j.t.JMeterThread: Thread started: 秒杀线程组：1000用户 1-752
2026-07-17 20:17:59,800 INFO o.a.j.t.JMeterThread: Thread started: 秒杀线程组：1000用户 1-754
2026-07-17 20:17:59,800 INFO o.a.j.t.JMeterThread: Thread finished: 秒杀线程组：1000用户 1-745
2026-07-17 20:17:59,800 INFO o.a.j.t.JMeterThread: Thread is done: 秒杀线程组：1000用户 1-746
2026-07-17 20:17:59,800 INFO o.a.j.t.JMeterThread: Thread finished: 秒杀线程组：1000用户 1-746
2026-07-17 20:17:59,800 INFO o.a.j.t.JMeterThread: Thread is done: 秒杀线程组：1000用户 1-747
2026-07-17 20:17:59,800 INFO o.a.j.t.JMeterThread: Thread finished: 秒杀线程组：1000用户 1-747
2026-07-17 20:17:59,800 INFO o.a.j.t.JMeterThread: Thread is done: 秒杀线程组：1000用户 1-748
2026-07-17 20:17:59,802 INFO o.a.j.t.JMeterThread: Thread started: 秒杀线程组：1000用户 1-756
2026-07-17 20:17:59,802 INFO o.a.j.t.JMeterThread: Thread finished: 秒杀线程组：1000用户 1-748
2026-07-17 20:17:59,802 INFO o.a.j.t.JMeterThread: Thread started: 秒杀线程组：1000用户 1-761
2026-07-17 20:17:59,802 INFO o.a.j.t.JMeterThread: Thread started: 秒杀线程组：1000用户 1-757
2026-07-17 20:17:59,802 INFO o.a.j.t.JMeterThread: Thread is done: 秒杀线程组：1000用户 1-753
2026-07-17 20:17:59,802 INFO o.a.j.t.JMeterThread: Thread finished: 秒杀线程组：1000用户 1-753
2026-07-17 20:17:59,803 INFO o.a.j.t.JMeterThread: Thread started: 秒杀线程组：1000用户 1-763
2026-07-17 20:17:59,803 INFO o.a.j.t.JMeterThread: Thread started: 秒杀线程组：1000用户 1-759
2026-07-17 20:17:59,804 INFO o.a.j.t.JMeterThread: Thread started: 秒杀线程组：1000用户 1-760
2026-07-17 20:17:59,805 INFO o.a.j.t.JMeterThread: Thread started: 秒杀线程组：1000用户 1-765
2026-07-17 20:17:59,806 INFO o.a.j.t.JMeterThread: Thread is done: 秒杀线程组：1000用户 1-755
2026-07-17 20:17:59,806 INFO o.a.j.t.JMeterThread: Thread finished: 秒杀线程组：1000用户 1-755
2026-07-17 20:17:59,806 INFO o.a.j.t.JMeterThread: Thread is done: 秒杀线程组：1000用户 1-758
2026-07-17 20:17:59,806 INFO o.a.j.t.JMeterThread: Thread finished: 秒杀线程组：1000用户 1-758
2026-07-17 20:17:59,807 INFO o.a.j.t.JMeterThread: Thread started: 秒杀线程组：1000用户 1-767
2026-07-17 20:17:59,807 INFO o.a.j.t.JMeterThread: Thread started: 秒杀线程组：1000用户 1-762
2026-07-17 20:17:59,808 INFO o.a.j.t.JMeterThread: Thread is done: 秒杀线程组：1000用户 1-752
2026-07-17 20:17:59,808 INFO o.a.j.t.JMeterThread: Thread finished: 秒杀线程组：1000用户 1-752
2026-07-17 20:17:59,808 INFO o.a.j.t.JMeterThread: Thread is done: 秒杀线程组：1000用户 1-754
2026-07-17 20:17:59,808 INFO o.a.j.t.JMeterThread: Thread finished: 秒杀线程组：1000用户 1-754
2026-07-17 20:17:59,808 INFO o.a.j.t.JMeterThread: Thread is done: 秒杀线程组：1000用户 1-761
2026-07-17 20:17:59,808 INFO o.a.j.t.JMeterThread: Thread finished: 秒杀线程组：1000用户 1-761
2026-07-17 20:17:59,808 INFO o.a.j.t.JMeterThread: Thread is done: 秒杀线程组：1000用户 1-756
2026-07-17 20:17:59,808 INFO o.a.j.t.JMeterThread: Thread finished: 秒杀线程组：1000用户 1-756
2026-07-17 20:17:59,808 INFO o.a.j.t.JMeterThread: Thread is done: 秒杀线程组：1000用户 1-759
2026-07-17 20:17:59,808 INFO o.a.j.t.JMeterThread: Thread finished: 秒杀线程组：1000用户 1-759
2026-07-17 20:17:59,808 INFO o.a.j.t.JMeterThread: Thread is done: 秒杀线程组：1000用户 1-757
2026-07-17 20:17:59,808 INFO o.a.j.t.JMeterThread: Thread finished: 秒杀线程组：1000用户 1-757
2026-07-17 20:17:59,810 INFO o.a.j.t.JMeterThread: Thread started: 秒杀线程组：1000用户 1-770
2026-07-17 20:17:59,810 INFO o.a.j.t.JMeterThread: Thread started: 秒杀线程组：1000用户 1-772
2026-07-17 20:17:59,810 INFO o.a.j.t.JMeterThread: Thread is done: 秒杀线程组：1000用户 1-763
2026-07-17 20:17:59,810 INFO o.a.j.t.JMeterThread: Thread finished: 秒杀线程组：1000用户 1-763
2026-07-17 20:17:59,810 INFO o.a.j.t.JMeterThread: Thread is done: 秒杀线程组：1000用户 1-760
2026-07-17 20:17:59,810 INFO o.a.j.t.JMeterThread: Thread finished: 秒杀线程组：1000用户 1-760
2026-07-17 20:17:59,811 INFO o.a.j.t.JMeterThread: Thread started: 秒杀线程组：1000用户 1-771
2026-07-17 20:17:59,811 INFO o.a.j.t.JMeterThread: Thread started: 秒杀线程组：1000用户 1-766
2026-07-17 20:17:59,811 INFO o.a.j.t.JMeterThread: Thread started: 秒杀线程组：1000用户 1-764
2026-07-17 20:17:59,811 INFO o.a.j.t.JMeterThread: Thread is done: 秒杀线程组：1000用户 1-765
2026-07-17 20:17:59,811 INFO o.a.j.t.JMeterThread: Thread finished: 秒杀线程组：1000用户 1-765
2026-07-17 20:17:59,812 INFO o.a.j.t.JMeterThread: Thread started: 秒杀线程组：1000用户 1-773
2026-07-17 20:17:59,813 INFO o.a.j.t.JMeterThread: Thread started: 秒杀线程组：1000用户 1-774
2026-07-17 20:17:59,813 INFO o.a.j.t.JMeterThread: Thread started: 秒杀线程组：1000用户 1-768
2026-07-17 20:17:59,813 INFO o.a.j.t.JMeterThread: Thread is done: 秒杀线程组：1000用户 1-767
2026-07-17 20:17:59,813 INFO o.a.j.t.JMeterThread: Thread finished: 秒杀线程组：1000用户 1-767
2026-07-17 20:17:59,813 INFO o.a.j.t.JMeterThread: Thread is done: 秒杀线程组：1000用户 1-762
2026-07-17 20:17:59,814 INFO o.a.j.t.JMeterThread: Thread finished: 秒杀线程组：1000用户 1-762
2026-07-17 20:17:59,814 INFO o.a.j.t.JMeterThread: Thread started: 秒杀线程组：1000用户 1-775
2026-07-17 20:17:59,815 INFO o.a.j.t.JMeterThread: Thread is done: 秒杀线程组：1000用户 1-770
2026-07-17 20:17:59,815 INFO o.a.j.t.JMeterThread: Thread finished: 秒杀线程组：1000用户 1-770
2026-07-17 20:17:59,815 INFO o.a.j.t.JMeterThread: Thread is done: 秒杀线程组：1000用户 1-766
2026-07-17 20:17:59,815 INFO o.a.j.t.JMeterThread: Thread is done: 秒杀线程组：1000用户 1-772
2026-07-17 20:17:59,815 INFO o.a.j.t.JMeterThread: Thread finished: 秒杀线程组：1000用户 1-766
2026-07-17 20:17:59,815 INFO o.a.j.t.JMeterThread: Thread finished: 秒杀线程组：1000用户 1-772
2026-07-17 20:17:59,817 INFO o.a.j.t.JMeterThread: Thread is done: 秒杀线程组：1000用户 1-764
2026-07-17 20:17:59,817 INFO o.a.j.t.JMeterThread: Thread finished: 秒杀线程组：1000用户 1-764
2026-07-17 20:17:59,817 INFO o.a.j.t.JMeterThread: Thread is done: 秒杀线程组：1000用户 1-771
2026-07-17 20:17:59,817 INFO o.a.j.t.JMeterThread: Thread finished: 秒杀线程组：1000用户 1-771
2026-07-17 20:17:59,818 INFO o.a.j.t.JMeterThread: Thread started: 秒杀线程组：1000用户 1-779
2026-07-17 20:17:59,818 INFO o.a.j.t.JMeterThread: Thread started: 秒杀线程组：1000用户 1-769
2026-07-17 20:17:59,818 INFO o.a.j.t.JMeterThread: Thread started: 秒杀线程组：1000用户 1-776
2026-07-17 20:17:59,819 INFO o.a.j.t.JMeterThread: Thread started: 秒杀线程组：1000用户 1-777
2026-07-17 20:17:59,820 INFO o.a.j.t.JMeterThread: Thread started: 秒杀线程组：1000用户 1-781
2026-07-17 20:17:59,820 INFO o.a.j.t.JMeterThread: Thread is done: 秒杀线程组：1000用户 1-774
2026-07-17 20:17:59,820 INFO o.a.j.t.JMeterThread: Thread finished: 秒杀线程组：1000用户 1-774
2026-07-17 20:17:59,820 INFO o.a.j.t.JMeterThread: Thread is done: 秒杀线程组：1000用户 1-773
2026-07-17 20:17:59,820 INFO o.a.j.t.JMeterThread: Thread finished: 秒杀线程组：1000用户 1-773
2026-07-17 20:17:59,821 INFO o.a.j.t.JMeterThread: Thread started: 秒杀线程组：1000用户 1-783
2026-07-17 20:17:59,822 INFO o.a.j.t.JMeterThread: Thread started: 秒杀线程组：1000用户 1-780
2026-07-17 20:17:59,822 INFO o.a.j.t.JMeterThread: Thread is done: 秒杀线程组：1000用户 1-768
2026-07-17 20:17:59,822 INFO o.a.j.t.JMeterThread: Thread is done: 秒杀线程组：1000用户 1-775
2026-07-17 20:17:59,822 INFO o.a.j.t.JMeterThread: Thread finished: 秒杀线程组：1000用户 1-768
2026-07-17 20:17:59,822 INFO o.a.j.t.JMeterThread: Thread finished: 秒杀线程组：1000用户 1-775
2026-07-17 20:17:59,825 INFO o.a.j.t.JMeterThread: Thread started: 秒杀线程组：1000用户 1-786
2026-07-17 20:17:59,825 INFO o.a.j.t.JMeterThread: Thread started: 秒杀线程组：1000用户 1-782
2026-07-17 20:17:59,825 INFO o.a.j.t.JMeterThread: Thread is done: 秒杀线程组：1000用户 1-769
2026-07-17 20:17:59,825 INFO o.a.j.t.JMeterThread: Thread finished: 秒杀线程组：1000用户 1-769
2026-07-17 20:17:59,826 INFO o.a.j.t.JMeterThread: Thread started: 秒杀线程组：1000用户 1-787
2026-07-17 20:17:59,826 INFO o.a.j.t.JMeterThread: Thread started: 秒杀线程组：1000用户 1-784
2026-07-17 20:17:59,826 INFO o.a.j.t.JMeterThread: Thread is done: 秒杀线程组：1000用户 1-776
2026-07-17 20:17:59,826 INFO o.a.j.t.JMeterThread: Thread finished: 秒杀线程组：1000用户 1-776
2026-07-17 20:17:59,826 INFO o.a.j.t.JMeterThread: Thread is done: 秒杀线程组：1000用户 1-779
2026-07-17 20:17:59,826 INFO o.a.j.t.JMeterThread: Thread finished: 秒杀线程组：1000用户 1-779
2026-07-17 20:17:59,826 INFO o.a.j.t.JMeterThread: Thread is done: 秒杀线程组：1000用户 1-781
2026-07-17 20:17:59,826 INFO o.a.j.t.JMeterThread: Thread finished: 秒杀线程组：1000用户 1-781
2026-07-17 20:17:59,826 INFO o.a.j.t.JMeterThread: Thread is done: 秒杀线程组：1000用户 1-777
2026-07-17 20:17:59,826 INFO o.a.j.t.JMeterThread: Thread finished: 秒杀线程组：1000用户 1-777
2026-07-17 20:17:59,826 INFO o.a.j.t.JMeterThread: Thread is done: 秒杀线程组：1000用户 1-783
2026-07-17 20:17:59,828 INFO o.a.j.t.JMeterThread: Thread finished: 秒杀线程组：1000用户 1-783
2026-07-17 20:17:59,828 INFO o.a.j.t.JMeterThread: Thread started: 秒杀线程组：1000用户 1-785
2026-07-17 20:17:59,828 INFO o.a.j.t.JMeterThread: Thread started: 秒杀线程组：1000用户 1-778
2026-07-17 20:17:59,829 INFO o.a.j.t.JMeterThread: Thread is done: 秒杀线程组：1000用户 1-780
2026-07-17 20:17:59,829 INFO o.a.j.t.JMeterThread: Thread finished: 秒杀线程组：1000用户 1-780
2026-07-17 20:17:59,831 INFO o.a.j.t.JMeterThread: Thread started: 秒杀线程组：1000用户 1-788
2026-07-17 20:17:59,831 INFO o.a.j.t.JMeterThread: Thread started: 秒杀线程组：1000用户 1-791
2026-07-17 20:17:59,831 INFO o.a.j.t.JMeterThread: Thread started: 秒杀线程组：1000用户 1-789
2026-07-17 20:17:59,831 INFO o.a.j.t.JMeterThread: Thread started: 秒杀线程组：1000用户 1-792
2026-07-17 20:17:59,831 INFO o.a.j.t.JMeterThread: Thread is done: 秒杀线程组：1000用户 1-782
2026-07-17 20:17:59,831 INFO o.a.j.t.JMeterThread: Thread finished: 秒杀线程组：1000用户 1-782
2026-07-17 20:17:59,831 INFO o.a.j.t.JMeterThread: Thread started: 秒杀线程组：1000用户 1-795
2026-07-17 20:17:59,831 INFO o.a.j.t.JMeterThread: Thread is done: 秒杀线程组：1000用户 1-786
2026-07-17 20:17:59,831 INFO o.a.j.t.JMeterThread: Thread finished: 秒杀线程组：1000用户 1-786
2026-07-17 20:17:59,833 INFO o.a.j.t.JMeterThread: Thread started: 秒杀线程组：1000用户 1-790
2026-07-17 20:17:59,833 INFO o.a.j.t.JMeterThread: Thread is done: 秒杀线程组：1000用户 1-784
2026-07-17 20:17:59,833 INFO o.a.j.t.JMeterThread: Thread finished: 秒杀线程组：1000用户 1-784
2026-07-17 20:17:59,833 INFO o.a.j.t.JMeterThread: Thread is done: 秒杀线程组：1000用户 1-785
2026-07-17 20:17:59,833 INFO o.a.j.t.JMeterThread: Thread finished: 秒杀线程组：1000用户 1-785
2026-07-17 20:17:59,833 INFO o.a.j.t.JMeterThread: Thread started: 秒杀线程组：1000用户 1-798
2026-07-17 20:17:59,833 INFO o.a.j.t.JMeterThread: Thread is done: 秒杀线程组：1000用户 1-787
2026-07-17 20:17:59,833 INFO o.a.j.t.JMeterThread: Thread finished: 秒杀线程组：1000用户 1-787
2026-07-17 20:17:59,835 INFO o.a.j.t.JMeterThread: Thread started: 秒杀线程组：1000用户 1-794
2026-07-17 20:17:59,835 INFO o.a.j.t.JMeterThread: Thread started: 秒杀线程组：1000用户 1-799
2026-07-17 20:17:59,836 INFO o.a.j.t.JMeterThread: Thread is done: 秒杀线程组：1000用户 1-778
2026-07-17 20:17:59,836 INFO o.a.j.t.JMeterThread: Thread is done: 秒杀线程组：1000用户 1-792
2026-07-17 20:17:59,836 INFO o.a.j.t.JMeterThread: Thread is done: 秒杀线程组：1000用户 1-789
2026-07-17 20:17:59,836 INFO o.a.j.t.JMeterThread: Thread finished: 秒杀线程组：1000用户 1-778
2026-07-17 20:17:59,836 INFO o.a.j.t.JMeterThread: Thread is done: 秒杀线程组：1000用户 1-795
2026-07-17 20:17:59,836 INFO o.a.j.t.JMeterThread: Thread is done: 秒杀线程组：1000用户 1-788
2026-07-17 20:17:59,836 INFO o.a.j.t.JMeterThread: Thread finished: 秒杀线程组：1000用户 1-795
2026-07-17 20:17:59,836 INFO o.a.j.t.JMeterThread: Thread finished: 秒杀线程组：1000用户 1-789
2026-07-17 20:17:59,836 INFO o.a.j.t.JMeterThread: Thread finished: 秒杀线程组：1000用户 1-792
2026-07-17 20:17:59,836 INFO o.a.j.t.JMeterThread: Thread finished: 秒杀线程组：1000用户 1-788
2026-07-17 20:17:59,836 INFO o.a.j.t.JMeterThread: Thread is done: 秒杀线程组：1000用户 1-791
2026-07-17 20:17:59,836 INFO o.a.j.t.JMeterThread: Thread finished: 秒杀线程组：1000用户 1-791
2026-07-17 20:17:59,838 INFO o.a.j.t.JMeterThread: Thread started: 秒杀线程组：1000用户 1-800
2026-07-17 20:17:59,838 INFO o.a.j.t.JMeterThread: Thread started: 秒杀线程组：1000用户 1-803
2026-07-17 20:17:59,838 INFO o.a.j.t.JMeterThread: Thread started: 秒杀线程组：1000用户 1-793
2026-07-17 20:17:59,838 INFO o.a.j.t.JMeterThread: Thread started: 秒杀线程组：1000用户 1-802
2026-07-17 20:17:59,838 INFO o.a.j.t.JMeterThread: Thread started: 秒杀线程组：1000用户 1-797
2026-07-17 20:17:59,838 INFO o.a.j.t.JMeterThread: Thread is done: 秒杀线程组：1000用户 1-790
2026-07-17 20:17:59,839 INFO o.a.j.t.JMeterThread: Thread finished: 秒杀线程组：1000用户 1-790
2026-07-17 20:17:59,839 INFO o.a.j.t.JMeterThread: Thread is done: 秒杀线程组：1000用户 1-798
2026-07-17 20:17:59,839 INFO o.a.j.t.JMeterThread: Thread finished: 秒杀线程组：1000用户 1-798
2026-07-17 20:17:59,840 INFO o.a.j.t.JMeterThread: Thread started: 秒杀线程组：1000用户 1-804
2026-07-17 20:17:59,840 INFO o.a.j.t.JMeterThread: Thread is done: 秒杀线程组：1000用户 1-794
2026-07-17 20:17:59,840 INFO o.a.j.t.JMeterThread: Thread finished: 秒杀线程组：1000用户 1-794
2026-07-17 20:17:59,840 INFO o.a.j.t.JMeterThread: Thread is done: 秒杀线程组：1000用户 1-799
2026-07-17 20:17:59,840 INFO o.a.j.t.JMeterThread: Thread finished: 秒杀线程组：1000用户 1-799
2026-07-17 20:17:59,843 INFO o.a.j.t.JMeterThread: Thread started: 秒杀线程组：1000用户 1-807
2026-07-17 20:17:59,844 INFO o.a.j.t.JMeterThread: Thread started: 秒杀线程组：1000用户 1-796
2026-07-17 20:17:59,844 INFO o.a.j.t.JMeterThread: Thread started: 秒杀线程组：1000用户 1-808
2026-07-17 20:17:59,844 INFO o.a.j.t.JMeterThread: Thread is done: 秒杀线程组：1000用户 1-800
2026-07-17 20:17:59,844 INFO o.a.j.t.JMeterThread: Thread finished: 秒杀线程组：1000用户 1-800
2026-07-17 20:17:59,846 INFO o.a.j.t.JMeterThread: Thread is done: 秒杀线程组：1000用户 1-802
2026-07-17 20:17:59,846 INFO o.a.j.t.JMeterThread: Thread started: 秒杀线程组：1000用户 1-801
2026-07-17 20:17:59,846 INFO o.a.j.t.JMeterThread: Thread finished: 秒杀线程组：1000用户 1-802
2026-07-17 20:17:59,846 INFO o.a.j.t.JMeterThread: Thread is done: 秒杀线程组：1000用户 1-803
2026-07-17 20:17:59,846 INFO o.a.j.t.JMeterThread: Thread finished: 秒杀线程组：1000用户 1-803
2026-07-17 20:17:59,846 INFO o.a.j.t.JMeterThread: Thread is done: 秒杀线程组：1000用户 1-797
2026-07-17 20:17:59,846 INFO o.a.j.t.JMeterThread: Thread finished: 秒杀线程组：1000用户 1-797
2026-07-17 20:17:59,847 INFO o.a.j.t.JMeterThread: Thread is done: 秒杀线程组：1000用户 1-804
2026-07-17 20:17:59,847 INFO o.a.j.t.JMeterThread: Thread finished: 秒杀线程组：1000用户 1-804
2026-07-17 20:17:59,847 INFO o.a.j.t.JMeterThread: Thread started: 秒杀线程组：1000用户 1-805
2026-07-17 20:17:59,847 INFO o.a.j.t.JMeterThread: Thread is done: 秒杀线程组：1000用户 1-793
2026-07-17 20:17:59,847 INFO o.a.j.t.JMeterThread: Thread finished: 秒杀线程组：1000用户 1-793
2026-07-17 20:17:59,847 INFO o.a.j.t.JMeterThread: Thread is done: 秒杀线程组：1000用户 1-807
2026-07-17 20:17:59,847 INFO o.a.j.t.JMeterThread: Thread finished: 秒杀线程组：1000用户 1-807
2026-07-17 20:17:59,849 INFO o.a.j.t.JMeterThread: Thread started: 秒杀线程组：1000用户 1-814
2026-07-17 20:17:59,849 INFO o.a.j.t.JMeterThread: Thread started: 秒杀线程组：1000用户 1-809
2026-07-17 20:17:59,849 INFO o.a.j.t.JMeterThread: Thread started: 秒杀线程组：1000用户 1-806
2026-07-17 20:17:59,849 INFO o.a.j.t.JMeterThread: Thread started: 秒杀线程组：1000用户 1-811
2026-07-17 20:17:59,849 INFO o.a.j.t.JMeterThread: Thread started: 秒杀线程组：1000用户 1-815
2026-07-17 20:17:59,849 INFO o.a.j.t.JMeterThread: Thread is done: 秒杀线程组：1000用户 1-796
2026-07-17 20:17:59,849 INFO o.a.j.t.JMeterThread: Thread finished: 秒杀线程组：1000用户 1-796
2026-07-17 20:17:59,850 INFO o.a.j.t.JMeterThread: Thread started: 秒杀线程组：1000用户 1-812
2026-07-17 20:17:59,850 INFO o.a.j.t.JMeterThread: Thread started: 秒杀线程组：1000用户 1-816
2026-07-17 20:17:59,850 INFO o.a.j.t.JMeterThread: Thread is done: 秒杀线程组：1000用户 1-801
2026-07-17 20:17:59,850 INFO o.a.j.t.JMeterThread: Thread is done: 秒杀线程组：1000用户 1-808
2026-07-17 20:17:59,850 INFO o.a.j.t.JMeterThread: Thread finished: 秒杀线程组：1000用户 1-801
2026-07-17 20:17:59,850 INFO o.a.j.t.JMeterThread: Thread finished: 秒杀线程组：1000用户 1-808
2026-07-17 20:17:59,851 INFO o.a.j.t.JMeterThread: Thread started: 秒杀线程组：1000用户 1-813
2026-07-17 20:17:59,851 INFO o.a.j.t.JMeterThread: Thread started: 秒杀线程组：1000用户 1-817
2026-07-17 20:17:59,851 INFO o.a.j.t.JMeterThread: Thread started: 秒杀线程组：1000用户 1-810
2026-07-17 20:17:59,852 INFO o.a.j.t.JMeterThread: Thread started: 秒杀线程组：1000用户 1-818
2026-07-17 20:17:59,852 INFO o.a.j.t.JMeterThread: Thread is done: 秒杀线程组：1000用户 1-805
2026-07-17 20:17:59,852 INFO o.a.j.t.JMeterThread: Thread finished: 秒杀线程组：1000用户 1-805
2026-07-17 20:17:59,854 INFO o.a.j.t.JMeterThread: Thread started: 秒杀线程组：1000用户 1-819
2026-07-17 20:17:59,854 INFO o.a.j.t.JMeterThread: Thread is done: 秒杀线程组：1000用户 1-809
2026-07-17 20:17:59,854 INFO o.a.j.t.JMeterThread: Thread finished: 秒杀线程组：1000用户 1-809
2026-07-17 20:17:59,855 INFO o.a.j.t.JMeterThread: Thread is done: 秒杀线程组：1000用户 1-806
2026-07-17 20:17:59,855 INFO o.a.j.t.JMeterThread: Thread is done: 秒杀线程组：1000用户 1-815
2026-07-17 20:17:59,855 INFO o.a.j.t.JMeterThread: Thread started: 秒杀线程组：1000用户 1-821
2026-07-17 20:17:59,855 INFO o.a.j.t.JMeterThread: Thread finished: 秒杀线程组：1000用户 1-815
2026-07-17 20:17:59,855 INFO o.a.j.t.JMeterThread: Thread is done: 秒杀线程组：1000用户 1-814
2026-07-17 20:17:59,855 INFO o.a.j.t.JMeterThread: Thread finished: 秒杀线程组：1000用户 1-806
2026-07-17 20:17:59,855 INFO o.a.j.t.JMeterThread: Thread finished: 秒杀线程组：1000用户 1-814
2026-07-17 20:17:59,855 INFO o.a.j.t.JMeterThread: Thread is done: 秒杀线程组：1000用户 1-811
2026-07-17 20:17:59,855 INFO o.a.j.t.JMeterThread: Thread finished: 秒杀线程组：1000用户 1-811
2026-07-17 20:17:59,856 INFO o.a.j.t.JMeterThread: Thread is done: 秒杀线程组：1000用户 1-812
2026-07-17 20:17:59,856 INFO o.a.j.t.JMeterThread: Thread finished: 秒杀线程组：1000用户 1-812
2026-07-17 20:17:59,856 INFO o.a.j.t.JMeterThread: Thread is done: 秒杀线程组：1000用户 1-810
2026-07-17 20:17:59,856 INFO o.a.j.t.JMeterThread: Thread is done: 秒杀线程组：1000用户 1-813
2026-07-17 20:17:59,856 INFO o.a.j.t.JMeterThread: Thread finished: 秒杀线程组：1000用户 1-810
2026-07-17 20:17:59,856 INFO o.a.j.t.JMeterThread: Thread is done: 秒杀线程组：1000用户 1-816
2026-07-17 20:17:59,856 INFO o.a.j.t.JMeterThread: Thread finished: 秒杀线程组：1000用户 1-816
2026-07-17 20:17:59,856 INFO o.a.j.t.JMeterThread: Thread finished: 秒杀线程组：1000用户 1-813
2026-07-17 20:17:59,857 INFO o.a.j.t.JMeterThread: Thread started: 秒杀线程组：1000用户 1-823
2026-07-17 20:17:59,857 INFO o.a.j.t.JMeterThread: Thread is done: 秒杀线程组：1000用户 1-817
2026-07-17 20:17:59,857 INFO o.a.j.t.JMeterThread: Thread finished: 秒杀线程组：1000用户 1-817
2026-07-17 20:17:59,858 INFO o.a.j.t.JMeterThread: Thread started: 秒杀线程组：1000用户 1-825
2026-07-17 20:17:59,858 INFO o.a.j.t.JMeterThread: Thread is done: 秒杀线程组：1000用户 1-818
2026-07-17 20:17:59,858 INFO o.a.j.t.JMeterThread: Thread finished: 秒杀线程组：1000用户 1-818
2026-07-17 20:17:59,859 INFO o.a.j.t.JMeterThread: Thread started: 秒杀线程组：1000用户 1-820
2026-07-17 20:17:59,859 INFO o.a.j.t.JMeterThread: Thread started: 秒杀线程组：1000用户 1-826
2026-07-17 20:17:59,859 INFO o.a.j.t.JMeterThread: Thread is done: 秒杀线程组：1000用户 1-819
2026-07-17 20:17:59,859 INFO o.a.j.t.JMeterThread: Thread finished: 秒杀线程组：1000用户 1-819
2026-07-17 20:17:59,860 INFO o.a.j.t.JMeterThread: Thread started: 秒杀线程组：1000用户 1-827
2026-07-17 20:17:59,860 INFO o.a.j.t.JMeterThread: Thread is done: 秒杀线程组：1000用户 1-821
2026-07-17 20:17:59,860 INFO o.a.j.t.JMeterThread: Thread finished: 秒杀线程组：1000用户 1-821
2026-07-17 20:17:59,861 INFO o.a.j.t.JMeterThread: Thread is done: 秒杀线程组：1000用户 1-823
2026-07-17 20:17:59,861 INFO o.a.j.t.JMeterThread: Thread finished: 秒杀线程组：1000用户 1-823
2026-07-17 20:17:59,862 INFO o.a.j.t.JMeterThread: Thread started: 秒杀线程组：1000用户 1-829
2026-07-17 20:17:59,862 INFO o.a.j.t.JMeterThread: Thread started: 秒杀线程组：1000用户 1-824
2026-07-17 20:17:59,862 INFO o.a.j.t.JMeterThread: Thread started: 秒杀线程组：1000用户 1-822
2026-07-17 20:17:59,862 INFO o.a.j.t.JMeterThread: Thread is done: 秒杀线程组：1000用户 1-825
2026-07-17 20:17:59,862 INFO o.a.j.t.JMeterThread: Thread finished: 秒杀线程组：1000用户 1-825
2026-07-17 20:17:59,862 INFO o.a.j.t.JMeterThread: Thread is done: 秒杀线程组：1000用户 1-820
2026-07-17 20:17:59,862 INFO o.a.j.t.JMeterThread: Thread finished: 秒杀线程组：1000用户 1-820
2026-07-17 20:17:59,864 INFO o.a.j.t.JMeterThread: Thread started: 秒杀线程组：1000用户 1-828
2026-07-17 20:17:59,864 INFO o.a.j.t.JMeterThread: Thread started: 秒杀线程组：1000用户 1-830
2026-07-17 20:17:59,864 INFO o.a.j.t.JMeterThread: Thread started: 秒杀线程组：1000用户 1-831
2026-07-17 20:17:59,864 INFO o.a.j.t.JMeterThread: Thread is done: 秒杀线程组：1000用户 1-826
2026-07-17 20:17:59,864 INFO o.a.j.t.JMeterThread: Thread is done: 秒杀线程组：1000用户 1-827
2026-07-17 20:17:59,864 INFO o.a.j.t.JMeterThread: Thread finished: 秒杀线程组：1000用户 1-826
2026-07-17 20:17:59,864 INFO o.a.j.t.JMeterThread: Thread finished: 秒杀线程组：1000用户 1-827
2026-07-17 20:17:59,868 INFO o.a.j.t.JMeterThread: Thread is done: 秒杀线程组：1000用户 1-822
2026-07-17 20:17:59,868 INFO o.a.j.t.JMeterThread: Thread finished: 秒杀线程组：1000用户 1-822
2026-07-17 20:17:59,868 INFO o.a.j.t.JMeterThread: Thread is done: 秒杀线程组：1000用户 1-831
2026-07-17 20:17:59,868 INFO o.a.j.t.JMeterThread: Thread is done: 秒杀线程组：1000用户 1-828
2026-07-17 20:17:59,868 INFO o.a.j.t.JMeterThread: Thread finished: 秒杀线程组：1000用户 1-831
2026-07-17 20:17:59,868 INFO o.a.j.t.JMeterThread: Thread is done: 秒杀线程组：1000用户 1-830
2026-07-17 20:17:59,868 INFO o.a.j.t.JMeterThread: Thread finished: 秒杀线程组：1000用户 1-830
2026-07-17 20:17:59,868 INFO o.a.j.t.JMeterThread: Thread finished: 秒杀线程组：1000用户 1-828
2026-07-17 20:17:59,869 INFO o.a.j.t.JMeterThread: Thread started: 秒杀线程组：1000用户 1-832
2026-07-17 20:17:59,869 INFO o.a.j.t.JMeterThread: Thread started: 秒杀线程组：1000用户 1-837
2026-07-17 20:17:59,869 INFO o.a.j.t.JMeterThread: Thread started: 秒杀线程组：1000用户 1-834
2026-07-17 20:17:59,870 INFO o.a.j.t.JMeterThread: Thread started: 秒杀线程组：1000用户 1-838
2026-07-17 20:17:59,871 INFO o.a.j.t.JMeterThread: Thread is done: 秒杀线程组：1000用户 1-824
2026-07-17 20:17:59,871 INFO o.a.j.t.JMeterThread: Thread finished: 秒杀线程组：1000用户 1-824
2026-07-17 20:17:59,871 INFO o.a.j.t.JMeterThread: Thread is done: 秒杀线程组：1000用户 1-829
2026-07-17 20:17:59,871 INFO o.a.j.t.JMeterThread: Thread finished: 秒杀线程组：1000用户 1-829
2026-07-17 20:17:59,874 INFO o.a.j.t.JMeterThread: Thread started: 秒杀线程组：1000用户 1-839
2026-07-17 20:17:59,874 INFO o.a.j.t.JMeterThread: Thread started: 秒杀线程组：1000用户 1-843
2026-07-17 20:17:59,874 INFO o.a.j.t.JMeterThread: Thread started: 秒杀线程组：1000用户 1-841
2026-07-17 20:17:59,875 INFO o.a.j.t.JMeterThread: Thread started: 秒杀线程组：1000用户 1-844
2026-07-17 20:17:59,875 INFO o.a.j.t.JMeterThread: Thread started: 秒杀线程组：1000用户 1-836
2026-07-17 20:17:59,877 INFO o.a.j.t.JMeterThread: Thread started: 秒杀线程组：1000用户 1-833
2026-07-17 20:17:59,878 INFO o.a.j.t.JMeterThread: Thread started: 秒杀线程组：1000用户 1-847
2026-07-17 20:17:59,878 INFO o.a.j.t.JMeterThread: Thread is done: 秒杀线程组：1000用户 1-834
2026-07-17 20:17:59,878 INFO o.a.j.t.JMeterThread: Thread is done: 秒杀线程组：1000用户 1-837
2026-07-17 20:17:59,878 INFO o.a.j.t.JMeterThread: Thread finished: 秒杀线程组：1000用户 1-837
2026-07-17 20:17:59,878 INFO o.a.j.t.JMeterThread: Thread finished: 秒杀线程组：1000用户 1-834
2026-07-17 20:17:59,878 INFO o.a.j.t.JMeterThread: Thread is done: 秒杀线程组：1000用户 1-838
2026-07-17 20:17:59,878 INFO o.a.j.t.JMeterThread: Thread finished: 秒杀线程组：1000用户 1-838
2026-07-17 20:17:59,878 INFO o.a.j.t.JMeterThread: Thread is done: 秒杀线程组：1000用户 1-832
2026-07-17 20:17:59,878 INFO o.a.j.t.JMeterThread: Thread finished: 秒杀线程组：1000用户 1-832
2026-07-17 20:17:59,879 INFO o.a.j.t.JMeterThread: Thread started: 秒杀线程组：1000用户 1-840
2026-07-17 20:17:59,879 INFO o.a.j.t.JMeterThread: Thread started: 秒杀线程组：1000用户 1-835
2026-07-17 20:17:59,880 INFO o.a.j.t.JMeterThread: Thread is done: 秒杀线程组：1000用户 1-843
2026-07-17 20:17:59,880 INFO o.a.j.t.JMeterThread: Thread is done: 秒杀线程组：1000用户 1-844
2026-07-17 20:17:59,880 INFO o.a.j.t.JMeterThread: Thread finished: 秒杀线程组：1000用户 1-844
2026-07-17 20:17:59,880 INFO o.a.j.t.JMeterThread: Thread finished: 秒杀线程组：1000用户 1-843
2026-07-17 20:17:59,881 INFO o.a.j.t.JMeterThread: Thread started: 秒杀线程组：1000用户 1-849
2026-07-17 20:17:59,881 INFO o.a.j.t.JMeterThread: Thread started: 秒杀线程组：1000用户 1-845
2026-07-17 20:17:59,881 INFO o.a.j.t.JMeterThread: Thread is done: 秒杀线程组：1000用户 1-839
2026-07-17 20:17:59,881 INFO o.a.j.t.JMeterThread: Thread finished: 秒杀线程组：1000用户 1-839
2026-07-17 20:17:59,881 INFO o.a.j.t.JMeterThread: Thread is done: 秒杀线程组：1000用户 1-841
2026-07-17 20:17:59,881 INFO o.a.j.t.JMeterThread: Thread finished: 秒杀线程组：1000用户 1-841
2026-07-17 20:17:59,881 INFO o.a.j.t.JMeterThread: Thread is done: 秒杀线程组：1000用户 1-833
2026-07-17 20:17:59,881 INFO o.a.j.t.JMeterThread: Thread finished: 秒杀线程组：1000用户 1-833
2026-07-17 20:17:59,881 INFO o.a.j.t.JMeterThread: Thread is done: 秒杀线程组：1000用户 1-836
2026-07-17 20:17:59,881 INFO o.a.j.t.JMeterThread: Thread finished: 秒杀线程组：1000用户 1-836
2026-07-17 20:17:59,882 INFO o.a.j.t.JMeterThread: Thread started: 秒杀线程组：1000用户 1-842
2026-07-17 20:17:59,883 INFO o.a.j.t.JMeterThread: Thread started: 秒杀线程组：1000用户 1-848
2026-07-17 20:17:59,883 INFO o.a.j.t.JMeterThread: Thread started: 秒杀线程组：1000用户 1-853
2026-07-17 20:17:59,883 INFO o.a.j.t.JMeterThread: Thread started: 秒杀线程组：1000用户 1-851
2026-07-17 20:17:59,883 INFO o.a.j.t.JMeterThread: Thread is done: 秒杀线程组：1000用户 1-847
2026-07-17 20:17:59,883 INFO o.a.j.t.JMeterThread: Thread finished: 秒杀线程组：1000用户 1-847
2026-07-17 20:17:59,885 INFO o.a.j.t.JMeterThread: Thread started: 秒杀线程组：1000用户 1-854
2026-07-17 20:17:59,885 INFO o.a.j.t.JMeterThread: Thread started: 秒杀线程组：1000用户 1-852
2026-07-17 20:17:59,885 INFO o.a.j.t.JMeterThread: Thread is done: 秒杀线程组：1000用户 1-840
2026-07-17 20:17:59,885 INFO o.a.j.t.JMeterThread: Thread is done: 秒杀线程组：1000用户 1-835
2026-07-17 20:17:59,885 INFO o.a.j.t.JMeterThread: Thread finished: 秒杀线程组：1000用户 1-840
2026-07-17 20:17:59,885 INFO o.a.j.t.JMeterThread: Thread finished: 秒杀线程组：1000用户 1-835
2026-07-17 20:17:59,886 INFO o.a.j.t.JMeterThread: Thread started: 秒杀线程组：1000用户 1-850
2026-07-17 20:17:59,886 INFO o.a.j.t.JMeterThread: Thread started: 秒杀线程组：1000用户 1-855
2026-07-17 20:17:59,886 INFO o.a.j.t.JMeterThread: Thread is done: 秒杀线程组：1000用户 1-849
2026-07-17 20:17:59,886 INFO o.a.j.t.JMeterThread: Thread finished: 秒杀线程组：1000用户 1-849
2026-07-17 20:17:59,887 INFO o.a.j.t.JMeterThread: Thread is done: 秒杀线程组：1000用户 1-845
2026-07-17 20:17:59,887 INFO o.a.j.t.JMeterThread: Thread finished: 秒杀线程组：1000用户 1-845
2026-07-17 20:17:59,887 INFO o.a.j.t.JMeterThread: Thread is done: 秒杀线程组：1000用户 1-842
2026-07-17 20:17:59,887 INFO o.a.j.t.JMeterThread: Thread finished: 秒杀线程组：1000用户 1-842
2026-07-17 20:17:59,888 INFO o.a.j.t.JMeterThread: Thread started: 秒杀线程组：1000用户 1-857
2026-07-17 20:17:59,888 INFO o.a.j.t.JMeterThread: Thread is done: 秒杀线程组：1000用户 1-848
2026-07-17 20:17:59,888 INFO o.a.j.t.JMeterThread: Thread finished: 秒杀线程组：1000用户 1-848
2026-07-17 20:17:59,888 INFO o.a.j.t.JMeterThread: Thread is done: 秒杀线程组：1000用户 1-851
2026-07-17 20:17:59,888 INFO o.a.j.t.JMeterThread: Thread finished: 秒杀线程组：1000用户 1-851
2026-07-17 20:17:59,889 INFO o.a.j.t.JMeterThread: Thread started: 秒杀线程组：1000用户 1-846
2026-07-17 20:17:59,889 INFO o.a.j.t.JMeterThread: Thread is done: 秒杀线程组：1000用户 1-853
2026-07-17 20:17:59,889 INFO o.a.j.t.JMeterThread: Thread finished: 秒杀线程组：1000用户 1-853
2026-07-17 20:17:59,890 INFO o.a.j.t.JMeterThread: Thread is done: 秒杀线程组：1000用户 1-852
2026-07-17 20:17:59,890 INFO o.a.j.t.JMeterThread: Thread finished: 秒杀线程组：1000用户 1-852
2026-07-17 20:17:59,890 INFO o.a.j.t.JMeterThread: Thread started: 秒杀线程组：1000用户 1-859
2026-07-17 20:17:59,891 INFO o.a.j.t.JMeterThread: Thread started: 秒杀线程组：1000用户 1-856
2026-07-17 20:17:59,891 INFO o.a.j.t.JMeterThread: Thread is done: 秒杀线程组：1000用户 1-855
2026-07-17 20:17:59,891 INFO o.a.j.t.JMeterThread: Thread is done: 秒杀线程组：1000用户 1-854
2026-07-17 20:17:59,891 INFO o.a.j.t.JMeterThread: Thread finished: 秒杀线程组：1000用户 1-855
2026-07-17 20:17:59,891 INFO o.a.j.t.JMeterThread: Thread is done: 秒杀线程组：1000用户 1-850
2026-07-17 20:17:59,892 INFO o.a.j.t.JMeterThread: Thread started: 秒杀线程组：1000用户 1-863
2026-07-17 20:17:59,892 INFO o.a.j.t.JMeterThread: Thread finished: 秒杀线程组：1000用户 1-850
2026-07-17 20:17:59,892 INFO o.a.j.t.JMeterThread: Thread finished: 秒杀线程组：1000用户 1-854
2026-07-17 20:17:59,893 INFO o.a.j.t.JMeterThread: Thread started: 秒杀线程组：1000用户 1-864
2026-07-17 20:17:59,893 INFO o.a.j.t.JMeterThread: Thread started: 秒杀线程组：1000用户 1-860
2026-07-17 20:17:59,893 INFO o.a.j.t.JMeterThread: Thread is done: 秒杀线程组：1000用户 1-857
2026-07-17 20:17:59,894 INFO o.a.j.t.JMeterThread: Thread finished: 秒杀线程组：1000用户 1-857
2026-07-17 20:17:59,894 INFO o.a.j.t.JMeterThread: Thread is done: 秒杀线程组：1000用户 1-846
2026-07-17 20:17:59,894 INFO o.a.j.t.JMeterThread: Thread started: 秒杀线程组：1000用户 1-861
2026-07-17 20:17:59,894 INFO o.a.j.t.JMeterThread: Thread finished: 秒杀线程组：1000用户 1-846
2026-07-17 20:17:59,894 INFO o.a.j.t.JMeterThread: Thread is done: 秒杀线程组：1000用户 1-859
2026-07-17 20:17:59,894 INFO o.a.j.t.JMeterThread: Thread finished: 秒杀线程组：1000用户 1-859
2026-07-17 20:17:59,896 INFO o.a.j.t.JMeterThread: Thread started: 秒杀线程组：1000用户 1-867
2026-07-17 20:17:59,896 INFO o.a.j.t.JMeterThread: Thread started: 秒杀线程组：1000用户 1-862
2026-07-17 20:17:59,896 INFO o.a.j.t.JMeterThread: Thread is done: 秒杀线程组：1000用户 1-856
2026-07-17 20:17:59,896 INFO o.a.j.t.JMeterThread: Thread finished: 秒杀线程组：1000用户 1-856
2026-07-17 20:17:59,897 INFO o.a.j.t.JMeterThread: Thread started: 秒杀线程组：1000用户 1-868
2026-07-17 20:17:59,897 INFO o.a.j.t.JMeterThread: Thread is done: 秒杀线程组：1000用户 1-863
2026-07-17 20:17:59,897 INFO o.a.j.t.JMeterThread: Thread finished: 秒杀线程组：1000用户 1-863
2026-07-17 20:17:59,898 INFO o.a.j.t.JMeterThread: Thread started: 秒杀线程组：1000用户 1-870
2026-07-17 20:17:59,898 INFO o.a.j.t.JMeterThread: Thread started: 秒杀线程组：1000用户 1-869
2026-07-17 20:17:59,898 INFO o.a.j.t.JMeterThread: Thread started: 秒杀线程组：1000用户 1-866
2026-07-17 20:17:59,898 INFO o.a.j.t.JMeterThread: Thread started: 秒杀线程组：1000用户 1-865
2026-07-17 20:17:59,898 INFO o.a.j.t.JMeterThread: Thread is done: 秒杀线程组：1000用户 1-864
2026-07-17 20:17:59,898 INFO o.a.j.t.JMeterThread: Thread finished: 秒杀线程组：1000用户 1-864
2026-07-17 20:17:59,899 INFO o.a.j.t.JMeterThread: Thread started: 秒杀线程组：1000用户 1-871
2026-07-17 20:17:59,899 INFO o.a.j.t.JMeterThread: Thread is done: 秒杀线程组：1000用户 1-860
2026-07-17 20:17:59,899 INFO o.a.j.t.JMeterThread: Thread finished: 秒杀线程组：1000用户 1-860
2026-07-17 20:17:59,899 INFO o.a.j.t.JMeterThread: Thread is done: 秒杀线程组：1000用户 1-861
2026-07-17 20:17:59,899 INFO o.a.j.t.JMeterThread: Thread finished: 秒杀线程组：1000用户 1-861
2026-07-17 20:17:59,900 INFO o.a.j.t.JMeterThread: Thread started: 秒杀线程组：1000用户 1-872
2026-07-17 20:17:59,900 INFO o.a.j.t.JMeterThread: Thread started: 秒杀线程组：1000用户 1-858
2026-07-17 20:17:59,902 INFO o.a.j.t.JMeterThread: Thread is done: 秒杀线程组：1000用户 1-862
2026-07-17 20:17:59,902 INFO o.a.j.t.JMeterThread: Thread finished: 秒杀线程组：1000用户 1-862
2026-07-17 20:17:59,902 INFO o.a.j.t.JMeterThread: Thread is done: 秒杀线程组：1000用户 1-867
2026-07-17 20:17:59,902 INFO o.a.j.t.JMeterThread: Thread finished: 秒杀线程组：1000用户 1-867
2026-07-17 20:17:59,903 INFO o.a.j.t.JMeterThread: Thread is done: 秒杀线程组：1000用户 1-868
2026-07-17 20:17:59,903 INFO o.a.j.t.JMeterThread: Thread finished: 秒杀线程组：1000用户 1-868
2026-07-17 20:17:59,903 INFO o.a.j.t.JMeterThread: Thread is done: 秒杀线程组：1000用户 1-870
2026-07-17 20:17:59,903 INFO o.a.j.t.JMeterThread: Thread finished: 秒杀线程组：1000用户 1-870
2026-07-17 20:17:59,903 INFO o.a.j.t.JMeterThread: Thread is done: 秒杀线程组：1000用户 1-866
2026-07-17 20:17:59,903 INFO o.a.j.t.JMeterThread: Thread is done: 秒杀线程组：1000用户 1-869
2026-07-17 20:17:59,903 INFO o.a.j.t.JMeterThread: Thread finished: 秒杀线程组：1000用户 1-866
2026-07-17 20:17:59,903 INFO o.a.j.t.JMeterThread: Thread is done: 秒杀线程组：1000用户 1-865
2026-07-17 20:17:59,904 INFO o.a.j.t.JMeterThread: Thread finished: 秒杀线程组：1000用户 1-865
2026-07-17 20:17:59,904 INFO o.a.j.t.JMeterThread: Thread finished: 秒杀线程组：1000用户 1-869
2026-07-17 20:17:59,904 INFO o.a.j.t.JMeterThread: Thread started: 秒杀线程组：1000用户 1-875
2026-07-17 20:17:59,906 INFO o.a.j.t.JMeterThread: Thread started: 秒杀线程组：1000用户 1-878
2026-07-17 20:17:59,906 INFO o.a.j.t.JMeterThread: Thread is done: 秒杀线程组：1000用户 1-871
2026-07-17 20:17:59,906 INFO o.a.j.t.JMeterThread: Thread finished: 秒杀线程组：1000用户 1-871
2026-07-17 20:17:59,907 INFO o.a.j.t.JMeterThread: Thread started: 秒杀线程组：1000用户 1-879
2026-07-17 20:17:59,907 INFO o.a.j.t.JMeterThread: Thread started: 秒杀线程组：1000用户 1-874
2026-07-17 20:17:59,907 INFO o.a.j.t.JMeterThread: Thread started: 秒杀线程组：1000用户 1-876
2026-07-17 20:17:59,907 INFO o.a.j.t.JMeterThread: Thread is done: 秒杀线程组：1000用户 1-872
2026-07-17 20:17:59,907 INFO o.a.j.t.JMeterThread: Thread finished: 秒杀线程组：1000用户 1-872
2026-07-17 20:17:59,907 INFO o.a.j.t.JMeterThread: Thread is done: 秒杀线程组：1000用户 1-858
2026-07-17 20:17:59,907 INFO o.a.j.t.JMeterThread: Thread finished: 秒杀线程组：1000用户 1-858
2026-07-17 20:17:59,908 INFO o.a.j.t.JMeterThread: Thread started: 秒杀线程组：1000用户 1-873
2026-07-17 20:17:59,910 INFO o.a.j.t.JMeterThread: Thread started: 秒杀线程组：1000用户 1-877
2026-07-17 20:17:59,910 INFO o.a.j.t.JMeterThread: Thread is done: 秒杀线程组：1000用户 1-875
2026-07-17 20:17:59,910 INFO o.a.j.t.JMeterThread: Thread finished: 秒杀线程组：1000用户 1-875
2026-07-17 20:17:59,911 INFO o.a.j.t.JMeterThread: Thread is done: 秒杀线程组：1000用户 1-878
2026-07-17 20:17:59,911 INFO o.a.j.t.JMeterThread: Thread finished: 秒杀线程组：1000用户 1-878
2026-07-17 20:17:59,912 INFO o.a.j.t.JMeterThread: Thread started: 秒杀线程组：1000用户 1-880
2026-07-17 20:17:59,912 INFO o.a.j.t.JMeterThread: Thread is done: 秒杀线程组：1000用户 1-879
2026-07-17 20:17:59,912 INFO o.a.j.t.JMeterThread: Thread started: 秒杀线程组：1000用户 1-884
2026-07-17 20:17:59,912 INFO o.a.j.t.JMeterThread: Thread finished: 秒杀线程组：1000用户 1-879
2026-07-17 20:17:59,912 INFO o.a.j.t.JMeterThread: Thread is done: 秒杀线程组：1000用户 1-193
2026-07-17 20:17:59,912 INFO o.a.j.t.JMeterThread: Thread finished: 秒杀线程组：1000用户 1-193
2026-07-17 20:17:59,912 INFO o.a.j.t.JMeterThread: Thread is done: 秒杀线程组：1000用户 1-196
2026-07-17 20:17:59,912 INFO o.a.j.t.JMeterThread: Thread finished: 秒杀线程组：1000用户 1-196
2026-07-17 20:17:59,912 INFO o.a.j.t.JMeterThread: Thread is done: 秒杀线程组：1000用户 1-876
2026-07-17 20:17:59,912 INFO o.a.j.t.JMeterThread: Thread finished: 秒杀线程组：1000用户 1-876
2026-07-17 20:17:59,913 INFO o.a.j.t.JMeterThread: Thread started: 秒杀线程组：1000用户 1-881
2026-07-17 20:17:59,915 INFO o.a.j.t.JMeterThread: Thread is done: 秒杀线程组：1000用户 1-874
2026-07-17 20:17:59,915 INFO o.a.j.t.JMeterThread: Thread finished: 秒杀线程组：1000用户 1-874
2026-07-17 20:17:59,917 INFO o.a.j.t.JMeterThread: Thread started: 秒杀线程组：1000用户 1-883
2026-07-17 20:17:59,917 INFO o.a.j.t.JMeterThread: Thread started: 秒杀线程组：1000用户 1-885
2026-07-17 20:17:59,917 INFO o.a.j.t.JMeterThread: Thread started: 秒杀线程组：1000用户 1-882
2026-07-17 20:17:59,917 INFO o.a.j.t.JMeterThread: Thread started: 秒杀线程组：1000用户 1-886
2026-07-17 20:17:59,917 INFO o.a.j.t.JMeterThread: Thread started: 秒杀线程组：1000用户 1-887
2026-07-17 20:17:59,917 INFO o.a.j.t.JMeterThread: Thread is done: 秒杀线程组：1000用户 1-873
2026-07-17 20:17:59,917 INFO o.a.j.t.JMeterThread: Thread finished: 秒杀线程组：1000用户 1-873
2026-07-17 20:17:59,918 INFO o.a.j.t.JMeterThread: Thread is done: 秒杀线程组：1000用户 1-188
2026-07-17 20:17:59,918 INFO o.a.j.t.JMeterThread: Thread finished: 秒杀线程组：1000用户 1-188
2026-07-17 20:17:59,918 INFO o.a.j.t.JMeterThread: Thread is done: 秒杀线程组：1000用户 1-18
2026-07-17 20:17:59,918 INFO o.a.j.t.JMeterThread: Thread finished: 秒杀线程组：1000用户 1-18
2026-07-17 20:17:59,918 INFO o.a.j.t.JMeterThread: Thread started: 秒杀线程组：1000用户 1-889
2026-07-17 20:17:59,919 INFO o.a.j.t.JMeterThread: Thread is done: 秒杀线程组：1000用户 1-877
2026-07-17 20:17:59,919 INFO o.a.j.t.JMeterThread: Thread finished: 秒杀线程组：1000用户 1-877
2026-07-17 20:17:59,920 INFO o.a.j.t.JMeterThread: Thread started: 秒杀线程组：1000用户 1-890
2026-07-17 20:17:59,920 INFO o.a.j.t.JMeterThread: Thread started: 秒杀线程组：1000用户 1-888
2026-07-17 20:17:59,920 INFO o.a.j.t.JMeterThread: Thread started: 秒杀线程组：1000用户 1-892
2026-07-17 20:17:59,923 INFO o.a.j.t.JMeterThread: Thread started: 秒杀线程组：1000用户 1-893
2026-07-17 20:17:59,923 INFO o.a.j.t.JMeterThread: Thread started: 秒杀线程组：1000用户 1-896
2026-07-17 20:17:59,923 INFO o.a.j.t.JMeterThread: Thread started: 秒杀线程组：1000用户 1-894
2026-07-17 20:17:59,925 INFO o.a.j.t.JMeterThread: Thread started: 秒杀线程组：1000用户 1-897
2026-07-17 20:17:59,925 INFO o.a.j.t.JMeterThread: Thread started: 秒杀线程组：1000用户 1-895
2026-07-17 20:17:59,926 INFO o.a.j.t.JMeterThread: Thread started: 秒杀线程组：1000用户 1-891
2026-07-17 20:17:59,927 INFO o.a.j.t.JMeterThread: Thread is done: 秒杀线程组：1000用户 1-884
2026-07-17 20:17:59,927 INFO o.a.j.t.JMeterThread: Thread is done: 秒杀线程组：1000用户 1-33
2026-07-17 20:17:59,927 INFO o.a.j.t.JMeterThread: Thread is done: 秒杀线程组：1000用户 1-157
2026-07-17 20:17:59,927 INFO o.a.j.t.JMeterThread: Thread is done: 秒杀线程组：1000用户 1-144
2026-07-17 20:17:59,926 INFO o.a.j.t.JMeterThread: Thread started: 秒杀线程组：1000用户 1-898
2026-07-17 20:17:59,927 INFO o.a.j.t.JMeterThread: Thread is done: 秒杀线程组：1000用户 1-880
2026-07-17 20:17:59,927 INFO o.a.j.t.JMeterThread: Thread finished: 秒杀线程组：1000用户 1-33
2026-07-17 20:17:59,927 INFO o.a.j.t.JMeterThread: Thread finished: 秒杀线程组：1000用户 1-880
2026-07-17 20:17:59,927 INFO o.a.j.t.JMeterThread: Thread started: 秒杀线程组：1000用户 1-899
2026-07-17 20:17:59,927 INFO o.a.j.t.JMeterThread: Thread is done: 秒杀线程组：1000用户 1-92
2026-07-17 20:17:59,927 INFO o.a.j.t.JMeterThread: Thread finished: 秒杀线程组：1000用户 1-884
2026-07-17 20:17:59,927 INFO o.a.j.t.JMeterThread: Thread finished: 秒杀线程组：1000用户 1-92
2026-07-17 20:17:59,927 INFO o.a.j.t.JMeterThread: Thread is done: 秒杀线程组：1000用户 1-266
2026-07-17 20:17:59,927 INFO o.a.j.t.JMeterThread: Thread finished: 秒杀线程组：1000用户 1-266
2026-07-17 20:17:59,927 INFO o.a.j.t.JMeterThread: Thread is done: 秒杀线程组：1000用户 1-133
2026-07-17 20:17:59,927 INFO o.a.j.t.JMeterThread: Thread finished: 秒杀线程组：1000用户 1-144
2026-07-17 20:17:59,927 INFO o.a.j.t.JMeterThread: Thread finished: 秒杀线程组：1000用户 1-157
2026-07-17 20:17:59,927 INFO o.a.j.t.JMeterThread: Thread finished: 秒杀线程组：1000用户 1-133
2026-07-17 20:17:59,929 INFO o.a.j.t.JMeterThread: Thread is done: 秒杀线程组：1000用户 1-47
2026-07-17 20:17:59,929 INFO o.a.j.t.JMeterThread: Thread is done: 秒杀线程组：1000用户 1-162
2026-07-17 20:17:59,929 INFO o.a.j.t.JMeterThread: Thread is done: 秒杀线程组：1000用户 1-85
2026-07-17 20:17:59,929 INFO o.a.j.t.JMeterThread: Thread finished: 秒杀线程组：1000用户 1-47
2026-07-17 20:17:59,929 INFO o.a.j.t.JMeterThread: Thread is done: 秒杀线程组：1000用户 1-167
2026-07-17 20:17:59,929 INFO o.a.j.t.JMeterThread: Thread finished: 秒杀线程组：1000用户 1-162
2026-07-17 20:17:59,929 INFO o.a.j.t.JMeterThread: Thread finished: 秒杀线程组：1000用户 1-167
2026-07-17 20:17:59,929 INFO o.a.j.t.JMeterThread: Thread started: 秒杀线程组：1000用户 1-901
2026-07-17 20:17:59,929 INFO o.a.j.t.JMeterThread: Thread finished: 秒杀线程组：1000用户 1-85
2026-07-17 20:17:59,930 INFO o.a.j.t.JMeterThread: Thread started: 秒杀线程组：1000用户 1-902
2026-07-17 20:17:59,930 INFO o.a.j.t.JMeterThread: Thread is done: 秒杀线程组：1000用户 1-49
2026-07-17 20:17:59,930 INFO o.a.j.t.JMeterThread: Thread is done: 秒杀线程组：1000用户 1-142
2026-07-17 20:17:59,930 INFO o.a.j.t.JMeterThread: Thread is done: 秒杀线程组：1000用户 1-75
2026-07-17 20:17:59,930 INFO o.a.j.t.JMeterThread: Thread finished: 秒杀线程组：1000用户 1-49
2026-07-17 20:17:59,930 INFO o.a.j.t.JMeterThread: Thread is done: 秒杀线程组：1000用户 1-250
2026-07-17 20:17:59,930 INFO o.a.j.t.JMeterThread: Thread is done: 秒杀线程组：1000用户 1-160
2026-07-17 20:17:59,930 INFO o.a.j.t.JMeterThread: Thread finished: 秒杀线程组：1000用户 1-250
2026-07-17 20:17:59,930 INFO o.a.j.t.JMeterThread: Thread finished: 秒杀线程组：1000用户 1-142
2026-07-17 20:17:59,930 INFO o.a.j.t.JMeterThread: Thread finished: 秒杀线程组：1000用户 1-160
2026-07-17 20:17:59,932 INFO o.a.j.t.JMeterThread: Thread is done: 秒杀线程组：1000用户 1-246
2026-07-17 20:17:59,932 INFO o.a.j.t.JMeterThread: Thread finished: 秒杀线程组：1000用户 1-246
2026-07-17 20:17:59,930 INFO o.a.j.t.JMeterThread: Thread finished: 秒杀线程组：1000用户 1-75
2026-07-17 20:17:59,932 INFO o.a.j.t.JMeterThread: Thread is done: 秒杀线程组：1000用户 1-158
2026-07-17 20:17:59,932 INFO o.a.j.t.JMeterThread: Thread finished: 秒杀线程组：1000用户 1-158
2026-07-17 20:17:59,932 INFO o.a.j.t.JMeterThread: Thread started: 秒杀线程组：1000用户 1-903
2026-07-17 20:17:59,933 INFO o.a.j.t.JMeterThread: Thread is done: 秒杀线程组：1000用户 1-27
2026-07-17 20:17:59,933 INFO o.a.j.t.JMeterThread: Thread is done: 秒杀线程组：1000用户 1-184
2026-07-17 20:17:59,933 INFO o.a.j.t.JMeterThread: Thread is done: 秒杀线程组：1000用户 1-213
2026-07-17 20:17:59,933 INFO o.a.j.t.JMeterThread: Thread is done: 秒杀线程组：1000用户 1-40
2026-07-17 20:17:59,933 INFO o.a.j.t.JMeterThread: Thread is done: 秒杀线程组：1000用户 1-130
2026-07-17 20:17:59,934 INFO o.a.j.t.JMeterThread: Thread finished: 秒杀线程组：1000用户 1-40
2026-07-17 20:17:59,934 INFO o.a.j.t.JMeterThread: Thread finished: 秒杀线程组：1000用户 1-130
2026-07-17 20:17:59,934 INFO o.a.j.t.JMeterThread: Thread finished: 秒杀线程组：1000用户 1-213
2026-07-17 20:17:59,933 INFO o.a.j.t.JMeterThread: Thread is done: 秒杀线程组：1000用户 1-57
2026-07-17 20:17:59,934 INFO o.a.j.t.JMeterThread: Thread started: 秒杀线程组：1000用户 1-905
2026-07-17 20:17:59,934 INFO o.a.j.t.JMeterThread: Thread is done: 秒杀线程组：1000用户 1-82
2026-07-17 20:17:59,934 INFO o.a.j.t.JMeterThread: Thread started: 秒杀线程组：1000用户 1-904
2026-07-17 20:17:59,934 INFO o.a.j.t.JMeterThread: Thread started: 秒杀线程组：1000用户 1-908
2026-07-17 20:17:59,934 INFO o.a.j.t.JMeterThread: Thread finished: 秒杀线程组：1000用户 1-184
2026-07-17 20:17:59,933 INFO o.a.j.t.JMeterThread: Thread finished: 秒杀线程组：1000用户 1-27
2026-07-17 20:17:59,933 INFO o.a.j.t.JMeterThread: Thread is done: 秒杀线程组：1000用户 1-50
2026-07-17 20:17:59,934 INFO o.a.j.t.JMeterThread: Thread finished: 秒杀线程组：1000用户 1-82
2026-07-17 20:17:59,934 INFO o.a.j.t.JMeterThread: Thread finished: 秒杀线程组：1000用户 1-57
2026-07-17 20:17:59,934 INFO o.a.j.t.JMeterThread: Thread finished: 秒杀线程组：1000用户 1-50
2026-07-17 20:17:59,934 INFO o.a.j.t.JMeterThread: Thread is done: 秒杀线程组：1000用户 1-210
2026-07-17 20:17:59,934 INFO o.a.j.t.JMeterThread: Thread is done: 秒杀线程组：1000用户 1-107
2026-07-17 20:17:59,934 INFO o.a.j.t.JMeterThread: Thread is done: 秒杀线程组：1000用户 1-67
2026-07-17 20:17:59,934 INFO o.a.j.t.JMeterThread: Thread finished: 秒杀线程组：1000用户 1-210
2026-07-17 20:17:59,934 INFO o.a.j.t.JMeterThread: Thread finished: 秒杀线程组：1000用户 1-67
2026-07-17 20:17:59,934 INFO o.a.j.t.JMeterThread: Thread finished: 秒杀线程组：1000用户 1-107
2026-07-17 20:17:59,935 INFO o.a.j.t.JMeterThread: Thread started: 秒杀线程组：1000用户 1-906
2026-07-17 20:17:59,935 INFO o.a.j.t.JMeterThread: Thread started: 秒杀线程组：1000用户 1-900
2026-07-17 20:17:59,935 INFO o.a.j.t.JMeterThread: Thread is done: 秒杀线程组：1000用户 1-204
2026-07-17 20:17:59,935 INFO o.a.j.t.JMeterThread: Thread is done: 秒杀线程组：1000用户 1-885
2026-07-17 20:17:59,935 INFO o.a.j.t.JMeterThread: Thread finished: 秒杀线程组：1000用户 1-204
2026-07-17 20:17:59,935 INFO o.a.j.t.JMeterThread: Thread is done: 秒杀线程组：1000用户 1-105
2026-07-17 20:17:59,935 INFO o.a.j.t.JMeterThread: Thread finished: 秒杀线程组：1000用户 1-885
2026-07-17 20:17:59,935 INFO o.a.j.t.JMeterThread: Thread finished: 秒杀线程组：1000用户 1-105
2026-07-17 20:17:59,935 INFO o.a.j.t.JMeterThread: Thread is done: 秒杀线程组：1000用户 1-169
2026-07-17 20:17:59,935 INFO o.a.j.t.JMeterThread: Thread finished: 秒杀线程组：1000用户 1-169
2026-07-17 20:17:59,936 INFO o.a.j.t.JMeterThread: Thread started: 秒杀线程组：1000用户 1-909
2026-07-17 20:17:59,936 INFO o.a.j.t.JMeterThread: Thread started: 秒杀线程组：1000用户 1-907
2026-07-17 20:17:59,936 INFO o.a.j.t.JMeterThread: Thread is done: 秒杀线程组：1000用户 1-16
2026-07-17 20:17:59,936 INFO o.a.j.t.JMeterThread: Thread is done: 秒杀线程组：1000用户 1-116
2026-07-17 20:17:59,936 INFO o.a.j.t.JMeterThread: Thread finished: 秒杀线程组：1000用户 1-116
2026-07-17 20:17:59,936 INFO o.a.j.t.JMeterThread: Thread is done: 秒杀线程组：1000用户 1-198
2026-07-17 20:17:59,936 INFO o.a.j.t.JMeterThread: Thread is done: 秒杀线程组：1000用户 1-898
2026-07-17 20:17:59,936 INFO o.a.j.t.JMeterThread: Thread finished: 秒杀线程组：1000用户 1-16
2026-07-17 20:17:59,936 INFO o.a.j.t.JMeterThread: Thread finished: 秒杀线程组：1000用户 1-198
2026-07-17 20:17:59,936 INFO o.a.j.t.JMeterThread: Thread finished: 秒杀线程组：1000用户 1-898
2026-07-17 20:17:59,938 INFO o.a.j.t.JMeterThread: Thread is done: 秒杀线程组：1000用户 1-254
2026-07-17 20:17:59,938 INFO o.a.j.t.JMeterThread: Thread finished: 秒杀线程组：1000用户 1-254
2026-07-17 20:17:59,938 INFO o.a.j.t.JMeterThread: Thread is done: 秒杀线程组：1000用户 1-118
2026-07-17 20:17:59,938 INFO o.a.j.t.JMeterThread: Thread is done: 秒杀线程组：1000用户 1-12
2026-07-17 20:17:59,938 INFO o.a.j.t.JMeterThread: Thread finished: 秒杀线程组：1000用户 1-118
2026-07-17 20:17:59,938 INFO o.a.j.t.JMeterThread: Thread finished: 秒杀线程组：1000用户 1-12
2026-07-17 20:17:59,939 INFO o.a.j.t.JMeterThread: Thread is done: 秒杀线程组：1000用户 1-199
2026-07-17 20:17:59,939 INFO o.a.j.t.JMeterThread: Thread finished: 秒杀线程组：1000用户 1-199
2026-07-17 20:17:59,940 INFO o.a.j.t.JMeterThread: Thread is done: 秒杀线程组：1000用户 1-147
2026-07-17 20:17:59,940 INFO o.a.j.t.JMeterThread: Thread is done: 秒杀线程组：1000用户 1-224
2026-07-17 20:17:59,940 INFO o.a.j.t.JMeterThread: Thread finished: 秒杀线程组：1000用户 1-147
2026-07-17 20:17:59,940 INFO o.a.j.t.JMeterThread: Thread is done: 秒杀线程组：1000用户 1-192
2026-07-17 20:17:59,940 INFO o.a.j.t.JMeterThread: Thread finished: 秒杀线程组：1000用户 1-224
2026-07-17 20:17:59,940 INFO o.a.j.t.JMeterThread: Thread is done: 秒杀线程组：1000用户 1-222
2026-07-17 20:17:59,940 INFO o.a.j.t.JMeterThread: Thread finished: 秒杀线程组：1000用户 1-222
2026-07-17 20:17:59,940 INFO o.a.j.t.JMeterThread: Thread is done: 秒杀线程组：1000用户 1-168
2026-07-17 20:17:59,940 INFO o.a.j.t.JMeterThread: Thread finished: 秒杀线程组：1000用户 1-192
2026-07-17 20:17:59,940 INFO o.a.j.t.JMeterThread: Thread finished: 秒杀线程组：1000用户 1-168
2026-07-17 20:17:59,940 INFO o.a.j.t.JMeterThread: Thread is done: 秒杀线程组：1000用户 1-223
2026-07-17 20:17:59,940 INFO o.a.j.t.JMeterThread: Thread is done: 秒杀线程组：1000用户 1-903
2026-07-17 20:17:59,940 INFO o.a.j.t.JMeterThread: Thread finished: 秒杀线程组：1000用户 1-223
2026-07-17 20:17:59,940 INFO o.a.j.t.JMeterThread: Thread finished: 秒杀线程组：1000用户 1-903
2026-07-17 20:17:59,941 INFO o.a.j.t.JMeterThread: Thread started: 秒杀线程组：1000用户 1-914
2026-07-17 20:17:59,941 INFO o.a.j.t.JMeterThread: Thread started: 秒杀线程组：1000用户 1-913
2026-07-17 20:17:59,941 INFO o.a.j.t.JMeterThread: Thread is done: 秒杀线程组：1000用户 1-902
2026-07-17 20:17:59,941 INFO o.a.j.t.JMeterThread: Thread is done: 秒杀线程组：1000用户 1-899
2026-07-17 20:17:59,941 INFO o.a.j.t.JMeterThread: Thread finished: 秒杀线程组：1000用户 1-902
2026-07-17 20:17:59,941 INFO o.a.j.t.JMeterThread: Thread is done: 秒杀线程组：1000用户 1-901
2026-07-17 20:17:59,941 INFO o.a.j.t.JMeterThread: Thread finished: 秒杀线程组：1000用户 1-899
2026-07-17 20:17:59,941 INFO o.a.j.t.JMeterThread: Thread finished: 秒杀线程组：1000用户 1-901
2026-07-17 20:17:59,941 INFO o.a.j.t.JMeterThread: Thread is done: 秒杀线程组：1000用户 1-891
2026-07-17 20:17:59,942 INFO o.a.j.t.JMeterThread: Thread finished: 秒杀线程组：1000用户 1-891
2026-07-17 20:17:59,942 INFO o.a.j.t.JMeterThread: Thread started: 秒杀线程组：1000用户 1-910
2026-07-17 20:17:59,942 INFO o.a.j.t.JMeterThread: Thread is done: 秒杀线程组：1000用户 1-895
2026-07-17 20:17:59,942 INFO o.a.j.t.JMeterThread: Thread is done: 秒杀线程组：1000用户 1-897
2026-07-17 20:17:59,942 INFO o.a.j.t.JMeterThread: Thread finished: 秒杀线程组：1000用户 1-895
2026-07-17 20:17:59,942 INFO o.a.j.t.JMeterThread: Thread finished: 秒杀线程组：1000用户 1-897
2026-07-17 20:17:59,943 INFO o.a.j.t.JMeterThread: Thread started: 秒杀线程组：1000用户 1-911
2026-07-17 20:17:59,943 INFO o.a.j.t.JMeterThread: Thread is done: 秒杀线程组：1000用户 1-894
2026-07-17 20:17:59,943 INFO o.a.j.t.JMeterThread: Thread finished: 秒杀线程组：1000用户 1-894
2026-07-17 20:17:59,943 INFO o.a.j.t.JMeterThread: Thread is done: 秒杀线程组：1000用户 1-892
2026-07-17 20:17:59,943 INFO o.a.j.t.JMeterThread: Thread finished: 秒杀线程组：1000用户 1-892
2026-07-17 20:17:59,943 INFO o.a.j.t.JMeterThread: Thread is done: 秒杀线程组：1000用户 1-893
2026-07-17 20:17:59,943 INFO o.a.j.t.JMeterThread: Thread finished: 秒杀线程组：1000用户 1-893
2026-07-17 20:17:59,945 INFO o.a.j.t.JMeterThread: Thread is done: 秒杀线程组：1000用户 1-887
2026-07-17 20:17:59,945 INFO o.a.j.t.JMeterThread: Thread finished: 秒杀线程组：1000用户 1-887
2026-07-17 20:17:59,945 INFO o.a.j.t.JMeterThread: Thread is done: 秒杀线程组：1000用户 1-888
2026-07-17 20:17:59,945 INFO o.a.j.t.JMeterThread: Thread finished: 秒杀线程组：1000用户 1-888
2026-07-17 20:17:59,945 INFO o.a.j.t.JMeterThread: Thread started: 秒杀线程组：1000用户 1-918
2026-07-17 20:17:59,945 INFO o.a.j.t.JMeterThread: Thread started: 秒杀线程组：1000用户 1-912
2026-07-17 20:17:59,946 INFO o.a.j.t.JMeterThread: Thread is done: 秒杀线程组：1000用户 1-886
2026-07-17 20:17:59,946 INFO o.a.j.t.JMeterThread: Thread finished: 秒杀线程组：1000用户 1-886
2026-07-17 20:17:59,946 INFO o.a.j.t.JMeterThread: Thread is done: 秒杀线程组：1000用户 1-238
2026-07-17 20:17:59,946 INFO o.a.j.t.JMeterThread: Thread is done: 秒杀线程组：1000用户 1-889
2026-07-17 20:17:59,946 INFO o.a.j.t.JMeterThread: Thread finished: 秒杀线程组：1000用户 1-238
2026-07-17 20:17:59,946 INFO o.a.j.t.JMeterThread: Thread is done: 秒杀线程组：1000用户 1-883
2026-07-17 20:17:59,946 INFO o.a.j.t.JMeterThread: Thread finished: 秒杀线程组：1000用户 1-889
2026-07-17 20:17:59,946 INFO o.a.j.t.JMeterThread: Thread finished: 秒杀线程组：1000用户 1-883
2026-07-17 20:17:59,946 INFO o.a.j.t.JMeterThread: Thread is done: 秒杀线程组：1000用户 1-896
2026-07-17 20:17:59,946 INFO o.a.j.t.JMeterThread: Thread finished: 秒杀线程组：1000用户 1-896
2026-07-17 20:17:59,946 INFO o.a.j.t.JMeterThread: Thread is done: 秒杀线程组：1000用户 1-890
2026-07-17 20:17:59,947 INFO o.a.j.t.JMeterThread: Thread finished: 秒杀线程组：1000用户 1-890
2026-07-17 20:17:59,947 INFO o.a.j.t.JMeterThread: Thread started: 秒杀线程组：1000用户 1-919
2026-07-17 20:17:59,947 INFO o.a.j.t.JMeterThread: Thread started: 秒杀线程组：1000用户 1-920
2026-07-17 20:17:59,947 INFO o.a.j.t.JMeterThread: Thread is done: 秒杀线程组：1000用户 1-227
2026-07-17 20:17:59,947 INFO o.a.j.t.JMeterThread: Thread is done: 秒杀线程组：1000用户 1-272
2026-07-17 20:17:59,947 INFO o.a.j.t.JMeterThread: Thread started: 秒杀线程组：1000用户 1-915
2026-07-17 20:17:59,947 INFO o.a.j.t.JMeterThread: Thread finished: 秒杀线程组：1000用户 1-227
2026-07-17 20:17:59,947 INFO o.a.j.t.JMeterThread: Thread finished: 秒杀线程组：1000用户 1-272
2026-07-17 20:17:59,947 INFO o.a.j.t.JMeterThread: Thread is done: 秒杀线程组：1000用户 1-882
2026-07-17 20:17:59,948 INFO o.a.j.t.JMeterThread: Thread finished: 秒杀线程组：1000用户 1-882
2026-07-17 20:17:59,948 INFO o.a.j.t.JMeterThread: Thread started: 秒杀线程组：1000用户 1-917
2026-07-17 20:17:59,948 INFO o.a.j.t.JMeterThread: Thread started: 秒杀线程组：1000用户 1-921
2026-07-17 20:17:59,949 INFO o.a.j.t.JMeterThread: Thread is done: 秒杀线程组：1000用户 1-101
2026-07-17 20:17:59,949 INFO o.a.j.t.JMeterThread: Thread is done: 秒杀线程组：1000用户 1-79
2026-07-17 20:17:59,949 INFO o.a.j.t.JMeterThread: Thread finished: 秒杀线程组：1000用户 1-101
2026-07-17 20:17:59,949 INFO o.a.j.t.JMeterThread: Thread finished: 秒杀线程组：1000用户 1-79
2026-07-17 20:17:59,949 INFO o.a.j.t.JMeterThread: Thread is done: 秒杀线程组：1000用户 1-910
2026-07-17 20:17:59,949 INFO o.a.j.t.JMeterThread: Thread finished: 秒杀线程组：1000用户 1-910
2026-07-17 20:17:59,950 INFO o.a.j.t.JMeterThread: Thread is done: 秒杀线程组：1000用户 1-881
2026-07-17 20:17:59,950 INFO o.a.j.t.JMeterThread: Thread finished: 秒杀线程组：1000用户 1-881
2026-07-17 20:17:59,950 INFO o.a.j.t.JMeterThread: Thread is done: 秒杀线程组：1000用户 1-63
2026-07-17 20:17:59,950 INFO o.a.j.t.JMeterThread: Thread finished: 秒杀线程组：1000用户 1-63
2026-07-17 20:17:59,951 INFO o.a.j.t.JMeterThread: Thread is done: 秒杀线程组：1000用户 1-90
2026-07-17 20:17:59,951 INFO o.a.j.t.JMeterThread: Thread finished: 秒杀线程组：1000用户 1-90
2026-07-17 20:17:59,951 INFO o.a.j.t.JMeterThread: Thread is done: 秒杀线程组：1000用户 1-128
2026-07-17 20:17:59,951 INFO o.a.j.t.JMeterThread: Thread is done: 秒杀线程组：1000用户 1-32
2026-07-17 20:17:59,951 INFO o.a.j.t.JMeterThread: Thread finished: 秒杀线程组：1000用户 1-128
2026-07-17 20:17:59,951 INFO o.a.j.t.JMeterThread: Thread finished: 秒杀线程组：1000用户 1-32
2026-07-17 20:17:59,951 INFO o.a.j.t.JMeterThread: Thread is done: 秒杀线程组：1000用户 1-164
2026-07-17 20:17:59,951 INFO o.a.j.t.JMeterThread: Thread finished: 秒杀线程组：1000用户 1-164
2026-07-17 20:17:59,951 INFO o.a.j.t.JMeterThread: Thread is done: 秒杀线程组：1000用户 1-129
2026-07-17 20:17:59,951 INFO o.a.j.t.JMeterThread: Thread finished: 秒杀线程组：1000用户 1-129
2026-07-17 20:17:59,951 INFO o.a.j.t.JMeterThread: Thread is done: 秒杀线程组：1000用户 1-150
2026-07-17 20:17:59,951 INFO o.a.j.t.JMeterThread: Thread finished: 秒杀线程组：1000用户 1-150
2026-07-17 20:17:59,952 INFO o.a.j.t.JMeterThread: Thread started: 秒杀线程组：1000用户 1-925
2026-07-17 20:17:59,952 INFO o.a.j.t.JMeterThread: Thread is done: 秒杀线程组：1000用户 1-216
2026-07-17 20:17:59,953 INFO o.a.j.t.JMeterThread: Thread finished: 秒杀线程组：1000用户 1-216
2026-07-17 20:17:59,953 INFO o.a.j.t.JMeterThread: Thread started: 秒杀线程组：1000用户 1-916
2026-07-17 20:17:59,953 INFO o.a.j.t.JMeterThread: Thread is done: 秒杀线程组：1000用户 1-296
2026-07-17 20:17:59,953 INFO o.a.j.t.JMeterThread: Thread finished: 秒杀线程组：1000用户 1-296
2026-07-17 20:17:59,954 INFO o.a.j.t.JMeterThread: Thread is done: 秒杀线程组：1000用户 1-58
2026-07-17 20:17:59,954 INFO o.a.j.t.JMeterThread: Thread finished: 秒杀线程组：1000用户 1-58
2026-07-17 20:17:59,954 INFO o.a.j.t.JMeterThread: Thread is done: 秒杀线程组：1000用户 1-106
2026-07-17 20:17:59,954 INFO o.a.j.t.JMeterThread: Thread finished: 秒杀线程组：1000用户 1-106
2026-07-17 20:17:59,955 INFO o.a.j.t.JMeterThread: Thread started: 秒杀线程组：1000用户 1-922
2026-07-17 20:17:59,955 INFO o.a.j.t.JMeterThread: Thread is done: 秒杀线程组：1000用户 1-108
2026-07-17 20:17:59,955 INFO o.a.j.t.JMeterThread: Thread finished: 秒杀线程组：1000用户 1-108
2026-07-17 20:17:59,955 INFO o.a.j.t.JMeterThread: Thread is done: 秒杀线程组：1000用户 1-155
2026-07-17 20:17:59,955 INFO o.a.j.t.JMeterThread: Thread is done: 秒杀线程组：1000用户 1-203
2026-07-17 20:17:59,955 INFO o.a.j.t.JMeterThread: Thread finished: 秒杀线程组：1000用户 1-155
2026-07-17 20:17:59,955 INFO o.a.j.t.JMeterThread: Thread finished: 秒杀线程组：1000用户 1-203
2026-07-17 20:17:59,955 INFO o.a.j.t.JMeterThread: Thread is done: 秒杀线程组：1000用户 1-15
2026-07-17 20:17:59,955 INFO o.a.j.t.JMeterThread: Thread finished: 秒杀线程组：1000用户 1-15
2026-07-17 20:17:59,956 INFO o.a.j.t.JMeterThread: Thread started: 秒杀线程组：1000用户 1-929
2026-07-17 20:17:59,956 INFO o.a.j.t.JMeterThread: Thread started: 秒杀线程组：1000用户 1-928
2026-07-17 20:17:59,956 INFO o.a.j.t.JMeterThread: Thread started: 秒杀线程组：1000用户 1-924
2026-07-17 20:17:59,956 INFO o.a.j.t.JMeterThread: Thread started: 秒杀线程组：1000用户 1-923
2026-07-17 20:17:59,956 INFO o.a.j.t.JMeterThread: Thread is done: 秒杀线程组：1000用户 1-24
2026-07-17 20:17:59,956 INFO o.a.j.t.JMeterThread: Thread finished: 秒杀线程组：1000用户 1-24
2026-07-17 20:17:59,956 INFO o.a.j.t.JMeterThread: Thread is done: 秒杀线程组：1000用户 1-242
2026-07-17 20:17:59,956 INFO o.a.j.t.JMeterThread: Thread finished: 秒杀线程组：1000用户 1-242
2026-07-17 20:17:59,956 INFO o.a.j.t.JMeterThread: Thread is done: 秒杀线程组：1000用户 1-76
2026-07-17 20:17:59,956 INFO o.a.j.t.JMeterThread: Thread is done: 秒杀线程组：1000用户 1-264
2026-07-17 20:17:59,956 INFO o.a.j.t.JMeterThread: Thread is done: 秒杀线程组：1000用户 1-71
2026-07-17 20:17:59,956 INFO o.a.j.t.JMeterThread: Thread finished: 秒杀线程组：1000用户 1-76
2026-07-17 20:17:59,956 INFO o.a.j.t.JMeterThread: Thread finished: 秒杀线程组：1000用户 1-264
2026-07-17 20:17:59,956 INFO o.a.j.t.JMeterThread: Thread finished: 秒杀线程组：1000用户 1-71
2026-07-17 20:17:59,957 INFO o.a.j.t.JMeterThread: Thread started: 秒杀线程组：1000用户 1-930
2026-07-17 20:17:59,957 INFO o.a.j.t.JMeterThread: Thread is done: 秒杀线程组：1000用户 1-13
2026-07-17 20:17:59,957 INFO o.a.j.t.JMeterThread: Thread finished: 秒杀线程组：1000用户 1-13
2026-07-17 20:17:59,958 INFO o.a.j.t.JMeterThread: Thread started: 秒杀线程组：1000用户 1-931
2026-07-17 20:17:59,958 INFO o.a.j.t.JMeterThread: Thread started: 秒杀线程组：1000用户 1-927
2026-07-17 20:17:59,958 INFO o.a.j.t.JMeterThread: Thread started: 秒杀线程组：1000用户 1-932
2026-07-17 20:17:59,958 INFO o.a.j.t.JMeterThread: Thread started: 秒杀线程组：1000用户 1-926
2026-07-17 20:17:59,958 INFO o.a.j.t.JMeterThread: Thread is done: 秒杀线程组：1000用户 1-140
2026-07-17 20:17:59,958 INFO o.a.j.t.JMeterThread: Thread is done: 秒杀线程组：1000用户 1-1
2026-07-17 20:17:59,958 INFO o.a.j.t.JMeterThread: Thread finished: 秒杀线程组：1000用户 1-140
2026-07-17 20:17:59,958 INFO o.a.j.t.JMeterThread: Thread is done: 秒杀线程组：1000用户 1-190
2026-07-17 20:17:59,958 INFO o.a.j.t.JMeterThread: Thread finished: 秒杀线程组：1000用户 1-190
2026-07-17 20:17:59,958 INFO o.a.j.t.JMeterThread: Thread finished: 秒杀线程组：1000用户 1-1
2026-07-17 20:17:59,958 INFO o.a.j.t.JMeterThread: Thread is done: 秒杀线程组：1000用户 1-235
2026-07-17 20:17:59,958 INFO o.a.j.t.JMeterThread: Thread is done: 秒杀线程组：1000用户 1-209
2026-07-17 20:17:59,958 INFO o.a.j.t.JMeterThread: Thread finished: 秒杀线程组：1000用户 1-235
2026-07-17 20:17:59,958 INFO o.a.j.t.JMeterThread: Thread finished: 秒杀线程组：1000用户 1-209
2026-07-17 20:17:59,959 INFO o.a.j.t.JMeterThread: Thread is done: 秒杀线程组：1000用户 1-165
2026-07-17 20:17:59,959 INFO o.a.j.t.JMeterThread: Thread finished: 秒杀线程组：1000用户 1-165
2026-07-17 20:17:59,959 INFO o.a.j.t.JMeterThread: Thread is done: 秒杀线程组：1000用户 1-35
2026-07-17 20:17:59,959 INFO o.a.j.t.JMeterThread: Thread started: 秒杀线程组：1000用户 1-933
2026-07-17 20:17:59,959 INFO o.a.j.t.JMeterThread: Thread finished: 秒杀线程组：1000用户 1-35
2026-07-17 20:17:59,960 INFO o.a.j.t.JMeterThread: Thread is done: 秒杀线程组：1000用户 1-136
2026-07-17 20:17:59,960 INFO o.a.j.t.JMeterThread: Thread finished: 秒杀线程组：1000用户 1-136
2026-07-17 20:17:59,961 INFO o.a.j.t.JMeterThread: Thread is done: 秒杀线程组：1000用户 1-221
2026-07-17 20:17:59,961 INFO o.a.j.t.JMeterThread: Thread is done: 秒杀线程组：1000用户 1-247
2026-07-17 20:17:59,961 INFO o.a.j.t.JMeterThread: Thread finished: 秒杀线程组：1000用户 1-221
2026-07-17 20:17:59,961 INFO o.a.j.t.JMeterThread: Thread finished: 秒杀线程组：1000用户 1-247
2026-07-17 20:17:59,961 INFO o.a.j.t.JMeterThread: Thread is done: 秒杀线程组：1000用户 1-126
2026-07-17 20:17:59,962 INFO o.a.j.t.JMeterThread: Thread is done: 秒杀线程组：1000用户 1-10
2026-07-17 20:17:59,962 INFO o.a.j.t.JMeterThread: Thread is done: 秒杀线程组：1000用户 1-132
2026-07-17 20:17:59,962 INFO o.a.j.t.JMeterThread: Thread finished: 秒杀线程组：1000用户 1-126
2026-07-17 20:17:59,962 INFO o.a.j.t.JMeterThread: Thread finished: 秒杀线程组：1000用户 1-10
2026-07-17 20:17:59,962 INFO o.a.j.t.JMeterThread: Thread finished: 秒杀线程组：1000用户 1-132
2026-07-17 20:17:59,962 INFO o.a.j.t.JMeterThread: Thread is done: 秒杀线程组：1000用户 1-249
2026-07-17 20:17:59,962 INFO o.a.j.t.JMeterThread: Thread finished: 秒杀线程组：1000用户 1-249
2026-07-17 20:17:59,962 INFO o.a.j.t.JMeterThread: Thread is done: 秒杀线程组：1000用户 1-255
2026-07-17 20:17:59,962 INFO o.a.j.t.JMeterThread: Thread finished: 秒杀线程组：1000用户 1-255
2026-07-17 20:17:59,963 INFO o.a.j.t.JMeterThread: Thread is done: 秒杀线程组：1000用户 1-267
2026-07-17 20:17:59,963 INFO o.a.j.t.JMeterThread: Thread finished: 秒杀线程组：1000用户 1-267
2026-07-17 20:17:59,963 INFO o.a.j.t.JMeterThread: Thread is done: 秒杀线程组：1000用户 1-31
2026-07-17 20:17:59,963 INFO o.a.j.t.JMeterThread: Thread finished: 秒杀线程组：1000用户 1-31
2026-07-17 20:17:59,963 INFO o.a.j.t.JMeterThread: Thread is done: 秒杀线程组：1000用户 1-243
2026-07-17 20:17:59,963 INFO o.a.j.t.JMeterThread: Thread finished: 秒杀线程组：1000用户 1-243
2026-07-17 20:17:59,964 INFO o.a.j.t.JMeterThread: Thread is done: 秒杀线程组：1000用户 1-161
2026-07-17 20:17:59,964 INFO o.a.j.t.JMeterThread: Thread is done: 秒杀线程组：1000用户 1-175
2026-07-17 20:17:59,964 INFO o.a.j.t.JMeterThread: Thread is done: 秒杀线程组：1000用户 1-176
2026-07-17 20:17:59,964 INFO o.a.j.t.JMeterThread: Thread finished: 秒杀线程组：1000用户 1-176
2026-07-17 20:17:59,964 INFO o.a.j.t.JMeterThread: Thread finished: 秒杀线程组：1000用户 1-175
2026-07-17 20:17:59,964 INFO o.a.j.t.JMeterThread: Thread finished: 秒杀线程组：1000用户 1-161
2026-07-17 20:17:59,964 INFO o.a.j.t.JMeterThread: Thread is done: 秒杀线程组：1000用户 1-121
2026-07-17 20:17:59,964 INFO o.a.j.t.JMeterThread: Thread finished: 秒杀线程组：1000用户 1-121
2026-07-17 20:17:59,964 INFO o.a.j.t.JMeterThread: Thread is done: 秒杀线程组：1000用户 1-114
2026-07-17 20:17:59,964 INFO o.a.j.t.JMeterThread: Thread finished: 秒杀线程组：1000用户 1-114
2026-07-17 20:17:59,964 INFO o.a.j.t.JMeterThread: Thread started: 秒杀线程组：1000用户 1-938
2026-07-17 20:17:59,964 INFO o.a.j.t.JMeterThread: Thread is done: 秒杀线程组：1000用户 1-148
2026-07-17 20:17:59,964 INFO o.a.j.t.JMeterThread: Thread finished: 秒杀线程组：1000用户 1-148
2026-07-17 20:17:59,964 INFO o.a.j.t.JMeterThread: Thread is done: 秒杀线程组：1000用户 1-931
2026-07-17 20:17:59,964 INFO o.a.j.t.JMeterThread: Thread is done: 秒杀线程组：1000用户 1-293
2026-07-17 20:17:59,964 INFO o.a.j.t.JMeterThread: Thread finished: 秒杀线程组：1000用户 1-931
2026-07-17 20:17:59,964 INFO o.a.j.t.JMeterThread: Thread finished: 秒杀线程组：1000用户 1-293
2026-07-17 20:17:59,965 INFO o.a.j.t.JMeterThread: Thread started: 秒杀线程组：1000用户 1-934
2026-07-17 20:17:59,965 INFO o.a.j.t.JMeterThread: Thread started: 秒杀线程组：1000用户 1-939
2026-07-17 20:17:59,965 INFO o.a.j.t.JMeterThread: Thread is done: 秒杀线程组：1000用户 1-923
2026-07-17 20:17:59,965 INFO o.a.j.t.JMeterThread: Thread finished: 秒杀线程组：1000用户 1-923
2026-07-17 20:17:59,965 INFO o.a.j.t.JMeterThread: Thread is done: 秒杀线程组：1000用户 1-928
2026-07-17 20:17:59,965 INFO o.a.j.t.JMeterThread: Thread is done: 秒杀线程组：1000用户 1-930
2026-07-17 20:17:59,965 INFO o.a.j.t.JMeterThread: Thread finished: 秒杀线程组：1000用户 1-928
2026-07-17 20:17:59,965 INFO o.a.j.t.JMeterThread: Thread finished: 秒杀线程组：1000用户 1-930
2026-07-17 20:17:59,966 INFO o.a.j.t.JMeterThread: Thread started: 秒杀线程组：1000用户 1-935
2026-07-17 20:17:59,966 INFO o.a.j.t.JMeterThread: Thread started: 秒杀线程组：1000用户 1-941
2026-07-17 20:17:59,966 INFO o.a.j.t.JMeterThread: Thread is done: 秒杀线程组：1000用户 1-924
2026-07-17 20:17:59,966 INFO o.a.j.t.JMeterThread: Thread is done: 秒杀线程组：1000用户 1-922
2026-07-17 20:17:59,966 INFO o.a.j.t.JMeterThread: Thread finished: 秒杀线程组：1000用户 1-924
2026-07-17 20:17:59,966 INFO o.a.j.t.JMeterThread: Thread is done: 秒杀线程组：1000用户 1-929
2026-07-17 20:17:59,966 INFO o.a.j.t.JMeterThread: Thread finished: 秒杀线程组：1000用户 1-922
2026-07-17 20:17:59,966 INFO o.a.j.t.JMeterThread: Thread finished: 秒杀线程组：1000用户 1-929
2026-07-17 20:17:59,967 INFO o.a.j.t.JMeterThread: Thread started: 秒杀线程组：1000用户 1-936
2026-07-17 20:17:59,967 INFO o.a.j.t.JMeterThread: Thread is done: 秒杀线程组：1000用户 1-916
2026-07-17 20:17:59,967 INFO o.a.j.t.JMeterThread: Thread finished: 秒杀线程组：1000用户 1-916
2026-07-17 20:17:59,968 INFO o.a.j.t.JMeterThread: Thread started: 秒杀线程组：1000用户 1-937
2026-07-17 20:17:59,968 INFO o.a.j.t.JMeterThread: Thread is done: 秒杀线程组：1000用户 1-915
2026-07-17 20:17:59,968 INFO o.a.j.t.JMeterThread: Thread is done: 秒杀线程组：1000用户 1-925
2026-07-17 20:17:59,968 INFO o.a.j.t.JMeterThread: Thread finished: 秒杀线程组：1000用户 1-915
2026-07-17 20:17:59,968 INFO o.a.j.t.JMeterThread: Thread finished: 秒杀线程组：1000用户 1-925
2026-07-17 20:17:59,968 INFO o.a.j.t.JMeterThread: Thread is done: 秒杀线程组：1000用户 1-917
2026-07-17 20:17:59,968 INFO o.a.j.t.JMeterThread: Thread finished: 秒杀线程组：1000用户 1-917
2026-07-17 20:17:59,968 INFO o.a.j.t.JMeterThread: Thread is done: 秒杀线程组：1000用户 1-919
2026-07-17 20:17:59,968 INFO o.a.j.t.JMeterThread: Thread finished: 秒杀线程组：1000用户 1-919
2026-07-17 20:17:59,968 INFO o.a.j.t.JMeterThread: Thread is done: 秒杀线程组：1000用户 1-921
2026-07-17 20:17:59,968 INFO o.a.j.t.JMeterThread: Thread finished: 秒杀线程组：1000用户 1-921
2026-07-17 20:17:59,968 INFO o.a.j.t.JMeterThread: Thread is done: 秒杀线程组：1000用户 1-920
2026-07-17 20:17:59,968 INFO o.a.j.t.JMeterThread: Thread finished: 秒杀线程组：1000用户 1-920
2026-07-17 20:17:59,969 INFO o.a.j.t.JMeterThread: Thread started: 秒杀线程组：1000用户 1-942
2026-07-17 20:17:59,971 INFO o.a.j.t.JMeterThread: Thread started: 秒杀线程组：1000用户 1-940
2026-07-17 20:17:59,971 INFO o.a.j.t.JMeterThread: Thread started: 秒杀线程组：1000用户 1-945
2026-07-17 20:17:59,971 INFO o.a.j.t.JMeterThread: Thread is done: 秒杀线程组：1000用户 1-918
2026-07-17 20:17:59,971 INFO o.a.j.t.JMeterThread: Thread is done: 秒杀线程组：1000用户 1-911
2026-07-17 20:17:59,971 INFO o.a.j.t.JMeterThread: Thread is done: 秒杀线程组：1000用户 1-914
2026-07-17 20:17:59,971 INFO o.a.j.t.JMeterThread: Thread finished: 秒杀线程组：1000用户 1-911
2026-07-17 20:17:59,971 INFO o.a.j.t.JMeterThread: Thread is done: 秒杀线程组：1000用户 1-906
2026-07-17 20:17:59,971 INFO o.a.j.t.JMeterThread: Thread is done: 秒杀线程组：1000用户 1-912
2026-07-17 20:17:59,971 INFO o.a.j.t.JMeterThread: Thread finished: 秒杀线程组：1000用户 1-918
2026-07-17 20:17:59,971 INFO o.a.j.t.JMeterThread: Thread finished: 秒杀线程组：1000用户 1-912
2026-07-17 20:17:59,971 INFO o.a.j.t.JMeterThread: Thread finished: 秒杀线程组：1000用户 1-906
2026-07-17 20:17:59,971 INFO o.a.j.t.JMeterThread: Thread is done: 秒杀线程组：1000用户 1-909
2026-07-17 20:17:59,971 INFO o.a.j.t.JMeterThread: Thread is done: 秒杀线程组：1000用户 1-913
2026-07-17 20:17:59,971 INFO o.a.j.t.JMeterThread: Thread finished: 秒杀线程组：1000用户 1-914
2026-07-17 20:17:59,972 INFO o.a.j.t.JMeterThread: Thread finished: 秒杀线程组：1000用户 1-913
2026-07-17 20:17:59,972 INFO o.a.j.t.JMeterThread: Thread finished: 秒杀线程组：1000用户 1-909
2026-07-17 20:17:59,972 INFO o.a.j.t.JMeterThread: Thread is done: 秒杀线程组：1000用户 1-907
2026-07-17 20:17:59,972 INFO o.a.j.t.JMeterThread: Thread finished: 秒杀线程组：1000用户 1-907
2026-07-17 20:17:59,972 INFO o.a.j.t.JMeterThread: Thread is done: 秒杀线程组：1000用户 1-904
2026-07-17 20:17:59,972 INFO o.a.j.t.JMeterThread: Thread finished: 秒杀线程组：1000用户 1-904
2026-07-17 20:17:59,972 INFO o.a.j.t.JMeterThread: Thread is done: 秒杀线程组：1000用户 1-900
2026-07-17 20:17:59,972 INFO o.a.j.t.JMeterThread: Thread is done: 秒杀线程组：1000用户 1-908
2026-07-17 20:17:59,972 INFO o.a.j.t.JMeterThread: Thread finished: 秒杀线程组：1000用户 1-900
2026-07-17 20:17:59,972 INFO o.a.j.t.JMeterThread: Thread finished: 秒杀线程组：1000用户 1-908
2026-07-17 20:17:59,973 INFO o.a.j.t.JMeterThread: Thread started: 秒杀线程组：1000用户 1-943
2026-07-17 20:17:59,974 INFO o.a.j.t.JMeterThread: Thread is done: 秒杀线程组：1000用户 1-905
2026-07-17 20:17:59,974 INFO o.a.j.t.JMeterThread: Thread finished: 秒杀线程组：1000用户 1-905
2026-07-17 20:17:59,974 INFO o.a.j.t.JMeterThread: Thread is done: 秒杀线程组：1000用户 1-939
2026-07-17 20:17:59,974 INFO o.a.j.t.JMeterThread: Thread finished: 秒杀线程组：1000用户 1-939
2026-07-17 20:17:59,974 INFO o.a.j.t.JMeterThread: Thread is done: 秒杀线程组：1000用户 1-938
2026-07-17 20:17:59,974 INFO o.a.j.t.JMeterThread: Thread finished: 秒杀线程组：1000用户 1-938
2026-07-17 20:17:59,974 INFO o.a.j.t.JMeterThread: Thread is done: 秒杀线程组：1000用户 1-926
2026-07-17 20:17:59,974 INFO o.a.j.t.JMeterThread: Thread is done: 秒杀线程组：1000用户 1-934
2026-07-17 20:17:59,974 INFO o.a.j.t.JMeterThread: Thread finished: 秒杀线程组：1000用户 1-934
2026-07-17 20:17:59,974 INFO o.a.j.t.JMeterThread: Thread finished: 秒杀线程组：1000用户 1-926
2026-07-17 20:17:59,975 INFO o.a.j.t.JMeterThread: Thread started: 秒杀线程组：1000用户 1-949
2026-07-17 20:17:59,975 INFO o.a.j.t.JMeterThread: Thread started: 秒杀线程组：1000用户 1-944
2026-07-17 20:17:59,975 INFO o.a.j.t.JMeterThread: Thread started: 秒杀线程组：1000用户 1-948
2026-07-17 20:17:59,977 INFO o.a.j.t.JMeterThread: Thread started: 秒杀线程组：1000用户 1-952
2026-07-17 20:17:59,977 INFO o.a.j.t.JMeterThread: Thread started: 秒杀线程组：1000用户 1-951
2026-07-17 20:17:59,977 INFO o.a.j.t.JMeterThread: Thread started: 秒杀线程组：1000用户 1-947
2026-07-17 20:17:59,978 INFO o.a.j.t.JMeterThread: Thread started: 秒杀线程组：1000用户 1-946
2026-07-17 20:17:59,979 INFO o.a.j.t.JMeterThread: Thread started: 秒杀线程组：1000用户 1-953
2026-07-17 20:17:59,979 INFO o.a.j.t.JMeterThread: Thread started: 秒杀线程组：1000用户 1-954
2026-07-17 20:17:59,980 INFO o.a.j.t.JMeterThread: Thread started: 秒杀线程组：1000用户 1-955
2026-07-17 20:17:59,982 INFO o.a.j.t.JMeterThread: Thread started: 秒杀线程组：1000用户 1-956
2026-07-17 20:17:59,982 INFO o.a.j.t.JMeterThread: Thread started: 秒杀线程组：1000用户 1-950
2026-07-17 20:17:59,982 INFO o.a.j.t.JMeterThread: Thread is done: 秒杀线程组：1000用户 1-927
2026-07-17 20:17:59,982 INFO o.a.j.t.JMeterThread: Thread is done: 秒杀线程组：1000用户 1-933
2026-07-17 20:17:59,982 INFO o.a.j.t.JMeterThread: Thread finished: 秒杀线程组：1000用户 1-927
2026-07-17 20:17:59,982 INFO o.a.j.t.JMeterThread: Thread finished: 秒杀线程组：1000用户 1-933
2026-07-17 20:17:59,983 INFO o.a.j.t.JMeterThread: Thread started: 秒杀线程组：1000用户 1-958
2026-07-17 20:17:59,984 INFO o.a.j.t.JMeterThread: Thread started: 秒杀线程组：1000用户 1-959
2026-07-17 20:17:59,985 INFO o.a.j.t.JMeterThread: Thread is done: 秒杀线程组：1000用户 1-936
2026-07-17 20:17:59,985 INFO o.a.j.t.JMeterThread: Thread is done: 秒杀线程组：1000用户 1-937
2026-07-17 20:17:59,985 INFO o.a.j.t.JMeterThread: Thread is done: 秒杀线程组：1000用户 1-935
2026-07-17 20:17:59,985 INFO o.a.j.t.JMeterThread: Thread is done: 秒杀线程组：1000用户 1-932
2026-07-17 20:17:59,985 INFO o.a.j.t.JMeterThread: Thread finished: 秒杀线程组：1000用户 1-935
2026-07-17 20:17:59,985 INFO o.a.j.t.JMeterThread: Thread is done: 秒杀线程组：1000用户 1-941
2026-07-17 20:17:59,985 INFO o.a.j.t.JMeterThread: Thread finished: 秒杀线程组：1000用户 1-941
2026-07-17 20:17:59,985 INFO o.a.j.t.JMeterThread: Thread finished: 秒杀线程组：1000用户 1-932
2026-07-17 20:17:59,985 INFO o.a.j.t.JMeterThread: Thread finished: 秒杀线程组：1000用户 1-936
2026-07-17 20:17:59,985 INFO o.a.j.t.JMeterThread: Thread finished: 秒杀线程组：1000用户 1-937
2026-07-17 20:17:59,986 INFO o.a.j.t.JMeterThread: Thread started: 秒杀线程组：1000用户 1-962
2026-07-17 20:17:59,986 INFO o.a.j.t.JMeterThread: Thread is done: 秒杀线程组：1000用户 1-945
2026-07-17 20:17:59,986 INFO o.a.j.t.JMeterThread: Thread is done: 秒杀线程组：1000用户 1-942
2026-07-17 20:17:59,986 INFO o.a.j.t.JMeterThread: Thread finished: 秒杀线程组：1000用户 1-945
2026-07-17 20:17:59,986 INFO o.a.j.t.JMeterThread: Thread finished: 秒杀线程组：1000用户 1-942
2026-07-17 20:17:59,987 INFO o.a.j.t.JMeterThread: Thread started: 秒杀线程组：1000用户 1-963
2026-07-17 20:17:59,987 INFO o.a.j.t.JMeterThread: Thread is done: 秒杀线程组：1000用户 1-940
2026-07-17 20:17:59,987 INFO o.a.j.t.JMeterThread: Thread finished: 秒杀线程组：1000用户 1-940
2026-07-17 20:17:59,988 INFO o.a.j.t.JMeterThread: Thread started: 秒杀线程组：1000用户 1-957
2026-07-17 20:17:59,988 INFO o.a.j.t.JMeterThread: Thread is done: 秒杀线程组：1000用户 1-948
2026-07-17 20:17:59,988 INFO o.a.j.t.JMeterThread: Thread finished: 秒杀线程组：1000用户 1-948
2026-07-17 20:17:59,990 INFO o.a.j.t.JMeterThread: Thread started: 秒杀线程组：1000用户 1-960
2026-07-17 20:17:59,990 INFO o.a.j.t.JMeterThread: Thread is done: 秒杀线程组：1000用户 1-949
2026-07-17 20:17:59,990 INFO o.a.j.t.JMeterThread: Thread is done: 秒杀线程组：1000用户 1-944
2026-07-17 20:17:59,990 INFO o.a.j.t.JMeterThread: Thread is done: 秒杀线程组：1000用户 1-947
2026-07-17 20:17:59,990 INFO o.a.j.t.JMeterThread: Thread finished: 秒杀线程组：1000用户 1-947
2026-07-17 20:17:59,990 INFO o.a.j.t.JMeterThread: Thread finished: 秒杀线程组：1000用户 1-949
2026-07-17 20:17:59,990 INFO o.a.j.t.JMeterThread: Thread is done: 秒杀线程组：1000用户 1-946
2026-07-17 20:17:59,990 INFO o.a.j.t.JMeterThread: Thread finished: 秒杀线程组：1000用户 1-944
2026-07-17 20:17:59,990 INFO o.a.j.t.JMeterThread: Thread finished: 秒杀线程组：1000用户 1-946
2026-07-17 20:17:59,991 INFO o.a.j.t.JMeterThread: Thread is done: 秒杀线程组：1000用户 1-943
2026-07-17 20:17:59,991 INFO o.a.j.t.JMeterThread: Thread finished: 秒杀线程组：1000用户 1-943
2026-07-17 20:17:59,991 INFO o.a.j.t.JMeterThread: Thread is done: 秒杀线程组：1000用户 1-953
2026-07-17 20:17:59,991 INFO o.a.j.t.JMeterThread: Thread is done: 秒杀线程组：1000用户 1-951
2026-07-17 20:17:59,991 INFO o.a.j.t.JMeterThread: Thread finished: 秒杀线程组：1000用户 1-953
2026-07-17 20:17:59,991 INFO o.a.j.t.JMeterThread: Thread finished: 秒杀线程组：1000用户 1-951
2026-07-17 20:17:59,991 INFO o.a.j.t.JMeterThread: Thread is done: 秒杀线程组：1000用户 1-955
2026-07-17 20:17:59,991 INFO o.a.j.t.JMeterThread: Thread is done: 秒杀线程组：1000用户 1-952
2026-07-17 20:17:59,991 INFO o.a.j.t.JMeterThread: Thread finished: 秒杀线程组：1000用户 1-955
2026-07-17 20:17:59,991 INFO o.a.j.t.JMeterThread: Thread finished: 秒杀线程组：1000用户 1-952
2026-07-17 20:17:59,992 INFO o.a.j.t.JMeterThread: Thread started: 秒杀线程组：1000用户 1-966
2026-07-17 20:17:59,992 INFO o.a.j.t.JMeterThread: Thread is done: 秒杀线程组：1000用户 1-959
2026-07-17 20:17:59,992 INFO o.a.j.t.JMeterThread: Thread finished: 秒杀线程组：1000用户 1-959
2026-07-17 20:17:59,992 INFO o.a.j.t.JMeterThread: Thread is done: 秒杀线程组：1000用户 1-958
2026-07-17 20:17:59,992 INFO o.a.j.t.JMeterThread: Thread finished: 秒杀线程组：1000用户 1-958
2026-07-17 20:17:59,992 INFO o.a.j.t.JMeterThread: Thread is done: 秒杀线程组：1000用户 1-954
2026-07-17 20:17:59,992 INFO o.a.j.t.JMeterThread: Thread finished: 秒杀线程组：1000用户 1-954
2026-07-17 20:17:59,993 INFO o.a.j.t.JMeterThread: Thread started: 秒杀线程组：1000用户 1-961
2026-07-17 20:17:59,993 INFO o.a.j.t.JMeterThread: Thread is done: 秒杀线程组：1000用户 1-950
2026-07-17 20:17:59,993 INFO o.a.j.t.JMeterThread: Thread finished: 秒杀线程组：1000用户 1-950
2026-07-17 20:17:59,993 INFO o.a.j.t.JMeterThread: Thread is done: 秒杀线程组：1000用户 1-956
2026-07-17 20:17:59,993 INFO o.a.j.t.JMeterThread: Thread finished: 秒杀线程组：1000用户 1-956
2026-07-17 20:17:59,993 INFO o.a.j.t.JMeterThread: Thread is done: 秒杀线程组：1000用户 1-963
2026-07-17 20:17:59,994 INFO o.a.j.t.JMeterThread: Thread finished: 秒杀线程组：1000用户 1-963
2026-07-17 20:17:59,994 INFO o.a.j.t.JMeterThread: Thread is done: 秒杀线程组：1000用户 1-957
2026-07-17 20:17:59,994 INFO o.a.j.t.JMeterThread: Thread started: 秒杀线程组：1000用户 1-968
2026-07-17 20:17:59,994 INFO o.a.j.t.JMeterThread: Thread finished: 秒杀线程组：1000用户 1-957
2026-07-17 20:17:59,994 INFO o.a.j.t.JMeterThread: Thread is done: 秒杀线程组：1000用户 1-962
2026-07-17 20:17:59,994 INFO o.a.j.t.JMeterThread: Thread finished: 秒杀线程组：1000用户 1-962
2026-07-17 20:17:59,994 INFO o.a.j.t.JMeterThread: Thread started: 秒杀线程组：1000用户 1-970
2026-07-17 20:17:59,994 INFO o.a.j.t.JMeterThread: Thread started: 秒杀线程组：1000用户 1-964
2026-07-17 20:17:59,994 INFO o.a.j.t.JMeterThread: Thread started: 秒杀线程组：1000用户 1-969
2026-07-17 20:17:59,995 INFO o.a.j.t.JMeterThread: Thread started: 秒杀线程组：1000用户 1-965
2026-07-17 20:17:59,995 INFO o.a.j.t.JMeterThread: Thread started: 秒杀线程组：1000用户 1-971
2026-07-17 20:17:59,996 INFO o.a.j.t.JMeterThread: Thread is done: 秒杀线程组：1000用户 1-960
2026-07-17 20:17:59,996 INFO o.a.j.t.JMeterThread: Thread finished: 秒杀线程组：1000用户 1-960
2026-07-17 20:17:59,997 INFO o.a.j.t.JMeterThread: Thread started: 秒杀线程组：1000用户 1-972
2026-07-17 20:17:59,997 INFO o.a.j.t.JMeterThread: Thread started: 秒杀线程组：1000用户 1-967
2026-07-17 20:18:00,000 INFO o.a.j.t.JMeterThread: Thread is done: 秒杀线程组：1000用户 1-968
2026-07-17 20:18:00,000 INFO o.a.j.t.JMeterThread: Thread finished: 秒杀线程组：1000用户 1-968
2026-07-17 20:18:00,001 INFO o.a.j.t.JMeterThread: Thread started: 秒杀线程组：1000用户 1-976
2026-07-17 20:18:00,001 INFO o.a.j.t.JMeterThread: Thread started: 秒杀线程组：1000用户 1-974
2026-07-17 20:18:00,001 INFO o.a.j.t.JMeterThread: Thread is done: 秒杀线程组：1000用户 1-961
2026-07-17 20:18:00,001 INFO o.a.j.t.JMeterThread: Thread finished: 秒杀线程组：1000用户 1-961
2026-07-17 20:18:00,002 INFO o.a.j.t.JMeterThread: Thread started: 秒杀线程组：1000用户 1-977
2026-07-17 20:18:00,002 INFO o.a.j.r.Summariser: summary +    963 in 00:00:01 =  731.2/s Avg:   124 Min:     3 Max:   603 Err:     0 (0.00%) Active: 11 Started: 975 Finished: 964
2026-07-17 20:18:00,002 INFO o.a.j.t.JMeterThread: Thread started: 秒杀线程组：1000用户 1-973
2026-07-17 20:18:00,002 INFO o.a.j.t.JMeterThread: Thread is done: 秒杀线程组：1000用户 1-969
2026-07-17 20:18:00,002 INFO o.a.j.t.JMeterThread: Thread is done: 秒杀线程组：1000用户 1-964
2026-07-17 20:18:00,002 INFO o.a.j.t.JMeterThread: Thread finished: 秒杀线程组：1000用户 1-969
2026-07-17 20:18:00,002 INFO o.a.j.t.JMeterThread: Thread is done: 秒杀线程组：1000用户 1-966
2026-07-17 20:18:00,002 INFO o.a.j.t.JMeterThread: Thread finished: 秒杀线程组：1000用户 1-964
2026-07-17 20:18:00,002 INFO o.a.j.t.JMeterThread: Thread finished: 秒杀线程组：1000用户 1-966
2026-07-17 20:18:00,003 INFO o.a.j.t.JMeterThread: Thread is done: 秒杀线程组：1000用户 1-965
2026-07-17 20:18:00,003 INFO o.a.j.t.JMeterThread: Thread is done: 秒杀线程组：1000用户 1-971
2026-07-17 20:18:00,003 INFO o.a.j.t.JMeterThread: Thread finished: 秒杀线程组：1000用户 1-965
2026-07-17 20:18:00,003 INFO o.a.j.t.JMeterThread: Thread finished: 秒杀线程组：1000用户 1-971
2026-07-17 20:18:00,003 INFO o.a.j.t.JMeterThread: Thread is done: 秒杀线程组：1000用户 1-970
2026-07-17 20:18:00,003 INFO o.a.j.t.JMeterThread: Thread finished: 秒杀线程组：1000用户 1-970
2026-07-17 20:18:00,004 INFO o.a.j.t.JMeterThread: Thread started: 秒杀线程组：1000用户 1-979
2026-07-17 20:18:00,004 INFO o.a.j.t.JMeterThread: Thread is done: 秒杀线程组：1000用户 1-967
2026-07-17 20:18:00,004 INFO o.a.j.t.JMeterThread: Thread finished: 秒杀线程组：1000用户 1-967
2026-07-17 20:18:00,004 INFO o.a.j.t.JMeterThread: Thread is done: 秒杀线程组：1000用户 1-972
2026-07-17 20:18:00,004 INFO o.a.j.t.JMeterThread: Thread finished: 秒杀线程组：1000用户 1-972
2026-07-17 20:18:00,006 INFO o.a.j.t.JMeterThread: Thread started: 秒杀线程组：1000用户 1-975
2026-07-17 20:18:00,007 INFO o.a.j.t.JMeterThread: Thread started: 秒杀线程组：1000用户 1-981
2026-07-17 20:18:00,008 INFO o.a.j.t.JMeterThread: Thread started: 秒杀线程组：1000用户 1-978
2026-07-17 20:18:00,008 INFO o.a.j.t.JMeterThread: Thread is done: 秒杀线程组：1000用户 1-973
2026-07-17 20:18:00,008 INFO o.a.j.t.JMeterThread: Thread is done: 秒杀线程组：1000用户 1-974
2026-07-17 20:18:00,008 INFO o.a.j.t.JMeterThread: Thread finished: 秒杀线程组：1000用户 1-973
2026-07-17 20:18:00,008 INFO o.a.j.t.JMeterThread: Thread finished: 秒杀线程组：1000用户 1-974
2026-07-17 20:18:00,008 INFO o.a.j.t.JMeterThread: Thread is done: 秒杀线程组：1000用户 1-977
2026-07-17 20:18:00,008 INFO o.a.j.t.JMeterThread: Thread finished: 秒杀线程组：1000用户 1-977
2026-07-17 20:18:00,008 INFO o.a.j.t.JMeterThread: Thread is done: 秒杀线程组：1000用户 1-976
2026-07-17 20:18:00,008 INFO o.a.j.t.JMeterThread: Thread finished: 秒杀线程组：1000用户 1-976
2026-07-17 20:18:00,008 INFO o.a.j.t.JMeterThread: Thread is done: 秒杀线程组：1000用户 1-979
2026-07-17 20:18:00,008 INFO o.a.j.t.JMeterThread: Thread finished: 秒杀线程组：1000用户 1-979
2026-07-17 20:18:00,010 INFO o.a.j.t.JMeterThread: Thread started: 秒杀线程组：1000用户 1-980
2026-07-17 20:18:00,010 INFO o.a.j.t.JMeterThread: Thread started: 秒杀线程组：1000用户 1-984
2026-07-17 20:18:00,010 INFO o.a.j.t.JMeterThread: Thread started: 秒杀线程组：1000用户 1-983
2026-07-17 20:18:00,011 INFO o.a.j.t.JMeterThread: Thread started: 秒杀线程组：1000用户 1-986
2026-07-17 20:18:00,011 INFO o.a.j.t.JMeterThread: Thread started: 秒杀线程组：1000用户 1-985
2026-07-17 20:18:00,013 INFO o.a.j.t.JMeterThread: Thread started: 秒杀线程组：1000用户 1-982
2026-07-17 20:18:00,013 INFO o.a.j.t.JMeterThread: Thread started: 秒杀线程组：1000用户 1-987
2026-07-17 20:18:00,014 INFO o.a.j.t.JMeterThread: Thread started: 秒杀线程组：1000用户 1-988
2026-07-17 20:18:00,014 INFO o.a.j.t.JMeterThread: Thread is done: 秒杀线程组：1000用户 1-981
2026-07-17 20:18:00,014 INFO o.a.j.t.JMeterThread: Thread finished: 秒杀线程组：1000用户 1-981
2026-07-17 20:18:00,014 INFO o.a.j.t.JMeterThread: Thread is done: 秒杀线程组：1000用户 1-978
2026-07-17 20:18:00,014 INFO o.a.j.t.JMeterThread: Thread is done: 秒杀线程组：1000用户 1-975
2026-07-17 20:18:00,014 INFO o.a.j.t.JMeterThread: Thread finished: 秒杀线程组：1000用户 1-978
2026-07-17 20:18:00,014 INFO o.a.j.t.JMeterThread: Thread finished: 秒杀线程组：1000用户 1-975
2026-07-17 20:18:00,017 INFO o.a.j.t.JMeterThread: Thread started: 秒杀线程组：1000用户 1-990
2026-07-17 20:18:00,017 INFO o.a.j.t.JMeterThread: Thread started: 秒杀线程组：1000用户 1-992
2026-07-17 20:18:00,018 INFO o.a.j.t.JMeterThread: Thread started: 秒杀线程组：1000用户 1-991
2026-07-17 20:18:00,019 INFO o.a.j.t.JMeterThread: Thread started: 秒杀线程组：1000用户 1-989
2026-07-17 20:18:00,019 INFO o.a.j.t.JMeterThread: Thread is done: 秒杀线程组：1000用户 1-984
2026-07-17 20:18:00,019 INFO o.a.j.t.JMeterThread: Thread is done: 秒杀线程组：1000用户 1-986
2026-07-17 20:18:00,019 INFO o.a.j.t.JMeterThread: Thread finished: 秒杀线程组：1000用户 1-984
2026-07-17 20:18:00,019 INFO o.a.j.t.JMeterThread: Thread finished: 秒杀线程组：1000用户 1-986
2026-07-17 20:18:00,019 INFO o.a.j.t.JMeterThread: Thread is done: 秒杀线程组：1000用户 1-985
2026-07-17 20:18:00,019 INFO o.a.j.t.JMeterThread: Thread finished: 秒杀线程组：1000用户 1-985
2026-07-17 20:18:00,020 INFO o.a.j.t.JMeterThread: Thread started: 秒杀线程组：1000用户 1-993
2026-07-17 20:18:00,020 INFO o.a.j.t.JMeterThread: Thread is done: 秒杀线程组：1000用户 1-983
2026-07-17 20:18:00,020 INFO o.a.j.t.JMeterThread: Thread finished: 秒杀线程组：1000用户 1-983
2026-07-17 20:18:00,020 INFO o.a.j.t.JMeterThread: Thread is done: 秒杀线程组：1000用户 1-980
2026-07-17 20:18:00,021 INFO o.a.j.t.JMeterThread: Thread finished: 秒杀线程组：1000用户 1-980
2026-07-17 20:18:00,021 INFO o.a.j.t.JMeterThread: Thread started: 秒杀线程组：1000用户 1-994
2026-07-17 20:18:00,021 INFO o.a.j.t.JMeterThread: Thread is done: 秒杀线程组：1000用户 1-987
2026-07-17 20:18:00,021 INFO o.a.j.t.JMeterThread: Thread finished: 秒杀线程组：1000用户 1-987
2026-07-17 20:18:00,022 INFO o.a.j.t.JMeterThread: Thread started: 秒杀线程组：1000用户 1-995
2026-07-17 20:18:00,022 INFO o.a.j.t.JMeterThread: Thread is done: 秒杀线程组：1000用户 1-982
2026-07-17 20:18:00,022 INFO o.a.j.t.JMeterThread: Thread finished: 秒杀线程组：1000用户 1-982
2026-07-17 20:18:00,022 INFO o.a.j.t.JMeterThread: Thread is done: 秒杀线程组：1000用户 1-988
2026-07-17 20:18:00,022 INFO o.a.j.t.JMeterThread: Thread finished: 秒杀线程组：1000用户 1-988
2026-07-17 20:18:00,022 INFO o.a.j.t.JMeterThread: Thread is done: 秒杀线程组：1000用户 1-990
2026-07-17 20:18:00,022 INFO o.a.j.t.JMeterThread: Thread is done: 秒杀线程组：1000用户 1-992
2026-07-17 20:18:00,022 INFO o.a.j.t.JMeterThread: Thread finished: 秒杀线程组：1000用户 1-990
2026-07-17 20:18:00,022 INFO o.a.j.t.JMeterThread: Thread finished: 秒杀线程组：1000用户 1-992
2026-07-17 20:18:00,023 INFO o.a.j.t.JMeterThread: Thread started: 秒杀线程组：1000用户 1-996
2026-07-17 20:18:00,023 INFO o.a.j.t.JMeterThread: Thread started: 秒杀线程组：1000用户 1-998
2026-07-17 20:18:00,023 INFO o.a.j.t.JMeterThread: Thread is done: 秒杀线程组：1000用户 1-991
2026-07-17 20:18:00,023 INFO o.a.j.t.JMeterThread: Thread finished: 秒杀线程组：1000用户 1-991
2026-07-17 20:18:00,025 INFO o.a.j.t.JMeterThread: Thread started: 秒杀线程组：1000用户 1-997
2026-07-17 20:18:00,025 INFO o.a.j.t.JMeterThread: Thread is done: 秒杀线程组：1000用户 1-989
2026-07-17 20:18:00,025 INFO o.a.j.t.JMeterThread: Thread finished: 秒杀线程组：1000用户 1-989
2026-07-17 20:18:00,025 INFO o.a.j.t.JMeterThread: Thread is done: 秒杀线程组：1000用户 1-993
2026-07-17 20:18:00,025 INFO o.a.j.t.JMeterThread: Thread finished: 秒杀线程组：1000用户 1-993
2026-07-17 20:18:00,025 INFO o.a.j.t.JMeterThread: Thread is done: 秒杀线程组：1000用户 1-994
2026-07-17 20:18:00,025 INFO o.a.j.t.JMeterThread: Thread finished: 秒杀线程组：1000用户 1-994
2026-07-17 20:18:00,027 INFO o.a.j.t.JMeterThread: Thread is done: 秒杀线程组：1000用户 1-998
2026-07-17 20:18:00,027 INFO o.a.j.t.JMeterThread: Thread finished: 秒杀线程组：1000用户 1-998
2026-07-17 20:18:00,027 INFO o.a.j.t.JMeterThread: Thread started: 秒杀线程组：1000用户 1-1000
2026-07-17 20:18:00,027 INFO o.a.j.t.JMeterThread: Thread started: 秒杀线程组：1000用户 1-999
2026-07-17 20:18:00,027 INFO o.a.j.t.JMeterThread: Thread is done: 秒杀线程组：1000用户 1-995
2026-07-17 20:18:00,027 INFO o.a.j.t.JMeterThread: Thread finished: 秒杀线程组：1000用户 1-995
2026-07-17 20:18:00,028 INFO o.a.j.t.JMeterThread: Thread is done: 秒杀线程组：1000用户 1-996
2026-07-17 20:18:00,028 INFO o.a.j.t.JMeterThread: Thread finished: 秒杀线程组：1000用户 1-996
2026-07-17 20:18:00,028 INFO o.a.j.t.JMeterThread: Thread is done: 秒杀线程组：1000用户 1-997
2026-07-17 20:18:00,028 INFO o.a.j.t.JMeterThread: Thread finished: 秒杀线程组：1000用户 1-997
2026-07-17 20:18:00,038 INFO o.a.j.t.JMeterThread: Thread is done: 秒杀线程组：1000用户 1-1000
2026-07-17 20:18:00,038 INFO o.a.j.t.JMeterThread: Thread finished: 秒杀线程组：1000用户 1-1000
2026-07-17 20:18:00,039 INFO o.a.j.t.JMeterThread: Thread is done: 秒杀线程组：1000用户 1-999
2026-07-17 20:18:00,039 INFO o.a.j.t.JMeterThread: Thread finished: 秒杀线程组：1000用户 1-999
2026-07-17 20:18:00,039 INFO o.a.j.e.StandardJMeterEngine: Notifying test listeners of end of test
2026-07-17 20:18:00,039 INFO o.a.j.s.FileServer: Close: D:/IDEAprojects/bench-sync/benchmark/tokens.txt
2026-07-17 20:18:00,041 INFO o.a.j.r.Summariser: summary +     37 in 00:00:00 =  902.4/s Avg:     7 Min:     3 Max:    12 Err:     0 (0.00%) Active: 0 Started: 1000 Finished: 1000
2026-07-17 20:18:00,041 INFO o.a.j.r.Summariser: summary =   1000 in 00:00:01 =  736.4/s Avg:   119 Min:     3 Max:   603 Err:     0 (0.00%)
