2026-07-17 19:25:53,648 INFO o.a.j.u.JMeterUtils: Setting Locale to en_EN
2026-07-17 19:25:53,660 INFO o.a.j.JMeter: Loading user properties from: D:\apache-jmeter-5.6.3\apache-jmeter-5.6.3\bin\user.properties
2026-07-17 19:25:53,660 INFO o.a.j.JMeter: Loading system properties from: D:\apache-jmeter-5.6.3\apache-jmeter-5.6.3\bin\system.properties
2026-07-17 19:25:53,661 INFO o.a.j.JMeter: Setting JMeter property: voucherId=10000
2026-07-17 19:25:53,666 INFO o.a.j.JMeter: Copyright (c) 1998-2024 The Apache Software Foundation
2026-07-17 19:25:53,667 INFO o.a.j.JMeter: Version 5.6.3
2026-07-17 19:25:53,667 INFO o.a.j.JMeter: java.version=1.8.0_221
2026-07-17 19:25:53,667 INFO o.a.j.JMeter: java.vm.name=Java HotSpot(TM) 64-Bit Server VM
2026-07-17 19:25:53,667 INFO o.a.j.JMeter: os.name=Windows 10
2026-07-17 19:25:53,667 INFO o.a.j.JMeter: os.arch=amd64
2026-07-17 19:25:53,667 INFO o.a.j.JMeter: os.version=10.0
2026-07-17 19:25:53,667 INFO o.a.j.JMeter: file.encoding=GBK
2026-07-17 19:25:53,667 INFO o.a.j.JMeter: java.awt.headless=true
2026-07-17 19:25:53,667 INFO o.a.j.JMeter: Max memory     =1073741824
2026-07-17 19:25:53,667 INFO o.a.j.JMeter: Available Processors =24
2026-07-17 19:25:53,671 INFO o.a.j.JMeter: Default Locale=English (EN)
2026-07-17 19:25:53,672 INFO o.a.j.JMeter: JMeter  Locale=English (EN)
2026-07-17 19:25:53,672 INFO o.a.j.JMeter: JMeterHome=D:\apache-jmeter-5.6.3\apache-jmeter-5.6.3
2026-07-17 19:25:53,672 INFO o.a.j.JMeter: user.dir  =D:\IDEAprojects\hm-dianping\hm-dianping
2026-07-17 19:25:53,672 INFO o.a.j.JMeter: PWD       =D:\IDEAprojects\hm-dianping\hm-dianping
2026-07-17 19:25:53,684 INFO o.a.j.JMeter: IP: 192.168.1.124 Name: LAPTOP-MEAJN5NP FullName: 192.168.1.124
2026-07-17 19:25:53,703 INFO o.a.j.s.FileServer: Default base='D:\IDEAprojects\hm-dianping\hm-dianping'
2026-07-17 19:25:53,704 INFO o.a.j.s.FileServer: Set new base='D:\IDEAprojects\hm-dianping\hm-dianping\benchmark'
2026-07-17 19:25:53,822 INFO o.a.j.s.SaveService: Testplan (JMX) version: 2.2. Testlog (JTL) version: 2.2
2026-07-17 19:25:53,837 INFO o.a.j.s.SaveService: Using SaveService properties file encoding UTF-8
2026-07-17 19:25:53,843 INFO o.a.j.s.SaveService: Using SaveService properties version 5.0
2026-07-17 19:25:53,848 INFO o.a.j.s.SaveService: Loading file: benchmark\seckill.jmx
2026-07-17 19:25:53,911 INFO o.a.j.p.h.s.HTTPSamplerBase: Parser for text/html is org.apache.jmeter.protocol.http.parser.LagartoBasedHtmlParser
2026-07-17 19:25:53,912 INFO o.a.j.p.h.s.HTTPSamplerBase: Parser for application/xhtml+xml is org.apache.jmeter.protocol.http.parser.LagartoBasedHtmlParser
2026-07-17 19:25:53,912 INFO o.a.j.p.h.s.HTTPSamplerBase: Parser for application/xml is org.apache.jmeter.protocol.http.parser.LagartoBasedHtmlParser
2026-07-17 19:25:53,912 INFO o.a.j.p.h.s.HTTPSamplerBase: Parser for text/xml is org.apache.jmeter.protocol.http.parser.LagartoBasedHtmlParser
2026-07-17 19:25:53,912 INFO o.a.j.p.h.s.HTTPSamplerBase: Parser for text/vnd.wap.wml is org.apache.jmeter.protocol.http.parser.RegexpHTMLParser
2026-07-17 19:25:53,912 INFO o.a.j.p.h.s.HTTPSamplerBase: Parser for text/css is org.apache.jmeter.protocol.http.parser.CssParser
2026-07-17 19:25:54,166 INFO o.a.j.JMeter: Creating summariser <summary>
2026-07-17 19:25:54,174 INFO o.a.j.e.StandardJMeterEngine: Running the test!
2026-07-17 19:25:54,175 INFO o.a.j.s.SampleEvent: List of sample_variables: []
2026-07-17 19:25:54,175 INFO o.a.j.s.SampleEvent: List of sample_variables: []
2026-07-17 19:25:54,179 INFO o.a.j.e.u.CompoundVariable: Note: Function class names must contain the string: '.functions.'
2026-07-17 19:25:54,179 INFO o.a.j.e.u.CompoundVariable: Note: Function class names must not contain the string: '.gui.'
2026-07-17 19:25:54,408 INFO o.a.j.JMeter: Running test (1784287554408)
2026-07-17 19:25:54,446 INFO o.a.j.e.StandardJMeterEngine: Starting ThreadGroup: 1 : 秒杀线程组：1000用户
2026-07-17 19:25:54,446 INFO o.a.j.e.StandardJMeterEngine: Starting 1000 threads for group 秒杀线程组：1000用户.
2026-07-17 19:25:54,447 INFO o.a.j.e.StandardJMeterEngine: Thread will continue on error
2026-07-17 19:25:54,447 INFO o.a.j.t.ThreadGroup: Starting thread group... number=1 threads=1000 ramp-up=5 delayedStart=false
2026-07-17 19:25:54,567 INFO o.a.j.t.ThreadGroup: Started thread group number 1
2026-07-17 19:25:54,568 INFO o.a.j.e.StandardJMeterEngine: All thread groups have been started
2026-07-17 19:25:54,932 INFO o.a.j.t.JMeterThread: Thread started: 秒杀线程组：1000用户 1-2
2026-07-17 19:25:54,933 INFO o.a.j.t.JMeterThread: Thread started: 秒杀线程组：1000用户 1-1
2026-07-17 19:25:54,935 INFO o.a.j.s.FileServer: Stored: D:/IDEAprojects/bench-sync/benchmark/tokens.txt
2026-07-17 19:25:54,938 INFO o.a.j.t.JMeterThread: Thread started: 秒杀线程组：1000用户 1-3
2026-07-17 19:25:54,938 INFO o.a.j.t.JMeterThread: Thread started: 秒杀线程组：1000用户 1-5
2026-07-17 19:25:54,944 INFO o.a.j.t.JMeterThread: Thread started: 秒杀线程组：1000用户 1-4
2026-07-17 19:25:54,952 INFO o.a.j.t.JMeterThread: Thread started: 秒杀线程组：1000用户 1-6
2026-07-17 19:25:54,957 INFO o.a.j.t.JMeterThread: Thread started: 秒杀线程组：1000用户 1-7
2026-07-17 19:25:54,958 INFO o.a.j.t.JMeterThread: Thread started: 秒杀线程组：1000用户 1-10
2026-07-17 19:25:54,960 INFO o.a.j.t.JMeterThread: Thread started: 秒杀线程组：1000用户 1-8
2026-07-17 19:25:54,968 INFO o.a.j.t.JMeterThread: Thread started: 秒杀线程组：1000用户 1-9
2026-07-17 19:25:54,970 INFO o.a.j.t.JMeterThread: Thread started: 秒杀线程组：1000用户 1-11
2026-07-17 19:25:54,974 INFO o.a.j.t.JMeterThread: Thread started: 秒杀线程组：1000用户 1-13
2026-07-17 19:25:54,980 INFO o.a.j.p.h.s.HTTPHCAbstractImpl: Local host = LAPTOP-MEAJN5NP
2026-07-17 19:25:54,982 INFO o.a.j.t.JMeterThread: Thread started: 秒杀线程组：1000用户 1-12
2026-07-17 19:25:54,987 INFO o.a.j.p.h.s.HTTPHC4Impl: HTTP request retry count = 0
2026-07-17 19:25:54,988 INFO o.a.j.s.SampleResult: Note: Sample TimeStamps are START times
2026-07-17 19:25:54,988 INFO o.a.j.s.SampleResult: sampleresult.default.encoding is set to UTF-8
2026-07-17 19:25:54,988 INFO o.a.j.s.SampleResult: sampleresult.useNanoTime=true
2026-07-17 19:25:54,988 INFO o.a.j.s.SampleResult: sampleresult.nanoThreadSleep=5000
2026-07-17 19:25:54,992 INFO o.a.j.t.JMeterThread: Thread started: 秒杀线程组：1000用户 1-14
2026-07-17 19:25:54,994 INFO o.a.j.t.JMeterThread: Thread started: 秒杀线程组：1000用户 1-15
2026-07-17 19:25:54,998 INFO o.a.j.t.JMeterThread: Thread started: 秒杀线程组：1000用户 1-16
2026-07-17 19:25:55,000 INFO o.a.j.t.JMeterThread: Thread started: 秒杀线程组：1000用户 1-18
2026-07-17 19:25:55,003 INFO o.a.j.t.JMeterThread: Thread started: 秒杀线程组：1000用户 1-17
2026-07-17 19:25:55,005 INFO o.a.j.t.JMeterThread: Thread started: 秒杀线程组：1000用户 1-19
2026-07-17 19:25:55,008 INFO o.a.j.t.JMeterThread: Thread started: 秒杀线程组：1000用户 1-20
2026-07-17 19:25:55,013 INFO o.a.j.t.JMeterThread: Thread started: 秒杀线程组：1000用户 1-21
2026-07-17 19:25:55,018 INFO o.a.j.t.JMeterThread: Thread started: 秒杀线程组：1000用户 1-22
2026-07-17 19:25:55,030 INFO o.a.j.t.JMeterThread: Thread started: 秒杀线程组：1000用户 1-23
2026-07-17 19:25:55,035 INFO o.a.j.t.JMeterThread: Thread started: 秒杀线程组：1000用户 1-24
2026-07-17 19:25:55,043 INFO o.a.j.t.JMeterThread: Thread started: 秒杀线程组：1000用户 1-25
2026-07-17 19:25:55,045 INFO o.a.j.t.JMeterThread: Thread started: 秒杀线程组：1000用户 1-26
2026-07-17 19:25:55,053 INFO o.a.j.t.JMeterThread: Thread started: 秒杀线程组：1000用户 1-27
2026-07-17 19:25:55,055 INFO o.a.j.t.JMeterThread: Thread started: 秒杀线程组：1000用户 1-28
2026-07-17 19:25:55,063 INFO o.a.j.t.JMeterThread: Thread started: 秒杀线程组：1000用户 1-29
2026-07-17 19:25:55,068 INFO o.a.j.t.JMeterThread: Thread started: 秒杀线程组：1000用户 1-30
2026-07-17 19:25:55,069 INFO o.a.j.t.JMeterThread: Thread started: 秒杀线程组：1000用户 1-32
2026-07-17 19:25:55,071 INFO o.a.j.t.JMeterThread: Thread started: 秒杀线程组：1000用户 1-31
2026-07-17 19:25:55,081 INFO o.a.j.t.JMeterThread: Thread started: 秒杀线程组：1000用户 1-33
2026-07-17 19:25:55,086 INFO o.a.j.t.JMeterThread: Thread started: 秒杀线程组：1000用户 1-34
2026-07-17 19:25:55,097 INFO o.a.j.t.JMeterThread: Thread started: 秒杀线程组：1000用户 1-35
2026-07-17 19:25:55,097 INFO o.a.j.t.JMeterThread: Thread started: 秒杀线程组：1000用户 1-38
2026-07-17 19:25:55,097 INFO o.a.j.t.JMeterThread: Thread started: 秒杀线程组：1000用户 1-36
2026-07-17 19:25:55,100 INFO o.a.j.t.JMeterThread: Thread started: 秒杀线程组：1000用户 1-37
2026-07-17 19:25:55,109 INFO o.a.j.t.JMeterThread: Thread started: 秒杀线程组：1000用户 1-39
2026-07-17 19:25:55,114 INFO o.a.j.t.JMeterThread: Thread started: 秒杀线程组：1000用户 1-40
2026-07-17 19:25:55,117 INFO o.a.j.t.JMeterThread: Thread started: 秒杀线程组：1000用户 1-43
2026-07-17 19:25:55,123 INFO o.a.j.t.JMeterThread: Thread started: 秒杀线程组：1000用户 1-41
2026-07-17 19:25:55,124 INFO o.a.j.t.JMeterThread: Thread started: 秒杀线程组：1000用户 1-42
2026-07-17 19:25:55,128 INFO o.a.j.t.JMeterThread: Thread started: 秒杀线程组：1000用户 1-44
2026-07-17 19:25:55,135 INFO o.a.j.t.JMeterThread: Thread started: 秒杀线程组：1000用户 1-46
2026-07-17 19:25:55,138 INFO o.a.j.t.JMeterThread: Thread started: 秒杀线程组：1000用户 1-45
2026-07-17 19:25:55,148 INFO o.a.j.t.JMeterThread: Thread started: 秒杀线程组：1000用户 1-47
2026-07-17 19:25:55,153 INFO o.a.j.t.JMeterThread: Thread started: 秒杀线程组：1000用户 1-48
2026-07-17 19:25:55,158 INFO o.a.j.t.JMeterThread: Thread started: 秒杀线程组：1000用户 1-49
2026-07-17 19:25:55,158 INFO o.a.j.t.JMeterThread: Thread started: 秒杀线程组：1000用户 1-51
2026-07-17 19:25:55,162 INFO o.a.j.t.JMeterThread: Thread started: 秒杀线程组：1000用户 1-50
2026-07-17 19:25:55,170 INFO o.a.j.t.JMeterThread: Thread started: 秒杀线程组：1000用户 1-54
2026-07-17 19:25:55,172 INFO o.a.j.t.JMeterThread: Thread started: 秒杀线程组：1000用户 1-52
2026-07-17 19:25:55,174 INFO o.a.j.t.JMeterThread: Thread started: 秒杀线程组：1000用户 1-53
2026-07-17 19:25:55,174 INFO o.a.j.t.JMeterThread: Thread started: 秒杀线程组：1000用户 1-55
2026-07-17 19:25:55,180 INFO o.a.j.t.JMeterThread: Thread started: 秒杀线程组：1000用户 1-56
2026-07-17 19:25:55,194 INFO o.a.j.t.JMeterThread: Thread started: 秒杀线程组：1000用户 1-57
2026-07-17 19:25:55,200 INFO o.a.j.t.JMeterThread: Thread started: 秒杀线程组：1000用户 1-58
2026-07-17 19:25:55,203 INFO o.a.j.t.JMeterThread: Thread started: 秒杀线程组：1000用户 1-59
2026-07-17 19:25:55,204 INFO o.a.j.t.JMeterThread: Thread started: 秒杀线程组：1000用户 1-61
2026-07-17 19:25:55,206 INFO o.a.j.t.JMeterThread: Thread started: 秒杀线程组：1000用户 1-60
2026-07-17 19:25:55,209 INFO o.a.j.t.JMeterThread: Thread started: 秒杀线程组：1000用户 1-62
2026-07-17 19:25:55,211 INFO o.a.j.t.JMeterThread: Thread started: 秒杀线程组：1000用户 1-63
2026-07-17 19:25:55,217 INFO o.a.j.t.JMeterThread: Thread started: 秒杀线程组：1000用户 1-64
2026-07-17 19:25:55,223 INFO o.a.j.t.JMeterThread: Thread started: 秒杀线程组：1000用户 1-65
2026-07-17 19:25:55,228 INFO o.a.j.t.JMeterThread: Thread started: 秒杀线程组：1000用户 1-66
2026-07-17 19:25:55,232 INFO o.a.j.t.JMeterThread: Thread started: 秒杀线程组：1000用户 1-67
2026-07-17 19:25:55,238 INFO o.a.j.t.JMeterThread: Thread started: 秒杀线程组：1000用户 1-68
2026-07-17 19:25:55,245 INFO o.a.j.t.JMeterThread: Thread started: 秒杀线程组：1000用户 1-70
2026-07-17 19:25:55,251 INFO o.a.j.t.JMeterThread: Thread started: 秒杀线程组：1000用户 1-71
2026-07-17 19:25:55,252 INFO o.a.j.t.JMeterThread: Thread started: 秒杀线程组：1000用户 1-69
2026-07-17 19:25:55,255 INFO o.a.j.t.JMeterThread: Thread started: 秒杀线程组：1000用户 1-72
2026-07-17 19:25:55,261 INFO o.a.j.t.JMeterThread: Thread started: 秒杀线程组：1000用户 1-73
2026-07-17 19:25:55,265 INFO o.a.j.t.JMeterThread: Thread started: 秒杀线程组：1000用户 1-74
2026-07-17 19:25:55,268 INFO o.a.j.t.JMeterThread: Thread started: 秒杀线程组：1000用户 1-75
2026-07-17 19:25:55,275 INFO o.a.j.t.JMeterThread: Thread started: 秒杀线程组：1000用户 1-76
2026-07-17 19:25:55,280 INFO o.a.j.t.JMeterThread: Thread started: 秒杀线程组：1000用户 1-77
2026-07-17 19:25:55,284 INFO o.a.j.t.JMeterThread: Thread started: 秒杀线程组：1000用户 1-78
2026-07-17 19:25:55,288 INFO o.a.j.t.JMeterThread: Thread started: 秒杀线程组：1000用户 1-79
2026-07-17 19:25:55,302 INFO o.a.j.t.JMeterThread: Thread started: 秒杀线程组：1000用户 1-80
2026-07-17 19:25:55,305 INFO o.a.j.t.JMeterThread: Thread started: 秒杀线程组：1000用户 1-81
2026-07-17 19:25:55,318 INFO o.a.j.t.JMeterThread: Thread started: 秒杀线程组：1000用户 1-82
2026-07-17 19:25:55,321 INFO o.a.j.t.JMeterThread: Thread started: 秒杀线程组：1000用户 1-85
2026-07-17 19:25:55,322 INFO o.a.j.t.JMeterThread: Thread started: 秒杀线程组：1000用户 1-83
2026-07-17 19:25:55,325 INFO o.a.j.t.JMeterThread: Thread started: 秒杀线程组：1000用户 1-84
2026-07-17 19:25:55,333 INFO o.a.j.t.JMeterThread: Thread started: 秒杀线程组：1000用户 1-86
2026-07-17 19:25:55,341 INFO o.a.j.t.JMeterThread: Thread started: 秒杀线程组：1000用户 1-88
2026-07-17 19:25:55,342 INFO o.a.j.t.JMeterThread: Thread started: 秒杀线程组：1000用户 1-87
2026-07-17 19:25:55,344 INFO o.a.j.t.JMeterThread: Thread started: 秒杀线程组：1000用户 1-89
2026-07-17 19:25:55,350 INFO o.a.j.t.JMeterThread: Thread started: 秒杀线程组：1000用户 1-91
2026-07-17 19:25:55,350 INFO o.a.j.t.JMeterThread: Thread started: 秒杀线程组：1000用户 1-90
2026-07-17 19:25:55,365 INFO o.a.j.t.JMeterThread: Thread started: 秒杀线程组：1000用户 1-94
2026-07-17 19:25:55,366 INFO o.a.j.t.JMeterThread: Thread started: 秒杀线程组：1000用户 1-92
2026-07-17 19:25:55,370 INFO o.a.j.t.JMeterThread: Thread started: 秒杀线程组：1000用户 1-93
2026-07-17 19:25:55,378 INFO o.a.j.t.JMeterThread: Thread started: 秒杀线程组：1000用户 1-97
2026-07-17 19:25:55,378 INFO o.a.j.t.JMeterThread: Thread started: 秒杀线程组：1000用户 1-95
2026-07-17 19:25:55,381 INFO o.a.j.t.JMeterThread: Thread started: 秒杀线程组：1000用户 1-98
2026-07-17 19:25:55,382 INFO o.a.j.t.JMeterThread: Thread started: 秒杀线程组：1000用户 1-96
2026-07-17 19:25:55,389 INFO o.a.j.t.JMeterThread: Thread started: 秒杀线程组：1000用户 1-100
2026-07-17 19:25:55,396 INFO o.a.j.t.JMeterThread: Thread started: 秒杀线程组：1000用户 1-101
2026-07-17 19:25:55,398 INFO o.a.j.t.JMeterThread: Thread started: 秒杀线程组：1000用户 1-99
2026-07-17 19:25:55,407 INFO o.a.j.t.JMeterThread: Thread started: 秒杀线程组：1000用户 1-103
2026-07-17 19:25:55,412 INFO o.a.j.t.JMeterThread: Thread started: 秒杀线程组：1000用户 1-104
2026-07-17 19:25:55,414 INFO o.a.j.t.JMeterThread: Thread started: 秒杀线程组：1000用户 1-102
2026-07-17 19:25:55,425 INFO o.a.j.t.JMeterThread: Thread started: 秒杀线程组：1000用户 1-106
2026-07-17 19:25:55,430 INFO o.a.j.t.JMeterThread: Thread started: 秒杀线程组：1000用户 1-105
2026-07-17 19:25:55,440 INFO o.a.j.t.JMeterThread: Thread started: 秒杀线程组：1000用户 1-107
2026-07-17 19:25:55,442 INFO o.a.j.t.JMeterThread: Thread started: 秒杀线程组：1000用户 1-108
2026-07-17 19:25:55,448 INFO o.a.j.t.JMeterThread: Thread started: 秒杀线程组：1000用户 1-110
2026-07-17 19:25:55,449 INFO o.a.j.t.JMeterThread: Thread started: 秒杀线程组：1000用户 1-109
2026-07-17 19:25:55,455 INFO o.a.j.t.JMeterThread: Thread started: 秒杀线程组：1000用户 1-111
2026-07-17 19:25:55,461 INFO o.a.j.t.JMeterThread: Thread started: 秒杀线程组：1000用户 1-112
2026-07-17 19:25:55,466 INFO o.a.j.t.JMeterThread: Thread started: 秒杀线程组：1000用户 1-113
2026-07-17 19:25:55,467 INFO o.a.j.t.JMeterThread: Thread started: 秒杀线程组：1000用户 1-115
2026-07-17 19:25:55,471 INFO o.a.j.t.JMeterThread: Thread started: 秒杀线程组：1000用户 1-114
2026-07-17 19:25:55,481 INFO o.a.j.t.JMeterThread: Thread started: 秒杀线程组：1000用户 1-116
2026-07-17 19:25:55,489 INFO o.a.j.t.JMeterThread: Thread started: 秒杀线程组：1000用户 1-117
2026-07-17 19:25:55,491 INFO o.a.j.t.JMeterThread: Thread started: 秒杀线程组：1000用户 1-118
2026-07-17 19:25:55,496 INFO o.a.j.t.JMeterThread: Thread started: 秒杀线程组：1000用户 1-121
2026-07-17 19:25:55,497 INFO o.a.j.t.JMeterThread: Thread started: 秒杀线程组：1000用户 1-119
2026-07-17 19:25:55,500 INFO o.a.j.t.JMeterThread: Thread started: 秒杀线程组：1000用户 1-120
2026-07-17 19:25:55,506 INFO o.a.j.t.JMeterThread: Thread started: 秒杀线程组：1000用户 1-122
2026-07-17 19:25:55,517 INFO o.a.j.t.JMeterThread: Thread started: 秒杀线程组：1000用户 1-123
2026-07-17 19:25:55,523 INFO o.a.j.t.JMeterThread: Thread started: 秒杀线程组：1000用户 1-124
2026-07-17 19:25:55,527 INFO o.a.j.t.JMeterThread: Thread started: 秒杀线程组：1000用户 1-125
2026-07-17 19:25:55,533 INFO o.a.j.t.JMeterThread: Thread started: 秒杀线程组：1000用户 1-126
2026-07-17 19:25:55,535 INFO o.a.j.t.JMeterThread: Thread started: 秒杀线程组：1000用户 1-127
2026-07-17 19:25:55,535 INFO o.a.j.t.JMeterThread: Thread started: 秒杀线程组：1000用户 1-128
2026-07-17 19:25:55,542 INFO o.a.j.t.JMeterThread: Thread started: 秒杀线程组：1000用户 1-129
2026-07-17 19:25:55,547 INFO o.a.j.t.JMeterThread: Thread started: 秒杀线程组：1000用户 1-130
2026-07-17 19:25:55,552 INFO o.a.j.t.JMeterThread: Thread started: 秒杀线程组：1000用户 1-131
2026-07-17 19:25:55,555 INFO o.a.j.t.JMeterThread: Thread started: 秒杀线程组：1000用户 1-132
2026-07-17 19:25:55,561 INFO o.a.j.t.JMeterThread: Thread started: 秒杀线程组：1000用户 1-133
2026-07-17 19:25:55,565 INFO o.a.j.t.JMeterThread: Thread started: 秒杀线程组：1000用户 1-134
2026-07-17 19:25:55,570 INFO o.a.j.t.JMeterThread: Thread started: 秒杀线程组：1000用户 1-135
2026-07-17 19:25:55,575 INFO o.a.j.t.JMeterThread: Thread started: 秒杀线程组：1000用户 1-136
2026-07-17 19:25:55,580 INFO o.a.j.t.JMeterThread: Thread started: 秒杀线程组：1000用户 1-137
2026-07-17 19:25:55,585 INFO o.a.j.t.JMeterThread: Thread started: 秒杀线程组：1000用户 1-138
2026-07-17 19:25:55,591 INFO o.a.j.t.JMeterThread: Thread started: 秒杀线程组：1000用户 1-139
2026-07-17 19:25:55,598 INFO o.a.j.t.JMeterThread: Thread started: 秒杀线程组：1000用户 1-140
2026-07-17 19:25:55,602 INFO o.a.j.t.JMeterThread: Thread started: 秒杀线程组：1000用户 1-141
2026-07-17 19:25:55,604 INFO o.a.j.t.JMeterThread: Thread started: 秒杀线程组：1000用户 1-142
2026-07-17 19:25:55,609 INFO o.a.j.t.JMeterThread: Thread started: 秒杀线程组：1000用户 1-143
2026-07-17 19:25:55,614 INFO o.a.j.t.JMeterThread: Thread started: 秒杀线程组：1000用户 1-144
2026-07-17 19:25:55,623 INFO o.a.j.t.JMeterThread: Thread started: 秒杀线程组：1000用户 1-145
2026-07-17 19:25:55,625 INFO o.a.j.t.JMeterThread: Thread started: 秒杀线程组：1000用户 1-146
2026-07-17 19:25:55,630 INFO o.a.j.t.JMeterThread: Thread started: 秒杀线程组：1000用户 1-147
2026-07-17 19:25:55,635 INFO o.a.j.t.JMeterThread: Thread started: 秒杀线程组：1000用户 1-148
2026-07-17 19:25:55,640 INFO o.a.j.t.JMeterThread: Thread started: 秒杀线程组：1000用户 1-149
2026-07-17 19:25:55,646 INFO o.a.j.t.JMeterThread: Thread started: 秒杀线程组：1000用户 1-150
2026-07-17 19:25:55,648 INFO o.a.j.t.JMeterThread: Thread started: 秒杀线程组：1000用户 1-151
2026-07-17 19:25:55,657 INFO o.a.j.t.JMeterThread: Thread started: 秒杀线程组：1000用户 1-152
2026-07-17 19:25:55,659 INFO o.a.j.t.JMeterThread: Thread started: 秒杀线程组：1000用户 1-153
2026-07-17 19:25:55,663 INFO o.a.j.t.JMeterThread: Thread started: 秒杀线程组：1000用户 1-154
2026-07-17 19:25:55,669 INFO o.a.j.t.JMeterThread: Thread started: 秒杀线程组：1000用户 1-155
2026-07-17 19:25:55,674 INFO o.a.j.t.JMeterThread: Thread started: 秒杀线程组：1000用户 1-156
2026-07-17 19:25:55,682 INFO o.a.j.t.JMeterThread: Thread started: 秒杀线程组：1000用户 1-157
2026-07-17 19:25:55,684 INFO o.a.j.t.JMeterThread: Thread started: 秒杀线程组：1000用户 1-158
2026-07-17 19:25:55,692 INFO o.a.j.t.JMeterThread: Thread started: 秒杀线程组：1000用户 1-159
2026-07-17 19:25:55,693 INFO o.a.j.t.JMeterThread: Thread started: 秒杀线程组：1000用户 1-160
2026-07-17 19:25:55,698 INFO o.a.j.t.JMeterThread: Thread started: 秒杀线程组：1000用户 1-161
2026-07-17 19:25:55,703 INFO o.a.j.t.JMeterThread: Thread started: 秒杀线程组：1000用户 1-162
2026-07-17 19:25:55,707 INFO o.a.j.t.JMeterThread: Thread started: 秒杀线程组：1000用户 1-163
2026-07-17 19:25:55,714 INFO o.a.j.t.JMeterThread: Thread started: 秒杀线程组：1000用户 1-164
2026-07-17 19:25:55,720 INFO o.a.j.t.JMeterThread: Thread started: 秒杀线程组：1000用户 1-165
2026-07-17 19:25:55,724 INFO o.a.j.t.JMeterThread: Thread started: 秒杀线程组：1000用户 1-166
2026-07-17 19:25:55,729 INFO o.a.j.t.JMeterThread: Thread started: 秒杀线程组：1000用户 1-167
2026-07-17 19:25:55,734 INFO o.a.j.t.JMeterThread: Thread started: 秒杀线程组：1000用户 1-168
2026-07-17 19:25:55,739 INFO o.a.j.t.JMeterThread: Thread started: 秒杀线程组：1000用户 1-169
2026-07-17 19:25:55,745 INFO o.a.j.t.JMeterThread: Thread started: 秒杀线程组：1000用户 1-170
2026-07-17 19:25:55,749 INFO o.a.j.t.JMeterThread: Thread started: 秒杀线程组：1000用户 1-171
2026-07-17 19:25:55,754 INFO o.a.j.t.JMeterThread: Thread started: 秒杀线程组：1000用户 1-172
2026-07-17 19:25:55,759 INFO o.a.j.t.JMeterThread: Thread started: 秒杀线程组：1000用户 1-173
2026-07-17 19:25:55,764 INFO o.a.j.t.JMeterThread: Thread started: 秒杀线程组：1000用户 1-174
2026-07-17 19:25:55,771 INFO o.a.j.t.JMeterThread: Thread started: 秒杀线程组：1000用户 1-175
2026-07-17 19:25:55,774 INFO o.a.j.t.JMeterThread: Thread started: 秒杀线程组：1000用户 1-176
2026-07-17 19:25:55,780 INFO o.a.j.t.JMeterThread: Thread started: 秒杀线程组：1000用户 1-177
2026-07-17 19:25:55,785 INFO o.a.j.t.JMeterThread: Thread started: 秒杀线程组：1000用户 1-178
2026-07-17 19:25:55,791 INFO o.a.j.t.JMeterThread: Thread started: 秒杀线程组：1000用户 1-179
2026-07-17 19:25:55,795 INFO o.a.j.t.JMeterThread: Thread started: 秒杀线程组：1000用户 1-180
2026-07-17 19:25:55,799 INFO o.a.j.t.JMeterThread: Thread started: 秒杀线程组：1000用户 1-181
2026-07-17 19:25:55,805 INFO o.a.j.t.JMeterThread: Thread started: 秒杀线程组：1000用户 1-182
2026-07-17 19:25:55,810 INFO o.a.j.t.JMeterThread: Thread started: 秒杀线程组：1000用户 1-183
2026-07-17 19:25:55,814 INFO o.a.j.t.JMeterThread: Thread started: 秒杀线程组：1000用户 1-184
2026-07-17 19:25:55,818 INFO o.a.j.t.JMeterThread: Thread started: 秒杀线程组：1000用户 1-185
2026-07-17 19:25:55,823 INFO o.a.j.t.JMeterThread: Thread started: 秒杀线程组：1000用户 1-186
2026-07-17 19:25:55,828 INFO o.a.j.t.JMeterThread: Thread started: 秒杀线程组：1000用户 1-187
2026-07-17 19:25:55,833 INFO o.a.j.t.JMeterThread: Thread started: 秒杀线程组：1000用户 1-188
2026-07-17 19:25:55,838 INFO o.a.j.t.JMeterThread: Thread started: 秒杀线程组：1000用户 1-189
2026-07-17 19:25:55,842 INFO o.a.j.t.JMeterThread: Thread started: 秒杀线程组：1000用户 1-190
2026-07-17 19:25:55,847 INFO o.a.j.t.JMeterThread: Thread started: 秒杀线程组：1000用户 1-191
2026-07-17 19:25:55,852 INFO o.a.j.t.JMeterThread: Thread started: 秒杀线程组：1000用户 1-192
2026-07-17 19:25:55,855 INFO o.a.j.t.JMeterThread: Thread started: 秒杀线程组：1000用户 1-193
2026-07-17 19:25:55,861 INFO o.a.j.t.JMeterThread: Thread started: 秒杀线程组：1000用户 1-194
2026-07-17 19:25:55,867 INFO o.a.j.t.JMeterThread: Thread started: 秒杀线程组：1000用户 1-195
2026-07-17 19:25:55,872 INFO o.a.j.t.JMeterThread: Thread started: 秒杀线程组：1000用户 1-196
2026-07-17 19:25:55,877 INFO o.a.j.t.JMeterThread: Thread started: 秒杀线程组：1000用户 1-197
2026-07-17 19:25:55,882 INFO o.a.j.t.JMeterThread: Thread started: 秒杀线程组：1000用户 1-198
2026-07-17 19:25:55,885 INFO o.a.j.t.JMeterThread: Thread started: 秒杀线程组：1000用户 1-199
2026-07-17 19:25:55,886 INFO o.a.j.t.JMeterThread: Thread started: 秒杀线程组：1000用户 1-200
2026-07-17 19:25:55,892 INFO o.a.j.t.JMeterThread: Thread started: 秒杀线程组：1000用户 1-201
2026-07-17 19:25:55,896 INFO o.a.j.t.JMeterThread: Thread started: 秒杀线程组：1000用户 1-202
2026-07-17 19:25:55,901 INFO o.a.j.t.JMeterThread: Thread started: 秒杀线程组：1000用户 1-203
2026-07-17 19:25:55,904 INFO o.a.j.t.JMeterThread: Thread started: 秒杀线程组：1000用户 1-204
2026-07-17 19:25:55,908 INFO o.a.j.t.JMeterThread: Thread started: 秒杀线程组：1000用户 1-205
2026-07-17 19:25:55,918 INFO o.a.j.t.JMeterThread: Thread started: 秒杀线程组：1000用户 1-206
2026-07-17 19:25:55,918 INFO o.a.j.t.JMeterThread: Thread started: 秒杀线程组：1000用户 1-207
2026-07-17 19:25:55,923 INFO o.a.j.t.JMeterThread: Thread started: 秒杀线程组：1000用户 1-208
2026-07-17 19:25:55,927 INFO o.a.j.t.JMeterThread: Thread started: 秒杀线程组：1000用户 1-209
2026-07-17 19:25:55,934 INFO o.a.j.t.JMeterThread: Thread started: 秒杀线程组：1000用户 1-210
2026-07-17 19:25:55,937 INFO o.a.j.t.JMeterThread: Thread started: 秒杀线程组：1000用户 1-211
2026-07-17 19:25:55,942 INFO o.a.j.t.JMeterThread: Thread started: 秒杀线程组：1000用户 1-212
2026-07-17 19:25:55,948 INFO o.a.j.t.JMeterThread: Thread started: 秒杀线程组：1000用户 1-213
2026-07-17 19:25:55,948 INFO o.a.j.t.JMeterThread: Thread started: 秒杀线程组：1000用户 1-214
2026-07-17 19:25:55,955 INFO o.a.j.t.JMeterThread: Thread started: 秒杀线程组：1000用户 1-215
2026-07-17 19:25:55,955 INFO o.a.j.t.JMeterThread: Thread is done: 秒杀线程组：1000用户 1-49
2026-07-17 19:25:55,955 INFO o.a.j.t.JMeterThread: Thread finished: 秒杀线程组：1000用户 1-49
2026-07-17 19:25:55,955 INFO o.a.j.t.JMeterThread: Thread is done: 秒杀线程组：1000用户 1-108
2026-07-17 19:25:55,955 INFO o.a.j.t.JMeterThread: Thread finished: 秒杀线程组：1000用户 1-108
2026-07-17 19:25:55,961 INFO o.a.j.t.JMeterThread: Thread started: 秒杀线程组：1000用户 1-216
2026-07-17 19:25:55,964 INFO o.a.j.t.JMeterThread: Thread started: 秒杀线程组：1000用户 1-217
2026-07-17 19:25:55,967 INFO o.a.j.t.JMeterThread: Thread is done: 秒杀线程组：1000用户 1-71
2026-07-17 19:25:55,967 INFO o.a.j.t.JMeterThread: Thread finished: 秒杀线程组：1000用户 1-71
2026-07-17 19:25:55,968 INFO o.a.j.t.JMeterThread: Thread started: 秒杀线程组：1000用户 1-218
2026-07-17 19:25:55,976 INFO o.a.j.t.JMeterThread: Thread started: 秒杀线程组：1000用户 1-219
2026-07-17 19:25:55,980 INFO o.a.j.t.JMeterThread: Thread started: 秒杀线程组：1000用户 1-220
2026-07-17 19:25:55,980 INFO o.a.j.t.JMeterThread: Thread is done: 秒杀线程组：1000用户 1-120
2026-07-17 19:25:55,980 INFO o.a.j.t.JMeterThread: Thread finished: 秒杀线程组：1000用户 1-120
2026-07-17 19:25:55,985 INFO o.a.j.t.JMeterThread: Thread started: 秒杀线程组：1000用户 1-221
2026-07-17 19:25:55,988 INFO o.a.j.t.JMeterThread: Thread started: 秒杀线程组：1000用户 1-222
2026-07-17 19:25:55,991 INFO o.a.j.t.JMeterThread: Thread is done: 秒杀线程组：1000用户 1-117
2026-07-17 19:25:55,991 INFO o.a.j.t.JMeterThread: Thread finished: 秒杀线程组：1000用户 1-117
2026-07-17 19:25:55,993 INFO o.a.j.t.JMeterThread: Thread started: 秒杀线程组：1000用户 1-223
2026-07-17 19:25:56,000 INFO o.a.j.t.JMeterThread: Thread started: 秒杀线程组：1000用户 1-225
2026-07-17 19:25:56,000 INFO o.a.j.t.JMeterThread: Thread is done: 秒杀线程组：1000用户 1-31
2026-07-17 19:25:56,000 INFO o.a.j.t.JMeterThread: Thread finished: 秒杀线程组：1000用户 1-31
2026-07-17 19:25:56,006 INFO o.a.j.t.JMeterThread: Thread started: 秒杀线程组：1000用户 1-226
2026-07-17 19:25:56,008 INFO o.a.j.t.JMeterThread: Thread started: 秒杀线程组：1000用户 1-224
2026-07-17 19:25:56,011 INFO o.a.j.t.JMeterThread: Thread is done: 秒杀线程组：1000用户 1-126
2026-07-17 19:25:56,011 INFO o.a.j.t.JMeterThread: Thread finished: 秒杀线程组：1000用户 1-126
2026-07-17 19:25:56,021 INFO o.a.j.t.JMeterThread: Thread started: 秒杀线程组：1000用户 1-227
2026-07-17 19:25:56,022 INFO o.a.j.t.JMeterThread: Thread started: 秒杀线程组：1000用户 1-229
2026-07-17 19:25:56,023 INFO o.a.j.t.JMeterThread: Thread is done: 秒杀线程组：1000用户 1-27
2026-07-17 19:25:56,023 INFO o.a.j.t.JMeterThread: Thread finished: 秒杀线程组：1000用户 1-27
2026-07-17 19:25:56,027 INFO o.a.j.t.JMeterThread: Thread started: 秒杀线程组：1000用户 1-228
2026-07-17 19:25:56,027 INFO o.a.j.t.JMeterThread: Thread started: 秒杀线程组：1000用户 1-230
2026-07-17 19:25:56,038 INFO o.a.j.t.JMeterThread: Thread is done: 秒杀线程组：1000用户 1-16
2026-07-17 19:25:56,038 INFO o.a.j.t.JMeterThread: Thread finished: 秒杀线程组：1000用户 1-16
2026-07-17 19:25:56,042 INFO o.a.j.t.JMeterThread: Thread started: 秒杀线程组：1000用户 1-231
2026-07-17 19:25:56,047 INFO o.a.j.t.JMeterThread: Thread started: 秒杀线程组：1000用户 1-232
2026-07-17 19:25:56,048 INFO o.a.j.t.JMeterThread: Thread started: 秒杀线程组：1000用户 1-234
2026-07-17 19:25:56,048 INFO o.a.j.t.JMeterThread: Thread is done: 秒杀线程组：1000用户 1-123
2026-07-17 19:25:56,048 INFO o.a.j.t.JMeterThread: Thread finished: 秒杀线程组：1000用户 1-123
2026-07-17 19:25:56,052 INFO o.a.j.t.JMeterThread: Thread started: 秒杀线程组：1000用户 1-233
2026-07-17 19:25:56,058 INFO o.a.j.t.JMeterThread: Thread started: 秒杀线程组：1000用户 1-235
2026-07-17 19:25:56,060 INFO o.a.j.t.JMeterThread: Thread is done: 秒杀线程组：1000用户 1-111
2026-07-17 19:25:56,060 INFO o.a.j.t.JMeterThread: Thread finished: 秒杀线程组：1000用户 1-111
2026-07-17 19:25:56,064 INFO o.a.j.t.JMeterThread: Thread started: 秒杀线程组：1000用户 1-236
2026-07-17 19:25:56,068 INFO o.a.j.t.JMeterThread: Thread is done: 秒杀线程组：1000用户 1-43
2026-07-17 19:25:56,068 INFO o.a.j.t.JMeterThread: Thread finished: 秒杀线程组：1000用户 1-43
2026-07-17 19:25:56,070 INFO o.a.j.t.JMeterThread: Thread started: 秒杀线程组：1000用户 1-237
2026-07-17 19:25:56,074 INFO o.a.j.t.JMeterThread: Thread started: 秒杀线程组：1000用户 1-238
2026-07-17 19:25:56,078 INFO o.a.j.t.JMeterThread: Thread is done: 秒杀线程组：1000用户 1-121
2026-07-17 19:25:56,078 INFO o.a.j.t.JMeterThread: Thread finished: 秒杀线程组：1000用户 1-121
2026-07-17 19:25:56,080 INFO o.a.j.t.JMeterThread: Thread started: 秒杀线程组：1000用户 1-239
2026-07-17 19:25:56,082 INFO o.a.j.t.JMeterThread: Thread started: 秒杀线程组：1000用户 1-240
2026-07-17 19:25:56,087 INFO o.a.j.t.JMeterThread: Thread started: 秒杀线程组：1000用户 1-241
2026-07-17 19:25:56,088 INFO o.a.j.t.JMeterThread: Thread is done: 秒杀线程组：1000用户 1-103
2026-07-17 19:25:56,088 INFO o.a.j.t.JMeterThread: Thread finished: 秒杀线程组：1000用户 1-103
2026-07-17 19:25:56,094 INFO o.a.j.t.JMeterThread: Thread started: 秒杀线程组：1000用户 1-242
2026-07-17 19:25:56,099 INFO o.a.j.t.JMeterThread: Thread started: 秒杀线程组：1000用户 1-243
2026-07-17 19:25:56,101 INFO o.a.j.t.JMeterThread: Thread is done: 秒杀线程组：1000用户 1-80
2026-07-17 19:25:56,101 INFO o.a.j.t.JMeterThread: Thread finished: 秒杀线程组：1000用户 1-80
2026-07-17 19:25:56,102 INFO o.a.j.t.JMeterThread: Thread started: 秒杀线程组：1000用户 1-244
2026-07-17 19:25:56,106 INFO o.a.j.t.JMeterThread: Thread started: 秒杀线程组：1000用户 1-245
2026-07-17 19:25:56,111 INFO o.a.j.t.JMeterThread: Thread is done: 秒杀线程组：1000用户 1-115
2026-07-17 19:25:56,111 INFO o.a.j.t.JMeterThread: Thread finished: 秒杀线程组：1000用户 1-115
2026-07-17 19:25:56,113 INFO o.a.j.t.JMeterThread: Thread started: 秒杀线程组：1000用户 1-246
2026-07-17 19:25:56,116 INFO o.a.j.t.JMeterThread: Thread started: 秒杀线程组：1000用户 1-247
2026-07-17 19:25:56,119 INFO o.a.j.t.JMeterThread: Thread started: 秒杀线程组：1000用户 1-248
2026-07-17 19:25:56,120 INFO o.a.j.t.JMeterThread: Thread is done: 秒杀线程组：1000用户 1-85
2026-07-17 19:25:56,120 INFO o.a.j.t.JMeterThread: Thread finished: 秒杀线程组：1000用户 1-85
2026-07-17 19:25:56,127 INFO o.a.j.t.JMeterThread: Thread started: 秒杀线程组：1000用户 1-249
2026-07-17 19:25:56,128 INFO o.a.j.t.JMeterThread: Thread started: 秒杀线程组：1000用户 1-250
2026-07-17 19:25:56,128 INFO o.a.j.t.JMeterThread: Thread is done: 秒杀线程组：1000用户 1-68
2026-07-17 19:25:56,128 INFO o.a.j.t.JMeterThread: Thread finished: 秒杀线程组：1000用户 1-68
2026-07-17 19:25:56,133 INFO o.a.j.t.JMeterThread: Thread started: 秒杀线程组：1000用户 1-251
2026-07-17 19:25:56,136 INFO o.a.j.t.JMeterThread: Thread started: 秒杀线程组：1000用户 1-252
2026-07-17 19:25:56,138 INFO o.a.j.t.JMeterThread: Thread is done: 秒杀线程组：1000用户 1-83
2026-07-17 19:25:56,138 INFO o.a.j.t.JMeterThread: Thread finished: 秒杀线程组：1000用户 1-83
2026-07-17 19:25:56,143 INFO o.a.j.t.JMeterThread: Thread started: 秒杀线程组：1000用户 1-253
2026-07-17 19:25:56,148 INFO o.a.j.t.JMeterThread: Thread started: 秒杀线程组：1000用户 1-255
2026-07-17 19:25:56,148 INFO o.a.j.t.JMeterThread: Thread started: 秒杀线程组：1000用户 1-254
2026-07-17 19:25:56,150 INFO o.a.j.t.JMeterThread: Thread started: 秒杀线程组：1000用户 1-256
2026-07-17 19:25:56,153 INFO o.a.j.t.JMeterThread: Thread started: 秒杀线程组：1000用户 1-257
2026-07-17 19:25:56,155 INFO o.a.j.t.JMeterThread: Thread is done: 秒杀线程组：1000用户 1-63
2026-07-17 19:25:56,155 INFO o.a.j.t.JMeterThread: Thread finished: 秒杀线程组：1000用户 1-63
2026-07-17 19:25:56,164 INFO o.a.j.t.JMeterThread: Thread started: 秒杀线程组：1000用户 1-259
2026-07-17 19:25:56,166 INFO o.a.j.t.JMeterThread: Thread is done: 秒杀线程组：1000用户 1-74
2026-07-17 19:25:56,167 INFO o.a.j.t.JMeterThread: Thread finished: 秒杀线程组：1000用户 1-74
2026-07-17 19:25:56,167 INFO o.a.j.t.JMeterThread: Thread started: 秒杀线程组：1000用户 1-258
2026-07-17 19:25:56,171 INFO o.a.j.t.JMeterThread: Thread started: 秒杀线程组：1000用户 1-260
2026-07-17 19:25:56,174 INFO o.a.j.t.JMeterThread: Thread started: 秒杀线程组：1000用户 1-261
2026-07-17 19:25:56,174 INFO o.a.j.t.JMeterThread: Thread is done: 秒杀线程组：1000用户 1-86
2026-07-17 19:25:56,174 INFO o.a.j.t.JMeterThread: Thread finished: 秒杀线程组：1000用户 1-86
2026-07-17 19:25:56,180 INFO o.a.j.t.JMeterThread: Thread started: 秒杀线程组：1000用户 1-262
2026-07-17 19:25:56,183 INFO o.a.j.t.JMeterThread: Thread is done: 秒杀线程组：1000用户 1-95
2026-07-17 19:25:56,183 INFO o.a.j.t.JMeterThread: Thread finished: 秒杀线程组：1000用户 1-95
2026-07-17 19:25:56,189 INFO o.a.j.t.JMeterThread: Thread started: 秒杀线程组：1000用户 1-264
2026-07-17 19:25:56,192 INFO o.a.j.t.JMeterThread: Thread started: 秒杀线程组：1000用户 1-263
2026-07-17 19:25:56,192 INFO o.a.j.t.JMeterThread: Thread is done: 秒杀线程组：1000用户 1-54
2026-07-17 19:25:56,192 INFO o.a.j.t.JMeterThread: Thread finished: 秒杀线程组：1000用户 1-54
2026-07-17 19:25:56,203 INFO o.a.j.t.JMeterThread: Thread is done: 秒杀线程组：1000用户 1-76
2026-07-17 19:25:56,203 INFO o.a.j.t.JMeterThread: Thread finished: 秒杀线程组：1000用户 1-76
2026-07-17 19:25:56,204 INFO o.a.j.t.JMeterThread: Thread started: 秒杀线程组：1000用户 1-265
2026-07-17 19:25:56,207 INFO o.a.j.t.JMeterThread: Thread started: 秒杀线程组：1000用户 1-266
2026-07-17 19:25:56,210 INFO o.a.j.t.JMeterThread: Thread is done: 秒杀线程组：1000用户 1-89
2026-07-17 19:25:56,210 INFO o.a.j.t.JMeterThread: Thread finished: 秒杀线程组：1000用户 1-89
2026-07-17 19:25:56,213 INFO o.a.j.t.JMeterThread: Thread started: 秒杀线程组：1000用户 1-269
2026-07-17 19:25:56,213 INFO o.a.j.t.JMeterThread: Thread started: 秒杀线程组：1000用户 1-267
2026-07-17 19:25:56,216 INFO o.a.j.t.JMeterThread: Thread started: 秒杀线程组：1000用户 1-268
2026-07-17 19:25:56,219 INFO o.a.j.t.JMeterThread: Thread is done: 秒杀线程组：1000用户 1-81
2026-07-17 19:25:56,219 INFO o.a.j.t.JMeterThread: Thread finished: 秒杀线程组：1000用户 1-81
2026-07-17 19:25:56,226 INFO o.a.j.t.JMeterThread: Thread started: 秒杀线程组：1000用户 1-270
2026-07-17 19:25:56,228 INFO o.a.j.t.JMeterThread: Thread is done: 秒杀线程组：1000用户 1-91
2026-07-17 19:25:56,228 INFO o.a.j.t.JMeterThread: Thread finished: 秒杀线程组：1000用户 1-91
2026-07-17 19:25:56,230 INFO o.a.j.t.JMeterThread: Thread started: 秒杀线程组：1000用户 1-271
2026-07-17 19:25:56,234 INFO o.a.j.t.JMeterThread: Thread started: 秒杀线程组：1000用户 1-272
2026-07-17 19:25:56,238 INFO o.a.j.t.JMeterThread: Thread is done: 秒杀线程组：1000用户 1-40
2026-07-17 19:25:56,238 INFO o.a.j.t.JMeterThread: Thread finished: 秒杀线程组：1000用户 1-40
2026-07-17 19:25:56,239 INFO o.a.j.t.JMeterThread: Thread started: 秒杀线程组：1000用户 1-273
2026-07-17 19:25:56,244 INFO o.a.j.t.JMeterThread: Thread started: 秒杀线程组：1000用户 1-274
2026-07-17 19:25:56,247 INFO o.a.j.t.JMeterThread: Thread is done: 秒杀线程组：1000用户 1-79
2026-07-17 19:25:56,248 INFO o.a.j.t.JMeterThread: Thread finished: 秒杀线程组：1000用户 1-79
2026-07-17 19:25:56,250 INFO o.a.j.t.JMeterThread: Thread started: 秒杀线程组：1000用户 1-275
2026-07-17 19:25:56,252 INFO o.a.j.t.JMeterThread: Thread started: 秒杀线程组：1000用户 1-277
2026-07-17 19:25:56,255 INFO o.a.j.t.JMeterThread: Thread started: 秒杀线程组：1000用户 1-276
2026-07-17 19:25:56,256 INFO o.a.j.t.JMeterThread: Thread is done: 秒杀线程组：1000用户 1-84
2026-07-17 19:25:56,256 INFO o.a.j.t.JMeterThread: Thread finished: 秒杀线程组：1000用户 1-84
2026-07-17 19:25:56,263 INFO o.a.j.t.JMeterThread: Thread started: 秒杀线程组：1000用户 1-278
2026-07-17 19:25:56,264 INFO o.a.j.t.JMeterThread: Thread is done: 秒杀线程组：1000用户 1-112
2026-07-17 19:25:56,264 INFO o.a.j.t.JMeterThread: Thread finished: 秒杀线程组：1000用户 1-112
2026-07-17 19:25:56,268 INFO o.a.j.t.JMeterThread: Thread started: 秒杀线程组：1000用户 1-279
2026-07-17 19:25:56,271 INFO o.a.j.t.JMeterThread: Thread started: 秒杀线程组：1000用户 1-280
2026-07-17 19:25:56,273 INFO o.a.j.t.JMeterThread: Thread is done: 秒杀线程组：1000用户 1-67
2026-07-17 19:25:56,273 INFO o.a.j.t.JMeterThread: Thread finished: 秒杀线程组：1000用户 1-67
2026-07-17 19:25:56,275 INFO o.a.j.t.JMeterThread: Thread started: 秒杀线程组：1000用户 1-281
2026-07-17 19:25:56,281 INFO o.a.j.t.JMeterThread: Thread is done: 秒杀线程组：1000用户 1-13
2026-07-17 19:25:56,281 INFO o.a.j.t.JMeterThread: Thread finished: 秒杀线程组：1000用户 1-13
2026-07-17 19:25:56,282 INFO o.a.j.t.JMeterThread: Thread started: 秒杀线程组：1000用户 1-282
2026-07-17 19:25:56,285 INFO o.a.j.t.JMeterThread: Thread started: 秒杀线程组：1000用户 1-283
2026-07-17 19:25:56,289 INFO o.a.j.t.JMeterThread: Thread is done: 秒杀线程组：1000用户 1-78
2026-07-17 19:25:56,290 INFO o.a.j.t.JMeterThread: Thread finished: 秒杀线程组：1000用户 1-78
2026-07-17 19:25:56,290 INFO o.a.j.t.JMeterThread: Thread started: 秒杀线程组：1000用户 1-284
2026-07-17 19:25:56,292 INFO o.a.j.t.JMeterThread: Thread started: 秒杀线程组：1000用户 1-285
2026-07-17 19:25:56,294 INFO o.a.j.t.JMeterThread: Thread started: 秒杀线程组：1000用户 1-286
2026-07-17 19:25:56,301 INFO o.a.j.t.JMeterThread: Thread is done: 秒杀线程组：1000用户 1-88
2026-07-17 19:25:56,301 INFO o.a.j.t.JMeterThread: Thread finished: 秒杀线程组：1000用户 1-88
2026-07-17 19:25:56,304 INFO o.a.j.t.JMeterThread: Thread started: 秒杀线程组：1000用户 1-287
2026-07-17 19:25:56,310 INFO o.a.j.t.JMeterThread: Thread started: 秒杀线程组：1000用户 1-288
2026-07-17 19:25:56,315 INFO o.a.j.t.JMeterThread: Thread started: 秒杀线程组：1000用户 1-289
2026-07-17 19:25:56,316 INFO o.a.j.t.JMeterThread: Thread is done: 秒杀线程组：1000用户 1-62
2026-07-17 19:25:56,316 INFO o.a.j.t.JMeterThread: Thread finished: 秒杀线程组：1000用户 1-62
2026-07-17 19:25:56,327 INFO o.a.j.t.JMeterThread: Thread started: 秒杀线程组：1000用户 1-290
2026-07-17 19:25:56,328 INFO o.a.j.t.JMeterThread: Thread is done: 秒杀线程组：1000用户 1-90
2026-07-17 19:25:56,328 INFO o.a.j.t.JMeterThread: Thread finished: 秒杀线程组：1000用户 1-90
2026-07-17 19:25:56,332 INFO o.a.j.t.JMeterThread: Thread started: 秒杀线程组：1000用户 1-291
2026-07-17 19:25:56,334 INFO o.a.j.t.JMeterThread: Thread started: 秒杀线程组：1000用户 1-293
2026-07-17 19:25:56,335 INFO o.a.j.t.JMeterThread: Thread started: 秒杀线程组：1000用户 1-292
2026-07-17 19:25:56,336 INFO o.a.j.t.JMeterThread: Thread started: 秒杀线程组：1000用户 1-294
2026-07-17 19:25:56,338 INFO o.a.j.t.JMeterThread: Thread is done: 秒杀线程组：1000用户 1-98
2026-07-17 19:25:56,338 INFO o.a.j.t.JMeterThread: Thread finished: 秒杀线程组：1000用户 1-98
2026-07-17 19:25:56,345 INFO o.a.j.t.JMeterThread: Thread is done: 秒杀线程组：1000用户 1-15
2026-07-17 19:25:56,345 INFO o.a.j.t.JMeterThread: Thread finished: 秒杀线程组：1000用户 1-15
2026-07-17 19:25:56,348 INFO o.a.j.t.JMeterThread: Thread started: 秒杀线程组：1000用户 1-297
2026-07-17 19:25:56,350 INFO o.a.j.t.JMeterThread: Thread started: 秒杀线程组：1000用户 1-295
2026-07-17 19:25:56,352 INFO o.a.j.t.JMeterThread: Thread is done: 秒杀线程组：1000用户 1-2
2026-07-17 19:25:56,352 INFO o.a.j.t.JMeterThread: Thread finished: 秒杀线程组：1000用户 1-2
2026-07-17 19:25:56,355 INFO o.a.j.t.JMeterThread: Thread started: 秒杀线程组：1000用户 1-296
2026-07-17 19:25:56,358 INFO o.a.j.t.JMeterThread: Thread started: 秒杀线程组：1000用户 1-298
2026-07-17 19:25:56,362 INFO o.a.j.t.JMeterThread: Thread is done: 秒杀线程组：1000用户 1-56
2026-07-17 19:25:56,362 INFO o.a.j.t.JMeterThread: Thread finished: 秒杀线程组：1000用户 1-56
2026-07-17 19:25:56,367 INFO o.a.j.t.JMeterThread: Thread started: 秒杀线程组：1000用户 1-301
2026-07-17 19:25:56,367 INFO o.a.j.t.JMeterThread: Thread started: 秒杀线程组：1000用户 1-299
2026-07-17 19:25:56,372 INFO o.a.j.t.JMeterThread: Thread is done: 秒杀线程组：1000用户 1-94
2026-07-17 19:25:56,372 INFO o.a.j.t.JMeterThread: Thread finished: 秒杀线程组：1000用户 1-94
2026-07-17 19:25:56,375 INFO o.a.j.t.JMeterThread: Thread started: 秒杀线程组：1000用户 1-300
2026-07-17 19:25:56,377 INFO o.a.j.t.JMeterThread: Thread started: 秒杀线程组：1000用户 1-302
2026-07-17 19:25:56,377 INFO o.a.j.t.JMeterThread: Thread started: 秒杀线程组：1000用户 1-303
2026-07-17 19:25:56,380 INFO o.a.j.t.JMeterThread: Thread is done: 秒杀线程组：1000用户 1-97
2026-07-17 19:25:56,380 INFO o.a.j.t.JMeterThread: Thread finished: 秒杀线程组：1000用户 1-97
2026-07-17 19:25:56,383 INFO o.a.j.t.JMeterThread: Thread started: 秒杀线程组：1000用户 1-304
2026-07-17 19:25:56,390 INFO o.a.j.t.JMeterThread: Thread is done: 秒杀线程组：1000用户 1-109
2026-07-17 19:25:56,390 INFO o.a.j.t.JMeterThread: Thread finished: 秒杀线程组：1000用户 1-109
2026-07-17 19:25:56,391 INFO o.a.j.t.JMeterThread: Thread started: 秒杀线程组：1000用户 1-306
2026-07-17 19:25:56,394 INFO o.a.j.t.JMeterThread: Thread started: 秒杀线程组：1000用户 1-305
2026-07-17 19:25:56,397 INFO o.a.j.t.JMeterThread: Thread started: 秒杀线程组：1000用户 1-307
2026-07-17 19:25:56,398 INFO o.a.j.t.JMeterThread: Thread is done: 秒杀线程组：1000用户 1-70
2026-07-17 19:25:56,398 INFO o.a.j.t.JMeterThread: Thread finished: 秒杀线程组：1000用户 1-70
2026-07-17 19:25:56,402 INFO o.a.j.t.JMeterThread: Thread started: 秒杀线程组：1000用户 1-308
2026-07-17 19:25:56,408 INFO o.a.j.t.JMeterThread: Thread started: 秒杀线程组：1000用户 1-309
2026-07-17 19:25:56,410 INFO o.a.j.t.JMeterThread: Thread is done: 秒杀线程组：1000用户 1-6
2026-07-17 19:25:56,410 INFO o.a.j.t.JMeterThread: Thread finished: 秒杀线程组：1000用户 1-6
2026-07-17 19:25:56,412 INFO o.a.j.t.JMeterThread: Thread started: 秒杀线程组：1000用户 1-310
2026-07-17 19:25:56,416 INFO o.a.j.t.JMeterThread: Thread is done: 秒杀线程组：1000用户 1-66
2026-07-17 19:25:56,416 INFO o.a.j.t.JMeterThread: Thread finished: 秒杀线程组：1000用户 1-66
2026-07-17 19:25:56,418 INFO o.a.j.t.JMeterThread: Thread started: 秒杀线程组：1000用户 1-311
2026-07-17 19:25:56,423 INFO o.a.j.t.JMeterThread: Thread started: 秒杀线程组：1000用户 1-312
2026-07-17 19:25:56,428 INFO o.a.j.t.JMeterThread: Thread started: 秒杀线程组：1000用户 1-313
2026-07-17 19:25:56,428 INFO o.a.j.t.JMeterThread: Thread is done: 秒杀线程组：1000用户 1-23
2026-07-17 19:25:56,428 INFO o.a.j.t.JMeterThread: Thread finished: 秒杀线程组：1000用户 1-23
2026-07-17 19:25:56,434 INFO o.a.j.t.JMeterThread: Thread started: 秒杀线程组：1000用户 1-314
2026-07-17 19:25:56,437 INFO o.a.j.t.JMeterThread: Thread started: 秒杀线程组：1000用户 1-315
2026-07-17 19:25:56,437 INFO o.a.j.t.JMeterThread: Thread is done: 秒杀线程组：1000用户 1-87
2026-07-17 19:25:56,437 INFO o.a.j.t.JMeterThread: Thread finished: 秒杀线程组：1000用户 1-87
2026-07-17 19:25:56,442 INFO o.a.j.t.JMeterThread: Thread started: 秒杀线程组：1000用户 1-316
2026-07-17 19:25:56,444 INFO o.a.j.t.JMeterThread: Thread is done: 秒杀线程组：1000用户 1-82
2026-07-17 19:25:56,444 INFO o.a.j.t.JMeterThread: Thread finished: 秒杀线程组：1000用户 1-82
2026-07-17 19:25:56,447 INFO o.a.j.t.JMeterThread: Thread started: 秒杀线程组：1000用户 1-317
2026-07-17 19:25:56,451 INFO o.a.j.t.JMeterThread: Thread is done: 秒杀线程组：1000用户 1-119
2026-07-17 19:25:56,451 INFO o.a.j.t.JMeterThread: Thread finished: 秒杀线程组：1000用户 1-119
2026-07-17 19:25:56,452 INFO o.a.j.t.JMeterThread: Thread started: 秒杀线程组：1000用户 1-318
2026-07-17 19:25:56,457 INFO o.a.j.t.JMeterThread: Thread started: 秒杀线程组：1000用户 1-319
2026-07-17 19:25:56,458 INFO o.a.j.t.JMeterThread: Thread is done: 秒杀线程组：1000用户 1-60
2026-07-17 19:25:56,458 INFO o.a.j.t.JMeterThread: Thread finished: 秒杀线程组：1000用户 1-60
2026-07-17 19:25:56,462 INFO o.a.j.t.JMeterThread: Thread started: 秒杀线程组：1000用户 1-320
2026-07-17 19:25:56,467 INFO o.a.j.t.JMeterThread: Thread started: 秒杀线程组：1000用户 1-321
2026-07-17 19:25:56,468 INFO o.a.j.t.JMeterThread: Thread is done: 秒杀线程组：1000用户 1-50
2026-07-17 19:25:56,468 INFO o.a.j.t.JMeterThread: Thread finished: 秒杀线程组：1000用户 1-50
2026-07-17 19:25:56,471 INFO o.a.j.t.JMeterThread: Thread started: 秒杀线程组：1000用户 1-322
2026-07-17 19:25:56,476 INFO o.a.j.t.JMeterThread: Thread started: 秒杀线程组：1000用户 1-323
2026-07-17 19:25:56,479 INFO o.a.j.t.JMeterThread: Thread is done: 秒杀线程组：1000用户 1-99
2026-07-17 19:25:56,479 INFO o.a.j.t.JMeterThread: Thread finished: 秒杀线程组：1000用户 1-99
2026-07-17 19:25:56,487 INFO o.a.j.t.JMeterThread: Thread started: 秒杀线程组：1000用户 1-324
2026-07-17 19:25:56,487 INFO o.a.j.t.JMeterThread: Thread started: 秒杀线程组：1000用户 1-325
2026-07-17 19:25:56,488 INFO o.a.j.t.JMeterThread: Thread is done: 秒杀线程组：1000用户 1-18
2026-07-17 19:25:56,488 INFO o.a.j.t.JMeterThread: Thread finished: 秒杀线程组：1000用户 1-18
2026-07-17 19:25:56,493 INFO o.a.j.t.JMeterThread: Thread started: 秒杀线程组：1000用户 1-326
2026-07-17 19:25:56,498 INFO o.a.j.t.JMeterThread: Thread started: 秒杀线程组：1000用户 1-327
2026-07-17 19:25:56,498 INFO o.a.j.t.JMeterThread: Thread is done: 秒杀线程组：1000用户 1-77
2026-07-17 19:25:56,498 INFO o.a.j.t.JMeterThread: Thread finished: 秒杀线程组：1000用户 1-77
2026-07-17 19:25:56,502 INFO o.a.j.t.JMeterThread: Thread started: 秒杀线程组：1000用户 1-328
2026-07-17 19:25:56,507 INFO o.a.j.t.JMeterThread: Thread started: 秒杀线程组：1000用户 1-329
2026-07-17 19:25:56,507 INFO o.a.j.t.JMeterThread: Thread is done: 秒杀线程组：1000用户 1-19
2026-07-17 19:25:56,507 INFO o.a.j.t.JMeterThread: Thread finished: 秒杀线程组：1000用户 1-19
2026-07-17 19:25:56,513 INFO o.a.j.t.JMeterThread: Thread started: 秒杀线程组：1000用户 1-330
2026-07-17 19:25:56,515 INFO o.a.j.t.JMeterThread: Thread started: 秒杀线程组：1000用户 1-331
2026-07-17 19:25:56,523 INFO o.a.j.t.JMeterThread: Thread is done: 秒杀线程组：1000用户 1-64
2026-07-17 19:25:56,524 INFO o.a.j.t.JMeterThread: Thread finished: 秒杀线程组：1000用户 1-64
2026-07-17 19:25:56,530 INFO o.a.j.t.JMeterThread: Thread started: 秒杀线程组：1000用户 1-333
2026-07-17 19:25:56,531 INFO o.a.j.t.JMeterThread: Thread started: 秒杀线程组：1000用户 1-332
2026-07-17 19:25:56,533 INFO o.a.j.t.JMeterThread: Thread is done: 秒杀线程组：1000用户 1-72
2026-07-17 19:25:56,533 INFO o.a.j.t.JMeterThread: Thread finished: 秒杀线程组：1000用户 1-72
2026-07-17 19:25:56,534 INFO o.a.j.t.JMeterThread: Thread started: 秒杀线程组：1000用户 1-334
2026-07-17 19:25:56,541 INFO o.a.j.t.JMeterThread: Thread started: 秒杀线程组：1000用户 1-335
2026-07-17 19:25:56,541 INFO o.a.j.t.JMeterThread: Thread is done: 秒杀线程组：1000用户 1-110
2026-07-17 19:25:56,541 INFO o.a.j.t.JMeterThread: Thread finished: 秒杀线程组：1000用户 1-110
2026-07-17 19:25:56,550 INFO o.a.j.t.JMeterThread: Thread started: 秒杀线程组：1000用户 1-336
2026-07-17 19:25:56,555 INFO o.a.j.t.JMeterThread: Thread started: 秒杀线程组：1000用户 1-337
2026-07-17 19:25:56,558 INFO o.a.j.t.JMeterThread: Thread is done: 秒杀线程组：1000用户 1-42
2026-07-17 19:25:56,558 INFO o.a.j.t.JMeterThread: Thread finished: 秒杀线程组：1000用户 1-42
2026-07-17 19:25:56,559 INFO o.a.j.t.JMeterThread: Thread started: 秒杀线程组：1000用户 1-338
2026-07-17 19:25:56,565 INFO o.a.j.t.JMeterThread: Thread started: 秒杀线程组：1000用户 1-339
2026-07-17 19:25:56,570 INFO o.a.j.t.JMeterThread: Thread started: 秒杀线程组：1000用户 1-340
2026-07-17 19:25:56,575 INFO o.a.j.t.JMeterThread: Thread started: 秒杀线程组：1000用户 1-341
2026-07-17 19:25:56,578 INFO o.a.j.t.JMeterThread: Thread is done: 秒杀线程组：1000用户 1-96
2026-07-17 19:25:56,578 INFO o.a.j.t.JMeterThread: Thread finished: 秒杀线程组：1000用户 1-96
2026-07-17 19:25:56,579 INFO o.a.j.t.JMeterThread: Thread started: 秒杀线程组：1000用户 1-342
2026-07-17 19:25:56,584 INFO o.a.j.t.JMeterThread: Thread started: 秒杀线程组：1000用户 1-343
2026-07-17 19:25:56,588 INFO o.a.j.t.JMeterThread: Thread is done: 秒杀线程组：1000用户 1-73
2026-07-17 19:25:56,588 INFO o.a.j.t.JMeterThread: Thread finished: 秒杀线程组：1000用户 1-73
2026-07-17 19:25:56,590 INFO o.a.j.t.JMeterThread: Thread started: 秒杀线程组：1000用户 1-344
2026-07-17 19:25:56,594 INFO o.a.j.t.JMeterThread: Thread started: 秒杀线程组：1000用户 1-345
2026-07-17 19:25:56,595 INFO o.a.j.t.JMeterThread: Thread is done: 秒杀线程组：1000用户 1-92
2026-07-17 19:25:56,595 INFO o.a.j.t.JMeterThread: Thread finished: 秒杀线程组：1000用户 1-92
2026-07-17 19:25:56,597 INFO o.a.j.t.JMeterThread: Thread started: 秒杀线程组：1000用户 1-348
2026-07-17 19:25:56,598 INFO o.a.j.t.JMeterThread: Thread started: 秒杀线程组：1000用户 1-347
2026-07-17 19:25:56,600 INFO o.a.j.t.JMeterThread: Thread started: 秒杀线程组：1000用户 1-346
2026-07-17 19:25:56,603 INFO o.a.j.t.JMeterThread: Thread started: 秒杀线程组：1000用户 1-349
2026-07-17 19:25:56,605 INFO o.a.j.t.JMeterThread: Thread is done: 秒杀线程组：1000用户 1-65
2026-07-17 19:25:56,605 INFO o.a.j.t.JMeterThread: Thread finished: 秒杀线程组：1000用户 1-65
2026-07-17 19:25:56,608 INFO o.a.j.t.JMeterThread: Thread started: 秒杀线程组：1000用户 1-350
2026-07-17 19:25:56,611 INFO o.a.j.t.JMeterThread: Thread started: 秒杀线程组：1000用户 1-351
2026-07-17 19:25:56,612 INFO o.a.j.t.JMeterThread: Thread is done: 秒杀线程组：1000用户 1-58
2026-07-17 19:25:56,612 INFO o.a.j.t.JMeterThread: Thread finished: 秒杀线程组：1000用户 1-58
2026-07-17 19:25:56,615 INFO o.a.j.t.JMeterThread: Thread started: 秒杀线程组：1000用户 1-352
2026-07-17 19:25:56,622 INFO o.a.j.t.JMeterThread: Thread started: 秒杀线程组：1000用户 1-353
2026-07-17 19:25:56,624 INFO o.a.j.t.JMeterThread: Thread is done: 秒杀线程组：1000用户 1-3
2026-07-17 19:25:56,624 INFO o.a.j.t.JMeterThread: Thread finished: 秒杀线程组：1000用户 1-3
2026-07-17 19:25:56,630 INFO o.a.j.t.JMeterThread: Thread started: 秒杀线程组：1000用户 1-354
2026-07-17 19:25:56,632 INFO o.a.j.t.JMeterThread: Thread is done: 秒杀线程组：1000用户 1-69
2026-07-17 19:25:56,632 INFO o.a.j.t.JMeterThread: Thread finished: 秒杀线程组：1000用户 1-69
2026-07-17 19:25:56,635 INFO o.a.j.t.JMeterThread: Thread started: 秒杀线程组：1000用户 1-355
2026-07-17 19:25:56,637 INFO o.a.j.t.JMeterThread: Thread started: 秒杀线程组：1000用户 1-356
2026-07-17 19:25:56,640 INFO o.a.j.t.JMeterThread: Thread is done: 秒杀线程组：1000用户 1-21
2026-07-17 19:25:56,640 INFO o.a.j.t.JMeterThread: Thread finished: 秒杀线程组：1000用户 1-21
2026-07-17 19:25:56,642 INFO o.a.j.t.JMeterThread: Thread started: 秒杀线程组：1000用户 1-357
2026-07-17 19:25:56,645 INFO o.a.j.t.JMeterThread: Thread started: 秒杀线程组：1000用户 1-358
2026-07-17 19:25:56,649 INFO o.a.j.t.JMeterThread: Thread is done: 秒杀线程组：1000用户 1-10
2026-07-17 19:25:56,649 INFO o.a.j.t.JMeterThread: Thread finished: 秒杀线程组：1000用户 1-10
2026-07-17 19:25:56,649 INFO o.a.j.t.JMeterThread: Thread started: 秒杀线程组：1000用户 1-359
2026-07-17 19:25:56,654 INFO o.a.j.t.JMeterThread: Thread started: 秒杀线程组：1000用户 1-360
2026-07-17 19:25:56,656 INFO o.a.j.t.JMeterThread: Thread is done: 秒杀线程组：1000用户 1-75
2026-07-17 19:25:56,656 INFO o.a.j.t.JMeterThread: Thread finished: 秒杀线程组：1000用户 1-75
2026-07-17 19:25:56,665 INFO o.a.j.t.JMeterThread: Thread is done: 秒杀线程组：1000用户 1-12
2026-07-17 19:25:56,665 INFO o.a.j.t.JMeterThread: Thread finished: 秒杀线程组：1000用户 1-12
2026-07-17 19:25:56,671 INFO o.a.j.t.JMeterThread: Thread started: 秒杀线程组：1000用户 1-362
2026-07-17 19:25:56,673 INFO o.a.j.t.JMeterThread: Thread started: 秒杀线程组：1000用户 1-361
2026-07-17 19:25:56,674 INFO o.a.j.t.JMeterThread: Thread is done: 秒杀线程组：1000用户 1-32
2026-07-17 19:25:56,675 INFO o.a.j.t.JMeterThread: Thread finished: 秒杀线程组：1000用户 1-32
2026-07-17 19:25:56,675 INFO o.a.j.t.JMeterThread: Thread started: 秒杀线程组：1000用户 1-363
2026-07-17 19:25:56,680 INFO o.a.j.t.JMeterThread: Thread started: 秒杀线程组：1000用户 1-364
2026-07-17 19:25:56,685 INFO o.a.j.t.JMeterThread: Thread is done: 秒杀线程组：1000用户 1-104
2026-07-17 19:25:56,685 INFO o.a.j.t.JMeterThread: Thread finished: 秒杀线程组：1000用户 1-104
2026-07-17 19:25:56,690 INFO o.a.j.t.JMeterThread: Thread started: 秒杀线程组：1000用户 1-367
2026-07-17 19:25:56,692 INFO o.a.j.t.JMeterThread: Thread started: 秒杀线程组：1000用户 1-365
2026-07-17 19:25:56,694 INFO o.a.j.t.JMeterThread: Thread is done: 秒杀线程组：1000用户 1-105
2026-07-17 19:25:56,694 INFO o.a.j.t.JMeterThread: Thread finished: 秒杀线程组：1000用户 1-105
2026-07-17 19:25:56,696 INFO o.a.j.t.JMeterThread: Thread started: 秒杀线程组：1000用户 1-366
2026-07-17 19:25:56,701 INFO o.a.j.t.JMeterThread: Thread started: 秒杀线程组：1000用户 1-368
2026-07-17 19:25:56,701 INFO o.a.j.t.JMeterThread: Thread is done: 秒杀线程组：1000用户 1-125
2026-07-17 19:25:56,701 INFO o.a.j.t.JMeterThread: Thread finished: 秒杀线程组：1000用户 1-125
2026-07-17 19:25:56,708 INFO o.a.j.t.JMeterThread: Thread started: 秒杀线程组：1000用户 1-369
2026-07-17 19:25:56,710 INFO o.a.j.t.JMeterThread: Thread is done: 秒杀线程组：1000用户 1-36
2026-07-17 19:25:56,710 INFO o.a.j.t.JMeterThread: Thread finished: 秒杀线程组：1000用户 1-36
2026-07-17 19:25:56,712 INFO o.a.j.t.JMeterThread: Thread started: 秒杀线程组：1000用户 1-370
2026-07-17 19:25:56,716 INFO o.a.j.t.JMeterThread: Thread started: 秒杀线程组：1000用户 1-371
2026-07-17 19:25:56,718 INFO o.a.j.t.JMeterThread: Thread is done: 秒杀线程组：1000用户 1-106
2026-07-17 19:25:56,718 INFO o.a.j.t.JMeterThread: Thread finished: 秒杀线程组：1000用户 1-106
2026-07-17 19:25:56,724 INFO o.a.j.t.JMeterThread: Thread started: 秒杀线程组：1000用户 1-372
2026-07-17 19:25:56,725 INFO o.a.j.t.JMeterThread: Thread started: 秒杀线程组：1000用户 1-373
2026-07-17 19:25:56,728 INFO o.a.j.t.JMeterThread: Thread is done: 秒杀线程组：1000用户 1-11
2026-07-17 19:25:56,728 INFO o.a.j.t.JMeterThread: Thread finished: 秒杀线程组：1000用户 1-11
2026-07-17 19:25:56,735 INFO o.a.j.t.JMeterThread: Thread started: 秒杀线程组：1000用户 1-374
2026-07-17 19:25:56,738 INFO o.a.j.t.JMeterThread: Thread is done: 秒杀线程组：1000用户 1-38
2026-07-17 19:25:56,738 INFO o.a.j.t.JMeterThread: Thread finished: 秒杀线程组：1000用户 1-38
2026-07-17 19:25:56,738 INFO o.a.j.t.JMeterThread: Thread started: 秒杀线程组：1000用户 1-376
2026-07-17 19:25:56,741 INFO o.a.j.t.JMeterThread: Thread started: 秒杀线程组：1000用户 1-375
2026-07-17 19:25:56,745 INFO o.a.j.t.JMeterThread: Thread started: 秒杀线程组：1000用户 1-377
2026-07-17 19:25:56,751 INFO o.a.j.t.JMeterThread: Thread is done: 秒杀线程组：1000用户 1-102
2026-07-17 19:25:56,751 INFO o.a.j.t.JMeterThread: Thread finished: 秒杀线程组：1000用户 1-102
2026-07-17 19:25:56,752 INFO o.a.j.t.JMeterThread: Thread started: 秒杀线程组：1000用户 1-378
2026-07-17 19:25:56,757 INFO o.a.j.t.JMeterThread: Thread started: 秒杀线程组：1000用户 1-379
2026-07-17 19:25:56,761 INFO o.a.j.t.JMeterThread: Thread is done: 秒杀线程组：1000用户 1-22
2026-07-17 19:25:56,761 INFO o.a.j.t.JMeterThread: Thread finished: 秒杀线程组：1000用户 1-22
2026-07-17 19:25:56,766 INFO o.a.j.t.JMeterThread: Thread started: 秒杀线程组：1000用户 1-380
2026-07-17 19:25:56,769 INFO o.a.j.t.JMeterThread: Thread started: 秒杀线程组：1000用户 1-381
2026-07-17 19:25:56,770 INFO o.a.j.t.JMeterThread: Thread started: 秒杀线程组：1000用户 1-382
2026-07-17 19:25:56,770 INFO o.a.j.t.JMeterThread: Thread is done: 秒杀线程组：1000用户 1-55
2026-07-17 19:25:56,770 INFO o.a.j.t.JMeterThread: Thread finished: 秒杀线程组：1000用户 1-55
2026-07-17 19:25:56,778 INFO o.a.j.t.JMeterThread: Thread started: 秒杀线程组：1000用户 1-384
2026-07-17 19:25:56,778 INFO o.a.j.t.JMeterThread: Thread is done: 秒杀线程组：1000用户 1-7
2026-07-17 19:25:56,778 INFO o.a.j.t.JMeterThread: Thread finished: 秒杀线程组：1000用户 1-7
2026-07-17 19:25:56,781 INFO o.a.j.t.JMeterThread: Thread started: 秒杀线程组：1000用户 1-383
2026-07-17 19:25:56,784 INFO o.a.j.t.JMeterThread: Thread started: 秒杀线程组：1000用户 1-386
2026-07-17 19:25:56,786 INFO o.a.j.t.JMeterThread: Thread is done: 秒杀线程组：1000用户 1-28
2026-07-17 19:25:56,786 INFO o.a.j.t.JMeterThread: Thread finished: 秒杀线程组：1000用户 1-28
2026-07-17 19:25:56,790 INFO o.a.j.t.JMeterThread: Thread started: 秒杀线程组：1000用户 1-385
2026-07-17 19:25:56,791 INFO o.a.j.t.JMeterThread: Thread started: 秒杀线程组：1000用户 1-387
2026-07-17 19:25:56,795 INFO o.a.j.t.JMeterThread: Thread is done: 秒杀线程组：1000用户 1-48
2026-07-17 19:25:56,795 INFO o.a.j.t.JMeterThread: Thread finished: 秒杀线程组：1000用户 1-48
2026-07-17 19:25:56,796 INFO o.a.j.t.JMeterThread: Thread started: 秒杀线程组：1000用户 1-388
2026-07-17 19:25:56,802 INFO o.a.j.t.JMeterThread: Thread started: 秒杀线程组：1000用户 1-389
2026-07-17 19:25:56,803 INFO o.a.j.t.JMeterThread: Thread is done: 秒杀线程组：1000用户 1-30
2026-07-17 19:25:56,803 INFO o.a.j.t.JMeterThread: Thread finished: 秒杀线程组：1000用户 1-30
2026-07-17 19:25:56,806 INFO o.a.j.t.JMeterThread: Thread started: 秒杀线程组：1000用户 1-390
2026-07-17 19:25:56,811 INFO o.a.j.t.JMeterThread: Thread is done: 秒杀线程组：1000用户 1-26
2026-07-17 19:25:56,811 INFO o.a.j.t.JMeterThread: Thread finished: 秒杀线程组：1000用户 1-26
2026-07-17 19:25:56,812 INFO o.a.j.t.JMeterThread: Thread started: 秒杀线程组：1000用户 1-391
2026-07-17 19:25:56,821 INFO o.a.j.t.JMeterThread: Thread is done: 秒杀线程组：1000用户 1-5
2026-07-17 19:25:56,821 INFO o.a.j.t.JMeterThread: Thread finished: 秒杀线程组：1000用户 1-5
2026-07-17 19:25:56,823 INFO o.a.j.t.JMeterThread: Thread started: 秒杀线程组：1000用户 1-392
2026-07-17 19:25:56,824 INFO o.a.j.t.JMeterThread: Thread started: 秒杀线程组：1000用户 1-393
2026-07-17 19:25:56,828 INFO o.a.j.t.JMeterThread: Thread is done: 秒杀线程组：1000用户 1-8
2026-07-17 19:25:56,828 INFO o.a.j.t.JMeterThread: Thread finished: 秒杀线程组：1000用户 1-8
2026-07-17 19:25:56,830 INFO o.a.j.t.JMeterThread: Thread started: 秒杀线程组：1000用户 1-394
2026-07-17 19:25:56,835 INFO o.a.j.t.JMeterThread: Thread started: 秒杀线程组：1000用户 1-395
2026-07-17 19:25:56,837 INFO o.a.j.t.JMeterThread: Thread is done: 秒杀线程组：1000用户 1-34
2026-07-17 19:25:56,837 INFO o.a.j.t.JMeterThread: Thread finished: 秒杀线程组：1000用户 1-34
2026-07-17 19:25:56,839 INFO o.a.j.t.JMeterThread: Thread started: 秒杀线程组：1000用户 1-396
2026-07-17 19:25:56,844 INFO o.a.j.t.JMeterThread: Thread started: 秒杀线程组：1000用户 1-397
2026-07-17 19:25:56,846 INFO o.a.j.t.JMeterThread: Thread is done: 秒杀线程组：1000用户 1-52
2026-07-17 19:25:56,846 INFO o.a.j.t.JMeterThread: Thread finished: 秒杀线程组：1000用户 1-52
2026-07-17 19:25:56,850 INFO o.a.j.t.JMeterThread: Thread started: 秒杀线程组：1000用户 1-398
2026-07-17 19:25:56,853 INFO o.a.j.t.JMeterThread: Thread started: 秒杀线程组：1000用户 1-399
2026-07-17 19:25:56,855 INFO o.a.j.t.JMeterThread: Thread is done: 秒杀线程组：1000用户 1-33
2026-07-17 19:25:56,855 INFO o.a.j.t.JMeterThread: Thread finished: 秒杀线程组：1000用户 1-33
2026-07-17 19:25:56,858 INFO o.a.j.t.JMeterThread: Thread started: 秒杀线程组：1000用户 1-400
2026-07-17 19:25:56,863 INFO o.a.j.t.JMeterThread: Thread is done: 秒杀线程组：1000用户 1-59
2026-07-17 19:25:56,863 INFO o.a.j.t.JMeterThread: Thread finished: 秒杀线程组：1000用户 1-59
2026-07-17 19:25:56,864 INFO o.a.j.t.JMeterThread: Thread started: 秒杀线程组：1000用户 1-401
2026-07-17 19:25:56,870 INFO o.a.j.t.JMeterThread: Thread started: 秒杀线程组：1000用户 1-402
2026-07-17 19:25:56,874 INFO o.a.j.t.JMeterThread: Thread started: 秒杀线程组：1000用户 1-403
2026-07-17 19:25:56,875 INFO o.a.j.t.JMeterThread: Thread is done: 秒杀线程组：1000用户 1-51
2026-07-17 19:25:56,875 INFO o.a.j.t.JMeterThread: Thread finished: 秒杀线程组：1000用户 1-51
2026-07-17 19:25:56,879 INFO o.a.j.t.JMeterThread: Thread started: 秒杀线程组：1000用户 1-404
2026-07-17 19:25:56,883 INFO o.a.j.t.JMeterThread: Thread started: 秒杀线程组：1000用户 1-405
2026-07-17 19:25:56,885 INFO o.a.j.t.JMeterThread: Thread is done: 秒杀线程组：1000用户 1-45
2026-07-17 19:25:56,885 INFO o.a.j.t.JMeterThread: Thread finished: 秒杀线程组：1000用户 1-45
2026-07-17 19:25:56,888 INFO o.a.j.t.JMeterThread: Thread started: 秒杀线程组：1000用户 1-406
2026-07-17 19:25:56,893 INFO o.a.j.t.JMeterThread: Thread started: 秒杀线程组：1000用户 1-407
2026-07-17 19:25:56,893 INFO o.a.j.t.JMeterThread: Thread is done: 秒杀线程组：1000用户 1-24
2026-07-17 19:25:56,893 INFO o.a.j.t.JMeterThread: Thread finished: 秒杀线程组：1000用户 1-24
2026-07-17 19:25:56,898 INFO o.a.j.t.JMeterThread: Thread started: 秒杀线程组：1000用户 1-408
2026-07-17 19:25:56,903 INFO o.a.j.t.JMeterThread: Thread started: 秒杀线程组：1000用户 1-409
2026-07-17 19:25:56,903 INFO o.a.j.t.JMeterThread: Thread is done: 秒杀线程组：1000用户 1-29
2026-07-17 19:25:56,903 INFO o.a.j.t.JMeterThread: Thread finished: 秒杀线程组：1000用户 1-29
2026-07-17 19:25:56,908 INFO o.a.j.t.JMeterThread: Thread started: 秒杀线程组：1000用户 1-410
2026-07-17 19:25:56,912 INFO o.a.j.t.JMeterThread: Thread is done: 秒杀线程组：1000用户 1-44
2026-07-17 19:25:56,912 INFO o.a.j.t.JMeterThread: Thread finished: 秒杀线程组：1000用户 1-44
2026-07-17 19:25:56,913 INFO o.a.j.t.JMeterThread: Thread started: 秒杀线程组：1000用户 1-411
2026-07-17 19:25:56,918 INFO o.a.j.t.JMeterThread: Thread started: 秒杀线程组：1000用户 1-412
2026-07-17 19:25:56,921 INFO o.a.j.t.JMeterThread: Thread started: 秒杀线程组：1000用户 1-413
2026-07-17 19:25:56,922 INFO o.a.j.t.JMeterThread: Thread is done: 秒杀线程组：1000用户 1-20
2026-07-17 19:25:56,922 INFO o.a.j.t.JMeterThread: Thread finished: 秒杀线程组：1000用户 1-20
2026-07-17 19:25:56,928 INFO o.a.j.t.JMeterThread: Thread started: 秒杀线程组：1000用户 1-414
2026-07-17 19:25:56,931 INFO o.a.j.t.JMeterThread: Thread is done: 秒杀线程组：1000用户 1-47
2026-07-17 19:25:56,931 INFO o.a.j.t.JMeterThread: Thread finished: 秒杀线程组：1000用户 1-47
2026-07-17 19:25:56,932 INFO o.a.j.t.JMeterThread: Thread started: 秒杀线程组：1000用户 1-415
2026-07-17 19:25:56,937 INFO o.a.j.t.JMeterThread: Thread started: 秒杀线程组：1000用户 1-416
2026-07-17 19:25:56,940 INFO o.a.j.t.JMeterThread: Thread is done: 秒杀线程组：1000用户 1-39
2026-07-17 19:25:56,940 INFO o.a.j.t.JMeterThread: Thread finished: 秒杀线程组：1000用户 1-39
2026-07-17 19:25:56,942 INFO o.a.j.t.JMeterThread: Thread started: 秒杀线程组：1000用户 1-417
2026-07-17 19:25:56,947 INFO o.a.j.t.JMeterThread: Thread started: 秒杀线程组：1000用户 1-418
2026-07-17 19:25:56,947 INFO o.a.j.t.JMeterThread: Thread is done: 秒杀线程组：1000用户 1-4
2026-07-17 19:25:56,947 INFO o.a.j.t.JMeterThread: Thread finished: 秒杀线程组：1000用户 1-4
2026-07-17 19:25:56,955 INFO o.a.j.t.JMeterThread: Thread started: 秒杀线程组：1000用户 1-419
2026-07-17 19:25:56,956 INFO o.a.j.t.JMeterThread: Thread is done: 秒杀线程组：1000用户 1-61
2026-07-17 19:25:56,956 INFO o.a.j.t.JMeterThread: Thread finished: 秒杀线程组：1000用户 1-61
2026-07-17 19:25:56,956 INFO o.a.j.t.JMeterThread: Thread started: 秒杀线程组：1000用户 1-420
2026-07-17 19:25:56,962 INFO o.a.j.t.JMeterThread: Thread started: 秒杀线程组：1000用户 1-421
2026-07-17 19:25:56,965 INFO o.a.j.t.JMeterThread: Thread is done: 秒杀线程组：1000用户 1-35
2026-07-17 19:25:56,965 INFO o.a.j.t.JMeterThread: Thread finished: 秒杀线程组：1000用户 1-35
2026-07-17 19:25:56,967 INFO o.a.j.t.JMeterThread: Thread started: 秒杀线程组：1000用户 1-422
2026-07-17 19:25:56,972 INFO o.a.j.t.JMeterThread: Thread started: 秒杀线程组：1000用户 1-423
2026-07-17 19:25:56,973 INFO o.a.j.t.JMeterThread: Thread is done: 秒杀线程组：1000用户 1-46
2026-07-17 19:25:56,973 INFO o.a.j.t.JMeterThread: Thread finished: 秒杀线程组：1000用户 1-46
2026-07-17 19:25:56,977 INFO o.a.j.t.JMeterThread: Thread started: 秒杀线程组：1000用户 1-424
2026-07-17 19:25:56,981 INFO o.a.j.t.JMeterThread: Thread is done: 秒杀线程组：1000用户 1-116
2026-07-17 19:25:56,981 INFO o.a.j.t.JMeterThread: Thread finished: 秒杀线程组：1000用户 1-116
2026-07-17 19:25:56,982 INFO o.a.j.t.JMeterThread: Thread started: 秒杀线程组：1000用户 1-425
2026-07-17 19:25:56,986 INFO o.a.j.t.JMeterThread: Thread started: 秒杀线程组：1000用户 1-426
2026-07-17 19:25:56,990 INFO o.a.j.t.JMeterThread: Thread is done: 秒杀线程组：1000用户 1-114
2026-07-17 19:25:56,990 INFO o.a.j.t.JMeterThread: Thread finished: 秒杀线程组：1000用户 1-114
2026-07-17 19:25:56,995 INFO o.a.j.t.JMeterThread: Thread started: 秒杀线程组：1000用户 1-428
2026-07-17 19:25:56,995 INFO o.a.j.t.JMeterThread: Thread started: 秒杀线程组：1000用户 1-427
2026-07-17 19:25:56,997 INFO o.a.j.t.JMeterThread: Thread is done: 秒杀线程组：1000用户 1-53
2026-07-17 19:25:56,997 INFO o.a.j.t.JMeterThread: Thread finished: 秒杀线程组：1000用户 1-53
2026-07-17 19:25:57,004 INFO o.a.j.t.JMeterThread: Thread started: 秒杀线程组：1000用户 1-429
2026-07-17 19:25:57,005 INFO o.a.j.t.JMeterThread: Thread started: 秒杀线程组：1000用户 1-430
2026-07-17 19:25:57,005 INFO o.a.j.t.JMeterThread: Thread is done: 秒杀线程组：1000用户 1-41
2026-07-17 19:25:57,005 INFO o.a.j.t.JMeterThread: Thread finished: 秒杀线程组：1000用户 1-41
2026-07-17 19:25:57,011 INFO o.a.j.t.JMeterThread: Thread started: 秒杀线程组：1000用户 1-431
2026-07-17 19:25:57,013 INFO o.a.j.t.JMeterThread: Thread is done: 秒杀线程组：1000用户 1-113
2026-07-17 19:25:57,013 INFO o.a.j.t.JMeterThread: Thread finished: 秒杀线程组：1000用户 1-113
2026-07-17 19:25:57,016 INFO o.a.j.t.JMeterThread: Thread started: 秒杀线程组：1000用户 1-432
2026-07-17 19:25:57,021 INFO o.a.j.t.JMeterThread: Thread started: 秒杀线程组：1000用户 1-433
2026-07-17 19:25:57,023 INFO o.a.j.t.JMeterThread: Thread is done: 秒杀线程组：1000用户 1-101
2026-07-17 19:25:57,023 INFO o.a.j.t.JMeterThread: Thread finished: 秒杀线程组：1000用户 1-101
2026-07-17 19:25:57,026 INFO o.a.j.t.JMeterThread: Thread started: 秒杀线程组：1000用户 1-434
2026-07-17 19:25:57,031 INFO o.a.j.t.JMeterThread: Thread started: 秒杀线程组：1000用户 1-435
2026-07-17 19:25:57,031 INFO o.a.j.t.JMeterThread: Thread is done: 秒杀线程组：1000用户 1-118
2026-07-17 19:25:57,031 INFO o.a.j.t.JMeterThread: Thread finished: 秒杀线程组：1000用户 1-118
2026-07-17 19:25:57,035 INFO o.a.j.t.JMeterThread: Thread started: 秒杀线程组：1000用户 1-436
2026-07-17 19:25:57,040 INFO o.a.j.t.JMeterThread: Thread is done: 秒杀线程组：1000用户 1-37
2026-07-17 19:25:57,040 INFO o.a.j.t.JMeterThread: Thread finished: 秒杀线程组：1000用户 1-37
2026-07-17 19:25:57,041 INFO o.a.j.t.JMeterThread: Thread started: 秒杀线程组：1000用户 1-437
2026-07-17 19:25:57,046 INFO o.a.j.t.JMeterThread: Thread started: 秒杀线程组：1000用户 1-438
2026-07-17 19:25:57,047 INFO o.a.j.t.JMeterThread: Thread is done: 秒杀线程组：1000用户 1-1
2026-07-17 19:25:57,047 INFO o.a.j.t.JMeterThread: Thread finished: 秒杀线程组：1000用户 1-1
2026-07-17 19:25:57,051 INFO o.a.j.t.JMeterThread: Thread started: 秒杀线程组：1000用户 1-439
2026-07-17 19:25:57,055 INFO o.a.j.t.JMeterThread: Thread started: 秒杀线程组：1000用户 1-440
2026-07-17 19:25:57,056 INFO o.a.j.t.JMeterThread: Thread is done: 秒杀线程组：1000用户 1-122
2026-07-17 19:25:57,056 INFO o.a.j.t.JMeterThread: Thread finished: 秒杀线程组：1000用户 1-122
2026-07-17 19:25:57,061 INFO o.a.j.t.JMeterThread: Thread started: 秒杀线程组：1000用户 1-441
2026-07-17 19:25:57,065 INFO o.a.j.t.JMeterThread: Thread is done: 秒杀线程组：1000用户 1-107
2026-07-17 19:25:57,065 INFO o.a.j.t.JMeterThread: Thread finished: 秒杀线程组：1000用户 1-107
2026-07-17 19:25:57,066 INFO o.a.j.t.JMeterThread: Thread started: 秒杀线程组：1000用户 1-442
2026-07-17 19:25:57,072 INFO o.a.j.t.JMeterThread: Thread started: 秒杀线程组：1000用户 1-443
2026-07-17 19:25:57,075 INFO o.a.j.t.JMeterThread: Thread started: 秒杀线程组：1000用户 1-444
2026-07-17 19:25:57,075 INFO o.a.j.t.JMeterThread: Thread is done: 秒杀线程组：1000用户 1-139
2026-07-17 19:25:57,075 INFO o.a.j.t.JMeterThread: Thread finished: 秒杀线程组：1000用户 1-139
2026-07-17 19:25:57,080 INFO o.a.j.t.JMeterThread: Thread started: 秒杀线程组：1000用户 1-445
2026-07-17 19:25:57,084 INFO o.a.j.t.JMeterThread: Thread is done: 秒杀线程组：1000用户 1-132
2026-07-17 19:25:57,084 INFO o.a.j.t.JMeterThread: Thread finished: 秒杀线程组：1000用户 1-132
2026-07-17 19:25:57,085 INFO o.a.j.t.JMeterThread: Thread started: 秒杀线程组：1000用户 1-446
2026-07-17 19:25:57,090 INFO o.a.j.t.JMeterThread: Thread started: 秒杀线程组：1000用户 1-447
2026-07-17 19:25:57,092 INFO o.a.j.t.JMeterThread: Thread is done: 秒杀线程组：1000用户 1-134
2026-07-17 19:25:57,092 INFO o.a.j.t.JMeterThread: Thread finished: 秒杀线程组：1000用户 1-134
2026-07-17 19:25:57,098 INFO o.a.j.t.JMeterThread: Thread started: 秒杀线程组：1000用户 1-448
2026-07-17 19:25:57,100 INFO o.a.j.t.JMeterThread: Thread started: 秒杀线程组：1000用户 1-449
2026-07-17 19:25:57,101 INFO o.a.j.t.JMeterThread: Thread is done: 秒杀线程组：1000用户 1-131
2026-07-17 19:25:57,101 INFO o.a.j.t.JMeterThread: Thread finished: 秒杀线程组：1000用户 1-131
2026-07-17 19:25:57,105 INFO o.a.j.t.JMeterThread: Thread started: 秒杀线程组：1000用户 1-450
2026-07-17 19:25:57,110 INFO o.a.j.t.JMeterThread: Thread started: 秒杀线程组：1000用户 1-451
2026-07-17 19:25:57,110 INFO o.a.j.t.JMeterThread: Thread is done: 秒杀线程组：1000用户 1-141
2026-07-17 19:25:57,110 INFO o.a.j.t.JMeterThread: Thread finished: 秒杀线程组：1000用户 1-141
2026-07-17 19:25:57,114 INFO o.a.j.t.JMeterThread: Thread started: 秒杀线程组：1000用户 1-452
2026-07-17 19:25:57,119 INFO o.a.j.t.JMeterThread: Thread is done: 秒杀线程组：1000用户 1-124
2026-07-17 19:25:57,119 INFO o.a.j.t.JMeterThread: Thread finished: 秒杀线程组：1000用户 1-124
2026-07-17 19:25:57,120 INFO o.a.j.t.JMeterThread: Thread started: 秒杀线程组：1000用户 1-453
2026-07-17 19:25:57,125 INFO o.a.j.t.JMeterThread: Thread started: 秒杀线程组：1000用户 1-454
2026-07-17 19:25:57,127 INFO o.a.j.t.JMeterThread: Thread is done: 秒杀线程组：1000用户 1-136
2026-07-17 19:25:57,127 INFO o.a.j.t.JMeterThread: Thread finished: 秒杀线程组：1000用户 1-136
2026-07-17 19:25:57,130 INFO o.a.j.t.JMeterThread: Thread started: 秒杀线程组：1000用户 1-455
2026-07-17 19:25:57,135 INFO o.a.j.t.JMeterThread: Thread started: 秒杀线程组：1000用户 1-456
2026-07-17 19:25:57,136 INFO o.a.j.t.JMeterThread: Thread is done: 秒杀线程组：1000用户 1-127
2026-07-17 19:25:57,136 INFO o.a.j.t.JMeterThread: Thread finished: 秒杀线程组：1000用户 1-127
2026-07-17 19:25:57,143 INFO o.a.j.t.JMeterThread: Thread started: 秒杀线程组：1000用户 1-457
2026-07-17 19:25:57,144 INFO o.a.j.t.JMeterThread: Thread is done: 秒杀线程组：1000用户 1-129
2026-07-17 19:25:57,144 INFO o.a.j.t.JMeterThread: Thread finished: 秒杀线程组：1000用户 1-129
2026-07-17 19:25:57,145 INFO o.a.j.t.JMeterThread: Thread started: 秒杀线程组：1000用户 1-458
2026-07-17 19:25:57,151 INFO o.a.j.t.JMeterThread: Thread started: 秒杀线程组：1000用户 1-459
2026-07-17 19:25:57,152 INFO o.a.j.t.JMeterThread: Thread is done: 秒杀线程组：1000用户 1-140
2026-07-17 19:25:57,152 INFO o.a.j.t.JMeterThread: Thread finished: 秒杀线程组：1000用户 1-140
2026-07-17 19:25:57,156 INFO o.a.j.t.JMeterThread: Thread started: 秒杀线程组：1000用户 1-460
2026-07-17 19:25:57,161 INFO o.a.j.t.JMeterThread: Thread is done: 秒杀线程组：1000用户 1-128
2026-07-17 19:25:57,161 INFO o.a.j.t.JMeterThread: Thread finished: 秒杀线程组：1000用户 1-128
2026-07-17 19:25:57,161 INFO o.a.j.t.JMeterThread: Thread started: 秒杀线程组：1000用户 1-461
2026-07-17 19:25:57,165 INFO o.a.j.t.JMeterThread: Thread started: 秒杀线程组：1000用户 1-462
2026-07-17 19:25:57,170 INFO o.a.j.t.JMeterThread: Thread is done: 秒杀线程组：1000用户 1-130
2026-07-17 19:25:57,170 INFO o.a.j.t.JMeterThread: Thread finished: 秒杀线程组：1000用户 1-130
2026-07-17 19:25:57,171 INFO o.a.j.t.JMeterThread: Thread started: 秒杀线程组：1000用户 1-463
2026-07-17 19:25:57,176 INFO o.a.j.t.JMeterThread: Thread started: 秒杀线程组：1000用户 1-464
2026-07-17 19:25:57,177 INFO o.a.j.t.JMeterThread: Thread is done: 秒杀线程组：1000用户 1-135
2026-07-17 19:25:57,177 INFO o.a.j.t.JMeterThread: Thread finished: 秒杀线程组：1000用户 1-135
2026-07-17 19:25:57,183 INFO o.a.j.t.JMeterThread: Thread started: 秒杀线程组：1000用户 1-465
2026-07-17 19:25:57,185 INFO o.a.j.t.JMeterThread: Thread is done: 秒杀线程组：1000用户 1-133
2026-07-17 19:25:57,185 INFO o.a.j.t.JMeterThread: Thread started: 秒杀线程组：1000用户 1-466
2026-07-17 19:25:57,185 INFO o.a.j.t.JMeterThread: Thread finished: 秒杀线程组：1000用户 1-133
2026-07-17 19:25:57,191 INFO o.a.j.t.JMeterThread: Thread is done: 秒杀线程组：1000用户 1-138
2026-07-17 19:25:57,191 INFO o.a.j.t.JMeterThread: Thread finished: 秒杀线程组：1000用户 1-138
2026-07-17 19:25:57,192 INFO o.a.j.t.JMeterThread: Thread started: 秒杀线程组：1000用户 1-467
2026-07-17 19:25:57,197 INFO o.a.j.t.JMeterThread: Thread started: 秒杀线程组：1000用户 1-468
2026-07-17 19:25:57,200 INFO o.a.j.t.JMeterThread: Thread is done: 秒杀线程组：1000用户 1-137
2026-07-17 19:25:57,200 INFO o.a.j.t.JMeterThread: Thread finished: 秒杀线程组：1000用户 1-137
2026-07-17 19:25:57,200 INFO o.a.j.t.JMeterThread: Thread started: 秒杀线程组：1000用户 1-469
2026-07-17 19:25:57,203 INFO o.a.j.t.JMeterThread: Thread started: 秒杀线程组：1000用户 1-470
2026-07-17 19:25:57,208 INFO o.a.j.t.JMeterThread: Thread is done: 秒杀线程组：1000用户 1-142
2026-07-17 19:25:57,208 INFO o.a.j.t.JMeterThread: Thread finished: 秒杀线程组：1000用户 1-142
2026-07-17 19:25:57,210 INFO o.a.j.t.JMeterThread: Thread started: 秒杀线程组：1000用户 1-471
2026-07-17 19:25:57,213 INFO o.a.j.t.JMeterThread: Thread started: 秒杀线程组：1000用户 1-472
2026-07-17 19:25:57,218 INFO o.a.j.t.JMeterThread: Thread started: 秒杀线程组：1000用户 1-473
2026-07-17 19:25:57,219 INFO o.a.j.t.JMeterThread: Thread is done: 秒杀线程组：1000用户 1-93
2026-07-17 19:25:57,219 INFO o.a.j.t.JMeterThread: Thread finished: 秒杀线程组：1000用户 1-93
2026-07-17 19:25:57,223 INFO o.a.j.t.JMeterThread: Thread started: 秒杀线程组：1000用户 1-474
2026-07-17 19:25:57,226 INFO o.a.j.t.JMeterThread: Thread is done: 秒杀线程组：1000用户 1-17
2026-07-17 19:25:57,226 INFO o.a.j.t.JMeterThread: Thread finished: 秒杀线程组：1000用户 1-17
2026-07-17 19:25:57,228 INFO o.a.j.t.JMeterThread: Thread started: 秒杀线程组：1000用户 1-475
2026-07-17 19:25:57,234 INFO o.a.j.t.JMeterThread: Thread started: 秒杀线程组：1000用户 1-476
2026-07-17 19:25:57,235 INFO o.a.j.t.JMeterThread: Thread is done: 秒杀线程组：1000用户 1-57
2026-07-17 19:25:57,235 INFO o.a.j.t.JMeterThread: Thread finished: 秒杀线程组：1000用户 1-57
2026-07-17 19:25:57,238 INFO o.a.j.t.JMeterThread: Thread started: 秒杀线程组：1000用户 1-477
2026-07-17 19:25:57,242 INFO o.a.j.t.JMeterThread: Thread is done: 秒杀线程组：1000用户 1-14
2026-07-17 19:25:57,242 INFO o.a.j.t.JMeterThread: Thread finished: 秒杀线程组：1000用户 1-14
2026-07-17 19:25:57,244 INFO o.a.j.t.JMeterThread: Thread started: 秒杀线程组：1000用户 1-478
2026-07-17 19:25:57,248 INFO o.a.j.t.JMeterThread: Thread started: 秒杀线程组：1000用户 1-479
2026-07-17 19:25:57,254 INFO o.a.j.t.JMeterThread: Thread is done: 秒杀线程组：1000用户 1-9
2026-07-17 19:25:57,254 INFO o.a.j.t.JMeterThread: Thread started: 秒杀线程组：1000用户 1-480
2026-07-17 19:25:57,254 INFO o.a.j.t.JMeterThread: Thread finished: 秒杀线程组：1000用户 1-9
2026-07-17 19:25:57,258 INFO o.a.j.t.JMeterThread: Thread started: 秒杀线程组：1000用户 1-481
2026-07-17 19:25:57,263 INFO o.a.j.t.JMeterThread: Thread started: 秒杀线程组：1000用户 1-482
2026-07-17 19:25:57,263 INFO o.a.j.t.JMeterThread: Thread is done: 秒杀线程组：1000用户 1-25
2026-07-17 19:25:57,263 INFO o.a.j.t.JMeterThread: Thread finished: 秒杀线程组：1000用户 1-25
2026-07-17 19:25:57,268 INFO o.a.j.t.JMeterThread: Thread started: 秒杀线程组：1000用户 1-483
2026-07-17 19:25:57,271 INFO o.a.j.t.JMeterThread: Thread started: 秒杀线程组：1000用户 1-484
2026-07-17 19:25:57,271 INFO o.a.j.t.JMeterThread: Thread is done: 秒杀线程组：1000用户 1-100
2026-07-17 19:25:57,271 INFO o.a.j.t.JMeterThread: Thread finished: 秒杀线程组：1000用户 1-100
2026-07-17 19:25:57,277 INFO o.a.j.t.JMeterThread: Thread started: 秒杀线程组：1000用户 1-485
2026-07-17 19:25:57,281 INFO o.a.j.t.JMeterThread: Thread started: 秒杀线程组：1000用户 1-486
2026-07-17 19:25:57,282 INFO o.a.j.t.JMeterThread: Thread is done: 秒杀线程组：1000用户 1-153
2026-07-17 19:25:57,282 INFO o.a.j.t.JMeterThread: Thread finished: 秒杀线程组：1000用户 1-153
2026-07-17 19:25:57,286 INFO o.a.j.t.JMeterThread: Thread started: 秒杀线程组：1000用户 1-487
2026-07-17 19:25:57,291 INFO o.a.j.t.JMeterThread: Thread started: 秒杀线程组：1000用户 1-488
2026-07-17 19:25:57,291 INFO o.a.j.t.JMeterThread: Thread is done: 秒杀线程组：1000用户 1-167
2026-07-17 19:25:57,291 INFO o.a.j.t.JMeterThread: Thread finished: 秒杀线程组：1000用户 1-167
2026-07-17 19:25:57,296 INFO o.a.j.t.JMeterThread: Thread started: 秒杀线程组：1000用户 1-489
2026-07-17 19:25:57,302 INFO o.a.j.t.JMeterThread: Thread started: 秒杀线程组：1000用户 1-490
2026-07-17 19:25:57,303 INFO o.a.j.t.JMeterThread: Thread is done: 秒杀线程组：1000用户 1-165
2026-07-17 19:25:57,303 INFO o.a.j.t.JMeterThread: Thread finished: 秒杀线程组：1000用户 1-165
2026-07-17 19:25:57,307 INFO o.a.j.t.JMeterThread: Thread started: 秒杀线程组：1000用户 1-491
2026-07-17 19:25:57,312 INFO o.a.j.t.JMeterThread: Thread started: 秒杀线程组：1000用户 1-492
2026-07-17 19:25:57,312 INFO o.a.j.t.JMeterThread: Thread is done: 秒杀线程组：1000用户 1-170
2026-07-17 19:25:57,312 INFO o.a.j.t.JMeterThread: Thread finished: 秒杀线程组：1000用户 1-170
2026-07-17 19:25:57,316 INFO o.a.j.t.JMeterThread: Thread started: 秒杀线程组：1000用户 1-493
2026-07-17 19:25:57,321 INFO o.a.j.t.JMeterThread: Thread started: 秒杀线程组：1000用户 1-494
2026-07-17 19:25:57,326 INFO o.a.j.t.JMeterThread: Thread started: 秒杀线程组：1000用户 1-495
2026-07-17 19:25:57,331 INFO o.a.j.t.JMeterThread: Thread started: 秒杀线程组：1000用户 1-496
2026-07-17 19:25:57,335 INFO o.a.j.t.JMeterThread: Thread is done: 秒杀线程组：1000用户 1-181
2026-07-17 19:25:57,335 INFO o.a.j.t.JMeterThread: Thread finished: 秒杀线程组：1000用户 1-181
2026-07-17 19:25:57,337 INFO o.a.j.t.JMeterThread: Thread started: 秒杀线程组：1000用户 1-497
2026-07-17 19:25:57,343 INFO o.a.j.t.JMeterThread: Thread is done: 秒杀线程组：1000用户 1-192
2026-07-17 19:25:57,343 INFO o.a.j.t.JMeterThread: Thread finished: 秒杀线程组：1000用户 1-192
2026-07-17 19:25:57,345 INFO o.a.j.t.JMeterThread: Thread started: 秒杀线程组：1000用户 1-498
2026-07-17 19:25:57,345 INFO o.a.j.t.JMeterThread: Thread started: 秒杀线程组：1000用户 1-499
2026-07-17 19:25:57,349 INFO o.a.j.t.JMeterThread: Thread started: 秒杀线程组：1000用户 1-500
2026-07-17 19:25:57,353 INFO o.a.j.t.JMeterThread: Thread started: 秒杀线程组：1000用户 1-501
2026-07-17 19:25:57,354 INFO o.a.j.t.JMeterThread: Thread is done: 秒杀线程组：1000用户 1-204
2026-07-17 19:25:57,354 INFO o.a.j.t.JMeterThread: Thread finished: 秒杀线程组：1000用户 1-204
2026-07-17 19:25:57,358 INFO o.a.j.t.JMeterThread: Thread started: 秒杀线程组：1000用户 1-502
2026-07-17 19:25:57,362 INFO o.a.j.t.JMeterThread: Thread started: 秒杀线程组：1000用户 1-503
2026-07-17 19:25:57,362 INFO o.a.j.t.JMeterThread: Thread is done: 秒杀线程组：1000用户 1-221
2026-07-17 19:25:57,362 INFO o.a.j.t.JMeterThread: Thread finished: 秒杀线程组：1000用户 1-221
2026-07-17 19:25:57,368 INFO o.a.j.t.JMeterThread: Thread started: 秒杀线程组：1000用户 1-504
2026-07-17 19:25:57,372 INFO o.a.j.t.JMeterThread: Thread is done: 秒杀线程组：1000用户 1-232
2026-07-17 19:25:57,372 INFO o.a.j.t.JMeterThread: Thread finished: 秒杀线程组：1000用户 1-232
2026-07-17 19:25:57,374 INFO o.a.j.t.JMeterThread: Thread started: 秒杀线程组：1000用户 1-505
2026-07-17 19:25:57,376 INFO o.a.j.t.JMeterThread: Thread started: 秒杀线程组：1000用户 1-506
2026-07-17 19:25:57,383 INFO o.a.j.t.JMeterThread: Thread started: 秒杀线程组：1000用户 1-507
2026-07-17 19:25:57,383 INFO o.a.j.t.JMeterThread: Thread is done: 秒杀线程组：1000用户 1-250
2026-07-17 19:25:57,383 INFO o.a.j.t.JMeterThread: Thread finished: 秒杀线程组：1000用户 1-250
2026-07-17 19:25:57,387 INFO o.a.j.t.JMeterThread: Thread started: 秒杀线程组：1000用户 1-508
2026-07-17 19:25:57,393 INFO o.a.j.t.JMeterThread: Thread started: 秒杀线程组：1000用户 1-509
2026-07-17 19:25:57,395 INFO o.a.j.t.JMeterThread: Thread is done: 秒杀线程组：1000用户 1-256
2026-07-17 19:25:57,395 INFO o.a.j.t.JMeterThread: Thread finished: 秒杀线程组：1000用户 1-256
2026-07-17 19:25:57,403 INFO o.a.j.t.JMeterThread: Thread started: 秒杀线程组：1000用户 1-511
2026-07-17 19:25:57,405 INFO o.a.j.t.JMeterThread: Thread started: 秒杀线程组：1000用户 1-510
2026-07-17 19:25:57,406 INFO o.a.j.t.JMeterThread: Thread is done: 秒杀线程组：1000用户 1-263
2026-07-17 19:25:57,406 INFO o.a.j.t.JMeterThread: Thread finished: 秒杀线程组：1000用户 1-263
2026-07-17 19:25:57,408 INFO o.a.j.t.JMeterThread: Thread started: 秒杀线程组：1000用户 1-512
2026-07-17 19:25:57,414 INFO o.a.j.t.JMeterThread: Thread started: 秒杀线程组：1000用户 1-513
2026-07-17 19:25:57,417 INFO o.a.j.t.JMeterThread: Thread is done: 秒杀线程组：1000用户 1-276
2026-07-17 19:25:57,417 INFO o.a.j.t.JMeterThread: Thread finished: 秒杀线程组：1000用户 1-276
2026-07-17 19:25:57,418 INFO o.a.j.t.JMeterThread: Thread started: 秒杀线程组：1000用户 1-514
2026-07-17 19:25:57,422 INFO o.a.j.t.JMeterThread: Thread started: 秒杀线程组：1000用户 1-515
2026-07-17 19:25:57,431 INFO o.a.j.t.JMeterThread: Thread is done: 秒杀线程组：1000用户 1-288
2026-07-17 19:25:57,431 INFO o.a.j.t.JMeterThread: Thread finished: 秒杀线程组：1000用户 1-288
2026-07-17 19:25:57,432 INFO o.a.j.t.JMeterThread: Thread started: 秒杀线程组：1000用户 1-517
2026-07-17 19:25:57,432 INFO o.a.j.t.JMeterThread: Thread started: 秒杀线程组：1000用户 1-516
2026-07-17 19:25:57,441 INFO o.a.j.t.JMeterThread: Thread started: 秒杀线程组：1000用户 1-519
2026-07-17 19:25:57,441 INFO o.a.j.t.JMeterThread: Thread is done: 秒杀线程组：1000用户 1-297
2026-07-17 19:25:57,441 INFO o.a.j.t.JMeterThread: Thread finished: 秒杀线程组：1000用户 1-297
2026-07-17 19:25:57,443 INFO o.a.j.t.JMeterThread: Thread started: 秒杀线程组：1000用户 1-518
2026-07-17 19:25:57,447 INFO o.a.j.t.JMeterThread: Thread started: 秒杀线程组：1000用户 1-520
2026-07-17 19:25:57,450 INFO o.a.j.t.JMeterThread: Thread is done: 秒杀线程组：1000用户 1-143
2026-07-17 19:25:57,450 INFO o.a.j.t.JMeterThread: Thread finished: 秒杀线程组：1000用户 1-143
2026-07-17 19:25:57,452 INFO o.a.j.t.JMeterThread: Thread started: 秒杀线程组：1000用户 1-521
2026-07-17 19:25:57,460 INFO o.a.j.t.JMeterThread: Thread is done: 秒杀线程组：1000用户 1-323
2026-07-17 19:25:57,460 INFO o.a.j.t.JMeterThread: Thread finished: 秒杀线程组：1000用户 1-323
2026-07-17 19:25:57,462 INFO o.a.j.t.JMeterThread: Thread started: 秒杀线程组：1000用户 1-523
2026-07-17 19:25:57,462 INFO o.a.j.t.JMeterThread: Thread started: 秒杀线程组：1000用户 1-522
2026-07-17 19:25:57,468 INFO o.a.j.t.JMeterThread: Thread started: 秒杀线程组：1000用户 1-524
2026-07-17 19:25:57,471 INFO o.a.j.t.JMeterThread: Thread started: 秒杀线程组：1000用户 1-525
2026-07-17 19:25:57,471 INFO o.a.j.t.JMeterThread: Thread is done: 秒杀线程组：1000用户 1-145
2026-07-17 19:25:57,471 INFO o.a.j.t.JMeterThread: Thread finished: 秒杀线程组：1000用户 1-145
2026-07-17 19:25:57,475 INFO o.a.j.t.JMeterThread: Thread started: 秒杀线程组：1000用户 1-526
2026-07-17 19:25:57,480 INFO o.a.j.t.JMeterThread: Thread started: 秒杀线程组：1000用户 1-527
2026-07-17 19:25:57,482 INFO o.a.j.t.JMeterThread: Thread is done: 秒杀线程组：1000用户 1-146
2026-07-17 19:25:57,482 INFO o.a.j.t.JMeterThread: Thread finished: 秒杀线程组：1000用户 1-146
2026-07-17 19:25:57,486 INFO o.a.j.t.JMeterThread: Thread started: 秒杀线程组：1000用户 1-528
2026-07-17 19:25:57,490 INFO o.a.j.t.JMeterThread: Thread started: 秒杀线程组：1000用户 1-529
2026-07-17 19:25:57,496 INFO o.a.j.t.JMeterThread: Thread is done: 秒杀线程组：1000用户 1-144
2026-07-17 19:25:57,497 INFO o.a.j.t.JMeterThread: Thread finished: 秒杀线程组：1000用户 1-144
2026-07-17 19:25:57,501 INFO o.a.j.t.JMeterThread: Thread started: 秒杀线程组：1000用户 1-531
2026-07-17 19:25:57,502 INFO o.a.j.t.JMeterThread: Thread started: 秒杀线程组：1000用户 1-530
2026-07-17 19:25:57,506 INFO o.a.j.t.JMeterThread: Thread started: 秒杀线程组：1000用户 1-532
2026-07-17 19:25:57,510 INFO o.a.j.t.JMeterThread: Thread started: 秒杀线程组：1000用户 1-533
2026-07-17 19:25:57,514 INFO o.a.j.t.JMeterThread: Thread started: 秒杀线程组：1000用户 1-534
2026-07-17 19:25:57,520 INFO o.a.j.t.JMeterThread: Thread started: 秒杀线程组：1000用户 1-535
2026-07-17 19:25:57,525 INFO o.a.j.t.JMeterThread: Thread is done: 秒杀线程组：1000用户 1-147
2026-07-17 19:25:57,525 INFO o.a.j.t.JMeterThread: Thread finished: 秒杀线程组：1000用户 1-147
2026-07-17 19:25:57,525 INFO o.a.j.t.JMeterThread: Thread started: 秒杀线程组：1000用户 1-536
2026-07-17 19:25:57,530 INFO o.a.j.t.JMeterThread: Thread started: 秒杀线程组：1000用户 1-537
2026-07-17 19:25:57,534 INFO o.a.j.t.JMeterThread: Thread started: 秒杀线程组：1000用户 1-538
2026-07-17 19:25:57,535 INFO o.a.j.t.JMeterThread: Thread is done: 秒杀线程组：1000用户 1-150
2026-07-17 19:25:57,535 INFO o.a.j.t.JMeterThread: Thread finished: 秒杀线程组：1000用户 1-150
2026-07-17 19:25:57,539 INFO o.a.j.t.JMeterThread: Thread started: 秒杀线程组：1000用户 1-539
2026-07-17 19:25:57,543 INFO o.a.j.t.JMeterThread: Thread started: 秒杀线程组：1000用户 1-540
2026-07-17 19:25:57,543 INFO o.a.j.t.JMeterThread: Thread is done: 秒杀线程组：1000用户 1-151
2026-07-17 19:25:57,543 INFO o.a.j.t.JMeterThread: Thread finished: 秒杀线程组：1000用户 1-151
2026-07-17 19:25:57,549 INFO o.a.j.t.JMeterThread: Thread started: 秒杀线程组：1000用户 1-541
2026-07-17 19:25:57,550 INFO o.a.j.t.JMeterThread: Thread started: 秒杀线程组：1000用户 1-542
2026-07-17 19:25:57,555 INFO o.a.j.t.JMeterThread: Thread started: 秒杀线程组：1000用户 1-543
2026-07-17 19:25:57,560 INFO o.a.j.t.JMeterThread: Thread started: 秒杀线程组：1000用户 1-544
2026-07-17 19:25:57,562 INFO o.a.j.t.JMeterThread: Thread is done: 秒杀线程组：1000用户 1-149
2026-07-17 19:25:57,562 INFO o.a.j.t.JMeterThread: Thread finished: 秒杀线程组：1000用户 1-149
2026-07-17 19:25:57,565 INFO o.a.j.t.JMeterThread: Thread started: 秒杀线程组：1000用户 1-545
2026-07-17 19:25:57,569 INFO o.a.j.t.JMeterThread: Thread started: 秒杀线程组：1000用户 1-546
2026-07-17 19:25:57,577 INFO o.a.j.t.JMeterThread: Thread is done: 秒杀线程组：1000用户 1-148
2026-07-17 19:25:57,577 INFO o.a.j.t.JMeterThread: Thread finished: 秒杀线程组：1000用户 1-148
2026-07-17 19:25:57,580 INFO o.a.j.t.JMeterThread: Thread started: 秒杀线程组：1000用户 1-548
2026-07-17 19:25:57,582 INFO o.a.j.t.JMeterThread: Thread started: 秒杀线程组：1000用户 1-547
2026-07-17 19:25:57,585 INFO o.a.j.t.JMeterThread: Thread started: 秒杀线程组：1000用户 1-549
2026-07-17 19:25:57,588 INFO o.a.j.t.JMeterThread: Thread is done: 秒杀线程组：1000用户 1-152
2026-07-17 19:25:57,588 INFO o.a.j.t.JMeterThread: Thread finished: 秒杀线程组：1000用户 1-152
2026-07-17 19:25:57,590 INFO o.a.j.t.JMeterThread: Thread started: 秒杀线程组：1000用户 1-550
2026-07-17 19:25:57,594 INFO o.a.j.t.JMeterThread: Thread started: 秒杀线程组：1000用户 1-551
2026-07-17 19:25:57,598 INFO o.a.j.t.JMeterThread: Thread started: 秒杀线程组：1000用户 1-552
2026-07-17 19:25:57,600 INFO o.a.j.t.JMeterThread: Thread is done: 秒杀线程组：1000用户 1-155
2026-07-17 19:25:57,600 INFO o.a.j.t.JMeterThread: Thread finished: 秒杀线程组：1000用户 1-155
2026-07-17 19:25:57,602 INFO o.a.j.t.JMeterThread: Thread started: 秒杀线程组：1000用户 1-553
2026-07-17 19:25:57,608 INFO o.a.j.t.JMeterThread: Thread started: 秒杀线程组：1000用户 1-554
2026-07-17 19:25:57,610 INFO o.a.j.t.JMeterThread: Thread is done: 秒杀线程组：1000用户 1-159
2026-07-17 19:25:57,610 INFO o.a.j.t.JMeterThread: Thread finished: 秒杀线程组：1000用户 1-159
2026-07-17 19:25:57,613 INFO o.a.j.t.JMeterThread: Thread started: 秒杀线程组：1000用户 1-555
2026-07-17 19:25:57,618 INFO o.a.j.t.JMeterThread: Thread started: 秒杀线程组：1000用户 1-556
2026-07-17 19:25:57,619 INFO o.a.j.t.JMeterThread: Thread is done: 秒杀线程组：1000用户 1-157
2026-07-17 19:25:57,619 INFO o.a.j.t.JMeterThread: Thread finished: 秒杀线程组：1000用户 1-157
2026-07-17 19:25:57,623 INFO o.a.j.t.JMeterThread: Thread started: 秒杀线程组：1000用户 1-557
2026-07-17 19:25:57,627 INFO o.a.j.t.JMeterThread: Thread is done: 秒杀线程组：1000用户 1-160
2026-07-17 19:25:57,627 INFO o.a.j.t.JMeterThread: Thread finished: 秒杀线程组：1000用户 1-160
2026-07-17 19:25:57,628 INFO o.a.j.t.JMeterThread: Thread started: 秒杀线程组：1000用户 1-558
2026-07-17 19:25:57,633 INFO o.a.j.t.JMeterThread: Thread started: 秒杀线程组：1000用户 1-559
2026-07-17 19:25:57,634 INFO o.a.j.t.JMeterThread: Thread is done: 秒杀线程组：1000用户 1-156
2026-07-17 19:25:57,634 INFO o.a.j.t.JMeterThread: Thread finished: 秒杀线程组：1000用户 1-156
2026-07-17 19:25:57,638 INFO o.a.j.t.JMeterThread: Thread started: 秒杀线程组：1000用户 1-560
2026-07-17 19:25:57,643 INFO o.a.j.t.JMeterThread: Thread started: 秒杀线程组：1000用户 1-561
2026-07-17 19:25:57,644 INFO o.a.j.t.JMeterThread: Thread is done: 秒杀线程组：1000用户 1-161
2026-07-17 19:25:57,644 INFO o.a.j.t.JMeterThread: Thread finished: 秒杀线程组：1000用户 1-161
2026-07-17 19:25:57,648 INFO o.a.j.t.JMeterThread: Thread started: 秒杀线程组：1000用户 1-562
2026-07-17 19:25:57,653 INFO o.a.j.t.JMeterThread: Thread started: 秒杀线程组：1000用户 1-563
2026-07-17 19:25:57,655 INFO o.a.j.t.JMeterThread: Thread is done: 秒杀线程组：1000用户 1-158
2026-07-17 19:25:57,655 INFO o.a.j.t.JMeterThread: Thread finished: 秒杀线程组：1000用户 1-158
2026-07-17 19:25:57,657 INFO o.a.j.t.JMeterThread: Thread started: 秒杀线程组：1000用户 1-564
2026-07-17 19:25:57,662 INFO o.a.j.t.JMeterThread: Thread started: 秒杀线程组：1000用户 1-565
2026-07-17 19:25:57,665 INFO o.a.j.t.JMeterThread: Thread is done: 秒杀线程组：1000用户 1-162
2026-07-17 19:25:57,665 INFO o.a.j.t.JMeterThread: Thread finished: 秒杀线程组：1000用户 1-162
2026-07-17 19:25:57,667 INFO o.a.j.t.JMeterThread: Thread started: 秒杀线程组：1000用户 1-566
2026-07-17 19:25:57,672 INFO o.a.j.t.JMeterThread: Thread started: 秒杀线程组：1000用户 1-567
2026-07-17 19:25:57,677 INFO o.a.j.t.JMeterThread: Thread started: 秒杀线程组：1000用户 1-568
2026-07-17 19:25:57,680 INFO o.a.j.t.JMeterThread: Thread is done: 秒杀线程组：1000用户 1-176
2026-07-17 19:25:57,680 INFO o.a.j.t.JMeterThread: Thread finished: 秒杀线程组：1000用户 1-176
2026-07-17 19:25:57,681 INFO o.a.j.t.JMeterThread: Thread started: 秒杀线程组：1000用户 1-569
2026-07-17 19:25:57,687 INFO o.a.j.t.JMeterThread: Thread started: 秒杀线程组：1000用户 1-570
2026-07-17 19:25:57,692 INFO o.a.j.t.JMeterThread: Thread started: 秒杀线程组：1000用户 1-571
2026-07-17 19:25:57,693 INFO o.a.j.t.JMeterThread: Thread is done: 秒杀线程组：1000用户 1-163
2026-07-17 19:25:57,693 INFO o.a.j.t.JMeterThread: Thread finished: 秒杀线程组：1000用户 1-163
2026-07-17 19:25:57,697 INFO o.a.j.t.JMeterThread: Thread started: 秒杀线程组：1000用户 1-572
2026-07-17 19:25:57,702 INFO o.a.j.t.JMeterThread: Thread started: 秒杀线程组：1000用户 1-573
2026-07-17 19:25:57,704 INFO o.a.j.t.JMeterThread: Thread is done: 秒杀线程组：1000用户 1-180
2026-07-17 19:25:57,704 INFO o.a.j.t.JMeterThread: Thread finished: 秒杀线程组：1000用户 1-180
2026-07-17 19:25:57,706 INFO o.a.j.t.JMeterThread: Thread started: 秒杀线程组：1000用户 1-574
2026-07-17 19:25:57,712 INFO o.a.j.t.JMeterThread: Thread started: 秒杀线程组：1000用户 1-575
2026-07-17 19:25:57,713 INFO o.a.j.t.JMeterThread: Thread is done: 秒杀线程组：1000用户 1-182
2026-07-17 19:25:57,713 INFO o.a.j.t.JMeterThread: Thread finished: 秒杀线程组：1000用户 1-182
2026-07-17 19:25:57,716 INFO o.a.j.t.JMeterThread: Thread started: 秒杀线程组：1000用户 1-576
2026-07-17 19:25:57,723 INFO o.a.j.t.JMeterThread: Thread started: 秒杀线程组：1000用户 1-577
2026-07-17 19:25:57,724 INFO o.a.j.t.JMeterThread: Thread is done: 秒杀线程组：1000用户 1-178
2026-07-17 19:25:57,724 INFO o.a.j.t.JMeterThread: Thread finished: 秒杀线程组：1000用户 1-178
2026-07-17 19:25:57,727 INFO o.a.j.t.JMeterThread: Thread started: 秒杀线程组：1000用户 1-578
2026-07-17 19:25:57,731 INFO o.a.j.t.JMeterThread: Thread started: 秒杀线程组：1000用户 1-579
2026-07-17 19:25:57,736 INFO o.a.j.t.JMeterThread: Thread started: 秒杀线程组：1000用户 1-580
2026-07-17 19:25:57,736 INFO o.a.j.t.JMeterThread: Thread is done: 秒杀线程组：1000用户 1-171
2026-07-17 19:25:57,736 INFO o.a.j.t.JMeterThread: Thread finished: 秒杀线程组：1000用户 1-171
2026-07-17 19:25:57,741 INFO o.a.j.t.JMeterThread: Thread started: 秒杀线程组：1000用户 1-581
2026-07-17 19:25:57,746 INFO o.a.j.t.JMeterThread: Thread started: 秒杀线程组：1000用户 1-582
2026-07-17 19:25:57,746 INFO o.a.j.t.JMeterThread: Thread is done: 秒杀线程组：1000用户 1-169
2026-07-17 19:25:57,746 INFO o.a.j.t.JMeterThread: Thread finished: 秒杀线程组：1000用户 1-169
2026-07-17 19:25:57,751 INFO o.a.j.t.JMeterThread: Thread started: 秒杀线程组：1000用户 1-583
2026-07-17 19:25:57,756 INFO o.a.j.t.JMeterThread: Thread started: 秒杀线程组：1000用户 1-584
2026-07-17 19:25:57,760 INFO o.a.j.t.JMeterThread: Thread is done: 秒杀线程组：1000用户 1-179
2026-07-17 19:25:57,760 INFO o.a.j.t.JMeterThread: Thread finished: 秒杀线程组：1000用户 1-179
2026-07-17 19:25:57,761 INFO o.a.j.t.JMeterThread: Thread started: 秒杀线程组：1000用户 1-585
2026-07-17 19:25:57,766 INFO o.a.j.t.JMeterThread: Thread started: 秒杀线程组：1000用户 1-586
2026-07-17 19:25:57,770 INFO o.a.j.t.JMeterThread: Thread is done: 秒杀线程组：1000用户 1-166
2026-07-17 19:25:57,770 INFO o.a.j.t.JMeterThread: Thread finished: 秒杀线程组：1000用户 1-166
2026-07-17 19:25:57,770 INFO o.a.j.t.JMeterThread: Thread started: 秒杀线程组：1000用户 1-587
2026-07-17 19:25:57,775 INFO o.a.j.t.JMeterThread: Thread started: 秒杀线程组：1000用户 1-588
2026-07-17 19:25:57,778 INFO o.a.j.t.JMeterThread: Thread is done: 秒杀线程组：1000用户 1-174
2026-07-17 19:25:57,778 INFO o.a.j.t.JMeterThread: Thread finished: 秒杀线程组：1000用户 1-174
2026-07-17 19:25:57,781 INFO o.a.j.t.JMeterThread: Thread started: 秒杀线程组：1000用户 1-589
2026-07-17 19:25:57,786 INFO o.a.j.t.JMeterThread: Thread started: 秒杀线程组：1000用户 1-590
2026-07-17 19:25:57,788 INFO o.a.j.t.JMeterThread: Thread is done: 秒杀线程组：1000用户 1-173
2026-07-17 19:25:57,788 INFO o.a.j.t.JMeterThread: Thread finished: 秒杀线程组：1000用户 1-173
2026-07-17 19:25:57,791 INFO o.a.j.t.JMeterThread: Thread started: 秒杀线程组：1000用户 1-591
2026-07-17 19:25:57,796 INFO o.a.j.t.JMeterThread: Thread started: 秒杀线程组：1000用户 1-592
2026-07-17 19:25:57,799 INFO o.a.j.t.JMeterThread: Thread is done: 秒杀线程组：1000用户 1-164
2026-07-17 19:25:57,800 INFO o.a.j.t.JMeterThread: Thread finished: 秒杀线程组：1000用户 1-164
2026-07-17 19:25:57,801 INFO o.a.j.t.JMeterThread: Thread started: 秒杀线程组：1000用户 1-593
2026-07-17 19:25:57,805 INFO o.a.j.t.JMeterThread: Thread started: 秒杀线程组：1000用户 1-594
2026-07-17 19:25:57,808 INFO o.a.j.t.JMeterThread: Thread is done: 秒杀线程组：1000用户 1-172
2026-07-17 19:25:57,808 INFO o.a.j.t.JMeterThread: Thread finished: 秒杀线程组：1000用户 1-172
2026-07-17 19:25:57,810 INFO o.a.j.t.JMeterThread: Thread started: 秒杀线程组：1000用户 1-595
2026-07-17 19:25:57,816 INFO o.a.j.t.JMeterThread: Thread started: 秒杀线程组：1000用户 1-596
2026-07-17 19:25:57,816 INFO o.a.j.t.JMeterThread: Thread is done: 秒杀线程组：1000用户 1-186
2026-07-17 19:25:57,816 INFO o.a.j.t.JMeterThread: Thread finished: 秒杀线程组：1000用户 1-186
2026-07-17 19:25:57,822 INFO o.a.j.t.JMeterThread: Thread started: 秒杀线程组：1000用户 1-597
2026-07-17 19:25:57,823 INFO o.a.j.t.JMeterThread: Thread is done: 秒杀线程组：1000用户 1-187
2026-07-17 19:25:57,823 INFO o.a.j.t.JMeterThread: Thread finished: 秒杀线程组：1000用户 1-187
2026-07-17 19:25:57,825 INFO o.a.j.t.JMeterThread: Thread started: 秒杀线程组：1000用户 1-598
2026-07-17 19:25:57,830 INFO o.a.j.t.JMeterThread: Thread started: 秒杀线程组：1000用户 1-599
2026-07-17 19:25:57,833 INFO o.a.j.t.JMeterThread: Thread is done: 秒杀线程组：1000用户 1-185
2026-07-17 19:25:57,833 INFO o.a.j.t.JMeterThread: Thread finished: 秒杀线程组：1000用户 1-185
2026-07-17 19:25:57,835 INFO o.a.j.t.JMeterThread: Thread started: 秒杀线程组：1000用户 1-600
2026-07-17 19:25:57,842 INFO o.a.j.t.JMeterThread: Thread started: 秒杀线程组：1000用户 1-601
2026-07-17 19:25:57,846 INFO o.a.j.t.JMeterThread: Thread started: 秒杀线程组：1000用户 1-602
2026-07-17 19:25:57,846 INFO o.a.j.t.JMeterThread: Thread is done: 秒杀线程组：1000用户 1-168
2026-07-17 19:25:57,846 INFO o.a.j.t.JMeterThread: Thread finished: 秒杀线程组：1000用户 1-168
2026-07-17 19:25:57,850 INFO o.a.j.t.JMeterThread: Thread started: 秒杀线程组：1000用户 1-603
2026-07-17 19:25:57,855 INFO o.a.j.t.JMeterThread: Thread started: 秒杀线程组：1000用户 1-604
2026-07-17 19:25:57,857 INFO o.a.j.t.JMeterThread: Thread is done: 秒杀线程组：1000用户 1-189
2026-07-17 19:25:57,857 INFO o.a.j.t.JMeterThread: Thread finished: 秒杀线程组：1000用户 1-189
2026-07-17 19:25:57,859 INFO o.a.j.t.JMeterThread: Thread started: 秒杀线程组：1000用户 1-605
2026-07-17 19:25:57,865 INFO o.a.j.t.JMeterThread: Thread started: 秒杀线程组：1000用户 1-606
2026-07-17 19:25:57,867 INFO o.a.j.t.JMeterThread: Thread is done: 秒杀线程组：1000用户 1-338
2026-07-17 19:25:57,867 INFO o.a.j.t.JMeterThread: Thread finished: 秒杀线程组：1000用户 1-338
2026-07-17 19:25:57,870 INFO o.a.j.t.JMeterThread: Thread started: 秒杀线程组：1000用户 1-607
2026-07-17 19:25:57,875 INFO o.a.j.t.JMeterThread: Thread started: 秒杀线程组：1000用户 1-608
2026-07-17 19:25:57,876 INFO o.a.j.t.JMeterThread: Thread is done: 秒杀线程组：1000用户 1-190
2026-07-17 19:25:57,876 INFO o.a.j.t.JMeterThread: Thread finished: 秒杀线程组：1000用户 1-190
2026-07-17 19:25:57,880 INFO o.a.j.t.JMeterThread: Thread started: 秒杀线程组：1000用户 1-609
2026-07-17 19:25:57,880 INFO o.a.j.t.JMeterThread: Thread is done: 秒杀线程组：1000用户 1-191
2026-07-17 19:25:57,880 INFO o.a.j.t.JMeterThread: Thread finished: 秒杀线程组：1000用户 1-191
2026-07-17 19:25:57,885 INFO o.a.j.t.JMeterThread: Thread started: 秒杀线程组：1000用户 1-610
2026-07-17 19:25:57,891 INFO o.a.j.t.JMeterThread: Thread started: 秒杀线程组：1000用户 1-611
2026-07-17 19:25:57,891 INFO o.a.j.t.JMeterThread: Thread is done: 秒杀线程组：1000用户 1-194
2026-07-17 19:25:57,891 INFO o.a.j.t.JMeterThread: Thread finished: 秒杀线程组：1000用户 1-194
2026-07-17 19:25:57,894 INFO o.a.j.t.JMeterThread: Thread started: 秒杀线程组：1000用户 1-612
2026-07-17 19:25:57,899 INFO o.a.j.t.JMeterThread: Thread is done: 秒杀线程组：1000用户 1-193
2026-07-17 19:25:57,899 INFO o.a.j.t.JMeterThread: Thread started: 秒杀线程组：1000用户 1-613
2026-07-17 19:25:57,899 INFO o.a.j.t.JMeterThread: Thread finished: 秒杀线程组：1000用户 1-193
2026-07-17 19:25:57,904 INFO o.a.j.t.JMeterThread: Thread started: 秒杀线程组：1000用户 1-614
2026-07-17 19:25:57,906 INFO o.a.j.t.JMeterThread: Thread is done: 秒杀线程组：1000用户 1-195
2026-07-17 19:25:57,906 INFO o.a.j.t.JMeterThread: Thread finished: 秒杀线程组：1000用户 1-195
2026-07-17 19:25:57,906 INFO o.a.j.t.JMeterThread: Thread is done: 秒杀线程组：1000用户 1-197
2026-07-17 19:25:57,906 INFO o.a.j.t.JMeterThread: Thread finished: 秒杀线程组：1000用户 1-197
2026-07-17 19:25:57,908 INFO o.a.j.t.JMeterThread: Thread started: 秒杀线程组：1000用户 1-615
2026-07-17 19:25:57,911 INFO o.a.j.t.JMeterThread: Thread is done: 秒杀线程组：1000用户 1-198
2026-07-17 19:25:57,911 INFO o.a.j.t.JMeterThread: Thread finished: 秒杀线程组：1000用户 1-198
2026-07-17 19:25:57,911 INFO o.a.j.t.JMeterThread: Thread is done: 秒杀线程组：1000用户 1-199
2026-07-17 19:25:57,911 INFO o.a.j.t.JMeterThread: Thread finished: 秒杀线程组：1000用户 1-199
2026-07-17 19:25:57,911 INFO o.a.j.t.JMeterThread: Thread is done: 秒杀线程组：1000用户 1-340
2026-07-17 19:25:57,912 INFO o.a.j.t.JMeterThread: Thread finished: 秒杀线程组：1000用户 1-340
2026-07-17 19:25:57,913 INFO o.a.j.t.JMeterThread: Thread is done: 秒杀线程组：1000用户 1-200
2026-07-17 19:25:57,913 INFO o.a.j.t.JMeterThread: Thread finished: 秒杀线程组：1000用户 1-200
2026-07-17 19:25:57,915 INFO o.a.j.t.JMeterThread: Thread is done: 秒杀线程组：1000用户 1-205
2026-07-17 19:25:57,915 INFO o.a.j.t.JMeterThread: Thread is done: 秒杀线程组：1000用户 1-203
2026-07-17 19:25:57,915 INFO o.a.j.t.JMeterThread: Thread finished: 秒杀线程组：1000用户 1-205
2026-07-17 19:25:57,915 INFO o.a.j.t.JMeterThread: Thread finished: 秒杀线程组：1000用户 1-203
2026-07-17 19:25:57,915 INFO o.a.j.t.JMeterThread: Thread is done: 秒杀线程组：1000用户 1-202
2026-07-17 19:25:57,916 INFO o.a.j.t.JMeterThread: Thread finished: 秒杀线程组：1000用户 1-202
2026-07-17 19:25:57,916 INFO o.a.j.t.JMeterThread: Thread is done: 秒杀线程组：1000用户 1-201
2026-07-17 19:25:57,916 INFO o.a.j.t.JMeterThread: Thread finished: 秒杀线程组：1000用户 1-201
2026-07-17 19:25:57,917 INFO o.a.j.t.JMeterThread: Thread is done: 秒杀线程组：1000用户 1-225
2026-07-17 19:25:57,917 INFO o.a.j.t.JMeterThread: Thread finished: 秒杀线程组：1000用户 1-225
2026-07-17 19:25:57,918 INFO o.a.j.t.JMeterThread: Thread is done: 秒杀线程组：1000用户 1-215
2026-07-17 19:25:57,920 INFO o.a.j.t.JMeterThread: Thread finished: 秒杀线程组：1000用户 1-215
2026-07-17 19:25:57,920 INFO o.a.j.t.JMeterThread: Thread is done: 秒杀线程组：1000用户 1-341
2026-07-17 19:25:57,920 INFO o.a.j.t.JMeterThread: Thread finished: 秒杀线程组：1000用户 1-341
2026-07-17 19:25:57,920 INFO o.a.j.t.JMeterThread: Thread is done: 秒杀线程组：1000用户 1-213
2026-07-17 19:25:57,920 INFO o.a.j.t.JMeterThread: Thread finished: 秒杀线程组：1000用户 1-213
2026-07-17 19:25:57,920 INFO o.a.j.t.JMeterThread: Thread started: 秒杀线程组：1000用户 1-617
2026-07-17 19:25:57,921 INFO o.a.j.t.JMeterThread: Thread is done: 秒杀线程组：1000用户 1-212
2026-07-17 19:25:57,921 INFO o.a.j.t.JMeterThread: Thread finished: 秒杀线程组：1000用户 1-212
2026-07-17 19:25:57,922 INFO o.a.j.t.JMeterThread: Thread started: 秒杀线程组：1000用户 1-616
2026-07-17 19:25:57,925 INFO o.a.j.t.JMeterThread: Thread started: 秒杀线程组：1000用户 1-618
2026-07-17 19:25:57,927 INFO o.a.j.t.JMeterThread: Thread is done: 秒杀线程组：1000用户 1-210
2026-07-17 19:25:57,927 INFO o.a.j.t.JMeterThread: Thread is done: 秒杀线程组：1000用户 1-208
2026-07-17 19:25:57,927 INFO o.a.j.t.JMeterThread: Thread finished: 秒杀线程组：1000用户 1-210
2026-07-17 19:25:57,928 INFO o.a.j.t.JMeterThread: Thread is done: 秒杀线程组：1000用户 1-211
2026-07-17 19:25:57,928 INFO o.a.j.t.JMeterThread: Thread finished: 秒杀线程组：1000用户 1-211
2026-07-17 19:25:57,927 INFO o.a.j.t.JMeterThread: Thread is done: 秒杀线程组：1000用户 1-207
2026-07-17 19:25:57,927 INFO o.a.j.t.JMeterThread: Thread is done: 秒杀线程组：1000用户 1-209
2026-07-17 19:25:57,928 INFO o.a.j.t.JMeterThread: Thread finished: 秒杀线程组：1000用户 1-207
2026-07-17 19:25:57,928 INFO o.a.j.t.JMeterThread: Thread finished: 秒杀线程组：1000用户 1-209
2026-07-17 19:25:57,928 INFO o.a.j.t.JMeterThread: Thread finished: 秒杀线程组：1000用户 1-208
2026-07-17 19:25:57,933 INFO o.a.j.t.JMeterThread: Thread started: 秒杀线程组：1000用户 1-620
2026-07-17 19:25:57,933 INFO o.a.j.t.JMeterThread: Thread started: 秒杀线程组：1000用户 1-619
2026-07-17 19:25:57,936 INFO o.a.j.t.JMeterThread: Thread is done: 秒杀线程组：1000用户 1-219
2026-07-17 19:25:57,936 INFO o.a.j.t.JMeterThread: Thread is done: 秒杀线程组：1000用户 1-217
2026-07-17 19:25:57,936 INFO o.a.j.t.JMeterThread: Thread is done: 秒杀线程组：1000用户 1-214
2026-07-17 19:25:57,936 INFO o.a.j.t.JMeterThread: Thread finished: 秒杀线程组：1000用户 1-217
2026-07-17 19:25:57,936 INFO o.a.j.t.JMeterThread: Thread is done: 秒杀线程组：1000用户 1-218
2026-07-17 19:25:57,936 INFO o.a.j.t.JMeterThread: Thread finished: 秒杀线程组：1000用户 1-218
2026-07-17 19:25:57,936 INFO o.a.j.t.JMeterThread: Thread is done: 秒杀线程组：1000用户 1-216
2026-07-17 19:25:57,936 INFO o.a.j.t.JMeterThread: Thread finished: 秒杀线程组：1000用户 1-214
2026-07-17 19:25:57,936 INFO o.a.j.t.JMeterThread: Thread finished: 秒杀线程组：1000用户 1-219
2026-07-17 19:25:57,936 INFO o.a.j.t.JMeterThread: Thread finished: 秒杀线程组：1000用户 1-216
2026-07-17 19:25:57,938 INFO o.a.j.t.JMeterThread: Thread started: 秒杀线程组：1000用户 1-621
2026-07-17 19:25:57,939 INFO o.a.j.t.JMeterThread: Thread is done: 秒杀线程组：1000用户 1-233
2026-07-17 19:25:57,939 INFO o.a.j.t.JMeterThread: Thread finished: 秒杀线程组：1000用户 1-233
2026-07-17 19:25:57,941 INFO o.a.j.t.JMeterThread: Thread is done: 秒杀线程组：1000用户 1-220
2026-07-17 19:25:57,941 INFO o.a.j.t.JMeterThread: Thread finished: 秒杀线程组：1000用户 1-220
2026-07-17 19:25:57,941 INFO o.a.j.t.JMeterThread: Thread is done: 秒杀线程组：1000用户 1-226
2026-07-17 19:25:57,941 INFO o.a.j.t.JMeterThread: Thread finished: 秒杀线程组：1000用户 1-226
2026-07-17 19:25:57,942 INFO o.a.j.t.JMeterThread: Thread started: 秒杀线程组：1000用户 1-622
2026-07-17 19:25:57,942 INFO o.a.j.t.JMeterThread: Thread is done: 秒杀线程组：1000用户 1-228
2026-07-17 19:25:57,942 INFO o.a.j.t.JMeterThread: Thread is done: 秒杀线程组：1000用户 1-342
2026-07-17 19:25:57,942 INFO o.a.j.t.JMeterThread: Thread finished: 秒杀线程组：1000用户 1-228
2026-07-17 19:25:57,942 INFO o.a.j.t.JMeterThread: Thread finished: 秒杀线程组：1000用户 1-342
2026-07-17 19:25:57,942 INFO o.a.j.t.JMeterThread: Thread is done: 秒杀线程组：1000用户 1-227
2026-07-17 19:25:57,943 INFO o.a.j.t.JMeterThread: Thread finished: 秒杀线程组：1000用户 1-227
2026-07-17 19:25:57,947 INFO o.a.j.t.JMeterThread: Thread started: 秒杀线程组：1000用户 1-623
2026-07-17 19:25:57,948 INFO o.a.j.t.JMeterThread: Thread is done: 秒杀线程组：1000用户 1-224
2026-07-17 19:25:57,948 INFO o.a.j.t.JMeterThread: Thread finished: 秒杀线程组：1000用户 1-224
2026-07-17 19:25:57,948 INFO o.a.j.t.JMeterThread: Thread is done: 秒杀线程组：1000用户 1-222
2026-07-17 19:25:57,948 INFO o.a.j.t.JMeterThread: Thread is done: 秒杀线程组：1000用户 1-229
2026-07-17 19:25:57,948 INFO o.a.j.t.JMeterThread: Thread finished: 秒杀线程组：1000用户 1-222
2026-07-17 19:25:57,948 INFO o.a.j.t.JMeterThread: Thread is done: 秒杀线程组：1000用户 1-223
2026-07-17 19:25:57,948 INFO o.a.j.t.JMeterThread: Thread finished: 秒杀线程组：1000用户 1-223
2026-07-17 19:25:57,948 INFO o.a.j.t.JMeterThread: Thread finished: 秒杀线程组：1000用户 1-229
2026-07-17 19:25:57,948 INFO o.a.j.t.JMeterThread: Thread is done: 秒杀线程组：1000用户 1-231
2026-07-17 19:25:57,950 INFO o.a.j.t.JMeterThread: Thread is done: 秒杀线程组：1000用户 1-230
2026-07-17 19:25:57,950 INFO o.a.j.t.JMeterThread: Thread finished: 秒杀线程组：1000用户 1-231
2026-07-17 19:25:57,950 INFO o.a.j.t.JMeterThread: Thread finished: 秒杀线程组：1000用户 1-230
2026-07-17 19:25:57,952 INFO o.a.j.t.JMeterThread: Thread started: 秒杀线程组：1000用户 1-624
2026-07-17 19:25:57,956 INFO o.a.j.t.JMeterThread: Thread is done: 秒杀线程组：1000用户 1-234
2026-07-17 19:25:57,956 INFO o.a.j.t.JMeterThread: Thread is done: 秒杀线程组：1000用户 1-235
2026-07-17 19:25:57,957 INFO o.a.j.t.JMeterThread: Thread finished: 秒杀线程组：1000用户 1-235
2026-07-17 19:25:57,956 INFO o.a.j.t.JMeterThread: Thread finished: 秒杀线程组：1000用户 1-234
2026-07-17 19:25:57,957 INFO o.a.j.t.JMeterThread: Thread started: 秒杀线程组：1000用户 1-625
2026-07-17 19:25:57,961 INFO o.a.j.t.JMeterThread: Thread is done: 秒杀线程组：1000用户 1-236
2026-07-17 19:25:57,961 INFO o.a.j.t.JMeterThread: Thread finished: 秒杀线程组：1000用户 1-236
2026-07-17 19:25:57,962 INFO o.a.j.t.JMeterThread: Thread started: 秒杀线程组：1000用户 1-626
2026-07-17 19:25:57,962 INFO o.a.j.t.JMeterThread: Thread is done: 秒杀线程组：1000用户 1-237
2026-07-17 19:25:57,962 INFO o.a.j.t.JMeterThread: Thread finished: 秒杀线程组：1000用户 1-237
2026-07-17 19:25:57,962 INFO o.a.j.t.JMeterThread: Thread is done: 秒杀线程组：1000用户 1-238
2026-07-17 19:25:57,962 INFO o.a.j.t.JMeterThread: Thread finished: 秒杀线程组：1000用户 1-238
2026-07-17 19:25:57,965 INFO o.a.j.t.JMeterThread: Thread started: 秒杀线程组：1000用户 1-627
2026-07-17 19:25:57,967 INFO o.a.j.t.JMeterThread: Thread is done: 秒杀线程组：1000用户 1-239
2026-07-17 19:25:57,967 INFO o.a.j.t.JMeterThread: Thread is done: 秒杀线程组：1000用户 1-240
2026-07-17 19:25:57,967 INFO o.a.j.t.JMeterThread: Thread finished: 秒杀线程组：1000用户 1-239
2026-07-17 19:25:57,967 INFO o.a.j.t.JMeterThread: Thread finished: 秒杀线程组：1000用户 1-240
2026-07-17 19:25:57,967 INFO o.a.j.t.JMeterThread: Thread is done: 秒杀线程组：1000用户 1-423
2026-07-17 19:25:57,967 INFO o.a.j.t.JMeterThread: Thread finished: 秒杀线程组：1000用户 1-423
2026-07-17 19:25:57,967 INFO o.a.j.t.JMeterThread: Thread is done: 秒杀线程组：1000用户 1-434
2026-07-17 19:25:57,968 INFO o.a.j.t.JMeterThread: Thread finished: 秒杀线程组：1000用户 1-434
2026-07-17 19:25:57,972 INFO o.a.j.t.JMeterThread: Thread is done: 秒杀线程组：1000用户 1-255
2026-07-17 19:25:57,972 INFO o.a.j.t.JMeterThread: Thread is done: 秒杀线程组：1000用户 1-241
2026-07-17 19:25:57,972 INFO o.a.j.t.JMeterThread: Thread finished: 秒杀线程组：1000用户 1-241
2026-07-17 19:25:57,972 INFO o.a.j.t.JMeterThread: Thread started: 秒杀线程组：1000用户 1-628
2026-07-17 19:25:57,972 INFO o.a.j.t.JMeterThread: Thread finished: 秒杀线程组：1000用户 1-255
2026-07-17 19:25:57,973 INFO o.a.j.t.JMeterThread: Thread is done: 秒杀线程组：1000用户 1-259
2026-07-17 19:25:57,973 INFO o.a.j.t.JMeterThread: Thread finished: 秒杀线程组：1000用户 1-259
2026-07-17 19:25:57,975 INFO o.a.j.t.JMeterThread: Thread is done: 秒杀线程组：1000用户 1-243
2026-07-17 19:25:57,975 INFO o.a.j.t.JMeterThread: Thread finished: 秒杀线程组：1000用户 1-243
2026-07-17 19:25:57,975 INFO o.a.j.t.JMeterThread: Thread is done: 秒杀线程组：1000用户 1-249
2026-07-17 19:25:57,975 INFO o.a.j.t.JMeterThread: Thread is done: 秒杀线程组：1000用户 1-344
2026-07-17 19:25:57,975 INFO o.a.j.t.JMeterThread: Thread finished: 秒杀线程组：1000用户 1-249
2026-07-17 19:25:57,975 INFO o.a.j.t.JMeterThread: Thread finished: 秒杀线程组：1000用户 1-344
2026-07-17 19:25:57,975 INFO o.a.j.t.JMeterThread: Thread is done: 秒杀线程组：1000用户 1-242
2026-07-17 19:25:57,975 INFO o.a.j.t.JMeterThread: Thread finished: 秒杀线程组：1000用户 1-242
2026-07-17 19:25:57,975 INFO o.a.j.t.JMeterThread: Thread is done: 秒杀线程组：1000用户 1-247
2026-07-17 19:25:57,975 INFO o.a.j.t.JMeterThread: Thread finished: 秒杀线程组：1000用户 1-247
2026-07-17 19:25:57,977 INFO o.a.j.t.JMeterThread: Thread started: 秒杀线程组：1000用户 1-629
2026-07-17 19:25:57,978 INFO o.a.j.t.JMeterThread: Thread is done: 秒杀线程组：1000用户 1-266
2026-07-17 19:25:57,978 INFO o.a.j.t.JMeterThread: Thread finished: 秒杀线程组：1000用户 1-266
2026-07-17 19:25:57,978 INFO o.a.j.t.JMeterThread: Thread is done: 秒杀线程组：1000用户 1-244
2026-07-17 19:25:57,978 INFO o.a.j.t.JMeterThread: Thread finished: 秒杀线程组：1000用户 1-244
2026-07-17 19:25:57,978 INFO o.a.j.t.JMeterThread: Thread is done: 秒杀线程组：1000用户 1-345
2026-07-17 19:25:57,978 INFO o.a.j.t.JMeterThread: Thread finished: 秒杀线程组：1000用户 1-345
2026-07-17 19:25:57,978 INFO o.a.j.t.JMeterThread: Thread is done: 秒杀线程组：1000用户 1-246
2026-07-17 19:25:57,978 INFO o.a.j.t.JMeterThread: Thread finished: 秒杀线程组：1000用户 1-246
2026-07-17 19:25:57,981 INFO o.a.j.t.JMeterThread: Thread started: 秒杀线程组：1000用户 1-630
2026-07-17 19:25:57,983 INFO o.a.j.t.JMeterThread: Thread is done: 秒杀线程组：1000用户 1-260
2026-07-17 19:25:57,983 INFO o.a.j.t.JMeterThread: Thread is done: 秒杀线程组：1000用户 1-257
2026-07-17 19:25:57,983 INFO o.a.j.t.JMeterThread: Thread is done: 秒杀线程组：1000用户 1-261
2026-07-17 19:25:57,983 INFO o.a.j.t.JMeterThread: Thread finished: 秒杀线程组：1000用户 1-260
2026-07-17 19:25:57,983 INFO o.a.j.t.JMeterThread: Thread finished: 秒杀线程组：1000用户 1-261
2026-07-17 19:25:57,983 INFO o.a.j.t.JMeterThread: Thread finished: 秒杀线程组：1000用户 1-257
2026-07-17 19:25:57,983 INFO o.a.j.t.JMeterThread: Thread is done: 秒杀线程组：1000用户 1-253
2026-07-17 19:25:57,983 INFO o.a.j.t.JMeterThread: Thread finished: 秒杀线程组：1000用户 1-253
2026-07-17 19:25:57,987 INFO o.a.j.t.JMeterThread: Thread started: 秒杀线程组：1000用户 1-631
2026-07-17 19:25:57,987 INFO o.a.j.t.JMeterThread: Thread is done: 秒杀线程组：1000用户 1-258
2026-07-17 19:25:57,987 INFO o.a.j.t.JMeterThread: Thread is done: 秒杀线程组：1000用户 1-251
2026-07-17 19:25:57,988 INFO o.a.j.t.JMeterThread: Thread finished: 秒杀线程组：1000用户 1-258
2026-07-17 19:25:57,988 INFO o.a.j.t.JMeterThread: Thread is done: 秒杀线程组：1000用户 1-262
2026-07-17 19:25:57,988 INFO o.a.j.t.JMeterThread: Thread started: 秒杀线程组：1000用户 1-632
2026-07-17 19:25:57,987 INFO o.a.j.t.JMeterThread: Thread is done: 秒杀线程组：1000用户 1-254
2026-07-17 19:25:57,987 INFO o.a.j.t.JMeterThread: Thread is done: 秒杀线程组：1000用户 1-252
2026-07-17 19:25:57,988 INFO o.a.j.t.JMeterThread: Thread finished: 秒杀线程组：1000用户 1-252
2026-07-17 19:25:57,987 INFO o.a.j.t.JMeterThread: Thread is done: 秒杀线程组：1000用户 1-245
2026-07-17 19:25:57,988 INFO o.a.j.t.JMeterThread: Thread finished: 秒杀线程组：1000用户 1-262
2026-07-17 19:25:57,988 INFO o.a.j.t.JMeterThread: Thread finished: 秒杀线程组：1000用户 1-254
2026-07-17 19:25:57,988 INFO o.a.j.t.JMeterThread: Thread finished: 秒杀线程组：1000用户 1-251
2026-07-17 19:25:57,988 INFO o.a.j.t.JMeterThread: Thread finished: 秒杀线程组：1000用户 1-245
2026-07-17 19:25:57,996 INFO o.a.j.t.JMeterThread: Thread started: 秒杀线程组：1000用户 1-633
2026-07-17 19:25:58,000 INFO o.a.j.t.JMeterThread: Thread is done: 秒杀线程组：1000用户 1-441
2026-07-17 19:25:58,000 INFO o.a.j.t.JMeterThread: Thread is done: 秒杀线程组：1000用户 1-264
2026-07-17 19:25:58,000 INFO o.a.j.t.JMeterThread: Thread finished: 秒杀线程组：1000用户 1-441
2026-07-17 19:25:58,000 INFO o.a.j.t.JMeterThread: Thread finished: 秒杀线程组：1000用户 1-264
2026-07-17 19:25:58,002 INFO o.a.j.t.JMeterThread: Thread started: 秒杀线程组：1000用户 1-634
2026-07-17 19:25:58,005 INFO o.a.j.t.JMeterThread: Thread started: 秒杀线程组：1000用户 1-635
2026-07-17 19:25:58,005 INFO o.a.j.t.JMeterThread: Thread is done: 秒杀线程组：1000用户 1-265
2026-07-17 19:25:58,005 INFO o.a.j.t.JMeterThread: Thread finished: 秒杀线程组：1000用户 1-265
2026-07-17 19:25:58,005 INFO o.a.j.t.JMeterThread: Thread is done: 秒杀线程组：1000用户 1-282
2026-07-17 19:25:58,006 INFO o.a.j.t.JMeterThread: Thread finished: 秒杀线程组：1000用户 1-282
2026-07-17 19:25:58,006 INFO o.a.j.t.JMeterThread: Thread is done: 秒杀线程组：1000用户 1-267
2026-07-17 19:25:58,006 INFO o.a.j.t.JMeterThread: Thread finished: 秒杀线程组：1000用户 1-267
2026-07-17 19:25:58,010 INFO o.a.j.t.JMeterThread: Thread is done: 秒杀线程组：1000用户 1-268
2026-07-17 19:25:58,010 INFO o.a.j.t.JMeterThread: Thread is done: 秒杀线程组：1000用户 1-272
2026-07-17 19:25:58,010 INFO o.a.j.t.JMeterThread: Thread finished: 秒杀线程组：1000用户 1-268
2026-07-17 19:25:58,010 INFO o.a.j.t.JMeterThread: Thread finished: 秒杀线程组：1000用户 1-272
2026-07-17 19:25:58,010 INFO o.a.j.t.JMeterThread: Thread is done: 秒杀线程组：1000用户 1-269
2026-07-17 19:25:58,010 INFO o.a.j.t.JMeterThread: Thread finished: 秒杀线程组：1000用户 1-269
2026-07-17 19:25:58,010 INFO o.a.j.t.JMeterThread: Thread is done: 秒杀线程组：1000用户 1-271
2026-07-17 19:25:58,010 INFO o.a.j.t.JMeterThread: Thread finished: 秒杀线程组：1000用户 1-271
2026-07-17 19:25:58,011 INFO o.a.j.t.JMeterThread: Thread started: 秒杀线程组：1000用户 1-636
2026-07-17 19:25:58,011 INFO o.a.j.t.JMeterThread: Thread is done: 秒杀线程组：1000用户 1-290
2026-07-17 19:25:58,012 INFO o.a.j.t.JMeterThread: Thread finished: 秒杀线程组：1000用户 1-290
2026-07-17 19:25:58,012 INFO o.a.j.t.JMeterThread: Thread is done: 秒杀线程组：1000用户 1-274
2026-07-17 19:25:58,012 INFO o.a.j.t.JMeterThread: Thread is done: 秒杀线程组：1000用户 1-277
2026-07-17 19:25:58,012 INFO o.a.j.t.JMeterThread: Thread finished: 秒杀线程组：1000用户 1-274
2026-07-17 19:25:58,012 INFO o.a.j.t.JMeterThread: Thread finished: 秒杀线程组：1000用户 1-277
2026-07-17 19:25:58,013 INFO o.a.j.t.JMeterThread: Thread is done: 秒杀线程组：1000用户 1-270
2026-07-17 19:25:58,013 INFO o.a.j.t.JMeterThread: Thread finished: 秒杀线程组：1000用户 1-270
2026-07-17 19:25:58,014 INFO o.a.j.t.JMeterThread: Thread is done: 秒杀线程组：1000用户 1-347
2026-07-17 19:25:58,014 INFO o.a.j.t.JMeterThread: Thread finished: 秒杀线程组：1000用户 1-347
2026-07-17 19:25:58,014 INFO o.a.j.t.JMeterThread: Thread is done: 秒杀线程组：1000用户 1-296
2026-07-17 19:25:58,014 INFO o.a.j.t.JMeterThread: Thread finished: 秒杀线程组：1000用户 1-296
2026-07-17 19:25:58,015 INFO o.a.j.t.JMeterThread: Thread started: 秒杀线程组：1000用户 1-637
2026-07-17 19:25:58,015 INFO o.a.j.t.JMeterThread: Thread is done: 秒杀线程组：1000用户 1-284
2026-07-17 19:25:58,015 INFO o.a.j.t.JMeterThread: Thread finished: 秒杀线程组：1000用户 1-284
2026-07-17 19:25:58,015 INFO o.a.j.t.JMeterThread: Thread is done: 秒杀线程组：1000用户 1-346
2026-07-17 19:25:58,015 INFO o.a.j.t.JMeterThread: Thread is done: 秒杀线程组：1000用户 1-281
2026-07-17 19:25:58,015 INFO o.a.j.t.JMeterThread: Thread finished: 秒杀线程组：1000用户 1-346
2026-07-17 19:25:58,015 INFO o.a.j.t.JMeterThread: Thread is done: 秒杀线程组：1000用户 1-279
2026-07-17 19:25:58,015 INFO o.a.j.t.JMeterThread: Thread finished: 秒杀线程组：1000用户 1-279
2026-07-17 19:25:58,015 INFO o.a.j.t.JMeterThread: Thread finished: 秒杀线程组：1000用户 1-281
2026-07-17 19:25:58,021 INFO o.a.j.t.JMeterThread: Thread is done: 秒杀线程组：1000用户 1-285
2026-07-17 19:25:58,021 INFO o.a.j.t.JMeterThread: Thread is done: 秒杀线程组：1000用户 1-278
2026-07-17 19:25:58,021 INFO o.a.j.t.JMeterThread: Thread is done: 秒杀线程组：1000用户 1-292
2026-07-17 19:25:58,021 INFO o.a.j.t.JMeterThread: Thread finished: 秒杀线程组：1000用户 1-285
2026-07-17 19:25:58,021 INFO o.a.j.t.JMeterThread: Thread is done: 秒杀线程组：1000用户 1-291
2026-07-17 19:25:58,021 INFO o.a.j.t.JMeterThread: Thread is done: 秒杀线程组：1000用户 1-280
2026-07-17 19:25:58,021 INFO o.a.j.t.JMeterThread: Thread is done: 秒杀线程组：1000用户 1-289
2026-07-17 19:25:58,021 INFO o.a.j.t.JMeterThread: Thread finished: 秒杀线程组：1000用户 1-289
2026-07-17 19:25:58,021 INFO o.a.j.t.JMeterThread: Thread is done: 秒杀线程组：1000用户 1-293
2026-07-17 19:25:58,021 INFO o.a.j.t.JMeterThread: Thread finished: 秒杀线程组：1000用户 1-293
2026-07-17 19:25:58,021 INFO o.a.j.t.JMeterThread: Thread is done: 秒杀线程组：1000用户 1-287
2026-07-17 19:25:58,021 INFO o.a.j.t.JMeterThread: Thread is done: 秒杀线程组：1000用户 1-275
2026-07-17 19:25:58,022 INFO o.a.j.t.JMeterThread: Thread finished: 秒杀线程组：1000用户 1-275
2026-07-17 19:25:58,022 INFO o.a.j.t.JMeterThread: Thread finished: 秒杀线程组：1000用户 1-287
2026-07-17 19:25:58,022 INFO o.a.j.t.JMeterThread: Thread is done: 秒杀线程组：1000用户 1-348
2026-07-17 19:25:58,022 INFO o.a.j.t.JMeterThread: Thread finished: 秒杀线程组：1000用户 1-348
2026-07-17 19:25:58,022 INFO o.a.j.t.JMeterThread: Thread finished: 秒杀线程组：1000用户 1-292
2026-07-17 19:25:58,021 INFO o.a.j.t.JMeterThread: Thread finished: 秒杀线程组：1000用户 1-280
2026-07-17 19:25:58,021 INFO o.a.j.t.JMeterThread: Thread finished: 秒杀线程组：1000用户 1-291
2026-07-17 19:25:58,021 INFO o.a.j.t.JMeterThread: Thread is done: 秒杀线程组：1000用户 1-295
2026-07-17 19:25:58,022 INFO o.a.j.t.JMeterThread: Thread is done: 秒杀线程组：1000用户 1-286
2026-07-17 19:25:58,022 INFO o.a.j.t.JMeterThread: Thread finished: 秒杀线程组：1000用户 1-286
2026-07-17 19:25:58,022 INFO o.a.j.t.JMeterThread: Thread is done: 秒杀线程组：1000用户 1-283
2026-07-17 19:25:58,022 INFO o.a.j.t.JMeterThread: Thread finished: 秒杀线程组：1000用户 1-278
2026-07-17 19:25:58,022 INFO o.a.j.t.JMeterThread: Thread finished: 秒杀线程组：1000用户 1-295
2026-07-17 19:25:58,022 INFO o.a.j.t.JMeterThread: Thread finished: 秒杀线程组：1000用户 1-283
2026-07-17 19:25:58,027 INFO o.a.j.t.JMeterThread: Thread is done: 秒杀线程组：1000用户 1-301
2026-07-17 19:25:58,027 INFO o.a.j.t.JMeterThread: Thread finished: 秒杀线程组：1000用户 1-301
2026-07-17 19:25:58,027 INFO o.a.j.t.JMeterThread: Thread is done: 秒杀线程组：1000用户 1-483
2026-07-17 19:25:58,027 INFO o.a.j.t.JMeterThread: Thread finished: 秒杀线程组：1000用户 1-483
2026-07-17 19:25:58,028 INFO o.a.j.t.JMeterThread: Thread is done: 秒杀线程组：1000用户 1-294
2026-07-17 19:25:58,028 INFO o.a.j.t.JMeterThread: Thread finished: 秒杀线程组：1000用户 1-294
2026-07-17 19:25:58,028 INFO o.a.j.t.JMeterThread: Thread is done: 秒杀线程组：1000用户 1-349
2026-07-17 19:25:58,028 INFO o.a.j.t.JMeterThread: Thread finished: 秒杀线程组：1000用户 1-349
2026-07-17 19:25:58,029 INFO o.a.j.t.JMeterThread: Thread is done: 秒杀线程组：1000用户 1-303
2026-07-17 19:25:58,029 INFO o.a.j.t.JMeterThread: Thread finished: 秒杀线程组：1000用户 1-303
2026-07-17 19:25:58,029 INFO o.a.j.t.JMeterThread: Thread is done: 秒杀线程组：1000用户 1-300
2026-07-17 19:25:58,029 INFO o.a.j.t.JMeterThread: Thread finished: 秒杀线程组：1000用户 1-300
2026-07-17 19:25:58,030 INFO o.a.j.t.JMeterThread: Thread is done: 秒杀线程组：1000用户 1-299
2026-07-17 19:25:58,030 INFO o.a.j.t.JMeterThread: Thread finished: 秒杀线程组：1000用户 1-299
2026-07-17 19:25:58,030 INFO o.a.j.t.JMeterThread: Thread is done: 秒杀线程组：1000用户 1-298
2026-07-17 19:25:58,030 INFO o.a.j.t.JMeterThread: Thread finished: 秒杀线程组：1000用户 1-298
2026-07-17 19:25:58,030 INFO o.a.j.t.JMeterThread: Thread is done: 秒杀线程组：1000用户 1-485
2026-07-17 19:25:58,030 INFO o.a.j.t.JMeterThread: Thread finished: 秒杀线程组：1000用户 1-485
2026-07-17 19:25:58,030 INFO o.a.j.t.JMeterThread: Thread is done: 秒杀线程组：1000用户 1-311
2026-07-17 19:25:58,030 INFO o.a.j.t.JMeterThread: Thread finished: 秒杀线程组：1000用户 1-311
2026-07-17 19:25:58,032 INFO o.a.j.t.JMeterThread: Thread started: 秒杀线程组：1000用户 1-638
2026-07-17 19:25:58,032 INFO o.a.j.t.JMeterThread: Thread started: 秒杀线程组：1000用户 1-640
2026-07-17 19:25:58,035 INFO o.a.j.t.JMeterThread: Thread started: 秒杀线程组：1000用户 1-641
2026-07-17 19:25:58,036 INFO o.a.j.t.JMeterThread: Thread is done: 秒杀线程组：1000用户 1-310
2026-07-17 19:25:58,036 INFO o.a.j.t.JMeterThread: Thread finished: 秒杀线程组：1000用户 1-310
2026-07-17 19:25:58,036 INFO o.a.j.t.JMeterThread: Thread is done: 秒杀线程组：1000用户 1-312
2026-07-17 19:25:58,036 INFO o.a.j.t.JMeterThread: Thread finished: 秒杀线程组：1000用户 1-312
2026-07-17 19:25:58,036 INFO o.a.j.t.JMeterThread: Thread started: 秒杀线程组：1000用户 1-639
2026-07-17 19:25:58,036 INFO o.a.j.t.JMeterThread: Thread is done: 秒杀线程组：1000用户 1-327
2026-07-17 19:25:58,036 INFO o.a.j.t.JMeterThread: Thread is done: 秒杀线程组：1000用户 1-305
2026-07-17 19:25:58,036 INFO o.a.j.t.JMeterThread: Thread finished: 秒杀线程组：1000用户 1-327
2026-07-17 19:25:58,036 INFO o.a.j.t.JMeterThread: Thread is done: 秒杀线程组：1000用户 1-306
2026-07-17 19:25:58,036 INFO o.a.j.t.JMeterThread: Thread is done: 秒杀线程组：1000用户 1-308
2026-07-17 19:25:58,036 INFO o.a.j.t.JMeterThread: Thread finished: 秒杀线程组：1000用户 1-308
2026-07-17 19:25:58,036 INFO o.a.j.t.JMeterThread: Thread is done: 秒杀线程组：1000用户 1-307
2026-07-17 19:25:58,036 INFO o.a.j.t.JMeterThread: Thread finished: 秒杀线程组：1000用户 1-305
2026-07-17 19:25:58,036 INFO o.a.j.t.JMeterThread: Thread finished: 秒杀线程组：1000用户 1-306
2026-07-17 19:25:58,036 INFO o.a.j.t.JMeterThread: Thread finished: 秒杀线程组：1000用户 1-307
2026-07-17 19:25:58,041 INFO o.a.j.t.JMeterThread: Thread started: 秒杀线程组：1000用户 1-642
2026-07-17 19:25:58,046 INFO o.a.j.t.JMeterThread: Thread started: 秒杀线程组：1000用户 1-643
2026-07-17 19:25:58,051 INFO o.a.j.t.JMeterThread: Thread started: 秒杀线程组：1000用户 1-644
2026-07-17 19:25:58,056 INFO o.a.j.t.JMeterThread: Thread started: 秒杀线程组：1000用户 1-645
2026-07-17 19:25:58,056 INFO o.a.j.t.JMeterThread: Thread is done: 秒杀线程组：1000用户 1-313
2026-07-17 19:25:58,056 INFO o.a.j.t.JMeterThread: Thread is done: 秒杀线程组：1000用户 1-302
2026-07-17 19:25:58,056 INFO o.a.j.t.JMeterThread: Thread is done: 秒杀线程组：1000用户 1-315
2026-07-17 19:25:58,056 INFO o.a.j.t.JMeterThread: Thread finished: 秒杀线程组：1000用户 1-313
2026-07-17 19:25:58,056 INFO o.a.j.t.JMeterThread: Thread is done: 秒杀线程组：1000用户 1-314
2026-07-17 19:25:58,056 INFO o.a.j.t.JMeterThread: Thread finished: 秒杀线程组：1000用户 1-315
2026-07-17 19:25:58,056 INFO o.a.j.t.JMeterThread: Thread finished: 秒杀线程组：1000用户 1-302
2026-07-17 19:25:58,057 INFO o.a.j.t.JMeterThread: Thread finished: 秒杀线程组：1000用户 1-314
2026-07-17 19:25:58,061 INFO o.a.j.t.JMeterThread: Thread started: 秒杀线程组：1000用户 1-646
2026-07-17 19:25:58,064 INFO o.a.j.t.JMeterThread: Thread started: 秒杀线程组：1000用户 1-647
2026-07-17 19:25:58,069 INFO o.a.j.t.JMeterThread: Thread is done: 秒杀线程组：1000用户 1-316
2026-07-17 19:25:58,069 INFO o.a.j.t.JMeterThread: Thread finished: 秒杀线程组：1000用户 1-316
2026-07-17 19:25:58,069 INFO o.a.j.t.JMeterThread: Thread is done: 秒杀线程组：1000用户 1-304
2026-07-17 19:25:58,069 INFO o.a.j.t.JMeterThread: Thread is done: 秒杀线程组：1000用户 1-317
2026-07-17 19:25:58,069 INFO o.a.j.t.JMeterThread: Thread finished: 秒杀线程组：1000用户 1-304
2026-07-17 19:25:58,069 INFO o.a.j.t.JMeterThread: Thread finished: 秒杀线程组：1000用户 1-317
2026-07-17 19:25:58,069 INFO o.a.j.t.JMeterThread: Thread is done: 秒杀线程组：1000用户 1-350
2026-07-17 19:25:58,069 INFO o.a.j.t.JMeterThread: Thread finished: 秒杀线程组：1000用户 1-350
2026-07-17 19:25:58,070 INFO o.a.j.t.JMeterThread: Thread is done: 秒杀线程组：1000用户 1-501
2026-07-17 19:25:58,070 INFO o.a.j.t.JMeterThread: Thread finished: 秒杀线程组：1000用户 1-501
2026-07-17 19:25:58,071 INFO o.a.j.t.JMeterThread: Thread is done: 秒杀线程组：1000用户 1-319
2026-07-17 19:25:58,071 INFO o.a.j.t.JMeterThread: Thread finished: 秒杀线程组：1000用户 1-319
2026-07-17 19:25:58,071 INFO o.a.j.t.JMeterThread: Thread is done: 秒杀线程组：1000用户 1-500
2026-07-17 19:25:58,071 INFO o.a.j.t.JMeterThread: Thread finished: 秒杀线程组：1000用户 1-500
2026-07-17 19:25:58,071 INFO o.a.j.t.JMeterThread: Thread is done: 秒杀线程组：1000用户 1-318
2026-07-17 19:25:58,071 INFO o.a.j.t.JMeterThread: Thread finished: 秒杀线程组：1000用户 1-318
2026-07-17 19:25:58,071 INFO o.a.j.t.JMeterThread: Thread is done: 秒杀线程组：1000用户 1-353
2026-07-17 19:25:58,071 INFO o.a.j.t.JMeterThread: Thread started: 秒杀线程组：1000用户 1-648
2026-07-17 19:25:58,071 INFO o.a.j.t.JMeterThread: Thread finished: 秒杀线程组：1000用户 1-353
2026-07-17 19:25:58,071 INFO o.a.j.t.JMeterThread: Thread is done: 秒杀线程组：1000用户 1-351
2026-07-17 19:25:58,071 INFO o.a.j.t.JMeterThread: Thread finished: 秒杀线程组：1000用户 1-351
2026-07-17 19:25:58,072 INFO o.a.j.t.JMeterThread: Thread is done: 秒杀线程组：1000用户 1-355
2026-07-17 19:25:58,072 INFO o.a.j.t.JMeterThread: Thread finished: 秒杀线程组：1000用户 1-355
2026-07-17 19:25:58,072 INFO o.a.j.t.JMeterThread: Thread is done: 秒杀线程组：1000用户 1-354
2026-07-17 19:25:58,072 INFO o.a.j.t.JMeterThread: Thread finished: 秒杀线程组：1000用户 1-354
2026-07-17 19:25:58,076 INFO o.a.j.t.JMeterThread: Thread is done: 秒杀线程组：1000用户 1-356
2026-07-17 19:25:58,076 INFO o.a.j.t.JMeterThread: Thread is done: 秒杀线程组：1000用户 1-321
2026-07-17 19:25:58,076 INFO o.a.j.t.JMeterThread: Thread finished: 秒杀线程组：1000用户 1-321
2026-07-17 19:25:58,076 INFO o.a.j.t.JMeterThread: Thread is done: 秒杀线程组：1000用户 1-330
2026-07-17 19:25:58,076 INFO o.a.j.t.JMeterThread: Thread finished: 秒杀线程组：1000用户 1-330
2026-07-17 19:25:58,076 INFO o.a.j.t.JMeterThread: Thread is done: 秒杀线程组：1000用户 1-320
2026-07-17 19:25:58,076 INFO o.a.j.t.JMeterThread: Thread finished: 秒杀线程组：1000用户 1-356
2026-07-17 19:25:58,076 INFO o.a.j.t.JMeterThread: Thread is done: 秒杀线程组：1000用户 1-324
2026-07-17 19:25:58,076 INFO o.a.j.t.JMeterThread: Thread finished: 秒杀线程组：1000用户 1-320
2026-07-17 19:25:58,077 INFO o.a.j.t.JMeterThread: Thread finished: 秒杀线程组：1000用户 1-324
2026-07-17 19:25:58,077 INFO o.a.j.t.JMeterThread: Thread is done: 秒杀线程组：1000用户 1-357
2026-07-17 19:25:58,077 INFO o.a.j.t.JMeterThread: Thread is done: 秒杀线程组：1000用户 1-325
2026-07-17 19:25:58,077 INFO o.a.j.t.JMeterThread: Thread finished: 秒杀线程组：1000用户 1-357
2026-07-17 19:25:58,077 INFO o.a.j.t.JMeterThread: Thread finished: 秒杀线程组：1000用户 1-325
2026-07-17 19:25:58,077 INFO o.a.j.t.JMeterThread: Thread started: 秒杀线程组：1000用户 1-649
2026-07-17 19:25:58,078 INFO o.a.j.t.JMeterThread: Thread is done: 秒杀线程组：1000用户 1-359
2026-07-17 19:25:58,078 INFO o.a.j.t.JMeterThread: Thread finished: 秒杀线程组：1000用户 1-359
2026-07-17 19:25:58,078 INFO o.a.j.t.JMeterThread: Thread is done: 秒杀线程组：1000用户 1-358
2026-07-17 19:25:58,078 INFO o.a.j.t.JMeterThread: Thread finished: 秒杀线程组：1000用户 1-358
2026-07-17 19:25:58,078 INFO o.a.j.t.JMeterThread: Thread is done: 秒杀线程组：1000用户 1-360
2026-07-17 19:25:58,078 INFO o.a.j.t.JMeterThread: Thread finished: 秒杀线程组：1000用户 1-360
2026-07-17 19:25:58,078 INFO o.a.j.t.JMeterThread: Thread is done: 秒杀线程组：1000用户 1-362
2026-07-17 19:25:58,078 INFO o.a.j.t.JMeterThread: Thread finished: 秒杀线程组：1000用户 1-362
2026-07-17 19:25:58,079 INFO o.a.j.t.JMeterThread: Thread is done: 秒杀线程组：1000用户 1-361
2026-07-17 19:25:58,079 INFO o.a.j.t.JMeterThread: Thread is done: 秒杀线程组：1000用户 1-364
2026-07-17 19:25:58,079 INFO o.a.j.t.JMeterThread: Thread is done: 秒杀线程组：1000用户 1-508
2026-07-17 19:25:58,079 INFO o.a.j.t.JMeterThread: Thread finished: 秒杀线程组：1000用户 1-361
2026-07-17 19:25:58,079 INFO o.a.j.t.JMeterThread: Thread is done: 秒杀线程组：1000用户 1-367
2026-07-17 19:25:58,079 INFO o.a.j.t.JMeterThread: Thread finished: 秒杀线程组：1000用户 1-367
2026-07-17 19:25:58,079 INFO o.a.j.t.JMeterThread: Thread finished: 秒杀线程组：1000用户 1-508
2026-07-17 19:25:58,079 INFO o.a.j.t.JMeterThread: Thread finished: 秒杀线程组：1000用户 1-364
2026-07-17 19:25:58,079 INFO o.a.j.t.JMeterThread: Thread is done: 秒杀线程组：1000用户 1-511
2026-07-17 19:25:58,079 INFO o.a.j.t.JMeterThread: Thread finished: 秒杀线程组：1000用户 1-511
2026-07-17 19:25:58,080 INFO o.a.j.t.JMeterThread: Thread started: 秒杀线程组：1000用户 1-650
2026-07-17 19:25:58,085 INFO o.a.j.t.JMeterThread: Thread started: 秒杀线程组：1000用户 1-651
2026-07-17 19:25:58,085 INFO o.a.j.t.JMeterThread: Thread is done: 秒杀线程组：1000用户 1-328
2026-07-17 19:25:58,085 INFO o.a.j.t.JMeterThread: Thread finished: 秒杀线程组：1000用户 1-328
2026-07-17 19:25:58,085 INFO o.a.j.t.JMeterThread: Thread is done: 秒杀线程组：1000用户 1-365
2026-07-17 19:25:58,085 INFO o.a.j.t.JMeterThread: Thread is done: 秒杀线程组：1000用户 1-369
2026-07-17 19:25:58,085 INFO o.a.j.t.JMeterThread: Thread is done: 秒杀线程组：1000用户 1-333
2026-07-17 19:25:58,085 INFO o.a.j.t.JMeterThread: Thread is done: 秒杀线程组：1000用户 1-326
2026-07-17 19:25:58,085 INFO o.a.j.t.JMeterThread: Thread finished: 秒杀线程组：1000用户 1-333
2026-07-17 19:25:58,085 INFO o.a.j.t.JMeterThread: Thread finished: 秒杀线程组：1000用户 1-369
2026-07-17 19:25:58,085 INFO o.a.j.t.JMeterThread: Thread finished: 秒杀线程组：1000用户 1-365
2026-07-17 19:25:58,085 INFO o.a.j.t.JMeterThread: Thread is done: 秒杀线程组：1000用户 1-366
2026-07-17 19:25:58,085 INFO o.a.j.t.JMeterThread: Thread finished: 秒杀线程组：1000用户 1-366
2026-07-17 19:25:58,085 INFO o.a.j.t.JMeterThread: Thread finished: 秒杀线程组：1000用户 1-326
2026-07-17 19:25:58,085 INFO o.a.j.t.JMeterThread: Thread is done: 秒杀线程组：1000用户 1-371
2026-07-17 19:25:58,086 INFO o.a.j.t.JMeterThread: Thread finished: 秒杀线程组：1000用户 1-371
2026-07-17 19:25:58,086 INFO o.a.j.t.JMeterThread: Thread is done: 秒杀线程组：1000用户 1-368
2026-07-17 19:25:58,086 INFO o.a.j.t.JMeterThread: Thread finished: 秒杀线程组：1000用户 1-368
2026-07-17 19:25:58,086 INFO o.a.j.t.JMeterThread: Thread is done: 秒杀线程组：1000用户 1-372
2026-07-17 19:25:58,087 INFO o.a.j.t.JMeterThread: Thread finished: 秒杀线程组：1000用户 1-372
2026-07-17 19:25:58,087 INFO o.a.j.t.JMeterThread: Thread is done: 秒杀线程组：1000用户 1-370
2026-07-17 19:25:58,087 INFO o.a.j.t.JMeterThread: Thread finished: 秒杀线程组：1000用户 1-370
2026-07-17 19:25:58,089 INFO o.a.j.t.JMeterThread: Thread started: 秒杀线程组：1000用户 1-652
2026-07-17 19:25:58,094 INFO o.a.j.t.JMeterThread: Thread started: 秒杀线程组：1000用户 1-653
2026-07-17 19:25:58,099 INFO o.a.j.t.JMeterThread: Thread is done: 秒杀线程组：1000用户 1-374
2026-07-17 19:25:58,099 INFO o.a.j.t.JMeterThread: Thread is done: 秒杀线程组：1000用户 1-517
2026-07-17 19:25:58,099 INFO o.a.j.t.JMeterThread: Thread finished: 秒杀线程组：1000用户 1-374
2026-07-17 19:25:58,099 INFO o.a.j.t.JMeterThread: Thread finished: 秒杀线程组：1000用户 1-517
2026-07-17 19:25:58,103 INFO o.a.j.t.JMeterThread: Thread is done: 秒杀线程组：1000用户 1-331
2026-07-17 19:25:58,103 INFO o.a.j.t.JMeterThread: Thread finished: 秒杀线程组：1000用户 1-331
2026-07-17 19:25:58,104 INFO o.a.j.t.JMeterThread: Thread started: 秒杀线程组：1000用户 1-655
2026-07-17 19:25:58,104 INFO o.a.j.t.JMeterThread: Thread is done: 秒杀线程组：1000用户 1-373
2026-07-17 19:25:58,104 INFO o.a.j.t.JMeterThread: Thread finished: 秒杀线程组：1000用户 1-373
2026-07-17 19:25:58,104 INFO o.a.j.t.JMeterThread: Thread is done: 秒杀线程组：1000用户 1-332
2026-07-17 19:25:58,104 INFO o.a.j.t.JMeterThread: Thread finished: 秒杀线程组：1000用户 1-332
2026-07-17 19:25:58,105 INFO o.a.j.t.JMeterThread: Thread is done: 秒杀线程组：1000用户 1-523
2026-07-17 19:25:58,105 INFO o.a.j.t.JMeterThread: Thread finished: 秒杀线程组：1000用户 1-523
2026-07-17 19:25:58,105 INFO o.a.j.t.JMeterThread: Thread is done: 秒杀线程组：1000用户 1-376
2026-07-17 19:25:58,105 INFO o.a.j.t.JMeterThread: Thread finished: 秒杀线程组：1000用户 1-376
2026-07-17 19:25:58,105 INFO o.a.j.t.JMeterThread: Thread is done: 秒杀线程组：1000用户 1-533
2026-07-17 19:25:58,105 INFO o.a.j.t.JMeterThread: Thread finished: 秒杀线程组：1000用户 1-533
2026-07-17 19:25:58,105 INFO o.a.j.t.JMeterThread: Thread is done: 秒杀线程组：1000用户 1-379
2026-07-17 19:25:58,105 INFO o.a.j.t.JMeterThread: Thread is done: 秒杀线程组：1000用户 1-531
2026-07-17 19:25:58,105 INFO o.a.j.t.JMeterThread: Thread finished: 秒杀线程组：1000用户 1-379
2026-07-17 19:25:58,105 INFO o.a.j.t.JMeterThread: Thread is done: 秒杀线程组：1000用户 1-535
2026-07-17 19:25:58,105 INFO o.a.j.t.JMeterThread: Thread finished: 秒杀线程组：1000用户 1-531
2026-07-17 19:25:58,105 INFO o.a.j.t.JMeterThread: Thread finished: 秒杀线程组：1000用户 1-535
2026-07-17 19:25:58,108 INFO o.a.j.t.JMeterThread: Thread is done: 秒杀线程组：1000用户 1-380
2026-07-17 19:25:58,108 INFO o.a.j.t.JMeterThread: Thread finished: 秒杀线程组：1000用户 1-380
2026-07-17 19:25:58,108 INFO o.a.j.t.JMeterThread: Thread is done: 秒杀线程组：1000用户 1-177
2026-07-17 19:25:58,108 INFO o.a.j.t.JMeterThread: Thread is done: 秒杀线程组：1000用户 1-334
2026-07-17 19:25:58,108 INFO o.a.j.t.JMeterThread: Thread finished: 秒杀线程组：1000用户 1-177
2026-07-17 19:25:58,108 INFO o.a.j.t.JMeterThread: Thread finished: 秒杀线程组：1000用户 1-334
2026-07-17 19:25:58,110 INFO o.a.j.t.JMeterThread: Thread started: 秒杀线程组：1000用户 1-656
2026-07-17 19:25:58,111 INFO o.a.j.t.JMeterThread: Thread started: 秒杀线程组：1000用户 1-654
2026-07-17 19:25:58,115 INFO o.a.j.t.JMeterThread: Thread is done: 秒杀线程组：1000用户 1-384
2026-07-17 19:25:58,115 INFO o.a.j.t.JMeterThread: Thread is done: 秒杀线程组：1000用户 1-382
2026-07-17 19:25:58,115 INFO o.a.j.t.JMeterThread: Thread finished: 秒杀线程组：1000用户 1-384
2026-07-17 19:25:58,115 INFO o.a.j.t.JMeterThread: Thread is done: 秒杀线程组：1000用户 1-381
2026-07-17 19:25:58,115 INFO o.a.j.t.JMeterThread: Thread finished: 秒杀线程组：1000用户 1-381
2026-07-17 19:25:58,115 INFO o.a.j.t.JMeterThread: Thread finished: 秒杀线程组：1000用户 1-382
2026-07-17 19:25:58,115 INFO o.a.j.t.JMeterThread: Thread started: 秒杀线程组：1000用户 1-657
2026-07-17 19:25:58,118 INFO o.a.j.t.JMeterThread: Thread is done: 秒杀线程组：1000用户 1-387
2026-07-17 19:25:58,118 INFO o.a.j.t.JMeterThread: Thread is done: 秒杀线程组：1000用户 1-388
2026-07-17 19:25:58,118 INFO o.a.j.t.JMeterThread: Thread finished: 秒杀线程组：1000用户 1-387
2026-07-17 19:25:58,118 INFO o.a.j.t.JMeterThread: Thread finished: 秒杀线程组：1000用户 1-388
2026-07-17 19:25:58,120 INFO o.a.j.t.JMeterThread: Thread started: 秒杀线程组：1000用户 1-658
2026-07-17 19:25:58,123 INFO o.a.j.t.JMeterThread: Thread is done: 秒杀线程组：1000用户 1-383
2026-07-17 19:25:58,123 INFO o.a.j.t.JMeterThread: Thread is done: 秒杀线程组：1000用户 1-175
2026-07-17 19:25:58,123 INFO o.a.j.t.JMeterThread: Thread is done: 秒杀线程组：1000用户 1-386
2026-07-17 19:25:58,123 INFO o.a.j.t.JMeterThread: Thread finished: 秒杀线程组：1000用户 1-383
2026-07-17 19:25:58,123 INFO o.a.j.t.JMeterThread: Thread is done: 秒杀线程组：1000用户 1-389
2026-07-17 19:25:58,123 INFO o.a.j.t.JMeterThread: Thread finished: 秒杀线程组：1000用户 1-389
2026-07-17 19:25:58,123 INFO o.a.j.t.JMeterThread: Thread is done: 秒杀线程组：1000用户 1-335
2026-07-17 19:25:58,123 INFO o.a.j.t.JMeterThread: Thread finished: 秒杀线程组：1000用户 1-175
2026-07-17 19:25:58,123 INFO o.a.j.t.JMeterThread: Thread finished: 秒杀线程组：1000用户 1-386
2026-07-17 19:25:58,123 INFO o.a.j.t.JMeterThread: Thread finished: 秒杀线程组：1000用户 1-335
2026-07-17 19:25:58,124 INFO o.a.j.t.JMeterThread: Thread is done: 秒杀线程组：1000用户 1-390
2026-07-17 19:25:58,124 INFO o.a.j.t.JMeterThread: Thread finished: 秒杀线程组：1000用户 1-390
2026-07-17 19:25:58,124 INFO o.a.j.t.JMeterThread: Thread is done: 秒杀线程组：1000用户 1-385
2026-07-17 19:25:58,124 INFO o.a.j.t.JMeterThread: Thread finished: 秒杀线程组：1000用户 1-385
2026-07-17 19:25:58,125 INFO o.a.j.t.JMeterThread: Thread is done: 秒杀线程组：1000用户 1-395
2026-07-17 19:25:58,125 INFO o.a.j.t.JMeterThread: Thread is done: 秒杀线程组：1000用户 1-394
2026-07-17 19:25:58,125 INFO o.a.j.t.JMeterThread: Thread finished: 秒杀线程组：1000用户 1-395
2026-07-17 19:25:58,125 INFO o.a.j.t.JMeterThread: Thread is done: 秒杀线程组：1000用户 1-398
2026-07-17 19:25:58,125 INFO o.a.j.t.JMeterThread: Thread finished: 秒杀线程组：1000用户 1-398
2026-07-17 19:25:58,125 INFO o.a.j.t.JMeterThread: Thread finished: 秒杀线程组：1000用户 1-394
2026-07-17 19:25:58,125 INFO o.a.j.t.JMeterThread: Thread is done: 秒杀线程组：1000用户 1-399
2026-07-17 19:25:58,125 INFO o.a.j.t.JMeterThread: Thread finished: 秒杀线程组：1000用户 1-399
2026-07-17 19:25:58,125 INFO o.a.j.t.JMeterThread: Thread is done: 秒杀线程组：1000用户 1-393
2026-07-17 19:25:58,125 INFO o.a.j.t.JMeterThread: Thread finished: 秒杀线程组：1000用户 1-393
2026-07-17 19:25:58,125 INFO o.a.j.t.JMeterThread: Thread is done: 秒杀线程组：1000用户 1-397
2026-07-17 19:25:58,125 INFO o.a.j.t.JMeterThread: Thread is done: 秒杀线程组：1000用户 1-406
2026-07-17 19:25:58,125 INFO o.a.j.t.JMeterThread: Thread finished: 秒杀线程组：1000用户 1-406
2026-07-17 19:25:58,125 INFO o.a.j.t.JMeterThread: Thread is done: 秒杀线程组：1000用户 1-396
2026-07-17 19:25:58,125 INFO o.a.j.t.JMeterThread: Thread is done: 秒杀线程组：1000用户 1-554
2026-07-17 19:25:58,125 INFO o.a.j.t.JMeterThread: Thread finished: 秒杀线程组：1000用户 1-397
2026-07-17 19:25:58,125 INFO o.a.j.t.JMeterThread: Thread finished: 秒杀线程组：1000用户 1-396
2026-07-17 19:25:58,125 INFO o.a.j.t.JMeterThread: Thread finished: 秒杀线程组：1000用户 1-554
2026-07-17 19:25:58,125 INFO o.a.j.t.JMeterThread: Thread is done: 秒杀线程组：1000用户 1-410
2026-07-17 19:25:58,126 INFO o.a.j.t.JMeterThread: Thread finished: 秒杀线程组：1000用户 1-410
2026-07-17 19:25:58,125 INFO o.a.j.t.JMeterThread: Thread is done: 秒杀线程组：1000用户 1-400
2026-07-17 19:25:58,126 INFO o.a.j.t.JMeterThread: Thread finished: 秒杀线程组：1000用户 1-400
2026-07-17 19:25:58,130 INFO o.a.j.t.JMeterThread: Thread is done: 秒杀线程组：1000用户 1-391
2026-07-17 19:25:58,130 INFO o.a.j.t.JMeterThread: Thread is done: 秒杀线程组：1000用户 1-392
2026-07-17 19:25:58,130 INFO o.a.j.t.JMeterThread: Thread finished: 秒杀线程组：1000用户 1-391
2026-07-17 19:25:58,130 INFO o.a.j.t.JMeterThread: Thread is done: 秒杀线程组：1000用户 1-196
2026-07-17 19:25:58,130 INFO o.a.j.t.JMeterThread: Thread finished: 秒杀线程组：1000用户 1-196
2026-07-17 19:25:58,130 INFO o.a.j.t.JMeterThread: Thread finished: 秒杀线程组：1000用户 1-392
2026-07-17 19:25:58,131 INFO o.a.j.t.JMeterThread: Thread started: 秒杀线程组：1000用户 1-660
2026-07-17 19:25:58,133 INFO o.a.j.t.JMeterThread: Thread is done: 秒杀线程组：1000用户 1-404
2026-07-17 19:25:58,133 INFO o.a.j.t.JMeterThread: Thread finished: 秒杀线程组：1000用户 1-404
2026-07-17 19:25:58,133 INFO o.a.j.t.JMeterThread: Thread is done: 秒杀线程组：1000用户 1-408
2026-07-17 19:25:58,133 INFO o.a.j.t.JMeterThread: Thread finished: 秒杀线程组：1000用户 1-408
2026-07-17 19:25:58,133 INFO o.a.j.t.JMeterThread: Thread is done: 秒杀线程组：1000用户 1-336
2026-07-17 19:25:58,133 INFO o.a.j.t.JMeterThread: Thread finished: 秒杀线程组：1000用户 1-336
2026-07-17 19:25:58,133 INFO o.a.j.t.JMeterThread: Thread is done: 秒杀线程组：1000用户 1-188
2026-07-17 19:25:58,133 INFO o.a.j.t.JMeterThread: Thread finished: 秒杀线程组：1000用户 1-188
2026-07-17 19:25:58,133 INFO o.a.j.t.JMeterThread: Thread is done: 秒杀线程组：1000用户 1-402
2026-07-17 19:25:58,133 INFO o.a.j.t.JMeterThread: Thread finished: 秒杀线程组：1000用户 1-402
2026-07-17 19:25:58,133 INFO o.a.j.t.JMeterThread: Thread is done: 秒杀线程组：1000用户 1-413
2026-07-17 19:25:58,133 INFO o.a.j.t.JMeterThread: Thread finished: 秒杀线程组：1000用户 1-413
2026-07-17 19:25:58,135 INFO o.a.j.t.JMeterThread: Thread started: 秒杀线程组：1000用户 1-661
2026-07-17 19:25:58,136 INFO o.a.j.t.JMeterThread: Thread started: 秒杀线程组：1000用户 1-659
2026-07-17 19:25:58,139 INFO o.a.j.t.JMeterThread: Thread is done: 秒杀线程组：1000用户 1-411
2026-07-17 19:25:58,139 INFO o.a.j.t.JMeterThread: Thread is done: 秒杀线程组：1000用户 1-337
2026-07-17 19:25:58,139 INFO o.a.j.t.JMeterThread: Thread finished: 秒杀线程组：1000用户 1-337
2026-07-17 19:25:58,139 INFO o.a.j.t.JMeterThread: Thread finished: 秒杀线程组：1000用户 1-411
2026-07-17 19:25:58,139 INFO o.a.j.t.JMeterThread: Thread is done: 秒杀线程组：1000用户 1-424
2026-07-17 19:25:58,140 INFO o.a.j.t.JMeterThread: Thread finished: 秒杀线程组：1000用户 1-424
2026-07-17 19:25:58,140 INFO o.a.j.t.JMeterThread: Thread is done: 秒杀线程组：1000用户 1-405
2026-07-17 19:25:58,140 INFO o.a.j.t.JMeterThread: Thread is done: 秒杀线程组：1000用户 1-409
2026-07-17 19:25:58,140 INFO o.a.j.t.JMeterThread: Thread is done: 秒杀线程组：1000用户 1-567
2026-07-17 19:25:58,140 INFO o.a.j.t.JMeterThread: Thread finished: 秒杀线程组：1000用户 1-409
2026-07-17 19:25:58,140 INFO o.a.j.t.JMeterThread: Thread finished: 秒杀线程组：1000用户 1-405
2026-07-17 19:25:58,140 INFO o.a.j.t.JMeterThread: Thread is done: 秒杀线程组：1000用户 1-403
2026-07-17 19:25:58,140 INFO o.a.j.t.JMeterThread: Thread finished: 秒杀线程组：1000用户 1-403
2026-07-17 19:25:58,140 INFO o.a.j.t.JMeterThread: Thread is done: 秒杀线程组：1000用户 1-407
2026-07-17 19:25:58,140 INFO o.a.j.t.JMeterThread: Thread finished: 秒杀线程组：1000用户 1-567
2026-07-17 19:25:58,140 INFO o.a.j.t.JMeterThread: Thread finished: 秒杀线程组：1000用户 1-407
2026-07-17 19:25:58,140 INFO o.a.j.t.JMeterThread: Thread started: 秒杀线程组：1000用户 1-662
2026-07-17 19:25:58,140 INFO o.a.j.t.JMeterThread: Thread is done: 秒杀线程组：1000用户 1-415
2026-07-17 19:25:58,140 INFO o.a.j.t.JMeterThread: Thread finished: 秒杀线程组：1000用户 1-415
2026-07-17 19:25:58,140 INFO o.a.j.t.JMeterThread: Thread is done: 秒杀线程组：1000用户 1-418
2026-07-17 19:25:58,140 INFO o.a.j.t.JMeterThread: Thread is done: 秒杀线程组：1000用户 1-421
2026-07-17 19:25:58,140 INFO o.a.j.t.JMeterThread: Thread finished: 秒杀线程组：1000用户 1-418
2026-07-17 19:25:58,140 INFO o.a.j.t.JMeterThread: Thread finished: 秒杀线程组：1000用户 1-421
2026-07-17 19:25:58,140 INFO o.a.j.t.JMeterThread: Thread is done: 秒杀线程组：1000用户 1-565
2026-07-17 19:25:58,140 INFO o.a.j.t.JMeterThread: Thread finished: 秒杀线程组：1000用户 1-565
2026-07-17 19:25:58,140 INFO o.a.j.t.JMeterThread: Thread is done: 秒杀线程组：1000用户 1-414
2026-07-17 19:25:58,140 INFO o.a.j.t.JMeterThread: Thread finished: 秒杀线程组：1000用户 1-414
2026-07-17 19:25:58,143 INFO o.a.j.t.JMeterThread: Thread is done: 秒杀线程组：1000用户 1-417
2026-07-17 19:25:58,143 INFO o.a.j.t.JMeterThread: Thread finished: 秒杀线程组：1000用户 1-417
2026-07-17 19:25:58,144 INFO o.a.j.t.JMeterThread: Thread is done: 秒杀线程组：1000用户 1-419
2026-07-17 19:25:58,144 INFO o.a.j.t.JMeterThread: Thread finished: 秒杀线程组：1000用户 1-419
2026-07-17 19:25:58,148 INFO o.a.j.t.JMeterThread: Thread started: 秒杀线程组：1000用户 1-664
2026-07-17 19:25:58,148 INFO o.a.j.t.JMeterThread: Thread is done: 秒杀线程组：1000用户 1-428
2026-07-17 19:25:58,148 INFO o.a.j.t.JMeterThread: Thread finished: 秒杀线程组：1000用户 1-428
2026-07-17 19:25:58,151 INFO o.a.j.t.JMeterThread: Thread is done: 秒杀线程组：1000用户 1-339
2026-07-17 19:25:58,151 INFO o.a.j.t.JMeterThread: Thread finished: 秒杀线程组：1000用户 1-339
2026-07-17 19:25:58,151 INFO o.a.j.t.JMeterThread: Thread is done: 秒杀线程组：1000用户 1-422
2026-07-17 19:25:58,151 INFO o.a.j.t.JMeterThread: Thread is done: 秒杀线程组：1000用户 1-430
2026-07-17 19:25:58,151 INFO o.a.j.t.JMeterThread: Thread finished: 秒杀线程组：1000用户 1-422
2026-07-17 19:25:58,151 INFO o.a.j.t.JMeterThread: Thread is done: 秒杀线程组：1000用户 1-425
2026-07-17 19:25:58,151 INFO o.a.j.t.JMeterThread: Thread is done: 秒杀线程组：1000用户 1-427
2026-07-17 19:25:58,151 INFO o.a.j.t.JMeterThread: Thread finished: 秒杀线程组：1000用户 1-425
2026-07-17 19:25:58,151 INFO o.a.j.t.JMeterThread: Thread finished: 秒杀线程组：1000用户 1-430
2026-07-17 19:25:58,151 INFO o.a.j.t.JMeterThread: Thread is done: 秒杀线程组：1000用户 1-343
2026-07-17 19:25:58,151 INFO o.a.j.t.JMeterThread: Thread is done: 秒杀线程组：1000用户 1-433
2026-07-17 19:25:58,151 INFO o.a.j.t.JMeterThread: Thread finished: 秒杀线程组：1000用户 1-433
2026-07-17 19:25:58,151 INFO o.a.j.t.JMeterThread: Thread is done: 秒杀线程组：1000用户 1-420
2026-07-17 19:25:58,151 INFO o.a.j.t.JMeterThread: Thread finished: 秒杀线程组：1000用户 1-420
2026-07-17 19:25:58,151 INFO o.a.j.t.JMeterThread: Thread is done: 秒杀线程组：1000用户 1-431
2026-07-17 19:25:58,151 INFO o.a.j.t.JMeterThread: Thread finished: 秒杀线程组：1000用户 1-427
2026-07-17 19:25:58,151 INFO o.a.j.t.JMeterThread: Thread finished: 秒杀线程组：1000用户 1-431
2026-07-17 19:25:58,151 INFO o.a.j.t.JMeterThread: Thread is done: 秒杀线程组：1000用户 1-429
2026-07-17 19:25:58,151 INFO o.a.j.t.JMeterThread: Thread finished: 秒杀线程组：1000用户 1-429
2026-07-17 19:25:58,151 INFO o.a.j.t.JMeterThread: Thread finished: 秒杀线程组：1000用户 1-343
2026-07-17 19:25:58,154 INFO o.a.j.t.JMeterThread: Thread started: 秒杀线程组：1000用户 1-663
2026-07-17 19:25:58,154 INFO o.a.j.t.JMeterThread: Thread started: 秒杀线程组：1000用户 1-665
2026-07-17 19:25:58,158 INFO o.a.j.t.JMeterThread: Thread started: 秒杀线程组：1000用户 1-666
2026-07-17 19:25:58,163 INFO o.a.j.t.JMeterThread: Thread started: 秒杀线程组：1000用户 1-667
2026-07-17 19:25:58,167 INFO o.a.j.t.JMeterThread: Thread started: 秒杀线程组：1000用户 1-668
2026-07-17 19:25:58,168 INFO o.a.j.t.JMeterThread: Thread is done: 秒杀线程组：1000用户 1-436
2026-07-17 19:25:58,168 INFO o.a.j.t.JMeterThread: Thread finished: 秒杀线程组：1000用户 1-436
2026-07-17 19:25:58,168 INFO o.a.j.t.JMeterThread: Thread is done: 秒杀线程组：1000用户 1-206
2026-07-17 19:25:58,168 INFO o.a.j.t.JMeterThread: Thread finished: 秒杀线程组：1000用户 1-206
2026-07-17 19:25:58,168 INFO o.a.j.t.JMeterThread: Thread is done: 秒杀线程组：1000用户 1-435
2026-07-17 19:25:58,168 INFO o.a.j.t.JMeterThread: Thread finished: 秒杀线程组：1000用户 1-435
2026-07-17 19:25:58,168 INFO o.a.j.t.JMeterThread: Thread is done: 秒杀线程组：1000用户 1-426
2026-07-17 19:25:58,168 INFO o.a.j.t.JMeterThread: Thread finished: 秒杀线程组：1000用户 1-426
2026-07-17 19:25:58,168 INFO o.a.j.t.JMeterThread: Thread is done: 秒杀线程组：1000用户 1-586
2026-07-17 19:25:58,169 INFO o.a.j.t.JMeterThread: Thread finished: 秒杀线程组：1000用户 1-586
2026-07-17 19:25:58,169 INFO o.a.j.t.JMeterThread: Thread is done: 秒杀线程组：1000用户 1-432
2026-07-17 19:25:58,169 INFO o.a.j.t.JMeterThread: Thread finished: 秒杀线程组：1000用户 1-432
2026-07-17 19:25:58,169 INFO o.a.j.t.JMeterThread: Thread is done: 秒杀线程组：1000用户 1-437
2026-07-17 19:25:58,169 INFO o.a.j.t.JMeterThread: Thread finished: 秒杀线程组：1000用户 1-437
2026-07-17 19:25:58,169 INFO o.a.j.t.JMeterThread: Thread is done: 秒杀线程组：1000用户 1-605
2026-07-17 19:25:58,169 INFO o.a.j.t.JMeterThread: Thread finished: 秒杀线程组：1000用户 1-605
2026-07-17 19:25:58,169 INFO o.a.j.t.JMeterThread: Thread is done: 秒杀线程组：1000用户 1-610
2026-07-17 19:25:58,169 INFO o.a.j.t.JMeterThread: Thread is done: 秒杀线程组：1000用户 1-611
2026-07-17 19:25:58,170 INFO o.a.j.t.JMeterThread: Thread finished: 秒杀线程组：1000用户 1-610
2026-07-17 19:25:58,170 INFO o.a.j.t.JMeterThread: Thread is done: 秒杀线程组：1000用户 1-602
2026-07-17 19:25:58,170 INFO o.a.j.t.JMeterThread: Thread is done: 秒杀线程组：1000用户 1-600
2026-07-17 19:25:58,170 INFO o.a.j.t.JMeterThread: Thread is done: 秒杀线程组：1000用户 1-601
2026-07-17 19:25:58,170 INFO o.a.j.t.JMeterThread: Thread finished: 秒杀线程组：1000用户 1-600
2026-07-17 19:25:58,170 INFO o.a.j.t.JMeterThread: Thread is done: 秒杀线程组：1000用户 1-603
2026-07-17 19:25:58,170 INFO o.a.j.t.JMeterThread: Thread finished: 秒杀线程组：1000用户 1-603
2026-07-17 19:25:58,170 INFO o.a.j.t.JMeterThread: Thread finished: 秒杀线程组：1000用户 1-611
2026-07-17 19:25:58,170 INFO o.a.j.t.JMeterThread: Thread is done: 秒杀线程组：1000用户 1-447
2026-07-17 19:25:58,170 INFO o.a.j.t.JMeterThread: Thread started: 秒杀线程组：1000用户 1-669
2026-07-17 19:25:58,170 INFO o.a.j.t.JMeterThread: Thread finished: 秒杀线程组：1000用户 1-601
2026-07-17 19:25:58,170 INFO o.a.j.t.JMeterThread: Thread finished: 秒杀线程组：1000用户 1-602
2026-07-17 19:25:58,170 INFO o.a.j.t.JMeterThread: Thread finished: 秒杀线程组：1000用户 1-447
2026-07-17 19:25:58,171 INFO o.a.j.t.JMeterThread: Thread is done: 秒杀线程组：1000用户 1-452
2026-07-17 19:25:58,171 INFO o.a.j.t.JMeterThread: Thread finished: 秒杀线程组：1000用户 1-452
2026-07-17 19:25:58,171 INFO o.a.j.t.JMeterThread: Thread is done: 秒杀线程组：1000用户 1-450
2026-07-17 19:25:58,171 INFO o.a.j.t.JMeterThread: Thread finished: 秒杀线程组：1000用户 1-450
2026-07-17 19:25:58,171 INFO o.a.j.t.JMeterThread: Thread is done: 秒杀线程组：1000用户 1-443
2026-07-17 19:25:58,171 INFO o.a.j.t.JMeterThread: Thread finished: 秒杀线程组：1000用户 1-443
2026-07-17 19:25:58,171 INFO o.a.j.t.JMeterThread: Thread is done: 秒杀线程组：1000用户 1-444
2026-07-17 19:25:58,171 INFO o.a.j.t.JMeterThread: Thread finished: 秒杀线程组：1000用户 1-444
2026-07-17 19:25:58,171 INFO o.a.j.t.JMeterThread: Thread is done: 秒杀线程组：1000用户 1-613
2026-07-17 19:25:58,171 INFO o.a.j.t.JMeterThread: Thread is done: 秒杀线程组：1000用户 1-615
2026-07-17 19:25:58,171 INFO o.a.j.t.JMeterThread: Thread finished: 秒杀线程组：1000用户 1-615
2026-07-17 19:25:58,171 INFO o.a.j.t.JMeterThread: Thread finished: 秒杀线程组：1000用户 1-613
2026-07-17 19:25:58,171 INFO o.a.j.t.JMeterThread: Thread is done: 秒杀线程组：1000用户 1-448
2026-07-17 19:25:58,171 INFO o.a.j.t.JMeterThread: Thread is done: 秒杀线程组：1000用户 1-446
2026-07-17 19:25:58,171 INFO o.a.j.t.JMeterThread: Thread finished: 秒杀线程组：1000用户 1-448
2026-07-17 19:25:58,171 INFO o.a.j.t.JMeterThread: Thread finished: 秒杀线程组：1000用户 1-446
2026-07-17 19:25:58,171 INFO o.a.j.t.JMeterThread: Thread is done: 秒杀线程组：1000用户 1-455
2026-07-17 19:25:58,171 INFO o.a.j.t.JMeterThread: Thread is done: 秒杀线程组：1000用户 1-456
2026-07-17 19:25:58,171 INFO o.a.j.t.JMeterThread: Thread finished: 秒杀线程组：1000用户 1-455
2026-07-17 19:25:58,172 INFO o.a.j.t.JMeterThread: Thread finished: 秒杀线程组：1000用户 1-456
2026-07-17 19:25:58,172 INFO o.a.j.t.JMeterThread: Thread is done: 秒杀线程组：1000用户 1-618
2026-07-17 19:25:58,172 INFO o.a.j.t.JMeterThread: Thread finished: 秒杀线程组：1000用户 1-618
2026-07-17 19:25:58,172 INFO o.a.j.t.JMeterThread: Thread is done: 秒杀线程组：1000用户 1-458
2026-07-17 19:25:58,172 INFO o.a.j.t.JMeterThread: Thread finished: 秒杀线程组：1000用户 1-458
2026-07-17 19:25:58,174 INFO o.a.j.t.JMeterThread: Thread is done: 秒杀线程组：1000用户 1-617
2026-07-17 19:25:58,172 INFO o.a.j.t.JMeterThread: Thread is done: 秒杀线程组：1000用户 1-464
2026-07-17 19:25:58,174 INFO o.a.j.t.JMeterThread: Thread is done: 秒杀线程组：1000用户 1-620
2026-07-17 19:25:58,174 INFO o.a.j.t.JMeterThread: Thread finished: 秒杀线程组：1000用户 1-617
2026-07-17 19:25:58,174 INFO o.a.j.t.JMeterThread: Thread finished: 秒杀线程组：1000用户 1-464
2026-07-17 19:25:58,174 INFO o.a.j.t.JMeterThread: Thread is done: 秒杀线程组：1000用户 1-463
2026-07-17 19:25:58,174 INFO o.a.j.t.JMeterThread: Thread finished: 秒杀线程组：1000用户 1-463
2026-07-17 19:25:58,174 INFO o.a.j.t.JMeterThread: Thread is done: 秒杀线程组：1000用户 1-469
2026-07-17 19:25:58,174 INFO o.a.j.t.JMeterThread: Thread is done: 秒杀线程组：1000用户 1-457
2026-07-17 19:25:58,174 INFO o.a.j.t.JMeterThread: Thread finished: 秒杀线程组：1000用户 1-620
2026-07-17 19:25:58,174 INFO o.a.j.t.JMeterThread: Thread finished: 秒杀线程组：1000用户 1-469
2026-07-17 19:25:58,174 INFO o.a.j.t.JMeterThread: Thread is done: 秒杀线程组：1000用户 1-619
2026-07-17 19:25:58,174 INFO o.a.j.t.JMeterThread: Thread is done: 秒杀线程组：1000用户 1-471
2026-07-17 19:25:58,174 INFO o.a.j.t.JMeterThread: Thread is done: 秒杀线程组：1000用户 1-467
2026-07-17 19:25:58,174 INFO o.a.j.t.JMeterThread: Thread is done: 秒杀线程组：1000用户 1-622
2026-07-17 19:25:58,174 INFO o.a.j.t.JMeterThread: Thread finished: 秒杀线程组：1000用户 1-457
2026-07-17 19:25:58,174 INFO o.a.j.t.JMeterThread: Thread finished: 秒杀线程组：1000用户 1-471
2026-07-17 19:25:58,174 INFO o.a.j.t.JMeterThread: Thread finished: 秒杀线程组：1000用户 1-619
2026-07-17 19:25:58,174 INFO o.a.j.t.JMeterThread: Thread is done: 秒杀线程组：1000用户 1-468
2026-07-17 19:25:58,174 INFO o.a.j.t.JMeterThread: Thread is done: 秒杀线程组：1000用户 1-628
2026-07-17 19:25:58,174 INFO o.a.j.t.JMeterThread: Thread finished: 秒杀线程组：1000用户 1-628
2026-07-17 19:25:58,174 INFO o.a.j.t.JMeterThread: Thread finished: 秒杀线程组：1000用户 1-467
2026-07-17 19:25:58,174 INFO o.a.j.t.JMeterThread: Thread is done: 秒杀线程组：1000用户 1-632
2026-07-17 19:25:58,174 INFO o.a.j.t.JMeterThread: Thread finished: 秒杀线程组：1000用户 1-632
2026-07-17 19:25:58,174 INFO o.a.j.t.JMeterThread: Thread finished: 秒杀线程组：1000用户 1-622
2026-07-17 19:25:58,174 INFO o.a.j.t.JMeterThread: Thread is done: 秒杀线程组：1000用户 1-630
2026-07-17 19:25:58,174 INFO o.a.j.t.JMeterThread: Thread finished: 秒杀线程组：1000用户 1-630
2026-07-17 19:25:58,174 INFO o.a.j.t.JMeterThread: Thread is done: 秒杀线程组：1000用户 1-472
2026-07-17 19:25:58,174 INFO o.a.j.t.JMeterThread: Thread is done: 秒杀线程组：1000用户 1-470
2026-07-17 19:25:58,174 INFO o.a.j.t.JMeterThread: Thread finished: 秒杀线程组：1000用户 1-468
2026-07-17 19:25:58,175 INFO o.a.j.t.JMeterThread: Thread is done: 秒杀线程组：1000用户 1-477
2026-07-17 19:25:58,175 INFO o.a.j.t.JMeterThread: Thread finished: 秒杀线程组：1000用户 1-472
2026-07-17 19:25:58,175 INFO o.a.j.t.JMeterThread: Thread finished: 秒杀线程组：1000用户 1-470
2026-07-17 19:25:58,175 INFO o.a.j.t.JMeterThread: Thread is done: 秒杀线程组：1000用户 1-474
2026-07-17 19:25:58,175 INFO o.a.j.t.JMeterThread: Thread is done: 秒杀线程组：1000用户 1-629
2026-07-17 19:25:58,175 INFO o.a.j.t.JMeterThread: Thread finished: 秒杀线程组：1000用户 1-474
2026-07-17 19:25:58,175 INFO o.a.j.t.JMeterThread: Thread finished: 秒杀线程组：1000用户 1-477
2026-07-17 19:25:58,175 INFO o.a.j.t.JMeterThread: Thread finished: 秒杀线程组：1000用户 1-629
2026-07-17 19:25:58,175 INFO o.a.j.t.JMeterThread: Thread is done: 秒杀线程组：1000用户 1-633
2026-07-17 19:25:58,175 INFO o.a.j.t.JMeterThread: Thread finished: 秒杀线程组：1000用户 1-633
2026-07-17 19:25:58,175 INFO o.a.j.t.JMeterThread: Thread is done: 秒杀线程组：1000用户 1-478
2026-07-17 19:25:58,175 INFO o.a.j.t.JMeterThread: Thread finished: 秒杀线程组：1000用户 1-478
2026-07-17 19:25:58,175 INFO o.a.j.t.JMeterThread: Thread started: 秒杀线程组：1000用户 1-670
2026-07-17 19:25:58,175 INFO o.a.j.t.JMeterThread: Thread is done: 秒杀线程组：1000用户 1-248
2026-07-17 19:25:58,175 INFO o.a.j.t.JMeterThread: Thread finished: 秒杀线程组：1000用户 1-248
2026-07-17 19:25:58,175 INFO o.a.j.t.JMeterThread: Thread is done: 秒杀线程组：1000用户 1-489
2026-07-17 19:25:58,175 INFO o.a.j.t.JMeterThread: Thread is done: 秒杀线程组：1000用户 1-490
2026-07-17 19:25:58,175 INFO o.a.j.t.JMeterThread: Thread finished: 秒杀线程组：1000用户 1-489
2026-07-17 19:25:58,175 INFO o.a.j.t.JMeterThread: Thread is done: 秒杀线程组：1000用户 1-481
2026-07-17 19:25:58,175 INFO o.a.j.t.JMeterThread: Thread finished: 秒杀线程组：1000用户 1-490
2026-07-17 19:25:58,175 INFO o.a.j.t.JMeterThread: Thread finished: 秒杀线程组：1000用户 1-481
2026-07-17 19:25:58,175 INFO o.a.j.t.JMeterThread: Thread is done: 秒杀线程组：1000用户 1-491
2026-07-17 19:25:58,177 INFO o.a.j.t.JMeterThread: Thread finished: 秒杀线程组：1000用户 1-491
2026-07-17 19:25:58,177 INFO o.a.j.t.JMeterThread: Thread is done: 秒杀线程组：1000用户 1-473
2026-07-17 19:25:58,177 INFO o.a.j.t.JMeterThread: Thread finished: 秒杀线程组：1000用户 1-473
2026-07-17 19:25:58,177 INFO o.a.j.t.JMeterThread: Thread is done: 秒杀线程组：1000用户 1-631
2026-07-17 19:25:58,177 INFO o.a.j.t.JMeterThread: Thread finished: 秒杀线程组：1000用户 1-631
2026-07-17 19:25:58,177 INFO o.a.j.t.JMeterThread: Thread is done: 秒杀线程组：1000用户 1-634
2026-07-17 19:25:58,177 INFO o.a.j.t.JMeterThread: Thread is done: 秒杀线程组：1000用户 1-494
2026-07-17 19:25:58,177 INFO o.a.j.t.JMeterThread: Thread finished: 秒杀线程组：1000用户 1-634
2026-07-17 19:25:58,177 INFO o.a.j.t.JMeterThread: Thread is done: 秒杀线程组：1000用户 1-484
2026-07-17 19:25:58,177 INFO o.a.j.t.JMeterThread: Thread finished: 秒杀线程组：1000用户 1-484
2026-07-17 19:25:58,177 INFO o.a.j.t.JMeterThread: Thread finished: 秒杀线程组：1000用户 1-494
2026-07-17 19:25:58,177 INFO o.a.j.t.JMeterThread: Thread is done: 秒杀线程组：1000用户 1-635
2026-07-17 19:25:58,177 INFO o.a.j.t.JMeterThread: Thread is done: 秒杀线程组：1000用户 1-486
2026-07-17 19:25:58,177 INFO o.a.j.t.JMeterThread: Thread finished: 秒杀线程组：1000用户 1-486
2026-07-17 19:25:58,177 INFO o.a.j.t.JMeterThread: Thread is done: 秒杀线程组：1000用户 1-487
2026-07-17 19:25:58,178 INFO o.a.j.t.JMeterThread: Thread finished: 秒杀线程组：1000用户 1-487
2026-07-17 19:25:58,178 INFO o.a.j.t.JMeterThread: Thread is done: 秒杀线程组：1000用户 1-493
2026-07-17 19:25:58,178 INFO o.a.j.t.JMeterThread: Thread finished: 秒杀线程组：1000用户 1-493
2026-07-17 19:25:58,178 INFO o.a.j.t.JMeterThread: Thread is done: 秒杀线程组：1000用户 1-504
2026-07-17 19:25:58,178 INFO o.a.j.t.JMeterThread: Thread finished: 秒杀线程组：1000用户 1-504
2026-07-17 19:25:58,177 INFO o.a.j.t.JMeterThread: Thread finished: 秒杀线程组：1000用户 1-635
2026-07-17 19:25:58,178 INFO o.a.j.t.JMeterThread: Thread is done: 秒杀线程组：1000用户 1-497
2026-07-17 19:25:58,178 INFO o.a.j.t.JMeterThread: Thread finished: 秒杀线程组：1000用户 1-497
2026-07-17 19:25:58,178 INFO o.a.j.t.JMeterThread: Thread is done: 秒杀线程组：1000用户 1-498
2026-07-17 19:25:58,178 INFO o.a.j.t.JMeterThread: Thread finished: 秒杀线程组：1000用户 1-498
2026-07-17 19:25:58,178 INFO o.a.j.t.JMeterThread: Thread is done: 秒杀线程组：1000用户 1-507
2026-07-17 19:25:58,179 INFO o.a.j.t.JMeterThread: Thread finished: 秒杀线程组：1000用户 1-507
2026-07-17 19:25:58,179 INFO o.a.j.t.JMeterThread: Thread is done: 秒杀线程组：1000用户 1-492
2026-07-17 19:25:58,179 INFO o.a.j.t.JMeterThread: Thread is done: 秒杀线程组：1000用户 1-496
2026-07-17 19:25:58,179 INFO o.a.j.t.JMeterThread: Thread finished: 秒杀线程组：1000用户 1-492
2026-07-17 19:25:58,179 INFO o.a.j.t.JMeterThread: Thread finished: 秒杀线程组：1000用户 1-496
2026-07-17 19:25:58,179 INFO o.a.j.t.JMeterThread: Thread is done: 秒杀线程组：1000用户 1-480
2026-07-17 19:25:58,179 INFO o.a.j.t.JMeterThread: Thread finished: 秒杀线程组：1000用户 1-480
2026-07-17 19:25:58,179 INFO o.a.j.t.JMeterThread: Thread is done: 秒杀线程组：1000用户 1-503
2026-07-17 19:25:58,179 INFO o.a.j.t.JMeterThread: Thread finished: 秒杀线程组：1000用户 1-503
2026-07-17 19:25:58,179 INFO o.a.j.t.JMeterThread: Thread is done: 秒杀线程组：1000用户 1-309
2026-07-17 19:25:58,179 INFO o.a.j.t.JMeterThread: Thread is done: 秒杀线程组：1000用户 1-510
2026-07-17 19:25:58,179 INFO o.a.j.t.JMeterThread: Thread finished: 秒杀线程组：1000用户 1-309
2026-07-17 19:25:58,179 INFO o.a.j.t.JMeterThread: Thread finished: 秒杀线程组：1000用户 1-510
2026-07-17 19:25:58,180 INFO o.a.j.t.JMeterThread: Thread is done: 秒杀线程组：1000用户 1-506
2026-07-17 19:25:58,180 INFO o.a.j.t.JMeterThread: Thread finished: 秒杀线程组：1000用户 1-506
2026-07-17 19:25:58,180 INFO o.a.j.t.JMeterThread: Thread is done: 秒杀线程组：1000用户 1-502
2026-07-17 19:25:58,180 INFO o.a.j.t.JMeterThread: Thread is done: 秒杀线程组：1000用户 1-363
2026-07-17 19:25:58,180 INFO o.a.j.t.JMeterThread: Thread finished: 秒杀线程组：1000用户 1-502
2026-07-17 19:25:58,180 INFO o.a.j.t.JMeterThread: Thread finished: 秒杀线程组：1000用户 1-363
2026-07-17 19:25:58,180 INFO o.a.j.t.JMeterThread: Thread is done: 秒杀线程组：1000用户 1-352
2026-07-17 19:25:58,180 INFO o.a.j.t.JMeterThread: Thread is done: 秒杀线程组：1000用户 1-515
2026-07-17 19:25:58,180 INFO o.a.j.t.JMeterThread: Thread finished: 秒杀线程组：1000用户 1-515
2026-07-17 19:25:58,180 INFO o.a.j.t.JMeterThread: Thread finished: 秒杀线程组：1000用户 1-352
2026-07-17 19:25:58,180 INFO o.a.j.t.JMeterThread: Thread is done: 秒杀线程组：1000用户 1-505
2026-07-17 19:25:58,180 INFO o.a.j.t.JMeterThread: Thread finished: 秒杀线程组：1000用户 1-505
2026-07-17 19:25:58,180 INFO o.a.j.t.JMeterThread: Thread is done: 秒杀线程组：1000用户 1-509
2026-07-17 19:25:58,180 INFO o.a.j.t.JMeterThread: Thread finished: 秒杀线程组：1000用户 1-509
2026-07-17 19:25:58,180 INFO o.a.j.t.JMeterThread: Thread is done: 秒杀线程组：1000用户 1-512
2026-07-17 19:25:58,180 INFO o.a.j.t.JMeterThread: Thread is done: 秒杀线程组：1000用户 1-513
2026-07-17 19:25:58,180 INFO o.a.j.t.JMeterThread: Thread finished: 秒杀线程组：1000用户 1-513
2026-07-17 19:25:58,180 INFO o.a.j.t.JMeterThread: Thread finished: 秒杀线程组：1000用户 1-512
2026-07-17 19:25:58,180 INFO o.a.j.t.JMeterThread: Thread started: 秒杀线程组：1000用户 1-671
2026-07-17 19:25:58,181 INFO o.a.j.t.JMeterThread: Thread is done: 秒杀线程组：1000用户 1-636
2026-07-17 19:25:58,181 INFO o.a.j.t.JMeterThread: Thread finished: 秒杀线程组：1000用户 1-636
2026-07-17 19:25:58,181 INFO o.a.j.t.JMeterThread: Thread is done: 秒杀线程组：1000用户 1-514
2026-07-17 19:25:58,181 INFO o.a.j.t.JMeterThread: Thread finished: 秒杀线程组：1000用户 1-514
2026-07-17 19:25:58,183 INFO o.a.j.t.JMeterThread: Thread is done: 秒杀线程组：1000用户 1-639
2026-07-17 19:25:58,183 INFO o.a.j.t.JMeterThread: Thread is done: 秒杀线程组：1000用户 1-527
2026-07-17 19:25:58,183 INFO o.a.j.t.JMeterThread: Thread finished: 秒杀线程组：1000用户 1-639
2026-07-17 19:25:58,183 INFO o.a.j.t.JMeterThread: Thread is done: 秒杀线程组：1000用户 1-521
2026-07-17 19:25:58,183 INFO o.a.j.t.JMeterThread: Thread finished: 秒杀线程组：1000用户 1-521
2026-07-17 19:25:58,183 INFO o.a.j.t.JMeterThread: Thread is done: 秒杀线程组：1000用户 1-536
2026-07-17 19:25:58,183 INFO o.a.j.t.JMeterThread: Thread is done: 秒杀线程组：1000用户 1-526
2026-07-17 19:25:58,183 INFO o.a.j.t.JMeterThread: Thread finished: 秒杀线程组：1000用户 1-526
2026-07-17 19:25:58,183 INFO o.a.j.t.JMeterThread: Thread is done: 秒杀线程组：1000用户 1-534
2026-07-17 19:25:58,183 INFO o.a.j.t.JMeterThread: Thread is done: 秒杀线程组：1000用户 1-529
2026-07-17 19:25:58,184 INFO o.a.j.t.JMeterThread: Thread is done: 秒杀线程组：1000用户 1-530
2026-07-17 19:25:58,184 INFO o.a.j.t.JMeterThread: Thread is done: 秒杀线程组：1000用户 1-520
2026-07-17 19:25:58,184 INFO o.a.j.t.JMeterThread: Thread is done: 秒杀线程组：1000用户 1-649
2026-07-17 19:25:58,184 INFO o.a.j.t.JMeterThread: Thread finished: 秒杀线程组：1000用户 1-649
2026-07-17 19:25:58,183 INFO o.a.j.t.JMeterThread: Thread is done: 秒杀线程组：1000用户 1-329
2026-07-17 19:25:58,183 INFO o.a.j.t.JMeterThread: Thread is done: 秒杀线程组：1000用户 1-537
2026-07-17 19:25:58,184 INFO o.a.j.t.JMeterThread: Thread finished: 秒杀线程组：1000用户 1-537
2026-07-17 19:25:58,184 INFO o.a.j.t.JMeterThread: Thread is done: 秒杀线程组：1000用户 1-651
2026-07-17 19:25:58,184 INFO o.a.j.t.JMeterThread: Thread finished: 秒杀线程组：1000用户 1-651
2026-07-17 19:25:58,183 INFO o.a.j.t.JMeterThread: Thread is done: 秒杀线程组：1000用户 1-524
2026-07-17 19:25:58,183 INFO o.a.j.t.JMeterThread: Thread finished: 秒杀线程组：1000用户 1-536
2026-07-17 19:25:58,183 INFO o.a.j.t.JMeterThread: Thread is done: 秒杀线程组：1000用户 1-522
2026-07-17 19:25:58,183 INFO o.a.j.t.JMeterThread: Thread is done: 秒杀线程组：1000用户 1-525
2026-07-17 19:25:58,183 INFO o.a.j.t.JMeterThread: Thread finished: 秒杀线程组：1000用户 1-527
2026-07-17 19:25:58,183 INFO o.a.j.t.JMeterThread: Thread is done: 秒杀线程组：1000用户 1-518
2026-07-17 19:25:58,184 INFO o.a.j.t.JMeterThread: Thread finished: 秒杀线程组：1000用户 1-518
2026-07-17 19:25:58,184 INFO o.a.j.t.JMeterThread: Thread finished: 秒杀线程组：1000用户 1-525
2026-07-17 19:25:58,184 INFO o.a.j.t.JMeterThread: Thread finished: 秒杀线程组：1000用户 1-522
2026-07-17 19:25:58,184 INFO o.a.j.t.JMeterThread: Thread finished: 秒杀线程组：1000用户 1-524
2026-07-17 19:25:58,184 INFO o.a.j.t.JMeterThread: Thread is done: 秒杀线程组：1000用户 1-377
2026-07-17 19:25:58,184 INFO o.a.j.t.JMeterThread: Thread finished: 秒杀线程组：1000用户 1-377
2026-07-17 19:25:58,184 INFO o.a.j.t.JMeterThread: Thread finished: 秒杀线程组：1000用户 1-529
2026-07-17 19:25:58,184 INFO o.a.j.t.JMeterThread: Thread is done: 秒杀线程组：1000用户 1-322
2026-07-17 19:25:58,185 INFO o.a.j.t.JMeterThread: Thread finished: 秒杀线程组：1000用户 1-322
2026-07-17 19:25:58,184 INFO o.a.j.t.JMeterThread: Thread is done: 秒杀线程组：1000用户 1-648
2026-07-17 19:25:58,184 INFO o.a.j.t.JMeterThread: Thread is done: 秒杀线程组：1000用户 1-528
2026-07-17 19:25:58,185 INFO o.a.j.t.JMeterThread: Thread finished: 秒杀线程组：1000用户 1-528
2026-07-17 19:25:58,184 INFO o.a.j.t.JMeterThread: Thread finished: 秒杀线程组：1000用户 1-520
2026-07-17 19:25:58,184 INFO o.a.j.t.JMeterThread: Thread finished: 秒杀线程组：1000用户 1-530
2026-07-17 19:25:58,185 INFO o.a.j.t.JMeterThread: Thread is done: 秒杀线程组：1000用户 1-532
2026-07-17 19:25:58,185 INFO o.a.j.t.JMeterThread: Thread finished: 秒杀线程组：1000用户 1-532
2026-07-17 19:25:58,184 INFO o.a.j.t.JMeterThread: Thread finished: 秒杀线程组：1000用户 1-534
2026-07-17 19:25:58,185 INFO o.a.j.t.JMeterThread: Thread finished: 秒杀线程组：1000用户 1-648
2026-07-17 19:25:58,185 INFO o.a.j.t.JMeterThread: Thread finished: 秒杀线程组：1000用户 1-329
2026-07-17 19:25:58,185 INFO o.a.j.t.JMeterThread: Thread is done: 秒杀线程组：1000用户 1-549
2026-07-17 19:25:58,185 INFO o.a.j.t.JMeterThread: Thread finished: 秒杀线程组：1000用户 1-549
2026-07-17 19:25:58,184 INFO o.a.j.t.JMeterThread: Thread is done: 秒杀线程组：1000用户 1-375
2026-07-17 19:25:58,186 INFO o.a.j.t.JMeterThread: Thread is done: 秒杀线程组：1000用户 1-663
2026-07-17 19:25:58,186 INFO o.a.j.t.JMeterThread: Thread finished: 秒杀线程组：1000用户 1-663
2026-07-17 19:25:58,184 INFO o.a.j.t.JMeterThread: Thread is done: 秒杀线程组：1000用户 1-540
2026-07-17 19:25:58,186 INFO o.a.j.t.JMeterThread: Thread finished: 秒杀线程组：1000用户 1-540
2026-07-17 19:25:58,186 INFO o.a.j.t.JMeterThread: Thread is done: 秒杀线程组：1000用户 1-543
2026-07-17 19:25:58,186 INFO o.a.j.t.JMeterThread: Thread is done: 秒杀线程组：1000用户 1-546
2026-07-17 19:25:58,186 INFO o.a.j.t.JMeterThread: Thread is done: 秒杀线程组：1000用户 1-544
2026-07-17 19:25:58,186 INFO o.a.j.t.JMeterThread: Thread is done: 秒杀线程组：1000用户 1-542
2026-07-17 19:25:58,186 INFO o.a.j.t.JMeterThread: Thread is done: 秒杀线程组：1000用户 1-664
2026-07-17 19:25:58,186 INFO o.a.j.t.JMeterThread: Thread finished: 秒杀线程组：1000用户 1-375
2026-07-17 19:25:58,186 INFO o.a.j.t.JMeterThread: Thread is done: 秒杀线程组：1000用户 1-545
2026-07-17 19:25:58,185 INFO o.a.j.t.JMeterThread: Thread is done: 秒杀线程组：1000用户 1-541
2026-07-17 19:25:58,186 INFO o.a.j.t.JMeterThread: Thread finished: 秒杀线程组：1000用户 1-545
2026-07-17 19:25:58,186 INFO o.a.j.t.JMeterThread: Thread finished: 秒杀线程组：1000用户 1-664
2026-07-17 19:25:58,186 INFO o.a.j.t.JMeterThread: Thread finished: 秒杀线程组：1000用户 1-546
2026-07-17 19:25:58,186 INFO o.a.j.t.JMeterThread: Thread finished: 秒杀线程组：1000用户 1-543
2026-07-17 19:25:58,187 INFO o.a.j.t.JMeterThread: Thread finished: 秒杀线程组：1000用户 1-544
2026-07-17 19:25:58,186 INFO o.a.j.t.JMeterThread: Thread started: 秒杀线程组：1000用户 1-672
2026-07-17 19:25:58,187 INFO o.a.j.t.JMeterThread: Thread finished: 秒杀线程组：1000用户 1-542
2026-07-17 19:25:58,187 INFO o.a.j.t.JMeterThread: Thread finished: 秒杀线程组：1000用户 1-541
2026-07-17 19:25:58,187 INFO o.a.j.t.JMeterThread: Thread is done: 秒杀线程组：1000用户 1-669
2026-07-17 19:25:58,187 INFO o.a.j.t.JMeterThread: Thread is done: 秒杀线程组：1000用户 1-550
2026-07-17 19:25:58,187 INFO o.a.j.t.JMeterThread: Thread is done: 秒杀线程组：1000用户 1-668
2026-07-17 19:25:58,187 INFO o.a.j.t.JMeterThread: Thread finished: 秒杀线程组：1000用户 1-669
2026-07-17 19:25:58,187 INFO o.a.j.t.JMeterThread: Thread finished: 秒杀线程组：1000用户 1-668
2026-07-17 19:25:58,187 INFO o.a.j.t.JMeterThread: Thread finished: 秒杀线程组：1000用户 1-550
2026-07-17 19:25:58,188 INFO o.a.j.t.JMeterThread: Thread is done: 秒杀线程组：1000用户 1-538
2026-07-17 19:25:58,188 INFO o.a.j.t.JMeterThread: Thread finished: 秒杀线程组：1000用户 1-538
2026-07-17 19:25:58,188 INFO o.a.j.t.JMeterThread: Thread is done: 秒杀线程组：1000用户 1-561
2026-07-17 19:25:58,188 INFO o.a.j.t.JMeterThread: Thread finished: 秒杀线程组：1000用户 1-561
2026-07-17 19:25:58,188 INFO o.a.j.t.JMeterThread: Thread is done: 秒杀线程组：1000用户 1-562
2026-07-17 19:25:58,188 INFO o.a.j.t.JMeterThread: Thread finished: 秒杀线程组：1000用户 1-562
2026-07-17 19:25:58,188 INFO o.a.j.t.JMeterThread: Thread is done: 秒杀线程组：1000用户 1-563
2026-07-17 19:25:58,188 INFO o.a.j.t.JMeterThread: Thread finished: 秒杀线程组：1000用户 1-563
2026-07-17 19:25:58,188 INFO o.a.j.t.JMeterThread: Thread is done: 秒杀线程组：1000用户 1-657
2026-07-17 19:25:58,188 INFO o.a.j.t.JMeterThread: Thread is done: 秒杀线程组：1000用户 1-558
2026-07-17 19:25:58,188 INFO o.a.j.t.JMeterThread: Thread is done: 秒杀线程组：1000用户 1-560
2026-07-17 19:25:58,188 INFO o.a.j.t.JMeterThread: Thread finished: 秒杀线程组：1000用户 1-657
2026-07-17 19:25:58,188 INFO o.a.j.t.JMeterThread: Thread finished: 秒杀线程组：1000用户 1-560
2026-07-17 19:25:58,188 INFO o.a.j.t.JMeterThread: Thread is done: 秒杀线程组：1000用户 1-552
2026-07-17 19:25:58,188 INFO o.a.j.t.JMeterThread: Thread finished: 秒杀线程组：1000用户 1-558
2026-07-17 19:25:58,188 INFO o.a.j.t.JMeterThread: Thread is done: 秒杀线程组：1000用户 1-559
2026-07-17 19:25:58,188 INFO o.a.j.t.JMeterThread: Thread finished: 秒杀线程组：1000用户 1-552
2026-07-17 19:25:58,188 INFO o.a.j.t.JMeterThread: Thread finished: 秒杀线程组：1000用户 1-559
2026-07-17 19:25:58,190 INFO o.a.j.t.JMeterThread: Thread is done: 秒杀线程组：1000用户 1-566
2026-07-17 19:25:58,190 INFO o.a.j.t.JMeterThread: Thread finished: 秒杀线程组：1000用户 1-566
2026-07-17 19:25:58,190 INFO o.a.j.t.JMeterThread: Thread is done: 秒杀线程组：1000用户 1-670
2026-07-17 19:25:58,190 INFO o.a.j.t.JMeterThread: Thread finished: 秒杀线程组：1000用户 1-670
2026-07-17 19:25:58,191 INFO o.a.j.t.JMeterThread: Thread is done: 秒杀线程组：1000用户 1-547
2026-07-17 19:25:58,191 INFO o.a.j.t.JMeterThread: Thread is done: 秒杀线程组：1000用户 1-577
2026-07-17 19:25:58,191 INFO o.a.j.t.JMeterThread: Thread finished: 秒杀线程组：1000用户 1-547
2026-07-17 19:25:58,191 INFO o.a.j.t.JMeterThread: Thread finished: 秒杀线程组：1000用户 1-577
2026-07-17 19:25:58,191 INFO o.a.j.t.JMeterThread: Thread is done: 秒杀线程组：1000用户 1-571
2026-07-17 19:25:58,191 INFO o.a.j.t.JMeterThread: Thread finished: 秒杀线程组：1000用户 1-571
2026-07-17 19:25:58,191 INFO o.a.j.t.JMeterThread: Thread is done: 秒杀线程组：1000用户 1-564
2026-07-17 19:25:58,191 INFO o.a.j.t.JMeterThread: Thread finished: 秒杀线程组：1000用户 1-564
2026-07-17 19:25:58,191 INFO o.a.j.t.JMeterThread: Thread is done: 秒杀线程组：1000用户 1-570
2026-07-17 19:25:58,191 INFO o.a.j.t.JMeterThread: Thread finished: 秒杀线程组：1000用户 1-570
2026-07-17 19:25:58,191 INFO o.a.j.t.JMeterThread: Thread is done: 秒杀线程组：1000用户 1-575
2026-07-17 19:25:58,191 INFO o.a.j.t.JMeterThread: Thread is done: 秒杀线程组：1000用户 1-416
2026-07-17 19:25:58,191 INFO o.a.j.t.JMeterThread: Thread finished: 秒杀线程组：1000用户 1-575
2026-07-17 19:25:58,191 INFO o.a.j.t.JMeterThread: Thread is done: 秒杀线程组：1000用户 1-568
2026-07-17 19:25:58,191 INFO o.a.j.t.JMeterThread: Thread is done: 秒杀线程组：1000用户 1-401
2026-07-17 19:25:58,191 INFO o.a.j.t.JMeterThread: Thread finished: 秒杀线程组：1000用户 1-401
2026-07-17 19:25:58,191 INFO o.a.j.t.JMeterThread: Thread is done: 秒杀线程组：1000用户 1-572
2026-07-17 19:25:58,191 INFO o.a.j.t.JMeterThread: Thread finished: 秒杀线程组：1000用户 1-572
2026-07-17 19:25:58,191 INFO o.a.j.t.JMeterThread: Thread is done: 秒杀线程组：1000用户 1-569
2026-07-17 19:25:58,192 INFO o.a.j.t.JMeterThread: Thread is done: 秒杀线程组：1000用户 1-588
2026-07-17 19:25:58,192 INFO o.a.j.t.JMeterThread: Thread is done: 秒杀线程组：1000用户 1-183
2026-07-17 19:25:58,192 INFO o.a.j.t.JMeterThread: Thread finished: 秒杀线程组：1000用户 1-588
2026-07-17 19:25:58,191 INFO o.a.j.t.JMeterThread: Thread is done: 秒杀线程组：1000用户 1-578
2026-07-17 19:25:58,192 INFO o.a.j.t.JMeterThread: Thread finished: 秒杀线程组：1000用户 1-416
2026-07-17 19:25:58,191 INFO o.a.j.t.JMeterThread: Thread is done: 秒杀线程组：1000用户 1-557
2026-07-17 19:25:58,191 INFO o.a.j.t.JMeterThread: Thread is done: 秒杀线程组：1000用户 1-574
2026-07-17 19:25:58,192 INFO o.a.j.t.JMeterThread: Thread finished: 秒杀线程组：1000用户 1-569
2026-07-17 19:25:58,192 INFO o.a.j.t.JMeterThread: Thread finished: 秒杀线程组：1000用户 1-574
2026-07-17 19:25:58,192 INFO o.a.j.t.JMeterThread: Thread finished: 秒杀线程组：1000用户 1-183
2026-07-17 19:25:58,192 INFO o.a.j.t.JMeterThread: Thread is done: 秒杀线程组：1000用户 1-584
2026-07-17 19:25:58,192 INFO o.a.j.t.JMeterThread: Thread is done: 秒杀线程组：1000用户 1-154
2026-07-17 19:25:58,192 INFO o.a.j.t.JMeterThread: Thread finished: 秒杀线程组：1000用户 1-154
2026-07-17 19:25:58,192 INFO o.a.j.t.JMeterThread: Thread is done: 秒杀线程组：1000用户 1-583
2026-07-17 19:25:58,191 INFO o.a.j.t.JMeterThread: Thread finished: 秒杀线程组：1000用户 1-568
2026-07-17 19:25:58,192 INFO o.a.j.t.JMeterThread: Thread is done: 秒杀线程组：1000用户 1-593
2026-07-17 19:25:58,192 INFO o.a.j.t.JMeterThread: Thread is done: 秒杀线程组：1000用户 1-582
2026-07-17 19:25:58,192 INFO o.a.j.t.JMeterThread: Thread finished: 秒杀线程组：1000用户 1-582
2026-07-17 19:25:58,192 INFO o.a.j.t.JMeterThread: Thread is done: 秒杀线程组：1000用户 1-591
2026-07-17 19:25:58,192 INFO o.a.j.t.JMeterThread: Thread finished: 秒杀线程组：1000用户 1-578
2026-07-17 19:25:58,192 INFO o.a.j.t.JMeterThread: Thread finished: 秒杀线程组：1000用户 1-557
2026-07-17 19:25:58,192 INFO o.a.j.t.JMeterThread: Thread finished: 秒杀线程组：1000用户 1-591
2026-07-17 19:25:58,192 INFO o.a.j.t.JMeterThread: Thread is done: 秒杀线程组：1000用户 1-579
2026-07-17 19:25:58,192 INFO o.a.j.t.JMeterThread: Thread finished: 秒杀线程组：1000用户 1-584
2026-07-17 19:25:58,192 INFO o.a.j.t.JMeterThread: Thread finished: 秒杀线程组：1000用户 1-593
2026-07-17 19:25:58,192 INFO o.a.j.t.JMeterThread: Thread finished: 秒杀线程组：1000用户 1-583
2026-07-17 19:25:58,193 INFO o.a.j.t.JMeterThread: Thread finished: 秒杀线程组：1000用户 1-579
2026-07-17 19:25:58,193 INFO o.a.j.t.JMeterThread: Thread is done: 秒杀线程组：1000用户 1-590
2026-07-17 19:25:58,193 INFO o.a.j.t.JMeterThread: Thread is done: 秒杀线程组：1000用户 1-585
2026-07-17 19:25:58,192 INFO o.a.j.t.JMeterThread: Thread is done: 秒杀线程组：1000用户 1-592
2026-07-17 19:25:58,193 INFO o.a.j.t.JMeterThread: Thread finished: 秒杀线程组：1000用户 1-590
2026-07-17 19:25:58,193 INFO o.a.j.t.JMeterThread: Thread is done: 秒杀线程组：1000用户 1-587
2026-07-17 19:25:58,193 INFO o.a.j.t.JMeterThread: Thread is done: 秒杀线程组：1000用户 1-595
2026-07-17 19:25:58,193 INFO o.a.j.t.JMeterThread: Thread finished: 秒杀线程组：1000用户 1-595
2026-07-17 19:25:58,193 INFO o.a.j.t.JMeterThread: Thread is done: 秒杀线程组：1000用户 1-589
2026-07-17 19:25:58,193 INFO o.a.j.t.JMeterThread: Thread is done: 秒杀线程组：1000用户 1-594
2026-07-17 19:25:58,193 INFO o.a.j.t.JMeterThread: Thread finished: 秒杀线程组：1000用户 1-587
2026-07-17 19:25:58,193 INFO o.a.j.t.JMeterThread: Thread finished: 秒杀线程组：1000用户 1-592
2026-07-17 19:25:58,193 INFO o.a.j.t.JMeterThread: Thread is done: 秒杀线程组：1000用户 1-438
2026-07-17 19:25:58,193 INFO o.a.j.t.JMeterThread: Thread finished: 秒杀线程组：1000用户 1-585
2026-07-17 19:25:58,193 INFO o.a.j.t.JMeterThread: Thread finished: 秒杀线程组：1000用户 1-438
2026-07-17 19:25:58,193 INFO o.a.j.t.JMeterThread: Thread finished: 秒杀线程组：1000用户 1-594
2026-07-17 19:25:58,193 INFO o.a.j.t.JMeterThread: Thread is done: 秒杀线程组：1000用户 1-573
2026-07-17 19:25:58,193 INFO o.a.j.t.JMeterThread: Thread finished: 秒杀线程组：1000用户 1-589
2026-07-17 19:25:58,193 INFO o.a.j.t.JMeterThread: Thread finished: 秒杀线程组：1000用户 1-573
2026-07-17 19:25:58,194 INFO o.a.j.t.JMeterThread: Thread is done: 秒杀线程组：1000用户 1-576
2026-07-17 19:25:58,194 INFO o.a.j.t.JMeterThread: Thread is done: 秒杀线程组：1000用户 1-608
2026-07-17 19:25:58,194 INFO o.a.j.t.JMeterThread: Thread finished: 秒杀线程组：1000用户 1-576
2026-07-17 19:25:58,194 INFO o.a.j.t.JMeterThread: Thread is done: 秒杀线程组：1000用户 1-581
2026-07-17 19:25:58,194 INFO o.a.j.t.JMeterThread: Thread is done: 秒杀线程组：1000用户 1-597
2026-07-17 19:25:58,194 INFO o.a.j.t.JMeterThread: Thread finished: 秒杀线程组：1000用户 1-608
2026-07-17 19:25:58,194 INFO o.a.j.t.JMeterThread: Thread finished: 秒杀线程组：1000用户 1-597
2026-07-17 19:25:58,194 INFO o.a.j.t.JMeterThread: Thread is done: 秒杀线程组：1000用户 1-606
2026-07-17 19:25:58,194 INFO o.a.j.t.JMeterThread: Thread is done: 秒杀线程组：1000用户 1-609
2026-07-17 19:25:58,194 INFO o.a.j.t.JMeterThread: Thread finished: 秒杀线程组：1000用户 1-606
2026-07-17 19:25:58,194 INFO o.a.j.t.JMeterThread: Thread is done: 秒杀线程组：1000用户 1-599
2026-07-17 19:25:58,194 INFO o.a.j.t.JMeterThread: Thread finished: 秒杀线程组：1000用户 1-599
2026-07-17 19:25:58,194 INFO o.a.j.t.JMeterThread: Thread finished: 秒杀线程组：1000用户 1-581
2026-07-17 19:25:58,194 INFO o.a.j.t.JMeterThread: Thread is done: 秒杀线程组：1000用户 1-580
2026-07-17 19:25:58,194 INFO o.a.j.t.JMeterThread: Thread finished: 秒杀线程组：1000用户 1-580
2026-07-17 19:25:58,194 INFO o.a.j.t.JMeterThread: Thread finished: 秒杀线程组：1000用户 1-609
2026-07-17 19:25:58,194 INFO o.a.j.t.JMeterThread: Thread is done: 秒杀线程组：1000用户 1-596
2026-07-17 19:25:58,194 INFO o.a.j.t.JMeterThread: Thread finished: 秒杀线程组：1000用户 1-596
2026-07-17 19:25:58,194 INFO o.a.j.t.JMeterThread: Thread is done: 秒杀线程组：1000用户 1-607
2026-07-17 19:25:58,194 INFO o.a.j.t.JMeterThread: Thread is done: 秒杀线程组：1000用户 1-604
2026-07-17 19:25:58,194 INFO o.a.j.t.JMeterThread: Thread finished: 秒杀线程组：1000用户 1-607
2026-07-17 19:25:58,194 INFO o.a.j.t.JMeterThread: Thread finished: 秒杀线程组：1000用户 1-604
2026-07-17 19:25:58,194 INFO o.a.j.t.JMeterThread: Thread is done: 秒杀线程组：1000用户 1-445
2026-07-17 19:25:58,194 INFO o.a.j.t.JMeterThread: Thread finished: 秒杀线程组：1000用户 1-445
2026-07-17 19:25:58,196 INFO o.a.j.t.JMeterThread: Thread is done: 秒杀线程组：1000用户 1-672
2026-07-17 19:25:58,196 INFO o.a.j.t.JMeterThread: Thread finished: 秒杀线程组：1000用户 1-672
2026-07-17 19:25:58,196 INFO o.a.j.t.JMeterThread: Thread is done: 秒杀线程组：1000用户 1-454
2026-07-17 19:25:58,196 INFO o.a.j.t.JMeterThread: Thread is done: 秒杀线程组：1000用户 1-442
2026-07-17 19:25:58,196 INFO o.a.j.t.JMeterThread: Thread finished: 秒杀线程组：1000用户 1-454
2026-07-17 19:25:58,196 INFO o.a.j.t.JMeterThread: Thread is done: 秒杀线程组：1000用户 1-612
2026-07-17 19:25:58,196 INFO o.a.j.t.JMeterThread: Thread is done: 秒杀线程组：1000用户 1-440
2026-07-17 19:25:58,196 INFO o.a.j.t.JMeterThread: Thread is done: 秒杀线程组：1000用户 1-439
2026-07-17 19:25:58,196 INFO o.a.j.t.JMeterThread: Thread finished: 秒杀线程组：1000用户 1-439
2026-07-17 19:25:58,196 INFO o.a.j.t.JMeterThread: Thread finished: 秒杀线程组：1000用户 1-442
2026-07-17 19:25:58,196 INFO o.a.j.t.JMeterThread: Thread finished: 秒杀线程组：1000用户 1-440
2026-07-17 19:25:58,196 INFO o.a.j.t.JMeterThread: Thread finished: 秒杀线程组：1000用户 1-612
2026-07-17 19:25:58,196 INFO o.a.j.t.JMeterThread: Thread started: 秒杀线程组：1000用户 1-674
2026-07-17 19:25:58,202 INFO o.a.j.t.JMeterThread: Thread started: 秒杀线程组：1000用户 1-675
2026-07-17 19:25:58,204 INFO o.a.j.t.JMeterThread: Thread started: 秒杀线程组：1000用户 1-673
2026-07-17 19:25:58,206 INFO o.a.j.t.JMeterThread: Thread is done: 秒杀线程组：1000用户 1-460
2026-07-17 19:25:58,206 INFO o.a.j.t.JMeterThread: Thread is done: 秒杀线程组：1000用户 1-453
2026-07-17 19:25:58,206 INFO o.a.j.t.JMeterThread: Thread is done: 秒杀线程组：1000用户 1-451
2026-07-17 19:25:58,206 INFO o.a.j.t.JMeterThread: Thread finished: 秒杀线程组：1000用户 1-451
2026-07-17 19:25:58,206 INFO o.a.j.t.JMeterThread: Thread finished: 秒杀线程组：1000用户 1-453
2026-07-17 19:25:58,206 INFO o.a.j.t.JMeterThread: Thread is done: 秒杀线程组：1000用户 1-449
2026-07-17 19:25:58,206 INFO o.a.j.t.JMeterThread: Thread finished: 秒杀线程组：1000用户 1-449
2026-07-17 19:25:58,206 INFO o.a.j.t.JMeterThread: Thread is done: 秒杀线程组：1000用户 1-627
2026-07-17 19:25:58,206 INFO o.a.j.t.JMeterThread: Thread finished: 秒杀线程组：1000用户 1-460
2026-07-17 19:25:58,206 INFO o.a.j.t.JMeterThread: Thread is done: 秒杀线程组：1000用户 1-614
2026-07-17 19:25:58,207 INFO o.a.j.t.JMeterThread: Thread finished: 秒杀线程组：1000用户 1-627
2026-07-17 19:25:58,207 INFO o.a.j.t.JMeterThread: Thread is done: 秒杀线程组：1000用户 1-459
2026-07-17 19:25:58,207 INFO o.a.j.t.JMeterThread: Thread finished: 秒杀线程组：1000用户 1-614
2026-07-17 19:25:58,207 INFO o.a.j.t.JMeterThread: Thread is done: 秒杀线程组：1000用户 1-625
2026-07-17 19:25:58,207 INFO o.a.j.t.JMeterThread: Thread finished: 秒杀线程组：1000用户 1-625
2026-07-17 19:25:58,207 INFO o.a.j.t.JMeterThread: Thread finished: 秒杀线程组：1000用户 1-459
2026-07-17 19:25:58,207 INFO o.a.j.t.JMeterThread: Thread is done: 秒杀线程组：1000用户 1-626
2026-07-17 19:25:58,207 INFO o.a.j.t.JMeterThread: Thread finished: 秒杀线程组：1000用户 1-626
2026-07-17 19:25:58,207 INFO o.a.j.t.JMeterThread: Thread is done: 秒杀线程组：1000用户 1-616
2026-07-17 19:25:58,207 INFO o.a.j.t.JMeterThread: Thread is done: 秒杀线程组：1000用户 1-623
2026-07-17 19:25:58,207 INFO o.a.j.t.JMeterThread: Thread finished: 秒杀线程组：1000用户 1-616
2026-07-17 19:25:58,207 INFO o.a.j.t.JMeterThread: Thread finished: 秒杀线程组：1000用户 1-623
2026-07-17 19:25:58,207 INFO o.a.j.t.JMeterThread: Thread is done: 秒杀线程组：1000用户 1-461
2026-07-17 19:25:58,207 INFO o.a.j.t.JMeterThread: Thread finished: 秒杀线程组：1000用户 1-461
2026-07-17 19:25:58,207 INFO o.a.j.t.JMeterThread: Thread is done: 秒杀线程组：1000用户 1-466
2026-07-17 19:25:58,207 INFO o.a.j.t.JMeterThread: Thread is done: 秒杀线程组：1000用户 1-462
2026-07-17 19:25:58,207 INFO o.a.j.t.JMeterThread: Thread finished: 秒杀线程组：1000用户 1-462
2026-07-17 19:25:58,207 INFO o.a.j.t.JMeterThread: Thread is done: 秒杀线程组：1000用户 1-465
2026-07-17 19:25:58,207 INFO o.a.j.t.JMeterThread: Thread is done: 秒杀线程组：1000用户 1-624
2026-07-17 19:25:58,207 INFO o.a.j.t.JMeterThread: Thread finished: 秒杀线程组：1000用户 1-465
2026-07-17 19:25:58,207 INFO o.a.j.t.JMeterThread: Thread is done: 秒杀线程组：1000用户 1-621
2026-07-17 19:25:58,207 INFO o.a.j.t.JMeterThread: Thread is done: 秒杀线程组：1000用户 1-488
2026-07-17 19:25:58,207 INFO o.a.j.t.JMeterThread: Thread finished: 秒杀线程组：1000用户 1-466
2026-07-17 19:25:58,207 INFO o.a.j.t.JMeterThread: Thread finished: 秒杀线程组：1000用户 1-621
2026-07-17 19:25:58,208 INFO o.a.j.t.JMeterThread: Thread is done: 秒杀线程组：1000用户 1-482
2026-07-17 19:25:58,208 INFO o.a.j.t.JMeterThread: Thread finished: 秒杀线程组：1000用户 1-482
2026-07-17 19:25:58,208 INFO o.a.j.t.JMeterThread: Thread finished: 秒杀线程组：1000用户 1-624
2026-07-17 19:25:58,208 INFO o.a.j.t.JMeterThread: Thread is done: 秒杀线程组：1000用户 1-495
2026-07-17 19:25:58,208 INFO o.a.j.t.JMeterThread: Thread is done: 秒杀线程组：1000用户 1-499
2026-07-17 19:25:58,208 INFO o.a.j.t.JMeterThread: Thread finished: 秒杀线程组：1000用户 1-499
2026-07-17 19:25:58,208 INFO o.a.j.t.JMeterThread: Thread finished: 秒杀线程组：1000用户 1-488
2026-07-17 19:25:58,207 INFO o.a.j.t.JMeterThread: Thread is done: 秒杀线程组：1000用户 1-475
2026-07-17 19:25:58,208 INFO o.a.j.t.JMeterThread: Thread finished: 秒杀线程组：1000用户 1-475
2026-07-17 19:25:58,208 INFO o.a.j.t.JMeterThread: Thread finished: 秒杀线程组：1000用户 1-495
2026-07-17 19:25:58,208 INFO o.a.j.t.JMeterThread: Thread is done: 秒杀线程组：1000用户 1-637
2026-07-17 19:25:58,208 INFO o.a.j.t.JMeterThread: Thread finished: 秒杀线程组：1000用户 1-637
2026-07-17 19:25:58,208 INFO o.a.j.t.JMeterThread: Thread is done: 秒杀线程组：1000用户 1-641
2026-07-17 19:25:58,208 INFO o.a.j.t.JMeterThread: Thread is done: 秒杀线程组：1000用户 1-638
2026-07-17 19:25:58,208 INFO o.a.j.t.JMeterThread: Thread finished: 秒杀线程组：1000用户 1-641
2026-07-17 19:25:58,208 INFO o.a.j.t.JMeterThread: Thread finished: 秒杀线程组：1000用户 1-638
2026-07-17 19:25:58,208 INFO o.a.j.t.JMeterThread: Thread is done: 秒杀线程组：1000用户 1-647
2026-07-17 19:25:58,208 INFO o.a.j.t.JMeterThread: Thread finished: 秒杀线程组：1000用户 1-647
2026-07-17 19:25:58,208 INFO o.a.j.t.JMeterThread: Thread is done: 秒杀线程组：1000用户 1-273
2026-07-17 19:25:58,208 INFO o.a.j.t.JMeterThread: Thread finished: 秒杀线程组：1000用户 1-273
2026-07-17 19:25:58,208 INFO o.a.j.t.JMeterThread: Thread is done: 秒杀线程组：1000用户 1-516
2026-07-17 19:25:58,208 INFO o.a.j.t.JMeterThread: Thread finished: 秒杀线程组：1000用户 1-516
2026-07-17 19:25:58,208 INFO o.a.j.t.JMeterThread: Thread is done: 秒杀线程组：1000用户 1-476
2026-07-17 19:25:58,208 INFO o.a.j.t.JMeterThread: Thread finished: 秒杀线程组：1000用户 1-476
2026-07-17 19:25:58,208 INFO o.a.j.t.JMeterThread: Thread is done: 秒杀线程组：1000用户 1-479
2026-07-17 19:25:58,210 INFO o.a.j.t.JMeterThread: Thread finished: 秒杀线程组：1000用户 1-479
2026-07-17 19:25:58,210 INFO o.a.j.t.JMeterThread: Thread is done: 秒杀线程组：1000用户 1-644
2026-07-17 19:25:58,210 INFO o.a.j.t.JMeterThread: Thread finished: 秒杀线程组：1000用户 1-644
2026-07-17 19:25:58,210 INFO o.a.j.t.JMeterThread: Thread is done: 秒杀线程组：1000用户 1-652
2026-07-17 19:25:58,210 INFO o.a.j.t.JMeterThread: Thread is done: 秒杀线程组：1000用户 1-646
2026-07-17 19:25:58,210 INFO o.a.j.t.JMeterThread: Thread finished: 秒杀线程组：1000用户 1-652
2026-07-17 19:25:58,210 INFO o.a.j.t.JMeterThread: Thread finished: 秒杀线程组：1000用户 1-646
2026-07-17 19:25:58,210 INFO o.a.j.t.JMeterThread: Thread is done: 秒杀线程组：1000用户 1-640
2026-07-17 19:25:58,210 INFO o.a.j.t.JMeterThread: Thread finished: 秒杀线程组：1000用户 1-640
2026-07-17 19:25:58,211 INFO o.a.j.t.JMeterThread: Thread is done: 秒杀线程组：1000用户 1-642
2026-07-17 19:25:58,211 INFO o.a.j.t.JMeterThread: Thread finished: 秒杀线程组：1000用户 1-642
2026-07-17 19:25:58,211 INFO o.a.j.t.JMeterThread: Thread is done: 秒杀线程组：1000用户 1-650
2026-07-17 19:25:58,211 INFO o.a.j.t.JMeterThread: Thread finished: 秒杀线程组：1000用户 1-650
2026-07-17 19:25:58,211 INFO o.a.j.t.JMeterThread: Thread is done: 秒杀线程组：1000用户 1-655
2026-07-17 19:25:58,211 INFO o.a.j.t.JMeterThread: Thread is done: 秒杀线程组：1000用户 1-645
2026-07-17 19:25:58,211 INFO o.a.j.t.JMeterThread: Thread is done: 秒杀线程组：1000用户 1-539
2026-07-17 19:25:58,211 INFO o.a.j.t.JMeterThread: Thread is done: 秒杀线程组：1000用户 1-556
2026-07-17 19:25:58,211 INFO o.a.j.t.JMeterThread: Thread started: 秒杀线程组：1000用户 1-677
2026-07-17 19:25:58,211 INFO o.a.j.t.JMeterThread: Thread finished: 秒杀线程组：1000用户 1-539
2026-07-17 19:25:58,211 INFO o.a.j.t.JMeterThread: Thread finished: 秒杀线程组：1000用户 1-645
2026-07-17 19:25:58,211 INFO o.a.j.t.JMeterThread: Thread finished: 秒杀线程组：1000用户 1-655
2026-07-17 19:25:58,212 INFO o.a.j.t.JMeterThread: Thread is done: 秒杀线程组：1000用户 1-519
2026-07-17 19:25:58,212 INFO o.a.j.t.JMeterThread: Thread is done: 秒杀线程组：1000用户 1-643
2026-07-17 19:25:58,211 INFO o.a.j.t.JMeterThread: Thread finished: 秒杀线程组：1000用户 1-556
2026-07-17 19:25:58,212 INFO o.a.j.t.JMeterThread: Thread finished: 秒杀线程组：1000用户 1-519
2026-07-17 19:25:58,212 INFO o.a.j.t.JMeterThread: Thread finished: 秒杀线程组：1000用户 1-643
2026-07-17 19:25:58,213 INFO o.a.j.t.JMeterThread: Thread is done: 秒杀线程组：1000用户 1-662
2026-07-17 19:25:58,213 INFO o.a.j.t.JMeterThread: Thread finished: 秒杀线程组：1000用户 1-662
2026-07-17 19:25:58,213 INFO o.a.j.t.JMeterThread: Thread is done: 秒杀线程组：1000用户 1-667
2026-07-17 19:25:58,213 INFO o.a.j.t.JMeterThread: Thread finished: 秒杀线程组：1000用户 1-667
2026-07-17 19:25:58,213 INFO o.a.j.t.JMeterThread: Thread is done: 秒杀线程组：1000用户 1-654
2026-07-17 19:25:58,213 INFO o.a.j.t.JMeterThread: Thread finished: 秒杀线程组：1000用户 1-654
2026-07-17 19:25:58,213 INFO o.a.j.t.JMeterThread: Thread is done: 秒杀线程组：1000用户 1-553
2026-07-17 19:25:58,213 INFO o.a.j.t.JMeterThread: Thread is done: 秒杀线程组：1000用户 1-656
2026-07-17 19:25:58,213 INFO o.a.j.t.JMeterThread: Thread finished: 秒杀线程组：1000用户 1-553
2026-07-17 19:25:58,213 INFO o.a.j.t.JMeterThread: Thread finished: 秒杀线程组：1000用户 1-656
2026-07-17 19:25:58,213 INFO o.a.j.t.JMeterThread: Thread is done: 秒杀线程组：1000用户 1-661
2026-07-17 19:25:58,213 INFO o.a.j.t.JMeterThread: Thread finished: 秒杀线程组：1000用户 1-661
2026-07-17 19:25:58,213 INFO o.a.j.t.JMeterThread: Thread is done: 秒杀线程组：1000用户 1-653
2026-07-17 19:25:58,213 INFO o.a.j.t.JMeterThread: Thread is done: 秒杀线程组：1000用户 1-666
2026-07-17 19:25:58,213 INFO o.a.j.t.JMeterThread: Thread finished: 秒杀线程组：1000用户 1-653
2026-07-17 19:25:58,213 INFO o.a.j.t.JMeterThread: Thread finished: 秒杀线程组：1000用户 1-666
2026-07-17 19:25:58,213 INFO o.a.j.t.JMeterThread: Thread is done: 秒杀线程组：1000用户 1-551
2026-07-17 19:25:58,213 INFO o.a.j.t.JMeterThread: Thread finished: 秒杀线程组：1000用户 1-551
2026-07-17 19:25:58,213 INFO o.a.j.t.JMeterThread: Thread is done: 秒杀线程组：1000用户 1-378
2026-07-17 19:25:58,213 INFO o.a.j.t.JMeterThread: Thread finished: 秒杀线程组：1000用户 1-378
2026-07-17 19:25:58,213 INFO o.a.j.t.JMeterThread: Thread is done: 秒杀线程组：1000用户 1-658
2026-07-17 19:25:58,213 INFO o.a.j.t.JMeterThread: Thread finished: 秒杀线程组：1000用户 1-658
2026-07-17 19:25:58,213 INFO o.a.j.t.JMeterThread: Thread is done: 秒杀线程组：1000用户 1-412
2026-07-17 19:25:58,214 INFO o.a.j.t.JMeterThread: Thread finished: 秒杀线程组：1000用户 1-412
2026-07-17 19:25:58,214 INFO o.a.j.t.JMeterThread: Thread is done: 秒杀线程组：1000用户 1-674
2026-07-17 19:25:58,214 INFO o.a.j.t.JMeterThread: Thread finished: 秒杀线程组：1000用户 1-674
2026-07-17 19:25:58,214 INFO o.a.j.t.JMeterThread: Thread is done: 秒杀线程组：1000用户 1-665
2026-07-17 19:25:58,214 INFO o.a.j.t.JMeterThread: Thread is done: 秒杀线程组：1000用户 1-671
2026-07-17 19:25:58,214 INFO o.a.j.t.JMeterThread: Thread is done: 秒杀线程组：1000用户 1-675
2026-07-17 19:25:58,214 INFO o.a.j.t.JMeterThread: Thread finished: 秒杀线程组：1000用户 1-671
2026-07-17 19:25:58,214 INFO o.a.j.t.JMeterThread: Thread is done: 秒杀线程组：1000用户 1-184
2026-07-17 19:25:58,214 INFO o.a.j.t.JMeterThread: Thread is done: 秒杀线程组：1000用户 1-660
2026-07-17 19:25:58,214 INFO o.a.j.t.JMeterThread: Thread is done: 秒杀线程组：1000用户 1-598
2026-07-17 19:25:58,214 INFO o.a.j.t.JMeterThread: Thread finished: 秒杀线程组：1000用户 1-675
2026-07-17 19:25:58,214 INFO o.a.j.t.JMeterThread: Thread is done: 秒杀线程组：1000用户 1-673
2026-07-17 19:25:58,214 INFO o.a.j.t.JMeterThread: Thread is done: 秒杀线程组：1000用户 1-659
2026-07-17 19:25:58,215 INFO o.a.j.t.JMeterThread: Thread finished: 秒杀线程组：1000用户 1-673
2026-07-17 19:25:58,214 INFO o.a.j.t.JMeterThread: Thread finished: 秒杀线程组：1000用户 1-665
2026-07-17 19:25:58,215 INFO o.a.j.t.JMeterThread: Thread is done: 秒杀线程组：1000用户 1-555
2026-07-17 19:25:58,215 INFO o.a.j.t.JMeterThread: Thread is done: 秒杀线程组：1000用户 1-548
2026-07-17 19:25:58,215 INFO o.a.j.t.JMeterThread: Thread started: 秒杀线程组：1000用户 1-678
2026-07-17 19:25:58,215 INFO o.a.j.t.JMeterThread: Thread finished: 秒杀线程组：1000用户 1-598
2026-07-17 19:25:58,215 INFO o.a.j.t.JMeterThread: Thread finished: 秒杀线程组：1000用户 1-660
2026-07-17 19:25:58,214 INFO o.a.j.t.JMeterThread: Thread finished: 秒杀线程组：1000用户 1-184
2026-07-17 19:25:58,215 INFO o.a.j.t.JMeterThread: Thread finished: 秒杀线程组：1000用户 1-548
2026-07-17 19:25:58,215 INFO o.a.j.t.JMeterThread: Thread finished: 秒杀线程组：1000用户 1-555
2026-07-17 19:25:58,215 INFO o.a.j.t.JMeterThread: Thread finished: 秒杀线程组：1000用户 1-659
2026-07-17 19:25:58,217 INFO o.a.j.t.JMeterThread: Thread is done: 秒杀线程组：1000用户 1-677
2026-07-17 19:25:58,217 INFO o.a.j.t.JMeterThread: Thread finished: 秒杀线程组：1000用户 1-677
2026-07-17 19:25:58,218 INFO o.a.j.t.JMeterThread: Thread started: 秒杀线程组：1000用户 1-676
2026-07-17 19:25:58,220 INFO o.a.j.t.JMeterThread: Thread started: 秒杀线程组：1000用户 1-679
2026-07-17 19:25:58,220 INFO o.a.j.t.JMeterThread: Thread is done: 秒杀线程组：1000用户 1-678
2026-07-17 19:25:58,220 INFO o.a.j.t.JMeterThread: Thread finished: 秒杀线程组：1000用户 1-678
2026-07-17 19:25:58,221 INFO o.a.j.t.JMeterThread: Thread is done: 秒杀线程组：1000用户 1-676
2026-07-17 19:25:58,221 INFO o.a.j.t.JMeterThread: Thread finished: 秒杀线程组：1000用户 1-676
2026-07-17 19:25:58,223 INFO o.a.j.t.JMeterThread: Thread is done: 秒杀线程组：1000用户 1-679
2026-07-17 19:25:58,223 INFO o.a.j.t.JMeterThread: Thread finished: 秒杀线程组：1000用户 1-679
2026-07-17 19:25:58,225 INFO o.a.j.t.JMeterThread: Thread started: 秒杀线程组：1000用户 1-680
2026-07-17 19:25:58,228 INFO o.a.j.t.JMeterThread: Thread is done: 秒杀线程组：1000用户 1-680
2026-07-17 19:25:58,228 INFO o.a.j.t.JMeterThread: Thread finished: 秒杀线程组：1000用户 1-680
2026-07-17 19:25:58,230 INFO o.a.j.t.JMeterThread: Thread started: 秒杀线程组：1000用户 1-681
2026-07-17 19:25:58,233 INFO o.a.j.t.JMeterThread: Thread is done: 秒杀线程组：1000用户 1-681
2026-07-17 19:25:58,233 INFO o.a.j.t.JMeterThread: Thread finished: 秒杀线程组：1000用户 1-681
2026-07-17 19:25:58,236 INFO o.a.j.t.JMeterThread: Thread started: 秒杀线程组：1000用户 1-682
2026-07-17 19:25:58,240 INFO o.a.j.t.JMeterThread: Thread started: 秒杀线程组：1000用户 1-683
2026-07-17 19:25:58,240 INFO o.a.j.t.JMeterThread: Thread is done: 秒杀线程组：1000用户 1-682
2026-07-17 19:25:58,240 INFO o.a.j.t.JMeterThread: Thread finished: 秒杀线程组：1000用户 1-682
2026-07-17 19:25:58,243 INFO o.a.j.t.JMeterThread: Thread is done: 秒杀线程组：1000用户 1-683
2026-07-17 19:25:58,243 INFO o.a.j.t.JMeterThread: Thread finished: 秒杀线程组：1000用户 1-683
2026-07-17 19:25:58,247 INFO o.a.j.t.JMeterThread: Thread started: 秒杀线程组：1000用户 1-685
2026-07-17 19:25:58,251 INFO o.a.j.t.JMeterThread: Thread is done: 秒杀线程组：1000用户 1-685
2026-07-17 19:25:58,251 INFO o.a.j.t.JMeterThread: Thread finished: 秒杀线程组：1000用户 1-685
2026-07-17 19:25:58,255 INFO o.a.j.t.JMeterThread: Thread started: 秒杀线程组：1000用户 1-686
2026-07-17 19:25:58,256 INFO o.a.j.t.JMeterThread: Thread started: 秒杀线程组：1000用户 1-684
2026-07-17 19:25:58,260 INFO o.a.j.t.JMeterThread: Thread started: 秒杀线程组：1000用户 1-687
2026-07-17 19:25:58,260 INFO o.a.j.t.JMeterThread: Thread is done: 秒杀线程组：1000用户 1-686
2026-07-17 19:25:58,260 INFO o.a.j.t.JMeterThread: Thread is done: 秒杀线程组：1000用户 1-684
2026-07-17 19:25:58,260 INFO o.a.j.t.JMeterThread: Thread finished: 秒杀线程组：1000用户 1-684
2026-07-17 19:25:58,260 INFO o.a.j.t.JMeterThread: Thread finished: 秒杀线程组：1000用户 1-686
2026-07-17 19:25:58,264 INFO o.a.j.t.JMeterThread: Thread started: 秒杀线程组：1000用户 1-688
2026-07-17 19:25:58,264 INFO o.a.j.t.JMeterThread: Thread is done: 秒杀线程组：1000用户 1-687
2026-07-17 19:25:58,264 INFO o.a.j.t.JMeterThread: Thread finished: 秒杀线程组：1000用户 1-687
2026-07-17 19:25:58,267 INFO o.a.j.t.JMeterThread: Thread started: 秒杀线程组：1000用户 1-689
2026-07-17 19:25:58,267 INFO o.a.j.t.JMeterThread: Thread is done: 秒杀线程组：1000用户 1-688
2026-07-17 19:25:58,267 INFO o.a.j.t.JMeterThread: Thread finished: 秒杀线程组：1000用户 1-688
2026-07-17 19:25:58,271 INFO o.a.j.t.JMeterThread: Thread is done: 秒杀线程组：1000用户 1-689
2026-07-17 19:25:58,271 INFO o.a.j.t.JMeterThread: Thread finished: 秒杀线程组：1000用户 1-689
2026-07-17 19:25:58,273 INFO o.a.j.t.JMeterThread: Thread started: 秒杀线程组：1000用户 1-690
2026-07-17 19:25:58,280 INFO o.a.j.t.JMeterThread: Thread started: 秒杀线程组：1000用户 1-691
2026-07-17 19:25:58,280 INFO o.a.j.t.JMeterThread: Thread is done: 秒杀线程组：1000用户 1-690
2026-07-17 19:25:58,280 INFO o.a.j.t.JMeterThread: Thread finished: 秒杀线程组：1000用户 1-690
2026-07-17 19:25:58,283 INFO o.a.j.t.JMeterThread: Thread started: 秒杀线程组：1000用户 1-692
2026-07-17 19:25:58,285 INFO o.a.j.t.JMeterThread: Thread is done: 秒杀线程组：1000用户 1-691
2026-07-17 19:25:58,285 INFO o.a.j.t.JMeterThread: Thread finished: 秒杀线程组：1000用户 1-691
2026-07-17 19:25:58,286 INFO o.a.j.t.JMeterThread: Thread is done: 秒杀线程组：1000用户 1-692
2026-07-17 19:25:58,286 INFO o.a.j.t.JMeterThread: Thread finished: 秒杀线程组：1000用户 1-692
2026-07-17 19:25:58,289 INFO o.a.j.t.JMeterThread: Thread started: 秒杀线程组：1000用户 1-693
2026-07-17 19:25:58,294 INFO o.a.j.t.JMeterThread: Thread started: 秒杀线程组：1000用户 1-694
2026-07-17 19:25:58,295 INFO o.a.j.t.JMeterThread: Thread is done: 秒杀线程组：1000用户 1-693
2026-07-17 19:25:58,295 INFO o.a.j.t.JMeterThread: Thread finished: 秒杀线程组：1000用户 1-693
2026-07-17 19:25:58,299 INFO o.a.j.t.JMeterThread: Thread is done: 秒杀线程组：1000用户 1-694
2026-07-17 19:25:58,299 INFO o.a.j.t.JMeterThread: Thread finished: 秒杀线程组：1000用户 1-694
2026-07-17 19:25:58,302 INFO o.a.j.t.JMeterThread: Thread started: 秒杀线程组：1000用户 1-695
2026-07-17 19:25:58,302 INFO o.a.j.t.JMeterThread: Thread started: 秒杀线程组：1000用户 1-696
2026-07-17 19:25:58,305 INFO o.a.j.t.JMeterThread: Thread is done: 秒杀线程组：1000用户 1-695
2026-07-17 19:25:58,305 INFO o.a.j.t.JMeterThread: Thread is done: 秒杀线程组：1000用户 1-696
2026-07-17 19:25:58,305 INFO o.a.j.t.JMeterThread: Thread finished: 秒杀线程组：1000用户 1-695
2026-07-17 19:25:58,305 INFO o.a.j.t.JMeterThread: Thread finished: 秒杀线程组：1000用户 1-696
2026-07-17 19:25:58,317 INFO o.a.j.t.JMeterThread: Thread started: 秒杀线程组：1000用户 1-699
2026-07-17 19:25:58,320 INFO o.a.j.t.JMeterThread: Thread started: 秒杀线程组：1000用户 1-697
2026-07-17 19:25:58,320 INFO o.a.j.t.JMeterThread: Thread started: 秒杀线程组：1000用户 1-700
2026-07-17 19:25:58,323 INFO o.a.j.t.JMeterThread: Thread is done: 秒杀线程组：1000用户 1-699
2026-07-17 19:25:58,323 INFO o.a.j.t.JMeterThread: Thread finished: 秒杀线程组：1000用户 1-699
2026-07-17 19:25:58,324 INFO o.a.j.t.JMeterThread: Thread is done: 秒杀线程组：1000用户 1-697
2026-07-17 19:25:58,324 INFO o.a.j.t.JMeterThread: Thread finished: 秒杀线程组：1000用户 1-697
2026-07-17 19:25:58,325 INFO o.a.j.t.JMeterThread: Thread started: 秒杀线程组：1000用户 1-701
2026-07-17 19:25:58,325 INFO o.a.j.t.JMeterThread: Thread is done: 秒杀线程组：1000用户 1-700
2026-07-17 19:25:58,325 INFO o.a.j.t.JMeterThread: Thread finished: 秒杀线程组：1000用户 1-700
2026-07-17 19:25:58,326 INFO o.a.j.t.JMeterThread: Thread started: 秒杀线程组：1000用户 1-698
2026-07-17 19:25:58,329 INFO o.a.j.t.JMeterThread: Thread is done: 秒杀线程组：1000用户 1-698
2026-07-17 19:25:58,329 INFO o.a.j.t.JMeterThread: Thread finished: 秒杀线程组：1000用户 1-698
2026-07-17 19:25:58,330 INFO o.a.j.t.JMeterThread: Thread is done: 秒杀线程组：1000用户 1-701
2026-07-17 19:25:58,330 INFO o.a.j.t.JMeterThread: Thread finished: 秒杀线程组：1000用户 1-701
2026-07-17 19:25:58,330 INFO o.a.j.t.JMeterThread: Thread started: 秒杀线程组：1000用户 1-702
2026-07-17 19:25:58,334 INFO o.a.j.t.JMeterThread: Thread is done: 秒杀线程组：1000用户 1-702
2026-07-17 19:25:58,334 INFO o.a.j.t.JMeterThread: Thread finished: 秒杀线程组：1000用户 1-702
2026-07-17 19:25:58,340 INFO o.a.j.t.JMeterThread: Thread started: 秒杀线程组：1000用户 1-704
2026-07-17 19:25:58,345 INFO o.a.j.t.JMeterThread: Thread started: 秒杀线程组：1000用户 1-705
2026-07-17 19:25:58,345 INFO o.a.j.t.JMeterThread: Thread is done: 秒杀线程组：1000用户 1-704
2026-07-17 19:25:58,345 INFO o.a.j.t.JMeterThread: Thread finished: 秒杀线程组：1000用户 1-704
2026-07-17 19:25:58,349 INFO o.a.j.t.JMeterThread: Thread is done: 秒杀线程组：1000用户 1-705
2026-07-17 19:25:58,349 INFO o.a.j.t.JMeterThread: Thread finished: 秒杀线程组：1000用户 1-705
2026-07-17 19:25:58,350 INFO o.a.j.t.JMeterThread: Thread started: 秒杀线程组：1000用户 1-706
2026-07-17 19:25:58,350 INFO o.a.j.t.JMeterThread: Thread started: 秒杀线程组：1000用户 1-703
2026-07-17 19:25:58,353 INFO o.a.j.t.JMeterThread: Thread is done: 秒杀线程组：1000用户 1-706
2026-07-17 19:25:58,354 INFO o.a.j.t.JMeterThread: Thread finished: 秒杀线程组：1000用户 1-706
2026-07-17 19:25:58,353 INFO o.a.j.t.JMeterThread: Thread is done: 秒杀线程组：1000用户 1-703
2026-07-17 19:25:58,354 INFO o.a.j.t.JMeterThread: Thread finished: 秒杀线程组：1000用户 1-703
2026-07-17 19:25:58,358 INFO o.a.j.t.JMeterThread: Thread started: 秒杀线程组：1000用户 1-707
2026-07-17 19:25:58,360 INFO o.a.j.t.JMeterThread: Thread started: 秒杀线程组：1000用户 1-708
2026-07-17 19:25:58,362 INFO o.a.j.t.JMeterThread: Thread is done: 秒杀线程组：1000用户 1-707
2026-07-17 19:25:58,362 INFO o.a.j.t.JMeterThread: Thread finished: 秒杀线程组：1000用户 1-707
2026-07-17 19:25:58,363 INFO o.a.j.t.JMeterThread: Thread is done: 秒杀线程组：1000用户 1-708
2026-07-17 19:25:58,363 INFO o.a.j.t.JMeterThread: Thread finished: 秒杀线程组：1000用户 1-708
2026-07-17 19:25:58,366 INFO o.a.j.t.JMeterThread: Thread started: 秒杀线程组：1000用户 1-709
2026-07-17 19:25:58,369 INFO o.a.j.t.JMeterThread: Thread started: 秒杀线程组：1000用户 1-710
2026-07-17 19:25:58,371 INFO o.a.j.t.JMeterThread: Thread is done: 秒杀线程组：1000用户 1-709
2026-07-17 19:25:58,372 INFO o.a.j.t.JMeterThread: Thread finished: 秒杀线程组：1000用户 1-709
2026-07-17 19:25:58,373 INFO o.a.j.t.JMeterThread: Thread is done: 秒杀线程组：1000用户 1-710
2026-07-17 19:25:58,373 INFO o.a.j.t.JMeterThread: Thread finished: 秒杀线程组：1000用户 1-710
2026-07-17 19:25:58,375 INFO o.a.j.t.JMeterThread: Thread started: 秒杀线程组：1000用户 1-711
2026-07-17 19:25:58,378 INFO o.a.j.t.JMeterThread: Thread is done: 秒杀线程组：1000用户 1-711
2026-07-17 19:25:58,378 INFO o.a.j.t.JMeterThread: Thread finished: 秒杀线程组：1000用户 1-711
2026-07-17 19:25:58,380 INFO o.a.j.t.JMeterThread: Thread started: 秒杀线程组：1000用户 1-712
2026-07-17 19:25:58,384 INFO o.a.j.t.JMeterThread: Thread is done: 秒杀线程组：1000用户 1-712
2026-07-17 19:25:58,384 INFO o.a.j.t.JMeterThread: Thread finished: 秒杀线程组：1000用户 1-712
2026-07-17 19:25:58,390 INFO o.a.j.t.JMeterThread: Thread started: 秒杀线程组：1000用户 1-713
2026-07-17 19:25:58,395 INFO o.a.j.t.JMeterThread: Thread started: 秒杀线程组：1000用户 1-715
2026-07-17 19:25:58,397 INFO o.a.j.t.JMeterThread: Thread is done: 秒杀线程组：1000用户 1-713
2026-07-17 19:25:58,397 INFO o.a.j.t.JMeterThread: Thread finished: 秒杀线程组：1000用户 1-713
2026-07-17 19:25:58,399 INFO o.a.j.t.JMeterThread: Thread started: 秒杀线程组：1000用户 1-716
2026-07-17 19:25:58,401 INFO o.a.j.t.JMeterThread: Thread is done: 秒杀线程组：1000用户 1-715
2026-07-17 19:25:58,401 INFO o.a.j.t.JMeterThread: Thread finished: 秒杀线程组：1000用户 1-715
2026-07-17 19:25:58,403 INFO o.a.j.t.JMeterThread: Thread started: 秒杀线程组：1000用户 1-714
2026-07-17 19:25:58,404 INFO o.a.j.t.JMeterThread: Thread started: 秒杀线程组：1000用户 1-717
2026-07-17 19:25:58,404 INFO o.a.j.t.JMeterThread: Thread is done: 秒杀线程组：1000用户 1-716
2026-07-17 19:25:58,404 INFO o.a.j.t.JMeterThread: Thread finished: 秒杀线程组：1000用户 1-716
2026-07-17 19:25:58,408 INFO o.a.j.t.JMeterThread: Thread is done: 秒杀线程组：1000用户 1-714
2026-07-17 19:25:58,408 INFO o.a.j.t.JMeterThread: Thread finished: 秒杀线程组：1000用户 1-714
2026-07-17 19:25:58,408 INFO o.a.j.t.JMeterThread: Thread is done: 秒杀线程组：1000用户 1-717
2026-07-17 19:25:58,408 INFO o.a.j.t.JMeterThread: Thread finished: 秒杀线程组：1000用户 1-717
2026-07-17 19:25:58,413 INFO o.a.j.t.JMeterThread: Thread started: 秒杀线程组：1000用户 1-718
2026-07-17 19:25:58,413 INFO o.a.j.t.JMeterThread: Thread started: 秒杀线程组：1000用户 1-719
2026-07-17 19:25:58,420 INFO o.a.j.t.JMeterThread: Thread is done: 秒杀线程组：1000用户 1-718
2026-07-17 19:25:58,420 INFO o.a.j.t.JMeterThread: Thread finished: 秒杀线程组：1000用户 1-718
2026-07-17 19:25:58,420 INFO o.a.j.t.JMeterThread: Thread is done: 秒杀线程组：1000用户 1-719
2026-07-17 19:25:58,420 INFO o.a.j.t.JMeterThread: Thread finished: 秒杀线程组：1000用户 1-719
2026-07-17 19:25:58,423 INFO o.a.j.t.JMeterThread: Thread started: 秒杀线程组：1000用户 1-720
2026-07-17 19:25:58,428 INFO o.a.j.t.JMeterThread: Thread is done: 秒杀线程组：1000用户 1-720
2026-07-17 19:25:58,428 INFO o.a.j.t.JMeterThread: Thread finished: 秒杀线程组：1000用户 1-720
2026-07-17 19:25:58,434 INFO o.a.j.t.JMeterThread: Thread started: 秒杀线程组：1000用户 1-722
2026-07-17 19:25:58,437 INFO o.a.j.t.JMeterThread: Thread started: 秒杀线程组：1000用户 1-721
2026-07-17 19:25:58,438 INFO o.a.j.t.JMeterThread: Thread started: 秒杀线程组：1000用户 1-723
2026-07-17 19:25:58,440 INFO o.a.j.t.JMeterThread: Thread is done: 秒杀线程组：1000用户 1-722
2026-07-17 19:25:58,440 INFO o.a.j.t.JMeterThread: Thread finished: 秒杀线程组：1000用户 1-722
2026-07-17 19:25:58,441 INFO o.a.j.t.JMeterThread: Thread is done: 秒杀线程组：1000用户 1-721
2026-07-17 19:25:58,441 INFO o.a.j.t.JMeterThread: Thread finished: 秒杀线程组：1000用户 1-721
2026-07-17 19:25:58,442 INFO o.a.j.t.JMeterThread: Thread is done: 秒杀线程组：1000用户 1-723
2026-07-17 19:25:58,442 INFO o.a.j.t.JMeterThread: Thread finished: 秒杀线程组：1000用户 1-723
2026-07-17 19:25:58,448 INFO o.a.j.t.JMeterThread: Thread started: 秒杀线程组：1000用户 1-725
2026-07-17 19:25:58,452 INFO o.a.j.t.JMeterThread: Thread started: 秒杀线程组：1000用户 1-726
2026-07-17 19:25:58,452 INFO o.a.j.t.JMeterThread: Thread started: 秒杀线程组：1000用户 1-724
2026-07-17 19:25:58,453 INFO o.a.j.t.JMeterThread: Thread is done: 秒杀线程组：1000用户 1-725
2026-07-17 19:25:58,454 INFO o.a.j.t.JMeterThread: Thread finished: 秒杀线程组：1000用户 1-725
2026-07-17 19:25:58,457 INFO o.a.j.t.JMeterThread: Thread started: 秒杀线程组：1000用户 1-727
2026-07-17 19:25:58,457 INFO o.a.j.t.JMeterThread: Thread is done: 秒杀线程组：1000用户 1-726
2026-07-17 19:25:58,457 INFO o.a.j.t.JMeterThread: Thread finished: 秒杀线程组：1000用户 1-726
2026-07-17 19:25:58,457 INFO o.a.j.t.JMeterThread: Thread is done: 秒杀线程组：1000用户 1-724
2026-07-17 19:25:58,457 INFO o.a.j.t.JMeterThread: Thread finished: 秒杀线程组：1000用户 1-724
2026-07-17 19:25:58,461 INFO o.a.j.t.JMeterThread: Thread is done: 秒杀线程组：1000用户 1-727
2026-07-17 19:25:58,461 INFO o.a.j.t.JMeterThread: Thread finished: 秒杀线程组：1000用户 1-727
2026-07-17 19:25:58,463 INFO o.a.j.t.JMeterThread: Thread started: 秒杀线程组：1000用户 1-729
2026-07-17 19:25:58,467 INFO o.a.j.t.JMeterThread: Thread started: 秒杀线程组：1000用户 1-730
2026-07-17 19:25:58,468 INFO o.a.j.t.JMeterThread: Thread started: 秒杀线程组：1000用户 1-728
2026-07-17 19:25:58,469 INFO o.a.j.t.JMeterThread: Thread is done: 秒杀线程组：1000用户 1-729
2026-07-17 19:25:58,469 INFO o.a.j.t.JMeterThread: Thread finished: 秒杀线程组：1000用户 1-729
2026-07-17 19:25:58,472 INFO o.a.j.t.JMeterThread: Thread is done: 秒杀线程组：1000用户 1-730
2026-07-17 19:25:58,472 INFO o.a.j.t.JMeterThread: Thread finished: 秒杀线程组：1000用户 1-730
2026-07-17 19:25:58,472 INFO o.a.j.t.JMeterThread: Thread is done: 秒杀线程组：1000用户 1-728
2026-07-17 19:25:58,472 INFO o.a.j.t.JMeterThread: Thread finished: 秒杀线程组：1000用户 1-728
2026-07-17 19:25:58,477 INFO o.a.j.t.JMeterThread: Thread started: 秒杀线程组：1000用户 1-732
2026-07-17 19:25:58,477 INFO o.a.j.t.JMeterThread: Thread started: 秒杀线程组：1000用户 1-731
2026-07-17 19:25:58,482 INFO o.a.j.t.JMeterThread: Thread is done: 秒杀线程组：1000用户 1-732
2026-07-17 19:25:58,483 INFO o.a.j.t.JMeterThread: Thread finished: 秒杀线程组：1000用户 1-732
2026-07-17 19:25:58,483 INFO o.a.j.t.JMeterThread: Thread is done: 秒杀线程组：1000用户 1-731
2026-07-17 19:25:58,483 INFO o.a.j.t.JMeterThread: Thread finished: 秒杀线程组：1000用户 1-731
2026-07-17 19:25:58,491 INFO o.a.j.t.JMeterThread: Thread started: 秒杀线程组：1000用户 1-734
2026-07-17 19:25:58,502 INFO o.a.j.t.JMeterThread: Thread started: 秒杀线程组：1000用户 1-733
2026-07-17 19:25:58,502 INFO o.a.j.t.JMeterThread: Thread started: 秒杀线程组：1000用户 1-735
2026-07-17 19:25:58,504 INFO o.a.j.t.JMeterThread: Thread started: 秒杀线程组：1000用户 1-736
2026-07-17 19:25:58,507 INFO o.a.j.t.JMeterThread: Thread is done: 秒杀线程组：1000用户 1-734
2026-07-17 19:25:58,507 INFO o.a.j.t.JMeterThread: Thread is done: 秒杀线程组：1000用户 1-733
2026-07-17 19:25:58,508 INFO o.a.j.t.JMeterThread: Thread is done: 秒杀线程组：1000用户 1-735
2026-07-17 19:25:58,509 INFO o.a.j.t.JMeterThread: Thread finished: 秒杀线程组：1000用户 1-735
2026-07-17 19:25:58,506 INFO o.a.j.t.JMeterThread: Thread started: 秒杀线程组：1000用户 1-737
2026-07-17 19:25:58,507 INFO o.a.j.t.JMeterThread: Thread finished: 秒杀线程组：1000用户 1-734
2026-07-17 19:25:58,509 INFO o.a.j.t.JMeterThread: Thread finished: 秒杀线程组：1000用户 1-733
2026-07-17 19:25:58,511 INFO o.a.j.t.JMeterThread: Thread started: 秒杀线程组：1000用户 1-738
2026-07-17 19:25:58,512 INFO o.a.j.t.JMeterThread: Thread is done: 秒杀线程组：1000用户 1-736
2026-07-17 19:25:58,513 INFO o.a.j.t.JMeterThread: Thread finished: 秒杀线程组：1000用户 1-736
2026-07-17 19:25:58,515 INFO o.a.j.t.JMeterThread: Thread is done: 秒杀线程组：1000用户 1-738
2026-07-17 19:25:58,515 INFO o.a.j.t.JMeterThread: Thread finished: 秒杀线程组：1000用户 1-738
2026-07-17 19:25:58,515 INFO o.a.j.t.JMeterThread: Thread is done: 秒杀线程组：1000用户 1-737
2026-07-17 19:25:58,515 INFO o.a.j.t.JMeterThread: Thread finished: 秒杀线程组：1000用户 1-737
2026-07-17 19:25:58,516 INFO o.a.j.t.JMeterThread: Thread started: 秒杀线程组：1000用户 1-739
2026-07-17 19:25:58,520 INFO o.a.j.t.JMeterThread: Thread is done: 秒杀线程组：1000用户 1-739
2026-07-17 19:25:58,521 INFO o.a.j.t.JMeterThread: Thread finished: 秒杀线程组：1000用户 1-739
2026-07-17 19:25:58,522 INFO o.a.j.t.JMeterThread: Thread started: 秒杀线程组：1000用户 1-740
2026-07-17 19:25:58,525 INFO o.a.j.t.JMeterThread: Thread is done: 秒杀线程组：1000用户 1-740
2026-07-17 19:25:58,525 INFO o.a.j.t.JMeterThread: Thread finished: 秒杀线程组：1000用户 1-740
2026-07-17 19:25:58,526 INFO o.a.j.t.JMeterThread: Thread started: 秒杀线程组：1000用户 1-741
2026-07-17 19:25:58,530 INFO o.a.j.t.JMeterThread: Thread is done: 秒杀线程组：1000用户 1-741
2026-07-17 19:25:58,530 INFO o.a.j.t.JMeterThread: Thread finished: 秒杀线程组：1000用户 1-741
2026-07-17 19:25:58,531 INFO o.a.j.t.JMeterThread: Thread started: 秒杀线程组：1000用户 1-742
2026-07-17 19:25:58,535 INFO o.a.j.t.JMeterThread: Thread is done: 秒杀线程组：1000用户 1-742
2026-07-17 19:25:58,535 INFO o.a.j.t.JMeterThread: Thread finished: 秒杀线程组：1000用户 1-742
2026-07-17 19:25:58,536 INFO o.a.j.t.JMeterThread: Thread started: 秒杀线程组：1000用户 1-743
2026-07-17 19:25:58,540 INFO o.a.j.t.JMeterThread: Thread is done: 秒杀线程组：1000用户 1-743
2026-07-17 19:25:58,540 INFO o.a.j.t.JMeterThread: Thread finished: 秒杀线程组：1000用户 1-743
2026-07-17 19:25:58,541 INFO o.a.j.t.JMeterThread: Thread started: 秒杀线程组：1000用户 1-744
2026-07-17 19:25:58,546 INFO o.a.j.t.JMeterThread: Thread is done: 秒杀线程组：1000用户 1-744
2026-07-17 19:25:58,546 INFO o.a.j.t.JMeterThread: Thread finished: 秒杀线程组：1000用户 1-744
2026-07-17 19:25:58,548 INFO o.a.j.t.JMeterThread: Thread started: 秒杀线程组：1000用户 1-745
2026-07-17 19:25:58,551 INFO o.a.j.t.JMeterThread: Thread started: 秒杀线程组：1000用户 1-746
2026-07-17 19:25:58,551 INFO o.a.j.t.JMeterThread: Thread is done: 秒杀线程组：1000用户 1-745
2026-07-17 19:25:58,551 INFO o.a.j.t.JMeterThread: Thread finished: 秒杀线程组：1000用户 1-745
2026-07-17 19:25:58,555 INFO o.a.j.t.JMeterThread: Thread is done: 秒杀线程组：1000用户 1-746
2026-07-17 19:25:58,555 INFO o.a.j.t.JMeterThread: Thread finished: 秒杀线程组：1000用户 1-746
2026-07-17 19:25:58,558 INFO o.a.j.t.JMeterThread: Thread started: 秒杀线程组：1000用户 1-747
2026-07-17 19:25:58,562 INFO o.a.j.t.JMeterThread: Thread is done: 秒杀线程组：1000用户 1-747
2026-07-17 19:25:58,562 INFO o.a.j.t.JMeterThread: Thread finished: 秒杀线程组：1000用户 1-747
2026-07-17 19:25:58,563 INFO o.a.j.t.JMeterThread: Thread started: 秒杀线程组：1000用户 1-748
2026-07-17 19:25:58,566 INFO o.a.j.t.JMeterThread: Thread started: 秒杀线程组：1000用户 1-749
2026-07-17 19:25:58,566 INFO o.a.j.t.JMeterThread: Thread is done: 秒杀线程组：1000用户 1-748
2026-07-17 19:25:58,566 INFO o.a.j.t.JMeterThread: Thread finished: 秒杀线程组：1000用户 1-748
2026-07-17 19:25:58,570 INFO o.a.j.t.JMeterThread: Thread is done: 秒杀线程组：1000用户 1-749
2026-07-17 19:25:58,571 INFO o.a.j.t.JMeterThread: Thread finished: 秒杀线程组：1000用户 1-749
2026-07-17 19:25:58,575 INFO o.a.j.t.JMeterThread: Thread started: 秒杀线程组：1000用户 1-751
2026-07-17 19:25:58,580 INFO o.a.j.t.JMeterThread: Thread started: 秒杀线程组：1000用户 1-752
2026-07-17 19:25:58,580 INFO o.a.j.t.JMeterThread: Thread is done: 秒杀线程组：1000用户 1-751
2026-07-17 19:25:58,580 INFO o.a.j.t.JMeterThread: Thread started: 秒杀线程组：1000用户 1-750
2026-07-17 19:25:58,580 INFO o.a.j.t.JMeterThread: Thread finished: 秒杀线程组：1000用户 1-751
2026-07-17 19:25:58,585 INFO o.a.j.t.JMeterThread: Thread is done: 秒杀线程组：1000用户 1-752
2026-07-17 19:25:58,585 INFO o.a.j.t.JMeterThread: Thread is done: 秒杀线程组：1000用户 1-750
2026-07-17 19:25:58,585 INFO o.a.j.t.JMeterThread: Thread finished: 秒杀线程组：1000用户 1-752
2026-07-17 19:25:58,585 INFO o.a.j.t.JMeterThread: Thread finished: 秒杀线程组：1000用户 1-750
2026-07-17 19:25:58,594 INFO o.a.j.t.JMeterThread: Thread started: 秒杀线程组：1000用户 1-753
2026-07-17 19:25:58,596 INFO o.a.j.t.JMeterThread: Thread started: 秒杀线程组：1000用户 1-754
2026-07-17 19:25:58,596 INFO o.a.j.t.JMeterThread: Thread started: 秒杀线程组：1000用户 1-755
2026-07-17 19:25:58,599 INFO o.a.j.t.JMeterThread: Thread is done: 秒杀线程组：1000用户 1-753
2026-07-17 19:25:58,599 INFO o.a.j.t.JMeterThread: Thread is done: 秒杀线程组：1000用户 1-754
2026-07-17 19:25:58,599 INFO o.a.j.t.JMeterThread: Thread finished: 秒杀线程组：1000用户 1-753
2026-07-17 19:25:58,599 INFO o.a.j.t.JMeterThread: Thread finished: 秒杀线程组：1000用户 1-754
2026-07-17 19:25:58,599 INFO o.a.j.t.JMeterThread: Thread is done: 秒杀线程组：1000用户 1-755
2026-07-17 19:25:58,600 INFO o.a.j.t.JMeterThread: Thread finished: 秒杀线程组：1000用户 1-755
2026-07-17 19:25:58,602 INFO o.a.j.t.JMeterThread: Thread started: 秒杀线程组：1000用户 1-756
2026-07-17 19:25:58,605 INFO o.a.j.t.JMeterThread: Thread started: 秒杀线程组：1000用户 1-757
2026-07-17 19:25:58,607 INFO o.a.j.t.JMeterThread: Thread is done: 秒杀线程组：1000用户 1-756
2026-07-17 19:25:58,607 INFO o.a.j.t.JMeterThread: Thread finished: 秒杀线程组：1000用户 1-756
2026-07-17 19:25:58,610 INFO o.a.j.t.JMeterThread: Thread started: 秒杀线程组：1000用户 1-758
2026-07-17 19:25:58,610 INFO o.a.j.t.JMeterThread: Thread is done: 秒杀线程组：1000用户 1-757
2026-07-17 19:25:58,610 INFO o.a.j.t.JMeterThread: Thread finished: 秒杀线程组：1000用户 1-757
2026-07-17 19:25:58,614 INFO o.a.j.t.JMeterThread: Thread is done: 秒杀线程组：1000用户 1-758
2026-07-17 19:25:58,614 INFO o.a.j.t.JMeterThread: Thread finished: 秒杀线程组：1000用户 1-758
2026-07-17 19:25:58,615 INFO o.a.j.t.JMeterThread: Thread started: 秒杀线程组：1000用户 1-759
2026-07-17 19:25:58,620 INFO o.a.j.t.JMeterThread: Thread started: 秒杀线程组：1000用户 1-760
2026-07-17 19:25:58,621 INFO o.a.j.t.JMeterThread: Thread is done: 秒杀线程组：1000用户 1-759
2026-07-17 19:25:58,621 INFO o.a.j.t.JMeterThread: Thread finished: 秒杀线程组：1000用户 1-759
2026-07-17 19:25:58,625 INFO o.a.j.t.JMeterThread: Thread started: 秒杀线程组：1000用户 1-761
2026-07-17 19:25:58,625 INFO o.a.j.t.JMeterThread: Thread is done: 秒杀线程组：1000用户 1-760
2026-07-17 19:25:58,625 INFO o.a.j.t.JMeterThread: Thread finished: 秒杀线程组：1000用户 1-760
2026-07-17 19:25:58,630 INFO o.a.j.t.JMeterThread: Thread is done: 秒杀线程组：1000用户 1-761
2026-07-17 19:25:58,630 INFO o.a.j.t.JMeterThread: Thread finished: 秒杀线程组：1000用户 1-761
2026-07-17 19:25:58,639 INFO o.a.j.t.JMeterThread: Thread started: 秒杀线程组：1000用户 1-762
2026-07-17 19:25:58,643 INFO o.a.j.t.JMeterThread: Thread started: 秒杀线程组：1000用户 1-764
2026-07-17 19:25:58,643 INFO o.a.j.t.JMeterThread: Thread is done: 秒杀线程组：1000用户 1-762
2026-07-17 19:25:58,644 INFO o.a.j.t.JMeterThread: Thread finished: 秒杀线程组：1000用户 1-762
2026-07-17 19:25:58,644 INFO o.a.j.t.JMeterThread: Thread started: 秒杀线程组：1000用户 1-763
2026-07-17 19:25:58,648 INFO o.a.j.t.JMeterThread: Thread is done: 秒杀线程组：1000用户 1-764
2026-07-17 19:25:58,648 INFO o.a.j.t.JMeterThread: Thread is done: 秒杀线程组：1000用户 1-763
2026-07-17 19:25:58,648 INFO o.a.j.t.JMeterThread: Thread finished: 秒杀线程组：1000用户 1-763
2026-07-17 19:25:58,648 INFO o.a.j.t.JMeterThread: Thread started: 秒杀线程组：1000用户 1-765
2026-07-17 19:25:58,648 INFO o.a.j.t.JMeterThread: Thread finished: 秒杀线程组：1000用户 1-764
2026-07-17 19:25:58,653 INFO o.a.j.t.JMeterThread: Thread is done: 秒杀线程组：1000用户 1-765
2026-07-17 19:25:58,653 INFO o.a.j.t.JMeterThread: Thread finished: 秒杀线程组：1000用户 1-765
2026-07-17 19:25:58,657 INFO o.a.j.t.JMeterThread: Thread started: 秒杀线程组：1000用户 1-766
2026-07-17 19:25:58,659 INFO o.a.j.t.JMeterThread: Thread started: 秒杀线程组：1000用户 1-767
2026-07-17 19:25:58,661 INFO o.a.j.t.JMeterThread: Thread is done: 秒杀线程组：1000用户 1-766
2026-07-17 19:25:58,661 INFO o.a.j.t.JMeterThread: Thread finished: 秒杀线程组：1000用户 1-766
2026-07-17 19:25:58,661 INFO o.a.j.t.JMeterThread: Thread is done: 秒杀线程组：1000用户 1-767
2026-07-17 19:25:58,661 INFO o.a.j.t.JMeterThread: Thread finished: 秒杀线程组：1000用户 1-767
2026-07-17 19:25:58,664 INFO o.a.j.t.JMeterThread: Thread started: 秒杀线程组：1000用户 1-768
2026-07-17 19:25:58,668 INFO o.a.j.t.JMeterThread: Thread is done: 秒杀线程组：1000用户 1-768
2026-07-17 19:25:58,668 INFO o.a.j.t.JMeterThread: Thread finished: 秒杀线程组：1000用户 1-768
2026-07-17 19:25:58,673 INFO o.a.j.t.JMeterThread: Thread started: 秒杀线程组：1000用户 1-769
2026-07-17 19:25:58,676 INFO o.a.j.t.JMeterThread: Thread started: 秒杀线程组：1000用户 1-771
2026-07-17 19:25:58,677 INFO o.a.j.t.JMeterThread: Thread is done: 秒杀线程组：1000用户 1-769
2026-07-17 19:25:58,677 INFO o.a.j.t.JMeterThread: Thread finished: 秒杀线程组：1000用户 1-769
2026-07-17 19:25:58,678 INFO o.a.j.t.JMeterThread: Thread started: 秒杀线程组：1000用户 1-770
2026-07-17 19:25:58,680 INFO o.a.j.t.JMeterThread: Thread is done: 秒杀线程组：1000用户 1-771
2026-07-17 19:25:58,680 INFO o.a.j.t.JMeterThread: Thread finished: 秒杀线程组：1000用户 1-771
2026-07-17 19:25:58,681 INFO o.a.j.t.JMeterThread: Thread is done: 秒杀线程组：1000用户 1-770
2026-07-17 19:25:58,681 INFO o.a.j.t.JMeterThread: Thread finished: 秒杀线程组：1000用户 1-770
2026-07-17 19:25:58,684 INFO o.a.j.t.JMeterThread: Thread started: 秒杀线程组：1000用户 1-773
2026-07-17 19:25:58,688 INFO o.a.j.t.JMeterThread: Thread started: 秒杀线程组：1000用户 1-772
2026-07-17 19:25:58,688 INFO o.a.j.t.JMeterThread: Thread is done: 秒杀线程组：1000用户 1-773
2026-07-17 19:25:58,688 INFO o.a.j.t.JMeterThread: Thread finished: 秒杀线程组：1000用户 1-773
2026-07-17 19:25:58,690 INFO o.a.j.t.JMeterThread: Thread started: 秒杀线程组：1000用户 1-774
2026-07-17 19:25:58,693 INFO o.a.j.t.JMeterThread: Thread is done: 秒杀线程组：1000用户 1-772
2026-07-17 19:25:58,693 INFO o.a.j.t.JMeterThread: Thread finished: 秒杀线程组：1000用户 1-772
2026-07-17 19:25:58,693 INFO o.a.j.t.JMeterThread: Thread is done: 秒杀线程组：1000用户 1-774
2026-07-17 19:25:58,693 INFO o.a.j.t.JMeterThread: Thread finished: 秒杀线程组：1000用户 1-774
2026-07-17 19:25:58,694 INFO o.a.j.t.JMeterThread: Thread started: 秒杀线程组：1000用户 1-775
2026-07-17 19:25:58,698 INFO o.a.j.t.JMeterThread: Thread is done: 秒杀线程组：1000用户 1-775
2026-07-17 19:25:58,698 INFO o.a.j.t.JMeterThread: Thread finished: 秒杀线程组：1000用户 1-775
2026-07-17 19:25:58,701 INFO o.a.j.t.JMeterThread: Thread started: 秒杀线程组：1000用户 1-776
2026-07-17 19:25:58,705 INFO o.a.j.t.JMeterThread: Thread is done: 秒杀线程组：1000用户 1-776
2026-07-17 19:25:58,705 INFO o.a.j.t.JMeterThread: Thread finished: 秒杀线程组：1000用户 1-776
2026-07-17 19:25:58,707 INFO o.a.j.t.JMeterThread: Thread started: 秒杀线程组：1000用户 1-777
2026-07-17 19:25:58,711 INFO o.a.j.t.JMeterThread: Thread is done: 秒杀线程组：1000用户 1-777
2026-07-17 19:25:58,711 INFO o.a.j.t.JMeterThread: Thread finished: 秒杀线程组：1000用户 1-777
2026-07-17 19:25:58,714 INFO o.a.j.t.JMeterThread: Thread started: 秒杀线程组：1000用户 1-778
2026-07-17 19:25:58,716 INFO o.a.j.t.JMeterThread: Thread started: 秒杀线程组：1000用户 1-779
2026-07-17 19:25:58,718 INFO o.a.j.t.JMeterThread: Thread is done: 秒杀线程组：1000用户 1-778
2026-07-17 19:25:58,718 INFO o.a.j.t.JMeterThread: Thread finished: 秒杀线程组：1000用户 1-778
2026-07-17 19:25:58,718 INFO o.a.j.t.JMeterThread: Thread is done: 秒杀线程组：1000用户 1-779
2026-07-17 19:25:58,718 INFO o.a.j.t.JMeterThread: Thread finished: 秒杀线程组：1000用户 1-779
2026-07-17 19:25:58,720 INFO o.a.j.t.JMeterThread: Thread started: 秒杀线程组：1000用户 1-780
2026-07-17 19:25:58,723 INFO o.a.j.t.JMeterThread: Thread is done: 秒杀线程组：1000用户 1-780
2026-07-17 19:25:58,723 INFO o.a.j.t.JMeterThread: Thread finished: 秒杀线程组：1000用户 1-780
2026-07-17 19:25:58,725 INFO o.a.j.t.JMeterThread: Thread started: 秒杀线程组：1000用户 1-781
2026-07-17 19:25:58,729 INFO o.a.j.t.JMeterThread: Thread is done: 秒杀线程组：1000用户 1-781
2026-07-17 19:25:58,729 INFO o.a.j.t.JMeterThread: Thread finished: 秒杀线程组：1000用户 1-781
2026-07-17 19:25:58,730 INFO o.a.j.t.JMeterThread: Thread started: 秒杀线程组：1000用户 1-782
2026-07-17 19:25:58,734 INFO o.a.j.t.JMeterThread: Thread is done: 秒杀线程组：1000用户 1-782
2026-07-17 19:25:58,734 INFO o.a.j.t.JMeterThread: Thread finished: 秒杀线程组：1000用户 1-782
2026-07-17 19:25:58,738 INFO o.a.j.t.JMeterThread: Thread started: 秒杀线程组：1000用户 1-784
2026-07-17 19:25:58,742 INFO o.a.j.t.JMeterThread: Thread started: 秒杀线程组：1000用户 1-783
2026-07-17 19:25:58,742 INFO o.a.j.t.JMeterThread: Thread is done: 秒杀线程组：1000用户 1-784
2026-07-17 19:25:58,742 INFO o.a.j.t.JMeterThread: Thread finished: 秒杀线程组：1000用户 1-784
2026-07-17 19:25:58,743 INFO o.a.j.t.JMeterThread: Thread started: 秒杀线程组：1000用户 1-785
2026-07-17 19:25:58,745 INFO o.a.j.t.JMeterThread: Thread is done: 秒杀线程组：1000用户 1-783
2026-07-17 19:25:58,745 INFO o.a.j.t.JMeterThread: Thread finished: 秒杀线程组：1000用户 1-783
2026-07-17 19:25:58,745 INFO o.a.j.t.JMeterThread: Thread is done: 秒杀线程组：1000用户 1-785
2026-07-17 19:25:58,745 INFO o.a.j.t.JMeterThread: Thread finished: 秒杀线程组：1000用户 1-785
2026-07-17 19:25:58,753 INFO o.a.j.t.JMeterThread: Thread started: 秒杀线程组：1000用户 1-787
2026-07-17 19:25:58,756 INFO o.a.j.t.JMeterThread: Thread is done: 秒杀线程组：1000用户 1-787
2026-07-17 19:25:58,756 INFO o.a.j.t.JMeterThread: Thread finished: 秒杀线程组：1000用户 1-787
2026-07-17 19:25:58,757 INFO o.a.j.t.JMeterThread: Thread started: 秒杀线程组：1000用户 1-786
2026-07-17 19:25:58,760 INFO o.a.j.t.JMeterThread: Thread started: 秒杀线程组：1000用户 1-788
2026-07-17 19:25:58,762 INFO o.a.j.t.JMeterThread: Thread is done: 秒杀线程组：1000用户 1-786
2026-07-17 19:25:58,762 INFO o.a.j.t.JMeterThread: Thread finished: 秒杀线程组：1000用户 1-786
2026-07-17 19:25:58,763 INFO o.a.j.t.JMeterThread: Thread is done: 秒杀线程组：1000用户 1-788
2026-07-17 19:25:58,763 INFO o.a.j.t.JMeterThread: Thread finished: 秒杀线程组：1000用户 1-788
2026-07-17 19:25:58,770 INFO o.a.j.t.JMeterThread: Thread started: 秒杀线程组：1000用户 1-789
2026-07-17 19:25:58,775 INFO o.a.j.t.JMeterThread: Thread is done: 秒杀线程组：1000用户 1-789
2026-07-17 19:25:58,775 INFO o.a.j.t.JMeterThread: Thread finished: 秒杀线程组：1000用户 1-789
2026-07-17 19:25:58,776 INFO o.a.j.t.JMeterThread: Thread started: 秒杀线程组：1000用户 1-791
2026-07-17 19:25:58,778 INFO o.a.j.t.JMeterThread: Thread started: 秒杀线程组：1000用户 1-792
2026-07-17 19:25:58,778 INFO o.a.j.t.JMeterThread: Thread started: 秒杀线程组：1000用户 1-790
2026-07-17 19:25:58,780 INFO o.a.j.t.JMeterThread: Thread is done: 秒杀线程组：1000用户 1-791
2026-07-17 19:25:58,780 INFO o.a.j.t.JMeterThread: Thread finished: 秒杀线程组：1000用户 1-791
2026-07-17 19:25:58,781 INFO o.a.j.t.JMeterThread: Thread is done: 秒杀线程组：1000用户 1-790
2026-07-17 19:25:58,781 INFO o.a.j.t.JMeterThread: Thread finished: 秒杀线程组：1000用户 1-790
2026-07-17 19:25:58,781 INFO o.a.j.t.JMeterThread: Thread is done: 秒杀线程组：1000用户 1-792
2026-07-17 19:25:58,781 INFO o.a.j.t.JMeterThread: Thread finished: 秒杀线程组：1000用户 1-792
2026-07-17 19:25:58,787 INFO o.a.j.t.JMeterThread: Thread started: 秒杀线程组：1000用户 1-793
2026-07-17 19:25:58,791 INFO o.a.j.t.JMeterThread: Thread started: 秒杀线程组：1000用户 1-794
2026-07-17 19:25:58,791 INFO o.a.j.t.JMeterThread: Thread is done: 秒杀线程组：1000用户 1-793
2026-07-17 19:25:58,791 INFO o.a.j.t.JMeterThread: Thread finished: 秒杀线程组：1000用户 1-793
2026-07-17 19:25:58,794 INFO o.a.j.t.JMeterThread: Thread is done: 秒杀线程组：1000用户 1-794
2026-07-17 19:25:58,794 INFO o.a.j.t.JMeterThread: Thread finished: 秒杀线程组：1000用户 1-794
2026-07-17 19:25:58,800 INFO o.a.j.t.JMeterThread: Thread started: 秒杀线程组：1000用户 1-796
2026-07-17 19:25:58,801 INFO o.a.j.t.JMeterThread: Thread started: 秒杀线程组：1000用户 1-795
2026-07-17 19:25:58,804 INFO o.a.j.t.JMeterThread: Thread is done: 秒杀线程组：1000用户 1-796
2026-07-17 19:25:58,804 INFO o.a.j.t.JMeterThread: Thread finished: 秒杀线程组：1000用户 1-796
2026-07-17 19:25:58,804 INFO o.a.j.t.JMeterThread: Thread is done: 秒杀线程组：1000用户 1-795
2026-07-17 19:25:58,804 INFO o.a.j.t.JMeterThread: Thread finished: 秒杀线程组：1000用户 1-795
2026-07-17 19:25:58,805 INFO o.a.j.t.JMeterThread: Thread started: 秒杀线程组：1000用户 1-797
2026-07-17 19:25:58,809 INFO o.a.j.t.JMeterThread: Thread is done: 秒杀线程组：1000用户 1-797
2026-07-17 19:25:58,809 INFO o.a.j.t.JMeterThread: Thread finished: 秒杀线程组：1000用户 1-797
2026-07-17 19:25:58,817 INFO o.a.j.t.JMeterThread: Thread started: 秒杀线程组：1000用户 1-798
2026-07-17 19:25:58,817 INFO o.a.j.t.JMeterThread: Thread started: 秒杀线程组：1000用户 1-799
2026-07-17 19:25:58,822 INFO o.a.j.t.JMeterThread: Thread started: 秒杀线程组：1000用户 1-801
2026-07-17 19:25:58,822 INFO o.a.j.t.JMeterThread: Thread is done: 秒杀线程组：1000用户 1-798
2026-07-17 19:25:58,822 INFO o.a.j.t.JMeterThread: Thread is done: 秒杀线程组：1000用户 1-799
2026-07-17 19:25:58,822 INFO o.a.j.t.JMeterThread: Thread finished: 秒杀线程组：1000用户 1-798
2026-07-17 19:25:58,822 INFO o.a.j.t.JMeterThread: Thread finished: 秒杀线程组：1000用户 1-799
2026-07-17 19:25:58,825 INFO o.a.j.t.JMeterThread: Thread started: 秒杀线程组：1000用户 1-800
2026-07-17 19:25:58,826 INFO o.a.j.t.JMeterThread: Thread is done: 秒杀线程组：1000用户 1-801
2026-07-17 19:25:58,827 INFO o.a.j.t.JMeterThread: Thread finished: 秒杀线程组：1000用户 1-801
2026-07-17 19:25:58,828 INFO o.a.j.t.JMeterThread: Thread is done: 秒杀线程组：1000用户 1-800
2026-07-17 19:25:58,828 INFO o.a.j.t.JMeterThread: Thread finished: 秒杀线程组：1000用户 1-800
2026-07-17 19:25:58,831 INFO o.a.j.t.JMeterThread: Thread started: 秒杀线程组：1000用户 1-802
2026-07-17 19:25:58,836 INFO o.a.j.t.JMeterThread: Thread started: 秒杀线程组：1000用户 1-803
2026-07-17 19:25:58,837 INFO o.a.j.t.JMeterThread: Thread is done: 秒杀线程组：1000用户 1-802
2026-07-17 19:25:58,837 INFO o.a.j.t.JMeterThread: Thread finished: 秒杀线程组：1000用户 1-802
2026-07-17 19:25:58,839 INFO o.a.j.t.JMeterThread: Thread started: 秒杀线程组：1000用户 1-804
2026-07-17 19:25:58,839 INFO o.a.j.t.JMeterThread: Thread is done: 秒杀线程组：1000用户 1-803
2026-07-17 19:25:58,840 INFO o.a.j.t.JMeterThread: Thread finished: 秒杀线程组：1000用户 1-803
2026-07-17 19:25:58,843 INFO o.a.j.t.JMeterThread: Thread started: 秒杀线程组：1000用户 1-805
2026-07-17 19:25:58,843 INFO o.a.j.t.JMeterThread: Thread is done: 秒杀线程组：1000用户 1-804
2026-07-17 19:25:58,843 INFO o.a.j.t.JMeterThread: Thread finished: 秒杀线程组：1000用户 1-804
2026-07-17 19:25:58,847 INFO o.a.j.t.JMeterThread: Thread is done: 秒杀线程组：1000用户 1-805
2026-07-17 19:25:58,847 INFO o.a.j.t.JMeterThread: Thread finished: 秒杀线程组：1000用户 1-805
2026-07-17 19:25:58,851 INFO o.a.j.t.JMeterThread: Thread started: 秒杀线程组：1000用户 1-806
2026-07-17 19:25:58,856 INFO o.a.j.t.JMeterThread: Thread started: 秒杀线程组：1000用户 1-807
2026-07-17 19:25:58,858 INFO o.a.j.t.JMeterThread: Thread is done: 秒杀线程组：1000用户 1-806
2026-07-17 19:25:58,858 INFO o.a.j.t.JMeterThread: Thread finished: 秒杀线程组：1000用户 1-806
2026-07-17 19:25:58,860 INFO o.a.j.t.JMeterThread: Thread is done: 秒杀线程组：1000用户 1-807
2026-07-17 19:25:58,860 INFO o.a.j.t.JMeterThread: Thread finished: 秒杀线程组：1000用户 1-807
2026-07-17 19:25:58,863 INFO o.a.j.t.JMeterThread: Thread started: 秒杀线程组：1000用户 1-808
2026-07-17 19:25:58,868 INFO o.a.j.t.JMeterThread: Thread started: 秒杀线程组：1000用户 1-810
2026-07-17 19:25:58,868 INFO o.a.j.t.JMeterThread: Thread started: 秒杀线程组：1000用户 1-809
2026-07-17 19:25:58,871 INFO o.a.j.t.JMeterThread: Thread is done: 秒杀线程组：1000用户 1-808
2026-07-17 19:25:58,871 INFO o.a.j.t.JMeterThread: Thread finished: 秒杀线程组：1000用户 1-808
2026-07-17 19:25:58,874 INFO o.a.j.t.JMeterThread: Thread is done: 秒杀线程组：1000用户 1-810
2026-07-17 19:25:58,874 INFO o.a.j.t.JMeterThread: Thread finished: 秒杀线程组：1000用户 1-810
2026-07-17 19:25:58,874 INFO o.a.j.t.JMeterThread: Thread is done: 秒杀线程组：1000用户 1-809
2026-07-17 19:25:58,874 INFO o.a.j.t.JMeterThread: Thread finished: 秒杀线程组：1000用户 1-809
2026-07-17 19:25:58,876 INFO o.a.j.t.JMeterThread: Thread started: 秒杀线程组：1000用户 1-811
2026-07-17 19:25:58,876 INFO o.a.j.t.JMeterThread: Thread started: 秒杀线程组：1000用户 1-812
2026-07-17 19:25:58,881 INFO o.a.j.t.JMeterThread: Thread is done: 秒杀线程组：1000用户 1-812
2026-07-17 19:25:58,881 INFO o.a.j.t.JMeterThread: Thread finished: 秒杀线程组：1000用户 1-812
2026-07-17 19:25:58,881 INFO o.a.j.t.JMeterThread: Thread is done: 秒杀线程组：1000用户 1-811
2026-07-17 19:25:58,881 INFO o.a.j.t.JMeterThread: Thread finished: 秒杀线程组：1000用户 1-811
2026-07-17 19:25:58,891 INFO o.a.j.t.JMeterThread: Thread started: 秒杀线程组：1000用户 1-813
2026-07-17 19:25:58,895 INFO o.a.j.t.JMeterThread: Thread started: 秒杀线程组：1000用户 1-814
2026-07-17 19:25:58,896 INFO o.a.j.t.JMeterThread: Thread is done: 秒杀线程组：1000用户 1-813
2026-07-17 19:25:58,897 INFO o.a.j.t.JMeterThread: Thread finished: 秒杀线程组：1000用户 1-813
2026-07-17 19:25:58,899 INFO o.a.j.t.JMeterThread: Thread started: 秒杀线程组：1000用户 1-815
2026-07-17 19:25:58,900 INFO o.a.j.t.JMeterThread: Thread is done: 秒杀线程组：1000用户 1-814
2026-07-17 19:25:58,900 INFO o.a.j.t.JMeterThread: Thread finished: 秒杀线程组：1000用户 1-814
2026-07-17 19:25:58,900 INFO o.a.j.t.JMeterThread: Thread started: 秒杀线程组：1000用户 1-816
2026-07-17 19:25:58,903 INFO o.a.j.t.JMeterThread: Thread is done: 秒杀线程组：1000用户 1-815
2026-07-17 19:25:58,903 INFO o.a.j.t.JMeterThread: Thread finished: 秒杀线程组：1000用户 1-815
2026-07-17 19:25:58,903 INFO o.a.j.t.JMeterThread: Thread is done: 秒杀线程组：1000用户 1-816
2026-07-17 19:25:58,903 INFO o.a.j.t.JMeterThread: Thread finished: 秒杀线程组：1000用户 1-816
2026-07-17 19:25:58,907 INFO o.a.j.t.JMeterThread: Thread started: 秒杀线程组：1000用户 1-817
2026-07-17 19:25:58,910 INFO o.a.j.t.JMeterThread: Thread is done: 秒杀线程组：1000用户 1-817
2026-07-17 19:25:58,912 INFO o.a.j.t.JMeterThread: Thread finished: 秒杀线程组：1000用户 1-817
2026-07-17 19:25:58,912 INFO o.a.j.t.JMeterThread: Thread started: 秒杀线程组：1000用户 1-818
2026-07-17 19:25:58,916 INFO o.a.j.t.JMeterThread: Thread started: 秒杀线程组：1000用户 1-819
2026-07-17 19:25:58,916 INFO o.a.j.t.JMeterThread: Thread is done: 秒杀线程组：1000用户 1-818
2026-07-17 19:25:58,916 INFO o.a.j.t.JMeterThread: Thread finished: 秒杀线程组：1000用户 1-818
2026-07-17 19:25:58,920 INFO o.a.j.t.JMeterThread: Thread is done: 秒杀线程组：1000用户 1-819
2026-07-17 19:25:58,920 INFO o.a.j.t.JMeterThread: Thread finished: 秒杀线程组：1000用户 1-819
2026-07-17 19:25:58,921 INFO o.a.j.t.JMeterThread: Thread started: 秒杀线程组：1000用户 1-820
2026-07-17 19:25:58,925 INFO o.a.j.t.JMeterThread: Thread started: 秒杀线程组：1000用户 1-821
2026-07-17 19:25:58,925 INFO o.a.j.t.JMeterThread: Thread is done: 秒杀线程组：1000用户 1-820
2026-07-17 19:25:58,925 INFO o.a.j.t.JMeterThread: Thread finished: 秒杀线程组：1000用户 1-820
2026-07-17 19:25:58,926 INFO o.a.j.t.JMeterThread: Thread started: 秒杀线程组：1000用户 1-822
2026-07-17 19:25:58,929 INFO o.a.j.t.JMeterThread: Thread is done: 秒杀线程组：1000用户 1-822
2026-07-17 19:25:58,929 INFO o.a.j.t.JMeterThread: Thread is done: 秒杀线程组：1000用户 1-821
2026-07-17 19:25:58,929 INFO o.a.j.t.JMeterThread: Thread finished: 秒杀线程组：1000用户 1-822
2026-07-17 19:25:58,929 INFO o.a.j.t.JMeterThread: Thread finished: 秒杀线程组：1000用户 1-821
2026-07-17 19:25:58,937 INFO o.a.j.t.JMeterThread: Thread started: 秒杀线程组：1000用户 1-823
2026-07-17 19:25:58,941 INFO o.a.j.t.JMeterThread: Thread is done: 秒杀线程组：1000用户 1-823
2026-07-17 19:25:58,941 INFO o.a.j.t.JMeterThread: Thread finished: 秒杀线程组：1000用户 1-823
2026-07-17 19:25:58,943 INFO o.a.j.t.JMeterThread: Thread started: 秒杀线程组：1000用户 1-824
2026-07-17 19:25:58,945 INFO o.a.j.t.JMeterThread: Thread started: 秒杀线程组：1000用户 1-825
2026-07-17 19:25:58,947 INFO o.a.j.t.JMeterThread: Thread is done: 秒杀线程组：1000用户 1-824
2026-07-17 19:25:58,947 INFO o.a.j.t.JMeterThread: Thread finished: 秒杀线程组：1000用户 1-824
2026-07-17 19:25:58,948 INFO o.a.j.t.JMeterThread: Thread is done: 秒杀线程组：1000用户 1-825
2026-07-17 19:25:58,948 INFO o.a.j.t.JMeterThread: Thread finished: 秒杀线程组：1000用户 1-825
2026-07-17 19:25:58,950 INFO o.a.j.t.JMeterThread: Thread started: 秒杀线程组：1000用户 1-826
2026-07-17 19:25:58,952 INFO o.a.j.t.JMeterThread: Thread started: 秒杀线程组：1000用户 1-827
2026-07-17 19:25:58,953 INFO o.a.j.t.JMeterThread: Thread is done: 秒杀线程组：1000用户 1-826
2026-07-17 19:25:58,953 INFO o.a.j.t.JMeterThread: Thread finished: 秒杀线程组：1000用户 1-826
2026-07-17 19:25:58,955 INFO o.a.j.t.JMeterThread: Thread is done: 秒杀线程组：1000用户 1-827
2026-07-17 19:25:58,955 INFO o.a.j.t.JMeterThread: Thread finished: 秒杀线程组：1000用户 1-827
2026-07-17 19:25:58,964 INFO o.a.j.t.JMeterThread: Thread started: 秒杀线程组：1000用户 1-828
2026-07-17 19:25:58,968 INFO o.a.j.t.JMeterThread: Thread is done: 秒杀线程组：1000用户 1-828
2026-07-17 19:25:58,968 INFO o.a.j.t.JMeterThread: Thread finished: 秒杀线程组：1000用户 1-828
2026-07-17 19:25:58,969 INFO o.a.j.t.JMeterThread: Thread started: 秒杀线程组：1000用户 1-829
2026-07-17 19:25:58,973 INFO o.a.j.t.JMeterThread: Thread is done: 秒杀线程组：1000用户 1-829
2026-07-17 19:25:58,973 INFO o.a.j.t.JMeterThread: Thread finished: 秒杀线程组：1000用户 1-829
2026-07-17 19:25:58,973 INFO o.a.j.t.JMeterThread: Thread started: 秒杀线程组：1000用户 1-830
2026-07-17 19:25:58,977 INFO o.a.j.t.JMeterThread: Thread started: 秒杀线程组：1000用户 1-832
2026-07-17 19:25:58,977 INFO o.a.j.t.JMeterThread: Thread is done: 秒杀线程组：1000用户 1-830
2026-07-17 19:25:58,977 INFO o.a.j.t.JMeterThread: Thread finished: 秒杀线程组：1000用户 1-830
2026-07-17 19:25:58,980 INFO o.a.j.t.JMeterThread: Thread started: 秒杀线程组：1000用户 1-831
2026-07-17 19:25:58,981 INFO o.a.j.t.JMeterThread: Thread is done: 秒杀线程组：1000用户 1-832
2026-07-17 19:25:58,981 INFO o.a.j.t.JMeterThread: Thread finished: 秒杀线程组：1000用户 1-832
2026-07-17 19:25:58,984 INFO o.a.j.t.JMeterThread: Thread is done: 秒杀线程组：1000用户 1-831
2026-07-17 19:25:58,984 INFO o.a.j.t.JMeterThread: Thread finished: 秒杀线程组：1000用户 1-831
2026-07-17 19:25:58,985 INFO o.a.j.t.JMeterThread: Thread started: 秒杀线程组：1000用户 1-833
2026-07-17 19:25:58,987 INFO o.a.j.t.JMeterThread: Thread started: 秒杀线程组：1000用户 1-834
2026-07-17 19:25:58,989 INFO o.a.j.t.JMeterThread: Thread is done: 秒杀线程组：1000用户 1-833
2026-07-17 19:25:58,989 INFO o.a.j.t.JMeterThread: Thread finished: 秒杀线程组：1000用户 1-833
2026-07-17 19:25:58,991 INFO o.a.j.t.JMeterThread: Thread is done: 秒杀线程组：1000用户 1-834
2026-07-17 19:25:58,991 INFO o.a.j.t.JMeterThread: Thread finished: 秒杀线程组：1000用户 1-834
2026-07-17 19:25:58,995 INFO o.a.j.t.JMeterThread: Thread started: 秒杀线程组：1000用户 1-835
2026-07-17 19:25:58,998 INFO o.a.j.t.JMeterThread: Thread started: 秒杀线程组：1000用户 1-836
2026-07-17 19:25:58,999 INFO o.a.j.t.JMeterThread: Thread is done: 秒杀线程组：1000用户 1-835
2026-07-17 19:25:58,999 INFO o.a.j.t.JMeterThread: Thread finished: 秒杀线程组：1000用户 1-835
2026-07-17 19:25:59,002 INFO o.a.j.t.JMeterThread: Thread is done: 秒杀线程组：1000用户 1-836
2026-07-17 19:25:59,002 INFO o.a.j.t.JMeterThread: Thread finished: 秒杀线程组：1000用户 1-836
2026-07-17 19:25:59,010 INFO o.a.j.t.JMeterThread: Thread started: 秒杀线程组：1000用户 1-837
2026-07-17 19:25:59,012 INFO o.a.j.t.JMeterThread: Thread started: 秒杀线程组：1000用户 1-838
2026-07-17 19:25:59,014 INFO o.a.j.t.JMeterThread: Thread is done: 秒杀线程组：1000用户 1-837
2026-07-17 19:25:59,014 INFO o.a.j.t.JMeterThread: Thread finished: 秒杀线程组：1000用户 1-837
2026-07-17 19:25:59,015 INFO o.a.j.t.JMeterThread: Thread started: 秒杀线程组：1000用户 1-839
2026-07-17 19:25:59,015 INFO o.a.j.t.JMeterThread: Thread is done: 秒杀线程组：1000用户 1-838
2026-07-17 19:25:59,015 INFO o.a.j.t.JMeterThread: Thread finished: 秒杀线程组：1000用户 1-838
2026-07-17 19:25:59,017 INFO o.a.j.t.JMeterThread: Thread started: 秒杀线程组：1000用户 1-840
2026-07-17 19:25:59,018 INFO o.a.j.t.JMeterThread: Thread is done: 秒杀线程组：1000用户 1-839
2026-07-17 19:25:59,018 INFO o.a.j.t.JMeterThread: Thread finished: 秒杀线程组：1000用户 1-839
2026-07-17 19:25:59,020 INFO o.a.j.t.JMeterThread: Thread is done: 秒杀线程组：1000用户 1-840
2026-07-17 19:25:59,020 INFO o.a.j.t.JMeterThread: Thread finished: 秒杀线程组：1000用户 1-840
2026-07-17 19:25:59,027 INFO o.a.j.t.JMeterThread: Thread started: 秒杀线程组：1000用户 1-841
2026-07-17 19:25:59,032 INFO o.a.j.t.JMeterThread: Thread started: 秒杀线程组：1000用户 1-842
2026-07-17 19:25:59,038 INFO o.a.j.t.JMeterThread: Thread started: 秒杀线程组：1000用户 1-843
2026-07-17 19:25:59,042 INFO o.a.j.t.JMeterThread: Thread started: 秒杀线程组：1000用户 1-844
2026-07-17 19:25:59,044 INFO o.a.j.t.JMeterThread: Thread started: 秒杀线程组：1000用户 1-845
2026-07-17 19:25:59,051 INFO o.a.j.t.JMeterThread: Thread started: 秒杀线程组：1000用户 1-846
2026-07-17 19:25:59,058 INFO o.a.j.t.JMeterThread: Thread started: 秒杀线程组：1000用户 1-847
2026-07-17 19:25:59,058 INFO o.a.j.t.JMeterThread: Thread started: 秒杀线程组：1000用户 1-848
2026-07-17 19:25:59,068 INFO o.a.j.t.JMeterThread: Thread started: 秒杀线程组：1000用户 1-849
2026-07-17 19:25:59,072 INFO o.a.j.t.JMeterThread: Thread started: 秒杀线程组：1000用户 1-850
2026-07-17 19:25:59,073 INFO o.a.j.t.JMeterThread: Thread is done: 秒杀线程组：1000用户 1-841
2026-07-17 19:25:59,073 INFO o.a.j.t.JMeterThread: Thread is done: 秒杀线程组：1000用户 1-844
2026-07-17 19:25:59,073 INFO o.a.j.t.JMeterThread: Thread finished: 秒杀线程组：1000用户 1-841
2026-07-17 19:25:59,073 INFO o.a.j.t.JMeterThread: Thread is done: 秒杀线程组：1000用户 1-843
2026-07-17 19:25:59,073 INFO o.a.j.t.JMeterThread: Thread finished: 秒杀线程组：1000用户 1-844
2026-07-17 19:25:59,073 INFO o.a.j.t.JMeterThread: Thread finished: 秒杀线程组：1000用户 1-843
2026-07-17 19:25:59,073 INFO o.a.j.t.JMeterThread: Thread is done: 秒杀线程组：1000用户 1-849
2026-07-17 19:25:59,074 INFO o.a.j.t.JMeterThread: Thread finished: 秒杀线程组：1000用户 1-849
2026-07-17 19:25:59,074 INFO o.a.j.t.JMeterThread: Thread is done: 秒杀线程组：1000用户 1-846
2026-07-17 19:25:59,074 INFO o.a.j.t.JMeterThread: Thread is done: 秒杀线程组：1000用户 1-847
2026-07-17 19:25:59,074 INFO o.a.j.t.JMeterThread: Thread finished: 秒杀线程组：1000用户 1-847
2026-07-17 19:25:59,074 INFO o.a.j.t.JMeterThread: Thread finished: 秒杀线程组：1000用户 1-846
2026-07-17 19:25:59,074 INFO o.a.j.t.JMeterThread: Thread is done: 秒杀线程组：1000用户 1-842
2026-07-17 19:25:59,074 INFO o.a.j.t.JMeterThread: Thread finished: 秒杀线程组：1000用户 1-842
2026-07-17 19:25:59,074 INFO o.a.j.t.JMeterThread: Thread is done: 秒杀线程组：1000用户 1-848
2026-07-17 19:25:59,074 INFO o.a.j.t.JMeterThread: Thread is done: 秒杀线程组：1000用户 1-845
2026-07-17 19:25:59,074 INFO o.a.j.t.JMeterThread: Thread finished: 秒杀线程组：1000用户 1-845
2026-07-17 19:25:59,074 INFO o.a.j.t.JMeterThread: Thread finished: 秒杀线程组：1000用户 1-848
2026-07-17 19:25:59,076 INFO o.a.j.t.JMeterThread: Thread is done: 秒杀线程组：1000用户 1-850
2026-07-17 19:25:59,076 INFO o.a.j.t.JMeterThread: Thread finished: 秒杀线程组：1000用户 1-850
2026-07-17 19:25:59,076 INFO o.a.j.t.JMeterThread: Thread started: 秒杀线程组：1000用户 1-851
2026-07-17 19:25:59,080 INFO o.a.j.t.JMeterThread: Thread started: 秒杀线程组：1000用户 1-852
2026-07-17 19:25:59,080 INFO o.a.j.t.JMeterThread: Thread is done: 秒杀线程组：1000用户 1-851
2026-07-17 19:25:59,080 INFO o.a.j.t.JMeterThread: Thread finished: 秒杀线程组：1000用户 1-851
2026-07-17 19:25:59,084 INFO o.a.j.t.JMeterThread: Thread is done: 秒杀线程组：1000用户 1-852
2026-07-17 19:25:59,084 INFO o.a.j.t.JMeterThread: Thread finished: 秒杀线程组：1000用户 1-852
2026-07-17 19:25:59,088 INFO o.a.j.t.JMeterThread: Thread started: 秒杀线程组：1000用户 1-853
2026-07-17 19:25:59,092 INFO o.a.j.t.JMeterThread: Thread is done: 秒杀线程组：1000用户 1-853
2026-07-17 19:25:59,092 INFO o.a.j.t.JMeterThread: Thread finished: 秒杀线程组：1000用户 1-853
2026-07-17 19:25:59,093 INFO o.a.j.t.JMeterThread: Thread started: 秒杀线程组：1000用户 1-854
2026-07-17 19:25:59,096 INFO o.a.j.t.JMeterThread: Thread started: 秒杀线程组：1000用户 1-855
2026-07-17 19:25:59,096 INFO o.a.j.t.JMeterThread: Thread is done: 秒杀线程组：1000用户 1-854
2026-07-17 19:25:59,096 INFO o.a.j.t.JMeterThread: Thread finished: 秒杀线程组：1000用户 1-854
2026-07-17 19:25:59,100 INFO o.a.j.t.JMeterThread: Thread is done: 秒杀线程组：1000用户 1-855
2026-07-17 19:25:59,100 INFO o.a.j.t.JMeterThread: Thread finished: 秒杀线程组：1000用户 1-855
2026-07-17 19:25:59,101 INFO o.a.j.t.JMeterThread: Thread started: 秒杀线程组：1000用户 1-856
2026-07-17 19:25:59,105 INFO o.a.j.t.JMeterThread: Thread is done: 秒杀线程组：1000用户 1-856
2026-07-17 19:25:59,105 INFO o.a.j.t.JMeterThread: Thread finished: 秒杀线程组：1000用户 1-856
2026-07-17 19:25:59,107 INFO o.a.j.t.JMeterThread: Thread started: 秒杀线程组：1000用户 1-857
2026-07-17 19:25:59,111 INFO o.a.j.t.JMeterThread: Thread started: 秒杀线程组：1000用户 1-858
2026-07-17 19:25:59,111 INFO o.a.j.t.JMeterThread: Thread is done: 秒杀线程组：1000用户 1-857
2026-07-17 19:25:59,111 INFO o.a.j.t.JMeterThread: Thread finished: 秒杀线程组：1000用户 1-857
2026-07-17 19:25:59,115 INFO o.a.j.t.JMeterThread: Thread started: 秒杀线程组：1000用户 1-859
2026-07-17 19:25:59,116 INFO o.a.j.t.JMeterThread: Thread is done: 秒杀线程组：1000用户 1-858
2026-07-17 19:25:59,116 INFO o.a.j.t.JMeterThread: Thread finished: 秒杀线程组：1000用户 1-858
2026-07-17 19:25:59,119 INFO o.a.j.t.JMeterThread: Thread is done: 秒杀线程组：1000用户 1-859
2026-07-17 19:25:59,119 INFO o.a.j.t.JMeterThread: Thread finished: 秒杀线程组：1000用户 1-859
2026-07-17 19:25:59,120 INFO o.a.j.t.JMeterThread: Thread started: 秒杀线程组：1000用户 1-860
2026-07-17 19:25:59,123 INFO o.a.j.t.JMeterThread: Thread is done: 秒杀线程组：1000用户 1-860
2026-07-17 19:25:59,123 INFO o.a.j.t.JMeterThread: Thread finished: 秒杀线程组：1000用户 1-860
2026-07-17 19:25:59,127 INFO o.a.j.t.JMeterThread: Thread started: 秒杀线程组：1000用户 1-861
2026-07-17 19:25:59,131 INFO o.a.j.t.JMeterThread: Thread is done: 秒杀线程组：1000用户 1-861
2026-07-17 19:25:59,131 INFO o.a.j.t.JMeterThread: Thread finished: 秒杀线程组：1000用户 1-861
2026-07-17 19:25:59,131 INFO o.a.j.t.JMeterThread: Thread started: 秒杀线程组：1000用户 1-862
2026-07-17 19:25:59,133 INFO o.a.j.t.JMeterThread: Thread started: 秒杀线程组：1000用户 1-863
2026-07-17 19:25:59,134 INFO o.a.j.t.JMeterThread: Thread is done: 秒杀线程组：1000用户 1-862
2026-07-17 19:25:59,134 INFO o.a.j.t.JMeterThread: Thread finished: 秒杀线程组：1000用户 1-862
2026-07-17 19:25:59,136 INFO o.a.j.t.JMeterThread: Thread is done: 秒杀线程组：1000用户 1-863
2026-07-17 19:25:59,136 INFO o.a.j.t.JMeterThread: Thread finished: 秒杀线程组：1000用户 1-863
2026-07-17 19:25:59,141 INFO o.a.j.t.JMeterThread: Thread started: 秒杀线程组：1000用户 1-864
2026-07-17 19:25:59,145 INFO o.a.j.t.JMeterThread: Thread is done: 秒杀线程组：1000用户 1-864
2026-07-17 19:25:59,145 INFO o.a.j.t.JMeterThread: Thread finished: 秒杀线程组：1000用户 1-864
2026-07-17 19:25:59,145 INFO o.a.j.t.JMeterThread: Thread started: 秒杀线程组：1000用户 1-865
2026-07-17 19:25:59,149 INFO o.a.j.t.JMeterThread: Thread is done: 秒杀线程组：1000用户 1-865
2026-07-17 19:25:59,149 INFO o.a.j.t.JMeterThread: Thread finished: 秒杀线程组：1000用户 1-865
2026-07-17 19:25:59,152 INFO o.a.j.t.JMeterThread: Thread started: 秒杀线程组：1000用户 1-866
2026-07-17 19:25:59,155 INFO o.a.j.t.JMeterThread: Thread started: 秒杀线程组：1000用户 1-867
2026-07-17 19:25:59,157 INFO o.a.j.t.JMeterThread: Thread is done: 秒杀线程组：1000用户 1-866
2026-07-17 19:25:59,157 INFO o.a.j.t.JMeterThread: Thread finished: 秒杀线程组：1000用户 1-866
2026-07-17 19:25:59,160 INFO o.a.j.t.JMeterThread: Thread is done: 秒杀线程组：1000用户 1-867
2026-07-17 19:25:59,160 INFO o.a.j.t.JMeterThread: Thread finished: 秒杀线程组：1000用户 1-867
2026-07-17 19:25:59,162 INFO o.a.j.t.JMeterThread: Thread started: 秒杀线程组：1000用户 1-868
2026-07-17 19:25:59,165 INFO o.a.j.t.JMeterThread: Thread started: 秒杀线程组：1000用户 1-869
2026-07-17 19:25:59,167 INFO o.a.j.t.JMeterThread: Thread is done: 秒杀线程组：1000用户 1-868
2026-07-17 19:25:59,167 INFO o.a.j.t.JMeterThread: Thread finished: 秒杀线程组：1000用户 1-868
2026-07-17 19:25:59,169 INFO o.a.j.t.JMeterThread: Thread is done: 秒杀线程组：1000用户 1-869
2026-07-17 19:25:59,169 INFO o.a.j.t.JMeterThread: Thread finished: 秒杀线程组：1000用户 1-869
2026-07-17 19:25:59,173 INFO o.a.j.t.JMeterThread: Thread started: 秒杀线程组：1000用户 1-870
2026-07-17 19:25:59,175 INFO o.a.j.t.JMeterThread: Thread started: 秒杀线程组：1000用户 1-871
2026-07-17 19:25:59,177 INFO o.a.j.t.JMeterThread: Thread is done: 秒杀线程组：1000用户 1-870
2026-07-17 19:25:59,177 INFO o.a.j.t.JMeterThread: Thread finished: 秒杀线程组：1000用户 1-870
2026-07-17 19:25:59,178 INFO o.a.j.t.JMeterThread: Thread is done: 秒杀线程组：1000用户 1-871
2026-07-17 19:25:59,178 INFO o.a.j.t.JMeterThread: Thread finished: 秒杀线程组：1000用户 1-871
2026-07-17 19:25:59,180 INFO o.a.j.t.JMeterThread: Thread started: 秒杀线程组：1000用户 1-872
2026-07-17 19:25:59,182 INFO o.a.j.t.JMeterThread: Thread started: 秒杀线程组：1000用户 1-873
2026-07-17 19:25:59,185 INFO o.a.j.t.JMeterThread: Thread is done: 秒杀线程组：1000用户 1-872
2026-07-17 19:25:59,185 INFO o.a.j.t.JMeterThread: Thread finished: 秒杀线程组：1000用户 1-872
2026-07-17 19:25:59,186 INFO o.a.j.t.JMeterThread: Thread is done: 秒杀线程组：1000用户 1-873
2026-07-17 19:25:59,186 INFO o.a.j.t.JMeterThread: Thread finished: 秒杀线程组：1000用户 1-873
2026-07-17 19:25:59,190 INFO o.a.j.t.JMeterThread: Thread started: 秒杀线程组：1000用户 1-874
2026-07-17 19:25:59,193 INFO o.a.j.t.JMeterThread: Thread started: 秒杀线程组：1000用户 1-875
2026-07-17 19:25:59,194 INFO o.a.j.t.JMeterThread: Thread is done: 秒杀线程组：1000用户 1-874
2026-07-17 19:25:59,194 INFO o.a.j.t.JMeterThread: Thread finished: 秒杀线程组：1000用户 1-874
2026-07-17 19:25:59,197 INFO o.a.j.t.JMeterThread: Thread is done: 秒杀线程组：1000用户 1-875
2026-07-17 19:25:59,197 INFO o.a.j.t.JMeterThread: Thread finished: 秒杀线程组：1000用户 1-875
2026-07-17 19:25:59,200 INFO o.a.j.t.JMeterThread: Thread started: 秒杀线程组：1000用户 1-876
2026-07-17 19:25:59,204 INFO o.a.j.t.JMeterThread: Thread started: 秒杀线程组：1000用户 1-877
2026-07-17 19:25:59,204 INFO o.a.j.t.JMeterThread: Thread is done: 秒杀线程组：1000用户 1-876
2026-07-17 19:25:59,204 INFO o.a.j.t.JMeterThread: Thread finished: 秒杀线程组：1000用户 1-876
2026-07-17 19:25:59,209 INFO o.a.j.t.JMeterThread: Thread is done: 秒杀线程组：1000用户 1-877
2026-07-17 19:25:59,209 INFO o.a.j.t.JMeterThread: Thread finished: 秒杀线程组：1000用户 1-877
2026-07-17 19:25:59,210 INFO o.a.j.t.JMeterThread: Thread started: 秒杀线程组：1000用户 1-878
2026-07-17 19:25:59,214 INFO o.a.j.t.JMeterThread: Thread started: 秒杀线程组：1000用户 1-879
2026-07-17 19:25:59,214 INFO o.a.j.t.JMeterThread: Thread is done: 秒杀线程组：1000用户 1-878
2026-07-17 19:25:59,215 INFO o.a.j.t.JMeterThread: Thread finished: 秒杀线程组：1000用户 1-878
2026-07-17 19:25:59,218 INFO o.a.j.t.JMeterThread: Thread is done: 秒杀线程组：1000用户 1-879
2026-07-17 19:25:59,218 INFO o.a.j.t.JMeterThread: Thread finished: 秒杀线程组：1000用户 1-879
2026-07-17 19:25:59,221 INFO o.a.j.t.JMeterThread: Thread started: 秒杀线程组：1000用户 1-880
2026-07-17 19:25:59,221 INFO o.a.j.t.JMeterThread: Thread started: 秒杀线程组：1000用户 1-881
2026-07-17 19:25:59,223 INFO o.a.j.t.JMeterThread: Thread started: 秒杀线程组：1000用户 1-882
2026-07-17 19:25:59,226 INFO o.a.j.t.JMeterThread: Thread is done: 秒杀线程组：1000用户 1-880
2026-07-17 19:25:59,226 INFO o.a.j.t.JMeterThread: Thread is done: 秒杀线程组：1000用户 1-881
2026-07-17 19:25:59,226 INFO o.a.j.t.JMeterThread: Thread finished: 秒杀线程组：1000用户 1-880
2026-07-17 19:25:59,226 INFO o.a.j.t.JMeterThread: Thread finished: 秒杀线程组：1000用户 1-881
2026-07-17 19:25:59,226 INFO o.a.j.t.JMeterThread: Thread is done: 秒杀线程组：1000用户 1-882
2026-07-17 19:25:59,226 INFO o.a.j.t.JMeterThread: Thread finished: 秒杀线程组：1000用户 1-882
2026-07-17 19:25:59,228 INFO o.a.j.t.JMeterThread: Thread started: 秒杀线程组：1000用户 1-883
2026-07-17 19:25:59,232 INFO o.a.j.t.JMeterThread: Thread is done: 秒杀线程组：1000用户 1-883
2026-07-17 19:25:59,232 INFO o.a.j.t.JMeterThread: Thread finished: 秒杀线程组：1000用户 1-883
2026-07-17 19:25:59,236 INFO o.a.j.t.JMeterThread: Thread started: 秒杀线程组：1000用户 1-884
2026-07-17 19:25:59,241 INFO o.a.j.t.JMeterThread: Thread is done: 秒杀线程组：1000用户 1-884
2026-07-17 19:25:59,241 INFO o.a.j.t.JMeterThread: Thread finished: 秒杀线程组：1000用户 1-884
2026-07-17 19:25:59,241 INFO o.a.j.t.JMeterThread: Thread started: 秒杀线程组：1000用户 1-885
2026-07-17 19:25:59,243 INFO o.a.j.t.JMeterThread: Thread started: 秒杀线程组：1000用户 1-886
2026-07-17 19:25:59,244 INFO o.a.j.t.JMeterThread: Thread is done: 秒杀线程组：1000用户 1-885
2026-07-17 19:25:59,244 INFO o.a.j.t.JMeterThread: Thread finished: 秒杀线程组：1000用户 1-885
2026-07-17 19:25:59,246 INFO o.a.j.t.JMeterThread: Thread is done: 秒杀线程组：1000用户 1-886
2026-07-17 19:25:59,246 INFO o.a.j.t.JMeterThread: Thread finished: 秒杀线程组：1000用户 1-886
2026-07-17 19:25:59,248 INFO o.a.j.t.JMeterThread: Thread started: 秒杀线程组：1000用户 1-887
2026-07-17 19:25:59,252 INFO o.a.j.t.JMeterThread: Thread is done: 秒杀线程组：1000用户 1-887
2026-07-17 19:25:59,252 INFO o.a.j.t.JMeterThread: Thread finished: 秒杀线程组：1000用户 1-887
2026-07-17 19:25:59,260 INFO o.a.j.t.JMeterThread: Thread started: 秒杀线程组：1000用户 1-888
2026-07-17 19:25:59,261 INFO o.a.j.t.JMeterThread: Thread started: 秒杀线程组：1000用户 1-889
2026-07-17 19:25:59,264 INFO o.a.j.t.JMeterThread: Thread is done: 秒杀线程组：1000用户 1-888
2026-07-17 19:25:59,264 INFO o.a.j.t.JMeterThread: Thread is done: 秒杀线程组：1000用户 1-889
2026-07-17 19:25:59,264 INFO o.a.j.t.JMeterThread: Thread finished: 秒杀线程组：1000用户 1-888
2026-07-17 19:25:59,265 INFO o.a.j.t.JMeterThread: Thread finished: 秒杀线程组：1000用户 1-889
2026-07-17 19:25:59,266 INFO o.a.j.t.JMeterThread: Thread started: 秒杀线程组：1000用户 1-890
2026-07-17 19:25:59,267 INFO o.a.j.t.JMeterThread: Thread started: 秒杀线程组：1000用户 1-891
2026-07-17 19:25:59,270 INFO o.a.j.t.JMeterThread: Thread is done: 秒杀线程组：1000用户 1-891
2026-07-17 19:25:59,270 INFO o.a.j.t.JMeterThread: Thread finished: 秒杀线程组：1000用户 1-891
2026-07-17 19:25:59,270 INFO o.a.j.t.JMeterThread: Thread is done: 秒杀线程组：1000用户 1-890
2026-07-17 19:25:59,270 INFO o.a.j.t.JMeterThread: Thread finished: 秒杀线程组：1000用户 1-890
2026-07-17 19:25:59,272 INFO o.a.j.t.JMeterThread: Thread started: 秒杀线程组：1000用户 1-892
2026-07-17 19:25:59,277 INFO o.a.j.t.JMeterThread: Thread is done: 秒杀线程组：1000用户 1-892
2026-07-17 19:25:59,277 INFO o.a.j.t.JMeterThread: Thread finished: 秒杀线程组：1000用户 1-892
2026-07-17 19:25:59,281 INFO o.a.j.t.JMeterThread: Thread started: 秒杀线程组：1000用户 1-894
2026-07-17 19:25:59,283 INFO o.a.j.t.JMeterThread: Thread started: 秒杀线程组：1000用户 1-893
2026-07-17 19:25:59,287 INFO o.a.j.t.JMeterThread: Thread is done: 秒杀线程组：1000用户 1-893
2026-07-17 19:25:59,287 INFO o.a.j.t.JMeterThread: Thread is done: 秒杀线程组：1000用户 1-894
2026-07-17 19:25:59,287 INFO o.a.j.t.JMeterThread: Thread finished: 秒杀线程组：1000用户 1-893
2026-07-17 19:25:59,287 INFO o.a.j.t.JMeterThread: Thread finished: 秒杀线程组：1000用户 1-894
2026-07-17 19:25:59,292 INFO o.a.j.t.JMeterThread: Thread started: 秒杀线程组：1000用户 1-896
2026-07-17 19:25:59,292 INFO o.a.j.t.JMeterThread: Thread started: 秒杀线程组：1000用户 1-895
2026-07-17 19:25:59,297 INFO o.a.j.t.JMeterThread: Thread is done: 秒杀线程组：1000用户 1-896
2026-07-17 19:25:59,297 INFO o.a.j.t.JMeterThread: Thread is done: 秒杀线程组：1000用户 1-895
2026-07-17 19:25:59,297 INFO o.a.j.t.JMeterThread: Thread finished: 秒杀线程组：1000用户 1-896
2026-07-17 19:25:59,297 INFO o.a.j.t.JMeterThread: Thread finished: 秒杀线程组：1000用户 1-895
2026-07-17 19:25:59,300 INFO o.a.j.t.JMeterThread: Thread started: 秒杀线程组：1000用户 1-897
2026-07-17 19:25:59,305 INFO o.a.j.t.JMeterThread: Thread is done: 秒杀线程组：1000用户 1-897
2026-07-17 19:25:59,305 INFO o.a.j.t.JMeterThread: Thread finished: 秒杀线程组：1000用户 1-897
2026-07-17 19:25:59,308 INFO o.a.j.t.JMeterThread: Thread started: 秒杀线程组：1000用户 1-898
2026-07-17 19:25:59,312 INFO o.a.j.t.JMeterThread: Thread started: 秒杀线程组：1000用户 1-899
2026-07-17 19:25:59,312 INFO o.a.j.t.JMeterThread: Thread is done: 秒杀线程组：1000用户 1-898
2026-07-17 19:25:59,312 INFO o.a.j.t.JMeterThread: Thread finished: 秒杀线程组：1000用户 1-898
2026-07-17 19:25:59,316 INFO o.a.j.t.JMeterThread: Thread is done: 秒杀线程组：1000用户 1-899
2026-07-17 19:25:59,316 INFO o.a.j.t.JMeterThread: Thread finished: 秒杀线程组：1000用户 1-899
2026-07-17 19:25:59,317 INFO o.a.j.t.JMeterThread: Thread started: 秒杀线程组：1000用户 1-900
2026-07-17 19:25:59,321 INFO o.a.j.t.JMeterThread: Thread is done: 秒杀线程组：1000用户 1-900
2026-07-17 19:25:59,321 INFO o.a.j.t.JMeterThread: Thread finished: 秒杀线程组：1000用户 1-900
2026-07-17 19:25:59,325 INFO o.a.j.t.JMeterThread: Thread started: 秒杀线程组：1000用户 1-901
2026-07-17 19:25:59,328 INFO o.a.j.t.JMeterThread: Thread is done: 秒杀线程组：1000用户 1-901
2026-07-17 19:25:59,328 INFO o.a.j.t.JMeterThread: Thread finished: 秒杀线程组：1000用户 1-901
2026-07-17 19:25:59,330 INFO o.a.j.t.JMeterThread: Thread started: 秒杀线程组：1000用户 1-902
2026-07-17 19:25:59,333 INFO o.a.j.t.JMeterThread: Thread started: 秒杀线程组：1000用户 1-903
2026-07-17 19:25:59,333 INFO o.a.j.t.JMeterThread: Thread is done: 秒杀线程组：1000用户 1-902
2026-07-17 19:25:59,333 INFO o.a.j.t.JMeterThread: Thread finished: 秒杀线程组：1000用户 1-902
2026-07-17 19:25:59,335 INFO o.a.j.t.JMeterThread: Thread is done: 秒杀线程组：1000用户 1-903
2026-07-17 19:25:59,335 INFO o.a.j.t.JMeterThread: Thread finished: 秒杀线程组：1000用户 1-903
2026-07-17 19:25:59,337 INFO o.a.j.t.JMeterThread: Thread started: 秒杀线程组：1000用户 1-904
2026-07-17 19:25:59,341 INFO o.a.j.t.JMeterThread: Thread is done: 秒杀线程组：1000用户 1-904
2026-07-17 19:25:59,341 INFO o.a.j.t.JMeterThread: Thread finished: 秒杀线程组：1000用户 1-904
2026-07-17 19:25:59,344 INFO o.a.j.t.JMeterThread: Thread started: 秒杀线程组：1000用户 1-906
2026-07-17 19:25:59,344 INFO o.a.j.t.JMeterThread: Thread started: 秒杀线程组：1000用户 1-905
2026-07-17 19:25:59,348 INFO o.a.j.t.JMeterThread: Thread is done: 秒杀线程组：1000用户 1-905
2026-07-17 19:25:59,348 INFO o.a.j.t.JMeterThread: Thread finished: 秒杀线程组：1000用户 1-905
2026-07-17 19:25:59,348 INFO o.a.j.t.JMeterThread: Thread is done: 秒杀线程组：1000用户 1-906
2026-07-17 19:25:59,348 INFO o.a.j.t.JMeterThread: Thread finished: 秒杀线程组：1000用户 1-906
2026-07-17 19:25:59,350 INFO o.a.j.t.JMeterThread: Thread started: 秒杀线程组：1000用户 1-907
2026-07-17 19:25:59,353 INFO o.a.j.t.JMeterThread: Thread is done: 秒杀线程组：1000用户 1-907
2026-07-17 19:25:59,353 INFO o.a.j.t.JMeterThread: Thread finished: 秒杀线程组：1000用户 1-907
2026-07-17 19:25:59,356 INFO o.a.j.t.JMeterThread: Thread started: 秒杀线程组：1000用户 1-908
2026-07-17 19:25:59,361 INFO o.a.j.t.JMeterThread: Thread is done: 秒杀线程组：1000用户 1-908
2026-07-17 19:25:59,361 INFO o.a.j.t.JMeterThread: Thread finished: 秒杀线程组：1000用户 1-908
2026-07-17 19:25:59,362 INFO o.a.j.t.JMeterThread: Thread started: 秒杀线程组：1000用户 1-909
2026-07-17 19:25:59,363 INFO o.a.j.t.JMeterThread: Thread started: 秒杀线程组：1000用户 1-910
2026-07-17 19:25:59,366 INFO o.a.j.t.JMeterThread: Thread is done: 秒杀线程组：1000用户 1-909
2026-07-17 19:25:59,366 INFO o.a.j.t.JMeterThread: Thread finished: 秒杀线程组：1000用户 1-909
2026-07-17 19:25:59,366 INFO o.a.j.t.JMeterThread: Thread is done: 秒杀线程组：1000用户 1-910
2026-07-17 19:25:59,366 INFO o.a.j.t.JMeterThread: Thread finished: 秒杀线程组：1000用户 1-910
2026-07-17 19:25:59,368 INFO o.a.j.t.JMeterThread: Thread started: 秒杀线程组：1000用户 1-911
2026-07-17 19:25:59,372 INFO o.a.j.t.JMeterThread: Thread started: 秒杀线程组：1000用户 1-912
2026-07-17 19:25:59,372 INFO o.a.j.t.JMeterThread: Thread is done: 秒杀线程组：1000用户 1-911
2026-07-17 19:25:59,372 INFO o.a.j.t.JMeterThread: Thread finished: 秒杀线程组：1000用户 1-911
2026-07-17 19:25:59,375 INFO o.a.j.t.JMeterThread: Thread is done: 秒杀线程组：1000用户 1-912
2026-07-17 19:25:59,375 INFO o.a.j.t.JMeterThread: Thread finished: 秒杀线程组：1000用户 1-912
2026-07-17 19:25:59,378 INFO o.a.j.t.JMeterThread: Thread started: 秒杀线程组：1000用户 1-913
2026-07-17 19:25:59,383 INFO o.a.j.t.JMeterThread: Thread is done: 秒杀线程组：1000用户 1-913
2026-07-17 19:25:59,383 INFO o.a.j.t.JMeterThread: Thread finished: 秒杀线程组：1000用户 1-913
2026-07-17 19:25:59,384 INFO o.a.j.t.JMeterThread: Thread started: 秒杀线程组：1000用户 1-914
2026-07-17 19:25:59,387 INFO o.a.j.t.JMeterThread: Thread is done: 秒杀线程组：1000用户 1-914
2026-07-17 19:25:59,387 INFO o.a.j.t.JMeterThread: Thread finished: 秒杀线程组：1000用户 1-914
2026-07-17 19:25:59,391 INFO o.a.j.t.JMeterThread: Thread started: 秒杀线程组：1000用户 1-915
2026-07-17 19:25:59,393 INFO o.a.j.t.JMeterThread: Thread started: 秒杀线程组：1000用户 1-916
2026-07-17 19:25:59,396 INFO o.a.j.t.JMeterThread: Thread is done: 秒杀线程组：1000用户 1-915
2026-07-17 19:25:59,396 INFO o.a.j.t.JMeterThread: Thread finished: 秒杀线程组：1000用户 1-915
2026-07-17 19:25:59,397 INFO o.a.j.t.JMeterThread: Thread is done: 秒杀线程组：1000用户 1-916
2026-07-17 19:25:59,397 INFO o.a.j.t.JMeterThread: Thread finished: 秒杀线程组：1000用户 1-916
2026-07-17 19:25:59,398 INFO o.a.j.t.JMeterThread: Thread started: 秒杀线程组：1000用户 1-917
2026-07-17 19:25:59,402 INFO o.a.j.t.JMeterThread: Thread started: 秒杀线程组：1000用户 1-918
2026-07-17 19:25:59,402 INFO o.a.j.t.JMeterThread: Thread is done: 秒杀线程组：1000用户 1-917
2026-07-17 19:25:59,402 INFO o.a.j.t.JMeterThread: Thread finished: 秒杀线程组：1000用户 1-917
2026-07-17 19:25:59,406 INFO o.a.j.t.JMeterThread: Thread is done: 秒杀线程组：1000用户 1-918
2026-07-17 19:25:59,406 INFO o.a.j.t.JMeterThread: Thread finished: 秒杀线程组：1000用户 1-918
2026-07-17 19:25:59,412 INFO o.a.j.t.JMeterThread: Thread started: 秒杀线程组：1000用户 1-919
2026-07-17 19:25:59,415 INFO o.a.j.t.JMeterThread: Thread started: 秒杀线程组：1000用户 1-920
2026-07-17 19:25:59,418 INFO o.a.j.t.JMeterThread: Thread is done: 秒杀线程组：1000用户 1-919
2026-07-17 19:25:59,418 INFO o.a.j.t.JMeterThread: Thread finished: 秒杀线程组：1000用户 1-919
2026-07-17 19:25:59,418 INFO o.a.j.t.JMeterThread: Thread is done: 秒杀线程组：1000用户 1-920
2026-07-17 19:25:59,419 INFO o.a.j.t.JMeterThread: Thread finished: 秒杀线程组：1000用户 1-920
2026-07-17 19:25:59,422 INFO o.a.j.t.JMeterThread: Thread started: 秒杀线程组：1000用户 1-921
2026-07-17 19:25:59,425 INFO o.a.j.t.JMeterThread: Thread is done: 秒杀线程组：1000用户 1-921
2026-07-17 19:25:59,425 INFO o.a.j.t.JMeterThread: Thread finished: 秒杀线程组：1000用户 1-921
2026-07-17 19:25:59,428 INFO o.a.j.t.JMeterThread: Thread started: 秒杀线程组：1000用户 1-922
2026-07-17 19:25:59,431 INFO o.a.j.t.JMeterThread: Thread is done: 秒杀线程组：1000用户 1-922
2026-07-17 19:25:59,431 INFO o.a.j.t.JMeterThread: Thread finished: 秒杀线程组：1000用户 1-922
2026-07-17 19:25:59,432 INFO o.a.j.t.JMeterThread: Thread started: 秒杀线程组：1000用户 1-923
2026-07-17 19:25:59,436 INFO o.a.j.t.JMeterThread: Thread is done: 秒杀线程组：1000用户 1-923
2026-07-17 19:25:59,436 INFO o.a.j.t.JMeterThread: Thread finished: 秒杀线程组：1000用户 1-923
2026-07-17 19:25:59,438 INFO o.a.j.t.JMeterThread: Thread started: 秒杀线程组：1000用户 1-925
2026-07-17 19:25:59,438 INFO o.a.j.t.JMeterThread: Thread started: 秒杀线程组：1000用户 1-924
2026-07-17 19:25:59,442 INFO o.a.j.t.JMeterThread: Thread is done: 秒杀线程组：1000用户 1-924
2026-07-17 19:25:59,442 INFO o.a.j.t.JMeterThread: Thread finished: 秒杀线程组：1000用户 1-924
2026-07-17 19:25:59,442 INFO o.a.j.t.JMeterThread: Thread is done: 秒杀线程组：1000用户 1-925
2026-07-17 19:25:59,442 INFO o.a.j.t.JMeterThread: Thread finished: 秒杀线程组：1000用户 1-925
2026-07-17 19:25:59,446 INFO o.a.j.t.JMeterThread: Thread started: 秒杀线程组：1000用户 1-927
2026-07-17 19:25:59,447 INFO o.a.j.t.JMeterThread: Thread started: 秒杀线程组：1000用户 1-926
2026-07-17 19:25:59,450 INFO o.a.j.t.JMeterThread: Thread is done: 秒杀线程组：1000用户 1-927
2026-07-17 19:25:59,450 INFO o.a.j.t.JMeterThread: Thread finished: 秒杀线程组：1000用户 1-927
2026-07-17 19:25:59,450 INFO o.a.j.t.JMeterThread: Thread is done: 秒杀线程组：1000用户 1-926
2026-07-17 19:25:59,450 INFO o.a.j.t.JMeterThread: Thread finished: 秒杀线程组：1000用户 1-926
2026-07-17 19:25:59,458 INFO o.a.j.t.JMeterThread: Thread started: 秒杀线程组：1000用户 1-928
2026-07-17 19:25:59,462 INFO o.a.j.t.JMeterThread: Thread started: 秒杀线程组：1000用户 1-929
2026-07-17 19:25:59,462 INFO o.a.j.t.JMeterThread: Thread is done: 秒杀线程组：1000用户 1-928
2026-07-17 19:25:59,462 INFO o.a.j.t.JMeterThread: Thread finished: 秒杀线程组：1000用户 1-928
2026-07-17 19:25:59,465 INFO o.a.j.t.JMeterThread: Thread started: 秒杀线程组：1000用户 1-930
2026-07-17 19:25:59,465 INFO o.a.j.t.JMeterThread: Thread is done: 秒杀线程组：1000用户 1-929
2026-07-17 19:25:59,465 INFO o.a.j.t.JMeterThread: Thread finished: 秒杀线程组：1000用户 1-929
2026-07-17 19:25:59,467 INFO o.a.j.t.JMeterThread: Thread started: 秒杀线程组：1000用户 1-932
2026-07-17 19:25:59,468 INFO o.a.j.t.JMeterThread: Thread is done: 秒杀线程组：1000用户 1-930
2026-07-17 19:25:59,468 INFO o.a.j.t.JMeterThread: Thread finished: 秒杀线程组：1000用户 1-930
2026-07-17 19:25:59,470 INFO o.a.j.t.JMeterThread: Thread started: 秒杀线程组：1000用户 1-931
2026-07-17 19:25:59,470 INFO o.a.j.t.JMeterThread: Thread is done: 秒杀线程组：1000用户 1-932
2026-07-17 19:25:59,470 INFO o.a.j.t.JMeterThread: Thread finished: 秒杀线程组：1000用户 1-932
2026-07-17 19:25:59,473 INFO o.a.j.t.JMeterThread: Thread is done: 秒杀线程组：1000用户 1-931
2026-07-17 19:25:59,473 INFO o.a.j.t.JMeterThread: Thread finished: 秒杀线程组：1000用户 1-931
2026-07-17 19:25:59,480 INFO o.a.j.t.JMeterThread: Thread started: 秒杀线程组：1000用户 1-933
2026-07-17 19:25:59,480 INFO o.a.j.t.JMeterThread: Thread started: 秒杀线程组：1000用户 1-934
2026-07-17 19:25:59,484 INFO o.a.j.t.JMeterThread: Thread is done: 秒杀线程组：1000用户 1-934
2026-07-17 19:25:59,484 INFO o.a.j.t.JMeterThread: Thread finished: 秒杀线程组：1000用户 1-934
2026-07-17 19:25:59,484 INFO o.a.j.t.JMeterThread: Thread is done: 秒杀线程组：1000用户 1-933
2026-07-17 19:25:59,484 INFO o.a.j.t.JMeterThread: Thread finished: 秒杀线程组：1000用户 1-933
2026-07-17 19:25:59,488 INFO o.a.j.t.JMeterThread: Thread started: 秒杀线程组：1000用户 1-936
2026-07-17 19:25:59,490 INFO o.a.j.t.JMeterThread: Thread started: 秒杀线程组：1000用户 1-935
2026-07-17 19:25:59,493 INFO o.a.j.t.JMeterThread: Thread is done: 秒杀线程组：1000用户 1-936
2026-07-17 19:25:59,493 INFO o.a.j.t.JMeterThread: Thread finished: 秒杀线程组：1000用户 1-936
2026-07-17 19:25:59,494 INFO o.a.j.t.JMeterThread: Thread is done: 秒杀线程组：1000用户 1-935
2026-07-17 19:25:59,494 INFO o.a.j.t.JMeterThread: Thread finished: 秒杀线程组：1000用户 1-935
2026-07-17 19:25:59,497 INFO o.a.j.t.JMeterThread: Thread started: 秒杀线程组：1000用户 1-937
2026-07-17 19:25:59,501 INFO o.a.j.t.JMeterThread: Thread is done: 秒杀线程组：1000用户 1-937
2026-07-17 19:25:59,501 INFO o.a.j.t.JMeterThread: Thread finished: 秒杀线程组：1000用户 1-937
2026-07-17 19:25:59,503 INFO o.a.j.t.JMeterThread: Thread started: 秒杀线程组：1000用户 1-938
2026-07-17 19:25:59,507 INFO o.a.j.t.JMeterThread: Thread is done: 秒杀线程组：1000用户 1-938
2026-07-17 19:25:59,507 INFO o.a.j.t.JMeterThread: Thread finished: 秒杀线程组：1000用户 1-938
2026-07-17 19:25:59,508 INFO o.a.j.t.JMeterThread: Thread started: 秒杀线程组：1000用户 1-939
2026-07-17 19:25:59,512 INFO o.a.j.t.JMeterThread: Thread is done: 秒杀线程组：1000用户 1-939
2026-07-17 19:25:59,512 INFO o.a.j.t.JMeterThread: Thread finished: 秒杀线程组：1000用户 1-939
2026-07-17 19:25:59,512 INFO o.a.j.t.JMeterThread: Thread started: 秒杀线程组：1000用户 1-940
2026-07-17 19:25:59,513 INFO o.a.j.t.JMeterThread: Thread started: 秒杀线程组：1000用户 1-941
2026-07-17 19:25:59,516 INFO o.a.j.t.JMeterThread: Thread is done: 秒杀线程组：1000用户 1-940
2026-07-17 19:25:59,516 INFO o.a.j.t.JMeterThread: Thread finished: 秒杀线程组：1000用户 1-940
2026-07-17 19:25:59,516 INFO o.a.j.t.JMeterThread: Thread is done: 秒杀线程组：1000用户 1-941
2026-07-17 19:25:59,516 INFO o.a.j.t.JMeterThread: Thread finished: 秒杀线程组：1000用户 1-941
2026-07-17 19:25:59,522 INFO o.a.j.t.JMeterThread: Thread started: 秒杀线程组：1000用户 1-942
2026-07-17 19:25:59,526 INFO o.a.j.t.JMeterThread: Thread is done: 秒杀线程组：1000用户 1-942
2026-07-17 19:25:59,526 INFO o.a.j.t.JMeterThread: Thread finished: 秒杀线程组：1000用户 1-942
2026-07-17 19:25:59,527 INFO o.a.j.t.JMeterThread: Thread started: 秒杀线程组：1000用户 1-943
2026-07-17 19:25:59,531 INFO o.a.j.t.JMeterThread: Thread is done: 秒杀线程组：1000用户 1-943
2026-07-17 19:25:59,531 INFO o.a.j.t.JMeterThread: Thread finished: 秒杀线程组：1000用户 1-943
2026-07-17 19:25:59,534 INFO o.a.j.t.JMeterThread: Thread started: 秒杀线程组：1000用户 1-944
2026-07-17 19:25:59,538 INFO o.a.j.t.JMeterThread: Thread is done: 秒杀线程组：1000用户 1-944
2026-07-17 19:25:59,538 INFO o.a.j.t.JMeterThread: Thread finished: 秒杀线程组：1000用户 1-944
2026-07-17 19:25:59,539 INFO o.a.j.t.JMeterThread: Thread started: 秒杀线程组：1000用户 1-945
2026-07-17 19:25:59,542 INFO o.a.j.t.JMeterThread: Thread is done: 秒杀线程组：1000用户 1-945
2026-07-17 19:25:59,542 INFO o.a.j.t.JMeterThread: Thread finished: 秒杀线程组：1000用户 1-945
2026-07-17 19:25:59,543 INFO o.a.j.t.JMeterThread: Thread started: 秒杀线程组：1000用户 1-946
2026-07-17 19:25:59,546 INFO o.a.j.t.JMeterThread: Thread started: 秒杀线程组：1000用户 1-948
2026-07-17 19:25:59,547 INFO o.a.j.t.JMeterThread: Thread is done: 秒杀线程组：1000用户 1-946
2026-07-17 19:25:59,547 INFO o.a.j.t.JMeterThread: Thread finished: 秒杀线程组：1000用户 1-946
2026-07-17 19:25:59,548 INFO o.a.j.t.JMeterThread: Thread started: 秒杀线程组：1000用户 1-947
2026-07-17 19:25:59,550 INFO o.a.j.t.JMeterThread: Thread is done: 秒杀线程组：1000用户 1-948
2026-07-17 19:25:59,550 INFO o.a.j.t.JMeterThread: Thread finished: 秒杀线程组：1000用户 1-948
2026-07-17 19:25:59,551 INFO o.a.j.t.JMeterThread: Thread is done: 秒杀线程组：1000用户 1-947
2026-07-17 19:25:59,551 INFO o.a.j.t.JMeterThread: Thread finished: 秒杀线程组：1000用户 1-947
2026-07-17 19:25:59,555 INFO o.a.j.t.JMeterThread: Thread started: 秒杀线程组：1000用户 1-950
2026-07-17 19:25:59,557 INFO o.a.j.t.JMeterThread: Thread started: 秒杀线程组：1000用户 1-949
2026-07-17 19:25:59,558 INFO o.a.j.t.JMeterThread: Thread is done: 秒杀线程组：1000用户 1-950
2026-07-17 19:25:59,558 INFO o.a.j.t.JMeterThread: Thread finished: 秒杀线程组：1000用户 1-950
2026-07-17 19:25:59,558 INFO o.a.j.t.JMeterThread: Thread is done: 秒杀线程组：1000用户 1-949
2026-07-17 19:25:59,560 INFO o.a.j.t.JMeterThread: Thread finished: 秒杀线程组：1000用户 1-949
2026-07-17 19:25:59,563 INFO o.a.j.t.JMeterThread: Thread started: 秒杀线程组：1000用户 1-951
2026-07-17 19:25:59,567 INFO o.a.j.t.JMeterThread: Thread is done: 秒杀线程组：1000用户 1-951
2026-07-17 19:25:59,567 INFO o.a.j.t.JMeterThread: Thread finished: 秒杀线程组：1000用户 1-951
2026-07-17 19:25:59,573 INFO o.a.j.t.JMeterThread: Thread started: 秒杀线程组：1000用户 1-952
2026-07-17 19:25:59,573 INFO o.a.j.t.JMeterThread: Thread started: 秒杀线程组：1000用户 1-953
2026-07-17 19:25:59,577 INFO o.a.j.t.JMeterThread: Thread is done: 秒杀线程组：1000用户 1-953
2026-07-17 19:25:59,577 INFO o.a.j.t.JMeterThread: Thread finished: 秒杀线程组：1000用户 1-953
2026-07-17 19:25:59,577 INFO o.a.j.t.JMeterThread: Thread is done: 秒杀线程组：1000用户 1-952
2026-07-17 19:25:59,577 INFO o.a.j.t.JMeterThread: Thread finished: 秒杀线程组：1000用户 1-952
2026-07-17 19:25:59,581 INFO o.a.j.t.JMeterThread: Thread started: 秒杀线程组：1000用户 1-955
2026-07-17 19:25:59,583 INFO o.a.j.t.JMeterThread: Thread started: 秒杀线程组：1000用户 1-954
2026-07-17 19:25:59,584 INFO o.a.j.t.JMeterThread: Thread started: 秒杀线程组：1000用户 1-956
2026-07-17 19:25:59,584 INFO o.a.j.t.JMeterThread: Thread is done: 秒杀线程组：1000用户 1-955
2026-07-17 19:25:59,584 INFO o.a.j.t.JMeterThread: Thread finished: 秒杀线程组：1000用户 1-955
2026-07-17 19:25:59,586 INFO o.a.j.t.JMeterThread: Thread is done: 秒杀线程组：1000用户 1-954
2026-07-17 19:25:59,586 INFO o.a.j.t.JMeterThread: Thread finished: 秒杀线程组：1000用户 1-954
2026-07-17 19:25:59,586 INFO o.a.j.t.JMeterThread: Thread is done: 秒杀线程组：1000用户 1-956
2026-07-17 19:25:59,586 INFO o.a.j.t.JMeterThread: Thread finished: 秒杀线程组：1000用户 1-956
2026-07-17 19:25:59,590 INFO o.a.j.t.JMeterThread: Thread started: 秒杀线程组：1000用户 1-957
2026-07-17 19:25:59,594 INFO o.a.j.t.JMeterThread: Thread is done: 秒杀线程组：1000用户 1-957
2026-07-17 19:25:59,594 INFO o.a.j.t.JMeterThread: Thread finished: 秒杀线程组：1000用户 1-957
2026-07-17 19:25:59,598 INFO o.a.j.t.JMeterThread: Thread started: 秒杀线程组：1000用户 1-958
2026-07-17 19:25:59,601 INFO o.a.j.t.JMeterThread: Thread is done: 秒杀线程组：1000用户 1-958
2026-07-17 19:25:59,601 INFO o.a.j.t.JMeterThread: Thread finished: 秒杀线程组：1000用户 1-958
2026-07-17 19:25:59,602 INFO o.a.j.t.JMeterThread: Thread started: 秒杀线程组：1000用户 1-959
2026-07-17 19:25:59,606 INFO o.a.j.t.JMeterThread: Thread is done: 秒杀线程组：1000用户 1-959
2026-07-17 19:25:59,606 INFO o.a.j.t.JMeterThread: Thread finished: 秒杀线程组：1000用户 1-959
2026-07-17 19:25:59,607 INFO o.a.j.t.JMeterThread: Thread started: 秒杀线程组：1000用户 1-960
2026-07-17 19:25:59,610 INFO o.a.j.t.JMeterThread: Thread is done: 秒杀线程组：1000用户 1-960
2026-07-17 19:25:59,610 INFO o.a.j.t.JMeterThread: Thread finished: 秒杀线程组：1000用户 1-960
2026-07-17 19:25:59,615 INFO o.a.j.t.JMeterThread: Thread started: 秒杀线程组：1000用户 1-961
2026-07-17 19:25:59,616 INFO o.a.j.t.JMeterThread: Thread started: 秒杀线程组：1000用户 1-962
2026-07-17 19:25:59,618 INFO o.a.j.t.JMeterThread: Thread is done: 秒杀线程组：1000用户 1-961
2026-07-17 19:25:59,618 INFO o.a.j.t.JMeterThread: Thread finished: 秒杀线程组：1000用户 1-961
2026-07-17 19:25:59,618 INFO o.a.j.t.JMeterThread: Thread is done: 秒杀线程组：1000用户 1-962
2026-07-17 19:25:59,618 INFO o.a.j.t.JMeterThread: Thread finished: 秒杀线程组：1000用户 1-962
2026-07-17 19:25:59,620 INFO o.a.j.t.JMeterThread: Thread started: 秒杀线程组：1000用户 1-963
2026-07-17 19:25:59,624 INFO o.a.j.t.JMeterThread: Thread is done: 秒杀线程组：1000用户 1-963
2026-07-17 19:25:59,624 INFO o.a.j.t.JMeterThread: Thread finished: 秒杀线程组：1000用户 1-963
2026-07-17 19:25:59,627 INFO o.a.j.t.JMeterThread: Thread started: 秒杀线程组：1000用户 1-964
2026-07-17 19:25:59,631 INFO o.a.j.t.JMeterThread: Thread is done: 秒杀线程组：1000用户 1-964
2026-07-17 19:25:59,631 INFO o.a.j.t.JMeterThread: Thread finished: 秒杀线程组：1000用户 1-964
2026-07-17 19:25:59,635 INFO o.a.j.t.JMeterThread: Thread started: 秒杀线程组：1000用户 1-966
2026-07-17 19:25:59,635 INFO o.a.j.t.JMeterThread: Thread started: 秒杀线程组：1000用户 1-965
2026-07-17 19:25:59,639 INFO o.a.j.t.JMeterThread: Thread started: 秒杀线程组：1000用户 1-967
2026-07-17 19:25:59,639 INFO o.a.j.t.JMeterThread: Thread is done: 秒杀线程组：1000用户 1-966
2026-07-17 19:25:59,639 INFO o.a.j.t.JMeterThread: Thread finished: 秒杀线程组：1000用户 1-966
2026-07-17 19:25:59,639 INFO o.a.j.t.JMeterThread: Thread is done: 秒杀线程组：1000用户 1-965
2026-07-17 19:25:59,640 INFO o.a.j.t.JMeterThread: Thread finished: 秒杀线程组：1000用户 1-965
2026-07-17 19:25:59,642 INFO o.a.j.t.JMeterThread: Thread is done: 秒杀线程组：1000用户 1-967
2026-07-17 19:25:59,642 INFO o.a.j.t.JMeterThread: Thread finished: 秒杀线程组：1000用户 1-967
2026-07-17 19:25:59,644 INFO o.a.j.t.JMeterThread: Thread started: 秒杀线程组：1000用户 1-968
2026-07-17 19:25:59,646 INFO o.a.j.t.JMeterThread: Thread is done: 秒杀线程组：1000用户 1-968
2026-07-17 19:25:59,646 INFO o.a.j.t.JMeterThread: Thread finished: 秒杀线程组：1000用户 1-968
2026-07-17 19:25:59,653 INFO o.a.j.t.JMeterThread: Thread started: 秒杀线程组：1000用户 1-970
2026-07-17 19:25:59,656 INFO o.a.j.t.JMeterThread: Thread started: 秒杀线程组：1000用户 1-969
2026-07-17 19:25:59,656 INFO o.a.j.t.JMeterThread: Thread is done: 秒杀线程组：1000用户 1-970
2026-07-17 19:25:59,657 INFO o.a.j.t.JMeterThread: Thread finished: 秒杀线程组：1000用户 1-970
2026-07-17 19:25:59,658 INFO o.a.j.t.JMeterThread: Thread started: 秒杀线程组：1000用户 1-971
2026-07-17 19:25:59,660 INFO o.a.j.t.JMeterThread: Thread is done: 秒杀线程组：1000用户 1-969
2026-07-17 19:25:59,660 INFO o.a.j.t.JMeterThread: Thread finished: 秒杀线程组：1000用户 1-969
2026-07-17 19:25:59,661 INFO o.a.j.t.JMeterThread: Thread is done: 秒杀线程组：1000用户 1-971
2026-07-17 19:25:59,661 INFO o.a.j.t.JMeterThread: Thread finished: 秒杀线程组：1000用户 1-971
2026-07-17 19:25:59,663 INFO o.a.j.t.JMeterThread: Thread started: 秒杀线程组：1000用户 1-972
2026-07-17 19:25:59,666 INFO o.a.j.t.JMeterThread: Thread is done: 秒杀线程组：1000用户 1-972
2026-07-17 19:25:59,666 INFO o.a.j.t.JMeterThread: Thread finished: 秒杀线程组：1000用户 1-972
2026-07-17 19:25:59,668 INFO o.a.j.t.JMeterThread: Thread started: 秒杀线程组：1000用户 1-973
2026-07-17 19:25:59,671 INFO o.a.j.t.JMeterThread: Thread is done: 秒杀线程组：1000用户 1-973
2026-07-17 19:25:59,671 INFO o.a.j.t.JMeterThread: Thread finished: 秒杀线程组：1000用户 1-973
2026-07-17 19:25:59,672 INFO o.a.j.t.JMeterThread: Thread started: 秒杀线程组：1000用户 1-974
2026-07-17 19:25:59,676 INFO o.a.j.t.JMeterThread: Thread is done: 秒杀线程组：1000用户 1-974
2026-07-17 19:25:59,676 INFO o.a.j.t.JMeterThread: Thread finished: 秒杀线程组：1000用户 1-974
2026-07-17 19:25:59,685 INFO o.a.j.t.JMeterThread: Thread started: 秒杀线程组：1000用户 1-975
2026-07-17 19:25:59,688 INFO o.a.j.t.JMeterThread: Thread started: 秒杀线程组：1000用户 1-976
2026-07-17 19:25:59,690 INFO o.a.j.t.JMeterThread: Thread is done: 秒杀线程组：1000用户 1-975
2026-07-17 19:25:59,690 INFO o.a.j.t.JMeterThread: Thread finished: 秒杀线程组：1000用户 1-975
2026-07-17 19:25:59,692 INFO o.a.j.t.JMeterThread: Thread started: 秒杀线程组：1000用户 1-977
2026-07-17 19:25:59,692 INFO o.a.j.t.JMeterThread: Thread started: 秒杀线程组：1000用户 1-978
2026-07-17 19:25:59,692 INFO o.a.j.t.JMeterThread: Thread is done: 秒杀线程组：1000用户 1-976
2026-07-17 19:25:59,692 INFO o.a.j.t.JMeterThread: Thread finished: 秒杀线程组：1000用户 1-976
2026-07-17 19:25:59,695 INFO o.a.j.t.JMeterThread: Thread is done: 秒杀线程组：1000用户 1-977
2026-07-17 19:25:59,695 INFO o.a.j.t.JMeterThread: Thread finished: 秒杀线程组：1000用户 1-977
2026-07-17 19:25:59,696 INFO o.a.j.t.JMeterThread: Thread is done: 秒杀线程组：1000用户 1-978
2026-07-17 19:25:59,696 INFO o.a.j.t.JMeterThread: Thread finished: 秒杀线程组：1000用户 1-978
2026-07-17 19:25:59,704 INFO o.a.j.t.JMeterThread: Thread started: 秒杀线程组：1000用户 1-980
2026-07-17 19:25:59,704 INFO o.a.j.t.JMeterThread: Thread started: 秒杀线程组：1000用户 1-982
2026-07-17 19:25:59,705 INFO o.a.j.t.JMeterThread: Thread started: 秒杀线程组：1000用户 1-979
2026-07-17 19:25:59,708 INFO o.a.j.t.JMeterThread: Thread is done: 秒杀线程组：1000用户 1-982
2026-07-17 19:25:59,708 INFO o.a.j.t.JMeterThread: Thread is done: 秒杀线程组：1000用户 1-980
2026-07-17 19:25:59,708 INFO o.a.j.t.JMeterThread: Thread finished: 秒杀线程组：1000用户 1-980
2026-07-17 19:25:59,708 INFO o.a.j.t.JMeterThread: Thread finished: 秒杀线程组：1000用户 1-982
2026-07-17 19:25:59,708 INFO o.a.j.t.JMeterThread: Thread is done: 秒杀线程组：1000用户 1-979
2026-07-17 19:25:59,708 INFO o.a.j.t.JMeterThread: Thread finished: 秒杀线程组：1000用户 1-979
2026-07-17 19:25:59,709 INFO o.a.j.t.JMeterThread: Thread started: 秒杀线程组：1000用户 1-981
2026-07-17 19:25:59,711 INFO o.a.j.t.JMeterThread: Thread is done: 秒杀线程组：1000用户 1-981
2026-07-17 19:25:59,711 INFO o.a.j.t.JMeterThread: Thread finished: 秒杀线程组：1000用户 1-981
2026-07-17 19:25:59,715 INFO o.a.j.t.JMeterThread: Thread started: 秒杀线程组：1000用户 1-983
2026-07-17 19:25:59,718 INFO o.a.j.t.JMeterThread: Thread is done: 秒杀线程组：1000用户 1-983
2026-07-17 19:25:59,718 INFO o.a.j.t.JMeterThread: Thread finished: 秒杀线程组：1000用户 1-983
2026-07-17 19:25:59,723 INFO o.a.j.t.JMeterThread: Thread started: 秒杀线程组：1000用户 1-984
2026-07-17 19:25:59,726 INFO o.a.j.t.JMeterThread: Thread is done: 秒杀线程组：1000用户 1-984
2026-07-17 19:25:59,726 INFO o.a.j.t.JMeterThread: Thread finished: 秒杀线程组：1000用户 1-984
2026-07-17 19:25:59,729 INFO o.a.j.t.JMeterThread: Thread started: 秒杀线程组：1000用户 1-985
2026-07-17 19:25:59,731 INFO o.a.j.t.JMeterThread: Thread started: 秒杀线程组：1000用户 1-986
2026-07-17 19:25:59,732 INFO o.a.j.t.JMeterThread: Thread is done: 秒杀线程组：1000用户 1-985
2026-07-17 19:25:59,732 INFO o.a.j.t.JMeterThread: Thread finished: 秒杀线程组：1000用户 1-985
2026-07-17 19:25:59,734 INFO o.a.j.t.JMeterThread: Thread is done: 秒杀线程组：1000用户 1-986
2026-07-17 19:25:59,734 INFO o.a.j.t.JMeterThread: Thread finished: 秒杀线程组：1000用户 1-986
2026-07-17 19:25:59,739 INFO o.a.j.t.JMeterThread: Thread started: 秒杀线程组：1000用户 1-989
2026-07-17 19:25:59,740 INFO o.a.j.t.JMeterThread: Thread started: 秒杀线程组：1000用户 1-988
2026-07-17 19:25:59,742 INFO o.a.j.t.JMeterThread: Thread is done: 秒杀线程组：1000用户 1-989
2026-07-17 19:25:59,742 INFO o.a.j.t.JMeterThread: Thread finished: 秒杀线程组：1000用户 1-989
2026-07-17 19:25:59,743 INFO o.a.j.t.JMeterThread: Thread is done: 秒杀线程组：1000用户 1-988
2026-07-17 19:25:59,743 INFO o.a.j.t.JMeterThread: Thread finished: 秒杀线程组：1000用户 1-988
2026-07-17 19:25:59,743 INFO o.a.j.t.JMeterThread: Thread started: 秒杀线程组：1000用户 1-987
2026-07-17 19:25:59,745 INFO o.a.j.t.JMeterThread: Thread started: 秒杀线程组：1000用户 1-990
2026-07-17 19:25:59,746 INFO o.a.j.t.JMeterThread: Thread is done: 秒杀线程组：1000用户 1-987
2026-07-17 19:25:59,746 INFO o.a.j.t.JMeterThread: Thread finished: 秒杀线程组：1000用户 1-987
2026-07-17 19:25:59,748 INFO o.a.j.t.JMeterThread: Thread started: 秒杀线程组：1000用户 1-991
2026-07-17 19:25:59,748 INFO o.a.j.t.JMeterThread: Thread is done: 秒杀线程组：1000用户 1-990
2026-07-17 19:25:59,749 INFO o.a.j.t.JMeterThread: Thread finished: 秒杀线程组：1000用户 1-990
2026-07-17 19:25:59,752 INFO o.a.j.t.JMeterThread: Thread is done: 秒杀线程组：1000用户 1-991
2026-07-17 19:25:59,752 INFO o.a.j.t.JMeterThread: Thread finished: 秒杀线程组：1000用户 1-991
2026-07-17 19:25:59,753 INFO o.a.j.t.JMeterThread: Thread started: 秒杀线程组：1000用户 1-992
2026-07-17 19:25:59,756 INFO o.a.j.t.JMeterThread: Thread is done: 秒杀线程组：1000用户 1-992
2026-07-17 19:25:59,757 INFO o.a.j.t.JMeterThread: Thread finished: 秒杀线程组：1000用户 1-992
2026-07-17 19:25:59,758 INFO o.a.j.t.JMeterThread: Thread started: 秒杀线程组：1000用户 1-993
2026-07-17 19:25:59,762 INFO o.a.j.t.JMeterThread: Thread is done: 秒杀线程组：1000用户 1-993
2026-07-17 19:25:59,762 INFO o.a.j.t.JMeterThread: Thread finished: 秒杀线程组：1000用户 1-993
2026-07-17 19:25:59,763 INFO o.a.j.t.JMeterThread: Thread started: 秒杀线程组：1000用户 1-994
2026-07-17 19:25:59,765 INFO o.a.j.t.JMeterThread: Thread is done: 秒杀线程组：1000用户 1-994
2026-07-17 19:25:59,765 INFO o.a.j.t.JMeterThread: Thread finished: 秒杀线程组：1000用户 1-994
2026-07-17 19:25:59,773 INFO o.a.j.t.JMeterThread: Thread started: 秒杀线程组：1000用户 1-996
2026-07-17 19:25:59,777 INFO o.a.j.t.JMeterThread: Thread is done: 秒杀线程组：1000用户 1-996
2026-07-17 19:25:59,777 INFO o.a.j.t.JMeterThread: Thread finished: 秒杀线程组：1000用户 1-996
2026-07-17 19:25:59,782 INFO o.a.j.t.JMeterThread: Thread started: 秒杀线程组：1000用户 1-995
2026-07-17 19:25:59,783 INFO o.a.j.t.JMeterThread: Thread started: 秒杀线程组：1000用户 1-998
2026-07-17 19:25:59,784 INFO o.a.j.t.JMeterThread: Thread started: 秒杀线程组：1000用户 1-997
2026-07-17 19:25:59,787 INFO o.a.j.t.JMeterThread: Thread is done: 秒杀线程组：1000用户 1-995
2026-07-17 19:25:59,787 INFO o.a.j.t.JMeterThread: Thread finished: 秒杀线程组：1000用户 1-995
2026-07-17 19:25:59,787 INFO o.a.j.t.JMeterThread: Thread is done: 秒杀线程组：1000用户 1-998
2026-07-17 19:25:59,787 INFO o.a.j.t.JMeterThread: Thread finished: 秒杀线程组：1000用户 1-998
2026-07-17 19:25:59,787 INFO o.a.j.t.JMeterThread: Thread is done: 秒杀线程组：1000用户 1-997
2026-07-17 19:25:59,787 INFO o.a.j.t.JMeterThread: Thread finished: 秒杀线程组：1000用户 1-997
2026-07-17 19:25:59,791 INFO o.a.j.t.JMeterThread: Thread started: 秒杀线程组：1000用户 1-999
2026-07-17 19:25:59,793 INFO o.a.j.t.JMeterThread: Thread started: 秒杀线程组：1000用户 1-1000
2026-07-17 19:25:59,794 INFO o.a.j.t.JMeterThread: Thread is done: 秒杀线程组：1000用户 1-999
2026-07-17 19:25:59,794 INFO o.a.j.t.JMeterThread: Thread finished: 秒杀线程组：1000用户 1-999
2026-07-17 19:25:59,795 INFO o.a.j.t.JMeterThread: Thread is done: 秒杀线程组：1000用户 1-1000
2026-07-17 19:25:59,795 INFO o.a.j.t.JMeterThread: Thread finished: 秒杀线程组：1000用户 1-1000
2026-07-17 19:25:59,795 INFO o.a.j.e.StandardJMeterEngine: Notifying test listeners of end of test
2026-07-17 19:25:59,796 INFO o.a.j.s.FileServer: Close: D:/IDEAprojects/bench-sync/benchmark/tokens.txt
2026-07-17 19:25:59,798 INFO o.a.j.r.Summariser: summary =   1000 in 00:00:05 =  185.6/s Avg:   811 Min:     2 Max:  2527 Err:     0 (0.00%)
