2026-07-17 19:35:02,247 INFO o.a.j.u.JMeterUtils: Setting Locale to en_EN
2026-07-17 19:35:02,257 INFO o.a.j.JMeter: Loading user properties from: D:\apache-jmeter-5.6.3\apache-jmeter-5.6.3\bin\user.properties
2026-07-17 19:35:02,258 INFO o.a.j.JMeter: Loading system properties from: D:\apache-jmeter-5.6.3\apache-jmeter-5.6.3\bin\system.properties
2026-07-17 19:35:02,259 INFO o.a.j.JMeter: Setting JMeter property: voucherId=10000
2026-07-17 19:35:02,265 INFO o.a.j.JMeter: Copyright (c) 1998-2024 The Apache Software Foundation
2026-07-17 19:35:02,265 INFO o.a.j.JMeter: Version 5.6.3
2026-07-17 19:35:02,265 INFO o.a.j.JMeter: java.version=1.8.0_221
2026-07-17 19:35:02,265 INFO o.a.j.JMeter: java.vm.name=Java HotSpot(TM) 64-Bit Server VM
2026-07-17 19:35:02,265 INFO o.a.j.JMeter: os.name=Windows 10
2026-07-17 19:35:02,265 INFO o.a.j.JMeter: os.arch=amd64
2026-07-17 19:35:02,265 INFO o.a.j.JMeter: os.version=10.0
2026-07-17 19:35:02,266 INFO o.a.j.JMeter: file.encoding=GBK
2026-07-17 19:35:02,266 INFO o.a.j.JMeter: java.awt.headless=true
2026-07-17 19:35:02,266 INFO o.a.j.JMeter: Max memory     =1073741824
2026-07-17 19:35:02,266 INFO o.a.j.JMeter: Available Processors =24
2026-07-17 19:35:02,270 INFO o.a.j.JMeter: Default Locale=English (EN)
2026-07-17 19:35:02,271 INFO o.a.j.JMeter: JMeter  Locale=English (EN)
2026-07-17 19:35:02,271 INFO o.a.j.JMeter: JMeterHome=D:\apache-jmeter-5.6.3\apache-jmeter-5.6.3
2026-07-17 19:35:02,271 INFO o.a.j.JMeter: user.dir  =D:\IDEAprojects\hm-dianping\hm-dianping
2026-07-17 19:35:02,271 INFO o.a.j.JMeter: PWD       =D:\IDEAprojects\hm-dianping\hm-dianping
2026-07-17 19:35:02,273 INFO o.a.j.JMeter: IP: 192.168.1.124 Name: LAPTOP-MEAJN5NP FullName: 192.168.1.124
2026-07-17 19:35:02,287 INFO o.a.j.s.FileServer: Default base='D:\IDEAprojects\hm-dianping\hm-dianping'
2026-07-17 19:35:02,289 INFO o.a.j.s.FileServer: Set new base='D:\IDEAprojects\hm-dianping\hm-dianping\benchmark'
2026-07-17 19:35:02,399 INFO o.a.j.s.SaveService: Testplan (JMX) version: 2.2. Testlog (JTL) version: 2.2
2026-07-17 19:35:02,417 INFO o.a.j.s.SaveService: Using SaveService properties file encoding UTF-8
2026-07-17 19:35:02,422 INFO o.a.j.s.SaveService: Using SaveService properties version 5.0
2026-07-17 19:35:02,426 INFO o.a.j.s.SaveService: Loading file: benchmark\seckill.jmx
2026-07-17 19:35:02,486 INFO o.a.j.p.h.s.HTTPSamplerBase: Parser for text/html is org.apache.jmeter.protocol.http.parser.LagartoBasedHtmlParser
2026-07-17 19:35:02,486 INFO o.a.j.p.h.s.HTTPSamplerBase: Parser for application/xhtml+xml is org.apache.jmeter.protocol.http.parser.LagartoBasedHtmlParser
2026-07-17 19:35:02,486 INFO o.a.j.p.h.s.HTTPSamplerBase: Parser for application/xml is org.apache.jmeter.protocol.http.parser.LagartoBasedHtmlParser
2026-07-17 19:35:02,486 INFO o.a.j.p.h.s.HTTPSamplerBase: Parser for text/xml is org.apache.jmeter.protocol.http.parser.LagartoBasedHtmlParser
2026-07-17 19:35:02,486 INFO o.a.j.p.h.s.HTTPSamplerBase: Parser for text/vnd.wap.wml is org.apache.jmeter.protocol.http.parser.RegexpHTMLParser
2026-07-17 19:35:02,486 INFO o.a.j.p.h.s.HTTPSamplerBase: Parser for text/css is org.apache.jmeter.protocol.http.parser.CssParser
2026-07-17 19:35:02,745 INFO o.a.j.JMeter: Creating summariser <summary>
2026-07-17 19:35:02,754 INFO o.a.j.e.StandardJMeterEngine: Running the test!
2026-07-17 19:35:02,755 INFO o.a.j.s.SampleEvent: List of sample_variables: []
2026-07-17 19:35:02,755 INFO o.a.j.s.SampleEvent: List of sample_variables: []
2026-07-17 19:35:02,760 INFO o.a.j.e.u.CompoundVariable: Note: Function class names must contain the string: '.functions.'
2026-07-17 19:35:02,760 INFO o.a.j.e.u.CompoundVariable: Note: Function class names must not contain the string: '.gui.'
2026-07-17 19:35:03,001 INFO o.a.j.JMeter: Running test (1784288103001)
2026-07-17 19:35:03,039 INFO o.a.j.e.StandardJMeterEngine: Starting ThreadGroup: 1 : 秒杀线程组：1000用户
2026-07-17 19:35:03,040 INFO o.a.j.e.StandardJMeterEngine: Starting 1000 threads for group 秒杀线程组：1000用户.
2026-07-17 19:35:03,040 INFO o.a.j.e.StandardJMeterEngine: Thread will continue on error
2026-07-17 19:35:03,040 INFO o.a.j.t.ThreadGroup: Starting thread group... number=1 threads=1000 ramp-up=1 delayedStart=false
2026-07-17 19:35:03,182 INFO o.a.j.t.ThreadGroup: Started thread group number 1
2026-07-17 19:35:03,182 INFO o.a.j.e.StandardJMeterEngine: All thread groups have been started
2026-07-17 19:35:03,453 INFO o.a.j.t.JMeterThread: Thread started: 秒杀线程组：1000用户 1-2
2026-07-17 19:35:03,455 INFO o.a.j.t.JMeterThread: Thread started: 秒杀线程组：1000用户 1-4
2026-07-17 19:35:03,457 INFO o.a.j.s.FileServer: Stored: D:/IDEAprojects/bench-sync/benchmark/tokens.txt
2026-07-17 19:35:03,460 INFO o.a.j.t.JMeterThread: Thread started: 秒杀线程组：1000用户 1-14
2026-07-17 19:35:03,465 INFO o.a.j.t.JMeterThread: Thread started: 秒杀线程组：1000用户 1-5
2026-07-17 19:35:03,466 INFO o.a.j.t.JMeterThread: Thread started: 秒杀线程组：1000用户 1-1
2026-07-17 19:35:03,466 INFO o.a.j.t.JMeterThread: Thread started: 秒杀线程组：1000用户 1-6
2026-07-17 19:35:03,467 INFO o.a.j.t.JMeterThread: Thread started: 秒杀线程组：1000用户 1-21
2026-07-17 19:35:03,467 INFO o.a.j.t.JMeterThread: Thread started: 秒杀线程组：1000用户 1-8
2026-07-17 19:35:03,468 INFO o.a.j.t.JMeterThread: Thread started: 秒杀线程组：1000用户 1-9
2026-07-17 19:35:03,468 INFO o.a.j.t.JMeterThread: Thread started: 秒杀线程组：1000用户 1-7
2026-07-17 19:35:03,468 INFO o.a.j.t.JMeterThread: Thread started: 秒杀线程组：1000用户 1-3
2026-07-17 19:35:03,469 INFO o.a.j.t.JMeterThread: Thread started: 秒杀线程组：1000用户 1-11
2026-07-17 19:35:03,470 INFO o.a.j.t.JMeterThread: Thread started: 秒杀线程组：1000用户 1-13
2026-07-17 19:35:03,471 INFO o.a.j.t.JMeterThread: Thread started: 秒杀线程组：1000用户 1-15
2026-07-17 19:35:03,471 INFO o.a.j.t.JMeterThread: Thread started: 秒杀线程组：1000用户 1-16
2026-07-17 19:35:03,471 INFO o.a.j.t.JMeterThread: Thread started: 秒杀线程组：1000用户 1-12
2026-07-17 19:35:03,472 INFO o.a.j.t.JMeterThread: Thread started: 秒杀线程组：1000用户 1-17
2026-07-17 19:35:03,473 INFO o.a.j.t.JMeterThread: Thread started: 秒杀线程组：1000用户 1-18
2026-07-17 19:35:03,473 INFO o.a.j.t.JMeterThread: Thread started: 秒杀线程组：1000用户 1-10
2026-07-17 19:35:03,474 INFO o.a.j.t.JMeterThread: Thread started: 秒杀线程组：1000用户 1-19
2026-07-17 19:35:03,475 INFO o.a.j.t.JMeterThread: Thread started: 秒杀线程组：1000用户 1-31
2026-07-17 19:35:03,478 INFO o.a.j.t.JMeterThread: Thread started: 秒杀线程组：1000用户 1-24
2026-07-17 19:35:03,478 INFO o.a.j.t.JMeterThread: Thread started: 秒杀线程组：1000用户 1-23
2026-07-17 19:35:03,479 INFO o.a.j.t.JMeterThread: Thread started: 秒杀线程组：1000用户 1-20
2026-07-17 19:35:03,479 INFO o.a.j.t.JMeterThread: Thread started: 秒杀线程组：1000用户 1-22
2026-07-17 19:35:03,479 INFO o.a.j.t.JMeterThread: Thread started: 秒杀线程组：1000用户 1-25
2026-07-17 19:35:03,479 INFO o.a.j.t.JMeterThread: Thread started: 秒杀线程组：1000用户 1-36
2026-07-17 19:35:03,480 INFO o.a.j.t.JMeterThread: Thread started: 秒杀线程组：1000用户 1-26
2026-07-17 19:35:03,482 INFO o.a.j.t.JMeterThread: Thread started: 秒杀线程组：1000用户 1-29
2026-07-17 19:35:03,482 INFO o.a.j.t.JMeterThread: Thread started: 秒杀线程组：1000用户 1-30
2026-07-17 19:35:03,483 INFO o.a.j.t.JMeterThread: Thread started: 秒杀线程组：1000用户 1-27
2026-07-17 19:35:03,484 INFO o.a.j.t.JMeterThread: Thread started: 秒杀线程组：1000用户 1-43
2026-07-17 19:35:03,485 INFO o.a.j.t.JMeterThread: Thread started: 秒杀线程组：1000用户 1-51
2026-07-17 19:35:03,485 INFO o.a.j.t.JMeterThread: Thread started: 秒杀线程组：1000用户 1-33
2026-07-17 19:35:03,487 INFO o.a.j.t.JMeterThread: Thread started: 秒杀线程组：1000用户 1-47
2026-07-17 19:35:03,487 INFO o.a.j.t.JMeterThread: Thread started: 秒杀线程组：1000用户 1-28
2026-07-17 19:35:03,488 INFO o.a.j.t.JMeterThread: Thread started: 秒杀线程组：1000用户 1-32
2026-07-17 19:35:03,489 INFO o.a.j.t.JMeterThread: Thread started: 秒杀线程组：1000用户 1-34
2026-07-17 19:35:03,489 INFO o.a.j.t.JMeterThread: Thread started: 秒杀线程组：1000用户 1-35
2026-07-17 19:35:03,490 INFO o.a.j.t.JMeterThread: Thread started: 秒杀线程组：1000用户 1-40
2026-07-17 19:35:03,490 INFO o.a.j.t.JMeterThread: Thread started: 秒杀线程组：1000用户 1-42
2026-07-17 19:35:03,492 INFO o.a.j.t.JMeterThread: Thread started: 秒杀线程组：1000用户 1-38
2026-07-17 19:35:03,492 INFO o.a.j.t.JMeterThread: Thread started: 秒杀线程组：1000用户 1-37
2026-07-17 19:35:03,494 INFO o.a.j.t.JMeterThread: Thread started: 秒杀线程组：1000用户 1-39
2026-07-17 19:35:03,495 INFO o.a.j.t.JMeterThread: Thread started: 秒杀线程组：1000用户 1-61
2026-07-17 19:35:03,495 INFO o.a.j.t.JMeterThread: Thread started: 秒杀线程组：1000用户 1-41
2026-07-17 19:35:03,495 INFO o.a.j.t.JMeterThread: Thread started: 秒杀线程组：1000用户 1-48
2026-07-17 19:35:03,496 INFO o.a.j.t.JMeterThread: Thread started: 秒杀线程组：1000用户 1-46
2026-07-17 19:35:03,496 INFO o.a.j.t.JMeterThread: Thread started: 秒杀线程组：1000用户 1-49
2026-07-17 19:35:03,496 INFO o.a.j.t.JMeterThread: Thread started: 秒杀线程组：1000用户 1-45
2026-07-17 19:35:03,497 INFO o.a.j.t.JMeterThread: Thread started: 秒杀线程组：1000用户 1-53
2026-07-17 19:35:03,498 INFO o.a.j.t.JMeterThread: Thread started: 秒杀线程组：1000用户 1-66
2026-07-17 19:35:03,499 INFO o.a.j.t.JMeterThread: Thread started: 秒杀线程组：1000用户 1-44
2026-07-17 19:35:03,499 INFO o.a.j.t.JMeterThread: Thread started: 秒杀线程组：1000用户 1-63
2026-07-17 19:35:03,500 INFO o.a.j.t.JMeterThread: Thread started: 秒杀线程组：1000用户 1-55
2026-07-17 19:35:03,500 INFO o.a.j.t.JMeterThread: Thread started: 秒杀线程组：1000用户 1-50
2026-07-17 19:35:03,501 INFO o.a.j.t.JMeterThread: Thread started: 秒杀线程组：1000用户 1-52
2026-07-17 19:35:03,501 INFO o.a.j.t.JMeterThread: Thread started: 秒杀线程组：1000用户 1-57
2026-07-17 19:35:03,502 INFO o.a.j.t.JMeterThread: Thread started: 秒杀线程组：1000用户 1-58
2026-07-17 19:35:03,502 INFO o.a.j.t.JMeterThread: Thread started: 秒杀线程组：1000用户 1-54
2026-07-17 19:35:03,503 INFO o.a.j.t.JMeterThread: Thread started: 秒杀线程组：1000用户 1-59
2026-07-17 19:35:03,505 INFO o.a.j.t.JMeterThread: Thread started: 秒杀线程组：1000用户 1-56
2026-07-17 19:35:03,509 INFO o.a.j.t.JMeterThread: Thread started: 秒杀线程组：1000用户 1-60
2026-07-17 19:35:03,509 INFO o.a.j.t.JMeterThread: Thread started: 秒杀线程组：1000用户 1-68
2026-07-17 19:35:03,510 INFO o.a.j.t.JMeterThread: Thread started: 秒杀线程组：1000用户 1-65
2026-07-17 19:35:03,510 INFO o.a.j.t.JMeterThread: Thread started: 秒杀线程组：1000用户 1-62
2026-07-17 19:35:03,510 INFO o.a.j.t.JMeterThread: Thread started: 秒杀线程组：1000用户 1-64
2026-07-17 19:35:03,513 INFO o.a.j.t.JMeterThread: Thread started: 秒杀线程组：1000用户 1-67
2026-07-17 19:35:03,513 INFO o.a.j.t.JMeterThread: Thread started: 秒杀线程组：1000用户 1-69
2026-07-17 19:35:03,513 INFO o.a.j.p.h.s.HTTPHCAbstractImpl: Local host = LAPTOP-MEAJN5NP
2026-07-17 19:35:03,517 INFO o.a.j.t.JMeterThread: Thread started: 秒杀线程组：1000用户 1-70
2026-07-17 19:35:03,517 INFO o.a.j.t.JMeterThread: Thread started: 秒杀线程组：1000用户 1-71
2026-07-17 19:35:03,518 INFO o.a.j.t.JMeterThread: Thread started: 秒杀线程组：1000用户 1-72
2026-07-17 19:35:03,520 INFO o.a.j.t.JMeterThread: Thread started: 秒杀线程组：1000用户 1-73
2026-07-17 19:35:03,520 INFO o.a.j.t.JMeterThread: Thread started: 秒杀线程组：1000用户 1-76
2026-07-17 19:35:03,520 INFO o.a.j.t.JMeterThread: Thread started: 秒杀线程组：1000用户 1-74
2026-07-17 19:35:03,521 INFO o.a.j.t.JMeterThread: Thread started: 秒杀线程组：1000用户 1-75
2026-07-17 19:35:03,522 INFO o.a.j.t.JMeterThread: Thread started: 秒杀线程组：1000用户 1-77
2026-07-17 19:35:03,522 INFO o.a.j.t.JMeterThread: Thread started: 秒杀线程组：1000用户 1-78
2026-07-17 19:35:03,523 INFO o.a.j.t.JMeterThread: Thread started: 秒杀线程组：1000用户 1-79
2026-07-17 19:35:03,524 INFO o.a.j.p.h.s.HTTPHC4Impl: HTTP request retry count = 0
2026-07-17 19:35:03,526 INFO o.a.j.t.JMeterThread: Thread started: 秒杀线程组：1000用户 1-80
2026-07-17 19:35:03,526 INFO o.a.j.t.JMeterThread: Thread started: 秒杀线程组：1000用户 1-82
2026-07-17 19:35:03,526 INFO o.a.j.t.JMeterThread: Thread started: 秒杀线程组：1000用户 1-81
2026-07-17 19:35:03,526 INFO o.a.j.s.SampleResult: Note: Sample TimeStamps are START times
2026-07-17 19:35:03,526 INFO o.a.j.s.SampleResult: sampleresult.default.encoding is set to UTF-8
2026-07-17 19:35:03,526 INFO o.a.j.s.SampleResult: sampleresult.useNanoTime=true
2026-07-17 19:35:03,526 INFO o.a.j.s.SampleResult: sampleresult.nanoThreadSleep=5000
2026-07-17 19:35:03,528 INFO o.a.j.t.JMeterThread: Thread started: 秒杀线程组：1000用户 1-83
2026-07-17 19:35:03,528 INFO o.a.j.t.JMeterThread: Thread started: 秒杀线程组：1000用户 1-87
2026-07-17 19:35:03,529 INFO o.a.j.t.JMeterThread: Thread started: 秒杀线程组：1000用户 1-85
2026-07-17 19:35:03,529 INFO o.a.j.t.JMeterThread: Thread started: 秒杀线程组：1000用户 1-86
2026-07-17 19:35:03,529 INFO o.a.j.t.JMeterThread: Thread started: 秒杀线程组：1000用户 1-84
2026-07-17 19:35:03,531 INFO o.a.j.t.JMeterThread: Thread started: 秒杀线程组：1000用户 1-88
2026-07-17 19:35:03,532 INFO o.a.j.t.JMeterThread: Thread started: 秒杀线程组：1000用户 1-92
2026-07-17 19:35:03,532 INFO o.a.j.t.JMeterThread: Thread started: 秒杀线程组：1000用户 1-93
2026-07-17 19:35:03,532 INFO o.a.j.t.JMeterThread: Thread started: 秒杀线程组：1000用户 1-89
2026-07-17 19:35:03,532 INFO o.a.j.t.JMeterThread: Thread started: 秒杀线程组：1000用户 1-90
2026-07-17 19:35:03,532 INFO o.a.j.t.JMeterThread: Thread started: 秒杀线程组：1000用户 1-91
2026-07-17 19:35:03,533 INFO o.a.j.t.JMeterThread: Thread started: 秒杀线程组：1000用户 1-94
2026-07-17 19:35:03,536 INFO o.a.j.t.JMeterThread: Thread started: 秒杀线程组：1000用户 1-97
2026-07-17 19:35:03,536 INFO o.a.j.t.JMeterThread: Thread started: 秒杀线程组：1000用户 1-95
2026-07-17 19:35:03,536 INFO o.a.j.t.JMeterThread: Thread started: 秒杀线程组：1000用户 1-96
2026-07-17 19:35:03,537 INFO o.a.j.t.JMeterThread: Thread started: 秒杀线程组：1000用户 1-98
2026-07-17 19:35:03,539 INFO o.a.j.t.JMeterThread: Thread started: 秒杀线程组：1000用户 1-102
2026-07-17 19:35:03,539 INFO o.a.j.t.JMeterThread: Thread started: 秒杀线程组：1000用户 1-101
2026-07-17 19:35:03,539 INFO o.a.j.t.JMeterThread: Thread started: 秒杀线程组：1000用户 1-100
2026-07-17 19:35:03,539 INFO o.a.j.t.JMeterThread: Thread started: 秒杀线程组：1000用户 1-99
2026-07-17 19:35:03,543 INFO o.a.j.t.JMeterThread: Thread started: 秒杀线程组：1000用户 1-103
2026-07-17 19:35:03,543 INFO o.a.j.t.JMeterThread: Thread started: 秒杀线程组：1000用户 1-105
2026-07-17 19:35:03,544 INFO o.a.j.t.JMeterThread: Thread started: 秒杀线程组：1000用户 1-106
2026-07-17 19:35:03,544 INFO o.a.j.t.JMeterThread: Thread started: 秒杀线程组：1000用户 1-104
2026-07-17 19:35:03,546 INFO o.a.j.t.JMeterThread: Thread started: 秒杀线程组：1000用户 1-107
2026-07-17 19:35:03,547 INFO o.a.j.t.JMeterThread: Thread started: 秒杀线程组：1000用户 1-108
2026-07-17 19:35:03,547 INFO o.a.j.t.JMeterThread: Thread started: 秒杀线程组：1000用户 1-110
2026-07-17 19:35:03,549 INFO o.a.j.t.JMeterThread: Thread started: 秒杀线程组：1000用户 1-109
2026-07-17 19:35:03,551 INFO o.a.j.t.JMeterThread: Thread started: 秒杀线程组：1000用户 1-111
2026-07-17 19:35:03,551 INFO o.a.j.t.JMeterThread: Thread started: 秒杀线程组：1000用户 1-113
2026-07-17 19:35:03,552 INFO o.a.j.t.JMeterThread: Thread started: 秒杀线程组：1000用户 1-112
2026-07-17 19:35:03,553 INFO o.a.j.t.JMeterThread: Thread started: 秒杀线程组：1000用户 1-114
2026-07-17 19:35:03,554 INFO o.a.j.t.JMeterThread: Thread started: 秒杀线程组：1000用户 1-116
2026-07-17 19:35:03,554 INFO o.a.j.t.JMeterThread: Thread started: 秒杀线程组：1000用户 1-117
2026-07-17 19:35:03,554 INFO o.a.j.t.JMeterThread: Thread started: 秒杀线程组：1000用户 1-115
2026-07-17 19:35:03,556 INFO o.a.j.t.JMeterThread: Thread started: 秒杀线程组：1000用户 1-119
2026-07-17 19:35:03,556 INFO o.a.j.t.JMeterThread: Thread started: 秒杀线程组：1000用户 1-118
2026-07-17 19:35:03,557 INFO o.a.j.t.JMeterThread: Thread started: 秒杀线程组：1000用户 1-120
2026-07-17 19:35:03,558 INFO o.a.j.t.JMeterThread: Thread started: 秒杀线程组：1000用户 1-121
2026-07-17 19:35:03,558 INFO o.a.j.t.JMeterThread: Thread started: 秒杀线程组：1000用户 1-122
2026-07-17 19:35:03,559 INFO o.a.j.t.JMeterThread: Thread started: 秒杀线程组：1000用户 1-123
2026-07-17 19:35:03,560 INFO o.a.j.t.JMeterThread: Thread started: 秒杀线程组：1000用户 1-124
2026-07-17 19:35:03,561 INFO o.a.j.t.JMeterThread: Thread started: 秒杀线程组：1000用户 1-127
2026-07-17 19:35:03,562 INFO o.a.j.t.JMeterThread: Thread started: 秒杀线程组：1000用户 1-128
2026-07-17 19:35:03,562 INFO o.a.j.t.JMeterThread: Thread started: 秒杀线程组：1000用户 1-126
2026-07-17 19:35:03,562 INFO o.a.j.t.JMeterThread: Thread started: 秒杀线程组：1000用户 1-125
2026-07-17 19:35:03,563 INFO o.a.j.t.JMeterThread: Thread started: 秒杀线程组：1000用户 1-129
2026-07-17 19:35:03,564 INFO o.a.j.t.JMeterThread: Thread started: 秒杀线程组：1000用户 1-130
2026-07-17 19:35:03,566 INFO o.a.j.t.JMeterThread: Thread started: 秒杀线程组：1000用户 1-131
2026-07-17 19:35:03,566 INFO o.a.j.t.JMeterThread: Thread started: 秒杀线程组：1000用户 1-132
2026-07-17 19:35:03,567 INFO o.a.j.t.JMeterThread: Thread started: 秒杀线程组：1000用户 1-134
2026-07-17 19:35:03,567 INFO o.a.j.t.JMeterThread: Thread started: 秒杀线程组：1000用户 1-133
2026-07-17 19:35:03,568 INFO o.a.j.t.JMeterThread: Thread started: 秒杀线程组：1000用户 1-135
2026-07-17 19:35:03,569 INFO o.a.j.t.JMeterThread: Thread started: 秒杀线程组：1000用户 1-136
2026-07-17 19:35:03,571 INFO o.a.j.t.JMeterThread: Thread started: 秒杀线程组：1000用户 1-137
2026-07-17 19:35:03,572 INFO o.a.j.t.JMeterThread: Thread started: 秒杀线程组：1000用户 1-138
2026-07-17 19:35:03,573 INFO o.a.j.t.JMeterThread: Thread started: 秒杀线程组：1000用户 1-139
2026-07-17 19:35:03,574 INFO o.a.j.t.JMeterThread: Thread started: 秒杀线程组：1000用户 1-140
2026-07-17 19:35:03,575 INFO o.a.j.t.JMeterThread: Thread started: 秒杀线程组：1000用户 1-142
2026-07-17 19:35:03,575 INFO o.a.j.t.JMeterThread: Thread started: 秒杀线程组：1000用户 1-141
2026-07-17 19:35:03,576 INFO o.a.j.t.JMeterThread: Thread started: 秒杀线程组：1000用户 1-143
2026-07-17 19:35:03,577 INFO o.a.j.t.JMeterThread: Thread started: 秒杀线程组：1000用户 1-144
2026-07-17 19:35:03,579 INFO o.a.j.t.JMeterThread: Thread started: 秒杀线程组：1000用户 1-145
2026-07-17 19:35:03,580 INFO o.a.j.t.JMeterThread: Thread started: 秒杀线程组：1000用户 1-165
2026-07-17 19:35:03,580 INFO o.a.j.t.JMeterThread: Thread started: 秒杀线程组：1000用户 1-146
2026-07-17 19:35:03,580 INFO o.a.j.t.JMeterThread: Thread started: 秒杀线程组：1000用户 1-147
2026-07-17 19:35:03,581 INFO o.a.j.t.JMeterThread: Thread started: 秒杀线程组：1000用户 1-148
2026-07-17 19:35:03,581 INFO o.a.j.t.JMeterThread: Thread started: 秒杀线程组：1000用户 1-163
2026-07-17 19:35:03,581 INFO o.a.j.t.JMeterThread: Thread started: 秒杀线程组：1000用户 1-166
2026-07-17 19:35:03,582 INFO o.a.j.t.JMeterThread: Thread started: 秒杀线程组：1000用户 1-149
2026-07-17 19:35:03,583 INFO o.a.j.t.JMeterThread: Thread started: 秒杀线程组：1000用户 1-164
2026-07-17 19:35:03,583 INFO o.a.j.t.JMeterThread: Thread started: 秒杀线程组：1000用户 1-150
2026-07-17 19:35:03,584 INFO o.a.j.t.JMeterThread: Thread started: 秒杀线程组：1000用户 1-167
2026-07-17 19:35:03,584 INFO o.a.j.t.JMeterThread: Thread started: 秒杀线程组：1000用户 1-151
2026-07-17 19:35:03,585 INFO o.a.j.t.JMeterThread: Thread started: 秒杀线程组：1000用户 1-152
2026-07-17 19:35:03,586 INFO o.a.j.t.JMeterThread: Thread started: 秒杀线程组：1000用户 1-153
2026-07-17 19:35:03,587 INFO o.a.j.t.JMeterThread: Thread started: 秒杀线程组：1000用户 1-154
2026-07-17 19:35:03,587 INFO o.a.j.t.JMeterThread: Thread started: 秒杀线程组：1000用户 1-169
2026-07-17 19:35:03,588 INFO o.a.j.t.JMeterThread: Thread started: 秒杀线程组：1000用户 1-155
2026-07-17 19:35:03,588 INFO o.a.j.t.JMeterThread: Thread started: 秒杀线程组：1000用户 1-170
2026-07-17 19:35:03,588 INFO o.a.j.t.JMeterThread: Thread started: 秒杀线程组：1000用户 1-171
2026-07-17 19:35:03,589 INFO o.a.j.t.JMeterThread: Thread started: 秒杀线程组：1000用户 1-158
2026-07-17 19:35:03,589 INFO o.a.j.t.JMeterThread: Thread started: 秒杀线程组：1000用户 1-172
2026-07-17 19:35:03,589 INFO o.a.j.t.JMeterThread: Thread started: 秒杀线程组：1000用户 1-156
2026-07-17 19:35:03,591 INFO o.a.j.t.JMeterThread: Thread started: 秒杀线程组：1000用户 1-157
2026-07-17 19:35:03,592 INFO o.a.j.t.JMeterThread: Thread started: 秒杀线程组：1000用户 1-159
2026-07-17 19:35:03,593 INFO o.a.j.t.JMeterThread: Thread started: 秒杀线程组：1000用户 1-160
2026-07-17 19:35:03,593 INFO o.a.j.t.JMeterThread: Thread started: 秒杀线程组：1000用户 1-173
2026-07-17 19:35:03,594 INFO o.a.j.t.JMeterThread: Thread started: 秒杀线程组：1000用户 1-174
2026-07-17 19:35:03,595 INFO o.a.j.t.JMeterThread: Thread started: 秒杀线程组：1000用户 1-161
2026-07-17 19:35:03,596 INFO o.a.j.t.JMeterThread: Thread started: 秒杀线程组：1000用户 1-162
2026-07-17 19:35:03,598 INFO o.a.j.t.JMeterThread: Thread started: 秒杀线程组：1000用户 1-177
2026-07-17 19:35:03,599 INFO o.a.j.t.JMeterThread: Thread started: 秒杀线程组：1000用户 1-175
2026-07-17 19:35:03,599 INFO o.a.j.t.JMeterThread: Thread started: 秒杀线程组：1000用户 1-168
2026-07-17 19:35:03,599 INFO o.a.j.t.JMeterThread: Thread started: 秒杀线程组：1000用户 1-176
2026-07-17 19:35:03,599 INFO o.a.j.t.JMeterThread: Thread started: 秒杀线程组：1000用户 1-179
2026-07-17 19:35:03,602 INFO o.a.j.t.JMeterThread: Thread started: 秒杀线程组：1000用户 1-183
2026-07-17 19:35:03,602 INFO o.a.j.t.JMeterThread: Thread started: 秒杀线程组：1000用户 1-184
2026-07-17 19:35:03,602 INFO o.a.j.t.JMeterThread: Thread started: 秒杀线程组：1000用户 1-185
2026-07-17 19:35:03,603 INFO o.a.j.t.JMeterThread: Thread started: 秒杀线程组：1000用户 1-187
2026-07-17 19:35:03,604 INFO o.a.j.t.JMeterThread: Thread started: 秒杀线程组：1000用户 1-190
2026-07-17 19:35:03,604 INFO o.a.j.t.JMeterThread: Thread started: 秒杀线程组：1000用户 1-186
2026-07-17 19:35:03,605 INFO o.a.j.t.JMeterThread: Thread started: 秒杀线程组：1000用户 1-188
2026-07-17 19:35:03,606 INFO o.a.j.t.JMeterThread: Thread started: 秒杀线程组：1000用户 1-182
2026-07-17 19:35:03,606 INFO o.a.j.t.JMeterThread: Thread started: 秒杀线程组：1000用户 1-189
2026-07-17 19:35:03,607 INFO o.a.j.t.JMeterThread: Thread started: 秒杀线程组：1000用户 1-191
2026-07-17 19:35:03,609 INFO o.a.j.t.JMeterThread: Thread started: 秒杀线程组：1000用户 1-178
2026-07-17 19:35:03,609 INFO o.a.j.t.JMeterThread: Thread started: 秒杀线程组：1000用户 1-181
2026-07-17 19:35:03,612 INFO o.a.j.t.JMeterThread: Thread started: 秒杀线程组：1000用户 1-193
2026-07-17 19:35:03,612 INFO o.a.j.t.JMeterThread: Thread started: 秒杀线程组：1000用户 1-180
2026-07-17 19:35:03,614 INFO o.a.j.t.JMeterThread: Thread started: 秒杀线程组：1000用户 1-194
2026-07-17 19:35:03,616 INFO o.a.j.t.JMeterThread: Thread started: 秒杀线程组：1000用户 1-192
2026-07-17 19:35:03,617 INFO o.a.j.t.JMeterThread: Thread started: 秒杀线程组：1000用户 1-197
2026-07-17 19:35:03,618 INFO o.a.j.t.JMeterThread: Thread started: 秒杀线程组：1000用户 1-195
2026-07-17 19:35:03,619 INFO o.a.j.t.JMeterThread: Thread started: 秒杀线程组：1000用户 1-198
2026-07-17 19:35:03,620 INFO o.a.j.t.JMeterThread: Thread started: 秒杀线程组：1000用户 1-204
2026-07-17 19:35:03,621 INFO o.a.j.t.JMeterThread: Thread started: 秒杀线程组：1000用户 1-199
2026-07-17 19:35:03,624 INFO o.a.j.t.JMeterThread: Thread started: 秒杀线程组：1000用户 1-214
2026-07-17 19:35:03,624 INFO o.a.j.t.JMeterThread: Thread started: 秒杀线程组：1000用户 1-200
2026-07-17 19:35:03,626 INFO o.a.j.t.JMeterThread: Thread started: 秒杀线程组：1000用户 1-196
2026-07-17 19:35:03,626 INFO o.a.j.t.JMeterThread: Thread started: 秒杀线程组：1000用户 1-201
2026-07-17 19:35:03,626 INFO o.a.j.t.JMeterThread: Thread started: 秒杀线程组：1000用户 1-203
2026-07-17 19:35:03,626 INFO o.a.j.t.JMeterThread: Thread started: 秒杀线程组：1000用户 1-202
2026-07-17 19:35:03,628 INFO o.a.j.t.JMeterThread: Thread started: 秒杀线程组：1000用户 1-216
2026-07-17 19:35:03,628 INFO o.a.j.t.JMeterThread: Thread started: 秒杀线程组：1000用户 1-215
2026-07-17 19:35:03,629 INFO o.a.j.t.JMeterThread: Thread started: 秒杀线程组：1000用户 1-217
2026-07-17 19:35:03,631 INFO o.a.j.t.JMeterThread: Thread started: 秒杀线程组：1000用户 1-205
2026-07-17 19:35:03,632 INFO o.a.j.t.JMeterThread: Thread started: 秒杀线程组：1000用户 1-206
2026-07-17 19:35:03,632 INFO o.a.j.t.JMeterThread: Thread started: 秒杀线程组：1000用户 1-208
2026-07-17 19:35:03,632 INFO o.a.j.t.JMeterThread: Thread started: 秒杀线程组：1000用户 1-211
2026-07-17 19:35:03,633 INFO o.a.j.t.JMeterThread: Thread started: 秒杀线程组：1000用户 1-207
2026-07-17 19:35:03,633 INFO o.a.j.t.JMeterThread: Thread started: 秒杀线程组：1000用户 1-210
2026-07-17 19:35:03,634 INFO o.a.j.t.JMeterThread: Thread started: 秒杀线程组：1000用户 1-212
2026-07-17 19:35:03,635 INFO o.a.j.t.JMeterThread: Thread started: 秒杀线程组：1000用户 1-209
2026-07-17 19:35:03,637 INFO o.a.j.t.JMeterThread: Thread started: 秒杀线程组：1000用户 1-213
2026-07-17 19:35:03,643 INFO o.a.j.t.JMeterThread: Thread started: 秒杀线程组：1000用户 1-218
2026-07-17 19:35:03,646 INFO o.a.j.t.JMeterThread: Thread started: 秒杀线程组：1000用户 1-224
2026-07-17 19:35:03,646 INFO o.a.j.t.JMeterThread: Thread started: 秒杀线程组：1000用户 1-219
2026-07-17 19:35:03,646 INFO o.a.j.t.JMeterThread: Thread started: 秒杀线程组：1000用户 1-221
2026-07-17 19:35:03,646 INFO o.a.j.t.JMeterThread: Thread started: 秒杀线程组：1000用户 1-220
2026-07-17 19:35:03,647 INFO o.a.j.t.JMeterThread: Thread started: 秒杀线程组：1000用户 1-222
2026-07-17 19:35:03,648 INFO o.a.j.t.JMeterThread: Thread started: 秒杀线程组：1000用户 1-226
2026-07-17 19:35:03,648 INFO o.a.j.t.JMeterThread: Thread started: 秒杀线程组：1000用户 1-223
2026-07-17 19:35:03,650 INFO o.a.j.t.JMeterThread: Thread started: 秒杀线程组：1000用户 1-227
2026-07-17 19:35:03,650 INFO o.a.j.t.JMeterThread: Thread started: 秒杀线程组：1000用户 1-225
2026-07-17 19:35:03,653 INFO o.a.j.t.JMeterThread: Thread started: 秒杀线程组：1000用户 1-229
2026-07-17 19:35:03,653 INFO o.a.j.t.JMeterThread: Thread started: 秒杀线程组：1000用户 1-231
2026-07-17 19:35:03,654 INFO o.a.j.t.JMeterThread: Thread started: 秒杀线程组：1000用户 1-230
2026-07-17 19:35:03,654 INFO o.a.j.t.JMeterThread: Thread started: 秒杀线程组：1000用户 1-228
2026-07-17 19:35:03,656 INFO o.a.j.t.JMeterThread: Thread started: 秒杀线程组：1000用户 1-234
2026-07-17 19:35:03,656 INFO o.a.j.t.JMeterThread: Thread started: 秒杀线程组：1000用户 1-232
2026-07-17 19:35:03,656 INFO o.a.j.t.JMeterThread: Thread started: 秒杀线程组：1000用户 1-235
2026-07-17 19:35:03,657 INFO o.a.j.t.JMeterThread: Thread started: 秒杀线程组：1000用户 1-236
2026-07-17 19:35:03,658 INFO o.a.j.t.JMeterThread: Thread started: 秒杀线程组：1000用户 1-237
2026-07-17 19:35:03,658 INFO o.a.j.t.JMeterThread: Thread started: 秒杀线程组：1000用户 1-258
2026-07-17 19:35:03,658 INFO o.a.j.t.JMeterThread: Thread started: 秒杀线程组：1000用户 1-233
2026-07-17 19:35:03,661 INFO o.a.j.t.JMeterThread: Thread started: 秒杀线程组：1000用户 1-241
2026-07-17 19:35:03,661 INFO o.a.j.t.JMeterThread: Thread started: 秒杀线程组：1000用户 1-238
2026-07-17 19:35:03,662 INFO o.a.j.t.JMeterThread: Thread started: 秒杀线程组：1000用户 1-239
2026-07-17 19:35:03,663 INFO o.a.j.t.JMeterThread: Thread started: 秒杀线程组：1000用户 1-242
2026-07-17 19:35:03,663 INFO o.a.j.t.JMeterThread: Thread started: 秒杀线程组：1000用户 1-240
2026-07-17 19:35:03,664 INFO o.a.j.t.JMeterThread: Thread started: 秒杀线程组：1000用户 1-243
2026-07-17 19:35:03,664 INFO o.a.j.t.JMeterThread: Thread started: 秒杀线程组：1000用户 1-262
2026-07-17 19:35:03,666 INFO o.a.j.t.JMeterThread: Thread started: 秒杀线程组：1000用户 1-244
2026-07-17 19:35:03,666 INFO o.a.j.t.JMeterThread: Thread started: 秒杀线程组：1000用户 1-266
2026-07-17 19:35:03,666 INFO o.a.j.t.JMeterThread: Thread started: 秒杀线程组：1000用户 1-247
2026-07-17 19:35:03,666 INFO o.a.j.t.JMeterThread: Thread started: 秒杀线程组：1000用户 1-245
2026-07-17 19:35:03,668 INFO o.a.j.t.JMeterThread: Thread started: 秒杀线程组：1000用户 1-246
2026-07-17 19:35:03,668 INFO o.a.j.t.JMeterThread: Thread started: 秒杀线程组：1000用户 1-267
2026-07-17 19:35:03,669 INFO o.a.j.t.JMeterThread: Thread started: 秒杀线程组：1000用户 1-270
2026-07-17 19:35:03,669 INFO o.a.j.t.JMeterThread: Thread started: 秒杀线程组：1000用户 1-250
2026-07-17 19:35:03,669 INFO o.a.j.t.JMeterThread: Thread started: 秒杀线程组：1000用户 1-248
2026-07-17 19:35:03,669 INFO o.a.j.t.JMeterThread: Thread started: 秒杀线程组：1000用户 1-271
2026-07-17 19:35:03,671 INFO o.a.j.t.JMeterThread: Thread started: 秒杀线程组：1000用户 1-251
2026-07-17 19:35:03,671 INFO o.a.j.t.JMeterThread: Thread started: 秒杀线程组：1000用户 1-249
2026-07-17 19:35:03,672 INFO o.a.j.t.JMeterThread: Thread started: 秒杀线程组：1000用户 1-274
2026-07-17 19:35:03,672 INFO o.a.j.t.JMeterThread: Thread started: 秒杀线程组：1000用户 1-252
2026-07-17 19:35:03,673 INFO o.a.j.t.JMeterThread: Thread started: 秒杀线程组：1000用户 1-273
2026-07-17 19:35:03,674 INFO o.a.j.t.JMeterThread: Thread started: 秒杀线程组：1000用户 1-275
2026-07-17 19:35:03,674 INFO o.a.j.t.JMeterThread: Thread started: 秒杀线程组：1000用户 1-253
2026-07-17 19:35:03,674 INFO o.a.j.t.JMeterThread: Thread started: 秒杀线程组：1000用户 1-254
2026-07-17 19:35:03,676 INFO o.a.j.t.JMeterThread: Thread started: 秒杀线程组：1000用户 1-255
2026-07-17 19:35:03,676 INFO o.a.j.t.JMeterThread: Thread started: 秒杀线程组：1000用户 1-276
2026-07-17 19:35:03,676 INFO o.a.j.t.JMeterThread: Thread started: 秒杀线程组：1000用户 1-257
2026-07-17 19:35:03,676 INFO o.a.j.t.JMeterThread: Thread started: 秒杀线程组：1000用户 1-278
2026-07-17 19:35:03,676 INFO o.a.j.t.JMeterThread: Thread started: 秒杀线程组：1000用户 1-256
2026-07-17 19:35:03,677 INFO o.a.j.t.JMeterThread: Thread started: 秒杀线程组：1000用户 1-277
2026-07-17 19:35:03,679 INFO o.a.j.t.JMeterThread: Thread started: 秒杀线程组：1000用户 1-279
2026-07-17 19:35:03,679 INFO o.a.j.t.JMeterThread: Thread started: 秒杀线程组：1000用户 1-260
2026-07-17 19:35:03,679 INFO o.a.j.t.JMeterThread: Thread started: 秒杀线程组：1000用户 1-259
2026-07-17 19:35:03,679 INFO o.a.j.t.JMeterThread: Thread started: 秒杀线程组：1000用户 1-280
2026-07-17 19:35:03,681 INFO o.a.j.t.JMeterThread: Thread started: 秒杀线程组：1000用户 1-282
2026-07-17 19:35:03,681 INFO o.a.j.t.JMeterThread: Thread started: 秒杀线程组：1000用户 1-261
2026-07-17 19:35:03,682 INFO o.a.j.t.JMeterThread: Thread started: 秒杀线程组：1000用户 1-281
2026-07-17 19:35:03,682 INFO o.a.j.t.JMeterThread: Thread started: 秒杀线程组：1000用户 1-268
2026-07-17 19:35:03,682 INFO o.a.j.t.JMeterThread: Thread started: 秒杀线程组：1000用户 1-283
2026-07-17 19:35:03,683 INFO o.a.j.t.JMeterThread: Thread started: 秒杀线程组：1000用户 1-263
2026-07-17 19:35:03,684 INFO o.a.j.t.JMeterThread: Thread started: 秒杀线程组：1000用户 1-265
2026-07-17 19:35:03,684 INFO o.a.j.t.JMeterThread: Thread started: 秒杀线程组：1000用户 1-264
2026-07-17 19:35:03,684 INFO o.a.j.t.JMeterThread: Thread started: 秒杀线程组：1000用户 1-286
2026-07-17 19:35:03,686 INFO o.a.j.t.JMeterThread: Thread started: 秒杀线程组：1000用户 1-287
2026-07-17 19:35:03,686 INFO o.a.j.t.JMeterThread: Thread started: 秒杀线程组：1000用户 1-269
2026-07-17 19:35:03,689 INFO o.a.j.t.JMeterThread: Thread started: 秒杀线程组：1000用户 1-289
2026-07-17 19:35:03,689 INFO o.a.j.t.JMeterThread: Thread started: 秒杀线程组：1000用户 1-290
2026-07-17 19:35:03,690 INFO o.a.j.t.JMeterThread: Thread started: 秒杀线程组：1000用户 1-272
2026-07-17 19:35:03,691 INFO o.a.j.t.JMeterThread: Thread started: 秒杀线程组：1000用户 1-291
2026-07-17 19:35:03,692 INFO o.a.j.t.JMeterThread: Thread started: 秒杀线程组：1000用户 1-294
2026-07-17 19:35:03,692 INFO o.a.j.t.JMeterThread: Thread started: 秒杀线程组：1000用户 1-292
2026-07-17 19:35:03,692 INFO o.a.j.t.JMeterThread: Thread started: 秒杀线程组：1000用户 1-293
2026-07-17 19:35:03,693 INFO o.a.j.t.JMeterThread: Thread started: 秒杀线程组：1000用户 1-295
2026-07-17 19:35:03,694 INFO o.a.j.t.JMeterThread: Thread started: 秒杀线程组：1000用户 1-296
2026-07-17 19:35:03,700 INFO o.a.j.t.JMeterThread: Thread started: 秒杀线程组：1000用户 1-301
2026-07-17 19:35:03,700 INFO o.a.j.t.JMeterThread: Thread started: 秒杀线程组：1000用户 1-299
2026-07-17 19:35:03,700 INFO o.a.j.t.JMeterThread: Thread started: 秒杀线程组：1000用户 1-297
2026-07-17 19:35:03,700 INFO o.a.j.t.JMeterThread: Thread started: 秒杀线程组：1000用户 1-298
2026-07-17 19:35:03,700 INFO o.a.j.t.JMeterThread: Thread started: 秒杀线程组：1000用户 1-284
2026-07-17 19:35:03,700 INFO o.a.j.t.JMeterThread: Thread started: 秒杀线程组：1000用户 1-285
2026-07-17 19:35:03,700 INFO o.a.j.t.JMeterThread: Thread started: 秒杀线程组：1000用户 1-288
2026-07-17 19:35:03,701 INFO o.a.j.t.JMeterThread: Thread started: 秒杀线程组：1000用户 1-302
2026-07-17 19:35:03,702 INFO o.a.j.t.JMeterThread: Thread started: 秒杀线程组：1000用户 1-303
2026-07-17 19:35:03,702 INFO o.a.j.t.JMeterThread: Thread started: 秒杀线程组：1000用户 1-304
2026-07-17 19:35:03,707 INFO o.a.j.t.JMeterThread: Thread started: 秒杀线程组：1000用户 1-300
2026-07-17 19:35:03,703 INFO o.a.j.t.JMeterThread: Thread started: 秒杀线程组：1000用户 1-306
2026-07-17 19:35:03,707 INFO o.a.j.t.JMeterThread: Thread started: 秒杀线程组：1000用户 1-309
2026-07-17 19:35:03,703 INFO o.a.j.t.JMeterThread: Thread started: 秒杀线程组：1000用户 1-305
2026-07-17 19:35:03,707 INFO o.a.j.t.JMeterThread: Thread started: 秒杀线程组：1000用户 1-308
2026-07-17 19:35:03,707 INFO o.a.j.t.JMeterThread: Thread started: 秒杀线程组：1000用户 1-307
2026-07-17 19:35:03,708 INFO o.a.j.t.JMeterThread: Thread started: 秒杀线程组：1000用户 1-310
2026-07-17 19:35:03,710 INFO o.a.j.t.JMeterThread: Thread started: 秒杀线程组：1000用户 1-311
2026-07-17 19:35:03,710 INFO o.a.j.t.JMeterThread: Thread started: 秒杀线程组：1000用户 1-312
2026-07-17 19:35:03,714 INFO o.a.j.t.JMeterThread: Thread started: 秒杀线程组：1000用户 1-313
2026-07-17 19:35:03,716 INFO o.a.j.t.JMeterThread: Thread started: 秒杀线程组：1000用户 1-320
2026-07-17 19:35:03,717 INFO o.a.j.t.JMeterThread: Thread started: 秒杀线程组：1000用户 1-321
2026-07-17 19:35:03,719 INFO o.a.j.t.JMeterThread: Thread started: 秒杀线程组：1000用户 1-323
2026-07-17 19:35:03,719 INFO o.a.j.t.JMeterThread: Thread started: 秒杀线程组：1000用户 1-316
2026-07-17 19:35:03,719 INFO o.a.j.t.JMeterThread: Thread started: 秒杀线程组：1000用户 1-315
2026-07-17 19:35:03,720 INFO o.a.j.t.JMeterThread: Thread started: 秒杀线程组：1000用户 1-324
2026-07-17 19:35:03,721 INFO o.a.j.t.JMeterThread: Thread started: 秒杀线程组：1000用户 1-318
2026-07-17 19:35:03,721 INFO o.a.j.t.JMeterThread: Thread started: 秒杀线程组：1000用户 1-314
2026-07-17 19:35:03,722 INFO o.a.j.t.JMeterThread: Thread started: 秒杀线程组：1000用户 1-317
2026-07-17 19:35:03,724 INFO o.a.j.t.JMeterThread: Thread started: 秒杀线程组：1000用户 1-319
2026-07-17 19:35:03,726 INFO o.a.j.t.JMeterThread: Thread started: 秒杀线程组：1000用户 1-322
2026-07-17 19:35:03,727 INFO o.a.j.t.JMeterThread: Thread started: 秒杀线程组：1000用户 1-325
2026-07-17 19:35:03,732 INFO o.a.j.t.JMeterThread: Thread started: 秒杀线程组：1000用户 1-329
2026-07-17 19:35:03,732 INFO o.a.j.t.JMeterThread: Thread started: 秒杀线程组：1000用户 1-326
2026-07-17 19:35:03,732 INFO o.a.j.t.JMeterThread: Thread started: 秒杀线程组：1000用户 1-327
2026-07-17 19:35:03,732 INFO o.a.j.t.JMeterThread: Thread started: 秒杀线程组：1000用户 1-330
2026-07-17 19:35:03,736 INFO o.a.j.t.JMeterThread: Thread started: 秒杀线程组：1000用户 1-328
2026-07-17 19:35:03,736 INFO o.a.j.t.JMeterThread: Thread started: 秒杀线程组：1000用户 1-333
2026-07-17 19:35:03,736 INFO o.a.j.t.JMeterThread: Thread started: 秒杀线程组：1000用户 1-331
2026-07-17 19:35:03,736 INFO o.a.j.t.JMeterThread: Thread started: 秒杀线程组：1000用户 1-348
2026-07-17 19:35:03,740 INFO o.a.j.t.JMeterThread: Thread started: 秒杀线程组：1000用户 1-352
2026-07-17 19:35:03,740 INFO o.a.j.t.JMeterThread: Thread started: 秒杀线程组：1000用户 1-332
2026-07-17 19:35:03,742 INFO o.a.j.t.JMeterThread: Thread started: 秒杀线程组：1000用户 1-354
2026-07-17 19:35:03,743 INFO o.a.j.t.JMeterThread: Thread started: 秒杀线程组：1000用户 1-355
2026-07-17 19:35:03,743 INFO o.a.j.t.JMeterThread: Thread started: 秒杀线程组：1000用户 1-334
2026-07-17 19:35:03,744 INFO o.a.j.t.JMeterThread: Thread started: 秒杀线程组：1000用户 1-335
2026-07-17 19:35:03,744 INFO o.a.j.t.JMeterThread: Thread is done: 秒杀线程组：1000用户 1-276
2026-07-17 19:35:03,744 INFO o.a.j.t.JMeterThread: Thread finished: 秒杀线程组：1000用户 1-276
2026-07-17 19:35:03,745 INFO o.a.j.t.JMeterThread: Thread started: 秒杀线程组：1000用户 1-337
2026-07-17 19:35:03,745 INFO o.a.j.r.Summariser: summary +      1 in 00:00:01 =    1.3/s Avg:    91 Min:    91 Max:    91 Err:     0 (0.00%) Active: 339 Started: 340 Finished: 1
2026-07-17 19:35:03,745 INFO o.a.j.t.JMeterThread: Thread started: 秒杀线程组：1000用户 1-336
2026-07-17 19:35:03,745 INFO o.a.j.t.JMeterThread: Thread is done: 秒杀线程组：1000用户 1-112
2026-07-17 19:35:03,745 INFO o.a.j.t.JMeterThread: Thread finished: 秒杀线程组：1000用户 1-112
2026-07-17 19:35:03,747 INFO o.a.j.t.JMeterThread: Thread started: 秒杀线程组：1000用户 1-338
2026-07-17 19:35:03,747 INFO o.a.j.t.JMeterThread: Thread started: 秒杀线程组：1000用户 1-347
2026-07-17 19:35:03,748 INFO o.a.j.t.JMeterThread: Thread started: 秒杀线程组：1000用户 1-345
2026-07-17 19:35:03,748 INFO o.a.j.t.JMeterThread: Thread started: 秒杀线程组：1000用户 1-339
2026-07-17 19:35:03,749 INFO o.a.j.t.JMeterThread: Thread started: 秒杀线程组：1000用户 1-340
2026-07-17 19:35:03,749 INFO o.a.j.t.JMeterThread: Thread started: 秒杀线程组：1000用户 1-341
2026-07-17 19:35:03,749 INFO o.a.j.t.JMeterThread: Thread started: 秒杀线程组：1000用户 1-343
2026-07-17 19:35:03,749 INFO o.a.j.t.JMeterThread: Thread started: 秒杀线程组：1000用户 1-342
2026-07-17 19:35:03,749 INFO o.a.j.t.JMeterThread: Thread is done: 秒杀线程组：1000用户 1-282
2026-07-17 19:35:03,749 INFO o.a.j.t.JMeterThread: Thread finished: 秒杀线程组：1000用户 1-282
2026-07-17 19:35:03,750 INFO o.a.j.t.JMeterThread: Thread started: 秒杀线程组：1000用户 1-351
2026-07-17 19:35:03,750 INFO o.a.j.t.JMeterThread: Thread started: 秒杀线程组：1000用户 1-344
2026-07-17 19:35:03,751 INFO o.a.j.t.JMeterThread: Thread started: 秒杀线程组：1000用户 1-346
2026-07-17 19:35:03,751 INFO o.a.j.t.JMeterThread: Thread started: 秒杀线程组：1000用户 1-361
2026-07-17 19:35:03,753 INFO o.a.j.t.JMeterThread: Thread started: 秒杀线程组：1000用户 1-363
2026-07-17 19:35:03,754 INFO o.a.j.t.JMeterThread: Thread started: 秒杀线程组：1000用户 1-349
2026-07-17 19:35:03,754 INFO o.a.j.t.JMeterThread: Thread started: 秒杀线程组：1000用户 1-353
2026-07-17 19:35:03,754 INFO o.a.j.t.JMeterThread: Thread started: 秒杀线程组：1000用户 1-365
2026-07-17 19:35:03,756 INFO o.a.j.t.JMeterThread: Thread started: 秒杀线程组：1000用户 1-357
2026-07-17 19:35:03,756 INFO o.a.j.t.JMeterThread: Thread started: 秒杀线程组：1000用户 1-350
2026-07-17 19:35:03,758 INFO o.a.j.t.JMeterThread: Thread started: 秒杀线程组：1000用户 1-358
2026-07-17 19:35:03,758 INFO o.a.j.t.JMeterThread: Thread started: 秒杀线程组：1000用户 1-356
2026-07-17 19:35:03,759 INFO o.a.j.t.JMeterThread: Thread is done: 秒杀线程组：1000用户 1-8
2026-07-17 19:35:03,759 INFO o.a.j.t.JMeterThread: Thread finished: 秒杀线程组：1000用户 1-8
2026-07-17 19:35:03,759 INFO o.a.j.t.JMeterThread: Thread started: 秒杀线程组：1000用户 1-366
2026-07-17 19:35:03,760 INFO o.a.j.t.JMeterThread: Thread started: 秒杀线程组：1000用户 1-359
2026-07-17 19:35:03,760 INFO o.a.j.t.JMeterThread: Thread started: 秒杀线程组：1000用户 1-364
2026-07-17 19:35:03,760 INFO o.a.j.t.JMeterThread: Thread started: 秒杀线程组：1000用户 1-362
2026-07-17 19:35:03,761 INFO o.a.j.t.JMeterThread: Thread started: 秒杀线程组：1000用户 1-372
2026-07-17 19:35:03,761 INFO o.a.j.t.JMeterThread: Thread started: 秒杀线程组：1000用户 1-368
2026-07-17 19:35:03,761 INFO o.a.j.t.JMeterThread: Thread started: 秒杀线程组：1000用户 1-360
2026-07-17 19:35:03,762 INFO o.a.j.t.JMeterThread: Thread started: 秒杀线程组：1000用户 1-369
2026-07-17 19:35:03,762 INFO o.a.j.t.JMeterThread: Thread started: 秒杀线程组：1000用户 1-370
2026-07-17 19:35:03,763 INFO o.a.j.t.JMeterThread: Thread started: 秒杀线程组：1000用户 1-367
2026-07-17 19:35:03,763 INFO o.a.j.t.JMeterThread: Thread started: 秒杀线程组：1000用户 1-375
2026-07-17 19:35:03,764 INFO o.a.j.t.JMeterThread: Thread started: 秒杀线程组：1000用户 1-371
2026-07-17 19:35:03,766 INFO o.a.j.t.JMeterThread: Thread started: 秒杀线程组：1000用户 1-374
2026-07-17 19:35:03,766 INFO o.a.j.t.JMeterThread: Thread started: 秒杀线程组：1000用户 1-373
2026-07-17 19:35:03,766 INFO o.a.j.t.JMeterThread: Thread started: 秒杀线程组：1000用户 1-376
2026-07-17 19:35:03,767 INFO o.a.j.t.JMeterThread: Thread started: 秒杀线程组：1000用户 1-379
2026-07-17 19:35:03,767 INFO o.a.j.t.JMeterThread: Thread started: 秒杀线程组：1000用户 1-378
2026-07-17 19:35:03,769 INFO o.a.j.t.JMeterThread: Thread started: 秒杀线程组：1000用户 1-383
2026-07-17 19:35:03,769 INFO o.a.j.t.JMeterThread: Thread is done: 秒杀线程组：1000用户 1-259
2026-07-17 19:35:03,769 INFO o.a.j.t.JMeterThread: Thread finished: 秒杀线程组：1000用户 1-259
2026-07-17 19:35:03,769 INFO o.a.j.t.JMeterThread: Thread started: 秒杀线程组：1000用户 1-381
2026-07-17 19:35:03,771 INFO o.a.j.t.JMeterThread: Thread started: 秒杀线程组：1000用户 1-382
2026-07-17 19:35:03,771 INFO o.a.j.t.JMeterThread: Thread started: 秒杀线程组：1000用户 1-380
2026-07-17 19:35:03,771 INFO o.a.j.t.JMeterThread: Thread started: 秒杀线程组：1000用户 1-385
2026-07-17 19:35:03,773 INFO o.a.j.t.JMeterThread: Thread started: 秒杀线程组：1000用户 1-384
2026-07-17 19:35:03,774 INFO o.a.j.t.JMeterThread: Thread started: 秒杀线程组：1000用户 1-387
2026-07-17 19:35:03,774 INFO o.a.j.t.JMeterThread: Thread started: 秒杀线程组：1000用户 1-390
2026-07-17 19:35:03,774 INFO o.a.j.t.JMeterThread: Thread started: 秒杀线程组：1000用户 1-386
2026-07-17 19:35:03,776 INFO o.a.j.t.JMeterThread: Thread started: 秒杀线程组：1000用户 1-388
2026-07-17 19:35:03,776 INFO o.a.j.t.JMeterThread: Thread started: 秒杀线程组：1000用户 1-391
2026-07-17 19:35:03,776 INFO o.a.j.t.JMeterThread: Thread started: 秒杀线程组：1000用户 1-389
2026-07-17 19:35:03,776 INFO o.a.j.t.JMeterThread: Thread started: 秒杀线程组：1000用户 1-392
2026-07-17 19:35:03,777 INFO o.a.j.t.JMeterThread: Thread started: 秒杀线程组：1000用户 1-393
2026-07-17 19:35:03,779 INFO o.a.j.t.JMeterThread: Thread is done: 秒杀线程组：1000用户 1-291
2026-07-17 19:35:03,779 INFO o.a.j.t.JMeterThread: Thread started: 秒杀线程组：1000用户 1-394
2026-07-17 19:35:03,779 INFO o.a.j.t.JMeterThread: Thread finished: 秒杀线程组：1000用户 1-291
2026-07-17 19:35:03,779 INFO o.a.j.t.JMeterThread: Thread started: 秒杀线程组：1000用户 1-377
2026-07-17 19:35:03,780 INFO o.a.j.t.JMeterThread: Thread started: 秒杀线程组：1000用户 1-398
2026-07-17 19:35:03,781 INFO o.a.j.t.JMeterThread: Thread started: 秒杀线程组：1000用户 1-396
2026-07-17 19:35:03,782 INFO o.a.j.t.JMeterThread: Thread started: 秒杀线程组：1000用户 1-401
2026-07-17 19:35:03,782 INFO o.a.j.t.JMeterThread: Thread started: 秒杀线程组：1000用户 1-395
2026-07-17 19:35:03,784 INFO o.a.j.t.JMeterThread: Thread started: 秒杀线程组：1000用户 1-397
2026-07-17 19:35:03,786 INFO o.a.j.t.JMeterThread: Thread started: 秒杀线程组：1000用户 1-399
2026-07-17 19:35:03,786 INFO o.a.j.t.JMeterThread: Thread started: 秒杀线程组：1000用户 1-400
2026-07-17 19:35:03,787 INFO o.a.j.t.JMeterThread: Thread is done: 秒杀线程组：1000用户 1-17
2026-07-17 19:35:03,787 INFO o.a.j.t.JMeterThread: Thread finished: 秒杀线程组：1000用户 1-17
2026-07-17 19:35:03,789 INFO o.a.j.t.JMeterThread: Thread started: 秒杀线程组：1000用户 1-406
2026-07-17 19:35:03,789 INFO o.a.j.t.JMeterThread: Thread started: 秒杀线程组：1000用户 1-402
2026-07-17 19:35:03,789 INFO o.a.j.t.JMeterThread: Thread started: 秒杀线程组：1000用户 1-407
2026-07-17 19:35:03,790 INFO o.a.j.t.JMeterThread: Thread started: 秒杀线程组：1000用户 1-405
2026-07-17 19:35:03,797 INFO o.a.j.t.JMeterThread: Thread is done: 秒杀线程组：1000用户 1-110
2026-07-17 19:35:03,797 INFO o.a.j.t.JMeterThread: Thread started: 秒杀线程组：1000用户 1-413
2026-07-17 19:35:03,797 INFO o.a.j.t.JMeterThread: Thread finished: 秒杀线程组：1000用户 1-110
2026-07-17 19:35:03,797 INFO o.a.j.t.JMeterThread: Thread started: 秒杀线程组：1000用户 1-412
2026-07-17 19:35:03,798 INFO o.a.j.t.JMeterThread: Thread started: 秒杀线程组：1000用户 1-415
2026-07-17 19:35:03,801 INFO o.a.j.t.JMeterThread: Thread started: 秒杀线程组：1000用户 1-403
2026-07-17 19:35:03,802 INFO o.a.j.t.JMeterThread: Thread started: 秒杀线程组：1000用户 1-404
2026-07-17 19:35:03,804 INFO o.a.j.t.JMeterThread: Thread started: 秒杀线程组：1000用户 1-409
2026-07-17 19:35:03,804 INFO o.a.j.t.JMeterThread: Thread started: 秒杀线程组：1000用户 1-408
2026-07-17 19:35:03,804 INFO o.a.j.t.JMeterThread: Thread started: 秒杀线程组：1000用户 1-420
2026-07-17 19:35:03,804 INFO o.a.j.t.JMeterThread: Thread is done: 秒杀线程组：1000用户 1-90
2026-07-17 19:35:03,804 INFO o.a.j.t.JMeterThread: Thread finished: 秒杀线程组：1000用户 1-90
2026-07-17 19:35:03,805 INFO o.a.j.t.JMeterThread: Thread started: 秒杀线程组：1000用户 1-410
2026-07-17 19:35:03,808 INFO o.a.j.t.JMeterThread: Thread started: 秒杀线程组：1000用户 1-411
2026-07-17 19:35:03,809 INFO o.a.j.t.JMeterThread: Thread started: 秒杀线程组：1000用户 1-424
2026-07-17 19:35:03,810 INFO o.a.j.t.JMeterThread: Thread started: 秒杀线程组：1000用户 1-414
2026-07-17 19:35:03,810 INFO o.a.j.t.JMeterThread: Thread is done: 秒杀线程组：1000用户 1-162
2026-07-17 19:35:03,812 INFO o.a.j.t.JMeterThread: Thread finished: 秒杀线程组：1000用户 1-162
2026-07-17 19:35:03,812 INFO o.a.j.t.JMeterThread: Thread started: 秒杀线程组：1000用户 1-416
2026-07-17 19:35:03,813 INFO o.a.j.t.JMeterThread: Thread started: 秒杀线程组：1000用户 1-417
2026-07-17 19:35:03,814 INFO o.a.j.t.JMeterThread: Thread started: 秒杀线程组：1000用户 1-429
2026-07-17 19:35:03,814 INFO o.a.j.t.JMeterThread: Thread started: 秒杀线程组：1000用户 1-418
2026-07-17 19:35:03,815 INFO o.a.j.t.JMeterThread: Thread started: 秒杀线程组：1000用户 1-419
2026-07-17 19:35:03,816 INFO o.a.j.t.JMeterThread: Thread started: 秒杀线程组：1000用户 1-422
2026-07-17 19:35:03,816 INFO o.a.j.t.JMeterThread: Thread started: 秒杀线程组：1000用户 1-427
2026-07-17 19:35:03,817 INFO o.a.j.t.JMeterThread: Thread started: 秒杀线程组：1000用户 1-421
2026-07-17 19:35:03,817 INFO o.a.j.t.JMeterThread: Thread started: 秒杀线程组：1000用户 1-432
2026-07-17 19:35:03,817 INFO o.a.j.t.JMeterThread: Thread started: 秒杀线程组：1000用户 1-434
2026-07-17 19:35:03,817 INFO o.a.j.t.JMeterThread: Thread started: 秒杀线程组：1000用户 1-423
2026-07-17 19:35:03,819 INFO o.a.j.t.JMeterThread: Thread started: 秒杀线程组：1000用户 1-425
2026-07-17 19:35:03,819 INFO o.a.j.t.JMeterThread: Thread started: 秒杀线程组：1000用户 1-439
2026-07-17 19:35:03,819 INFO o.a.j.t.JMeterThread: Thread started: 秒杀线程组：1000用户 1-435
2026-07-17 19:35:03,821 INFO o.a.j.t.JMeterThread: Thread is done: 秒杀线程组：1000用户 1-246
2026-07-17 19:35:03,821 INFO o.a.j.t.JMeterThread: Thread started: 秒杀线程组：1000用户 1-433
2026-07-17 19:35:03,821 INFO o.a.j.t.JMeterThread: Thread finished: 秒杀线程组：1000用户 1-246
2026-07-17 19:35:03,822 INFO o.a.j.t.JMeterThread: Thread started: 秒杀线程组：1000用户 1-428
2026-07-17 19:35:03,822 INFO o.a.j.t.JMeterThread: Thread started: 秒杀线程组：1000用户 1-426
2026-07-17 19:35:03,822 INFO o.a.j.t.JMeterThread: Thread started: 秒杀线程组：1000用户 1-442
2026-07-17 19:35:03,824 INFO o.a.j.t.JMeterThread: Thread started: 秒杀线程组：1000用户 1-430
2026-07-17 19:35:03,824 INFO o.a.j.t.JMeterThread: Thread started: 秒杀线程组：1000用户 1-441
2026-07-17 19:35:03,826 INFO o.a.j.t.JMeterThread: Thread started: 秒杀线程组：1000用户 1-436
2026-07-17 19:35:03,827 INFO o.a.j.t.JMeterThread: Thread started: 秒杀线程组：1000用户 1-431
2026-07-17 19:35:03,828 INFO o.a.j.t.JMeterThread: Thread started: 秒杀线程组：1000用户 1-438
2026-07-17 19:35:03,829 INFO o.a.j.t.JMeterThread: Thread started: 秒杀线程组：1000用户 1-444
2026-07-17 19:35:03,830 INFO o.a.j.t.JMeterThread: Thread started: 秒杀线程组：1000用户 1-440
2026-07-17 19:35:03,830 INFO o.a.j.t.JMeterThread: Thread started: 秒杀线程组：1000用户 1-449
2026-07-17 19:35:03,830 INFO o.a.j.t.JMeterThread: Thread is done: 秒杀线程组：1000用户 1-294
2026-07-17 19:35:03,830 INFO o.a.j.t.JMeterThread: Thread started: 秒杀线程组：1000用户 1-446
2026-07-17 19:35:03,830 INFO o.a.j.t.JMeterThread: Thread finished: 秒杀线程组：1000用户 1-294
2026-07-17 19:35:03,832 INFO o.a.j.t.JMeterThread: Thread started: 秒杀线程组：1000用户 1-437
2026-07-17 19:35:03,833 INFO o.a.j.t.JMeterThread: Thread started: 秒杀线程组：1000用户 1-448
2026-07-17 19:35:03,835 INFO o.a.j.t.JMeterThread: Thread started: 秒杀线程组：1000用户 1-450
2026-07-17 19:35:03,835 INFO o.a.j.t.JMeterThread: Thread started: 秒杀线程组：1000用户 1-456
2026-07-17 19:35:03,837 INFO o.a.j.t.JMeterThread: Thread started: 秒杀线程组：1000用户 1-443
2026-07-17 19:35:03,837 INFO o.a.j.t.JMeterThread: Thread started: 秒杀线程组：1000用户 1-452
2026-07-17 19:35:03,838 INFO o.a.j.t.JMeterThread: Thread is done: 秒杀线程组：1000用户 1-45
2026-07-17 19:35:03,838 INFO o.a.j.t.JMeterThread: Thread finished: 秒杀线程组：1000用户 1-45
2026-07-17 19:35:03,838 INFO o.a.j.t.JMeterThread: Thread started: 秒杀线程组：1000用户 1-453
2026-07-17 19:35:03,838 INFO o.a.j.t.JMeterThread: Thread started: 秒杀线程组：1000用户 1-447
2026-07-17 19:35:03,839 INFO o.a.j.t.JMeterThread: Thread started: 秒杀线程组：1000用户 1-445
2026-07-17 19:35:03,841 INFO o.a.j.t.JMeterThread: Thread started: 秒杀线程组：1000用户 1-458
2026-07-17 19:35:03,844 INFO o.a.j.t.JMeterThread: Thread is done: 秒杀线程组：1000用户 1-293
2026-07-17 19:35:03,844 INFO o.a.j.t.JMeterThread: Thread finished: 秒杀线程组：1000用户 1-293
2026-07-17 19:35:03,845 INFO o.a.j.t.JMeterThread: Thread started: 秒杀线程组：1000用户 1-454
2026-07-17 19:35:03,845 INFO o.a.j.t.JMeterThread: Thread started: 秒杀线程组：1000用户 1-451
2026-07-17 19:35:03,846 INFO o.a.j.t.JMeterThread: Thread started: 秒杀线程组：1000用户 1-457
2026-07-17 19:35:03,847 INFO o.a.j.t.JMeterThread: Thread started: 秒杀线程组：1000用户 1-455
2026-07-17 19:35:03,849 INFO o.a.j.t.JMeterThread: Thread started: 秒杀线程组：1000用户 1-460
2026-07-17 19:35:03,851 INFO o.a.j.t.JMeterThread: Thread started: 秒杀线程组：1000用户 1-468
2026-07-17 19:35:03,851 INFO o.a.j.t.JMeterThread: Thread started: 秒杀线程组：1000用户 1-467
2026-07-17 19:35:03,851 INFO o.a.j.t.JMeterThread: Thread started: 秒杀线程组：1000用户 1-459
2026-07-17 19:35:03,851 INFO o.a.j.t.JMeterThread: Thread is done: 秒杀线程组：1000用户 1-267
2026-07-17 19:35:03,851 INFO o.a.j.t.JMeterThread: Thread finished: 秒杀线程组：1000用户 1-267
2026-07-17 19:35:03,852 INFO o.a.j.t.JMeterThread: Thread started: 秒杀线程组：1000用户 1-461
2026-07-17 19:35:03,852 INFO o.a.j.t.JMeterThread: Thread started: 秒杀线程组：1000用户 1-469
2026-07-17 19:35:03,853 INFO o.a.j.t.JMeterThread: Thread started: 秒杀线程组：1000用户 1-470
2026-07-17 19:35:03,853 INFO o.a.j.t.JMeterThread: Thread started: 秒杀线程组：1000用户 1-463
2026-07-17 19:35:03,853 INFO o.a.j.t.JMeterThread: Thread started: 秒杀线程组：1000用户 1-462
2026-07-17 19:35:03,854 INFO o.a.j.t.JMeterThread: Thread started: 秒杀线程组：1000用户 1-471
2026-07-17 19:35:03,855 INFO o.a.j.t.JMeterThread: Thread started: 秒杀线程组：1000用户 1-464
2026-07-17 19:35:03,855 INFO o.a.j.t.JMeterThread: Thread started: 秒杀线程组：1000用户 1-472
2026-07-17 19:35:03,856 INFO o.a.j.t.JMeterThread: Thread started: 秒杀线程组：1000用户 1-465
2026-07-17 19:35:03,857 INFO o.a.j.t.JMeterThread: Thread started: 秒杀线程组：1000用户 1-474
2026-07-17 19:35:03,857 INFO o.a.j.t.JMeterThread: Thread started: 秒杀线程组：1000用户 1-466
2026-07-17 19:35:03,858 INFO o.a.j.t.JMeterThread: Thread started: 秒杀线程组：1000用户 1-473
2026-07-17 19:35:03,858 INFO o.a.j.t.JMeterThread: Thread started: 秒杀线程组：1000用户 1-476
2026-07-17 19:35:03,859 INFO o.a.j.t.JMeterThread: Thread started: 秒杀线程组：1000用户 1-477
2026-07-17 19:35:03,861 INFO o.a.j.t.JMeterThread: Thread started: 秒杀线程组：1000用户 1-478
2026-07-17 19:35:03,862 INFO o.a.j.t.JMeterThread: Thread started: 秒杀线程组：1000用户 1-479
2026-07-17 19:35:03,863 INFO o.a.j.t.JMeterThread: Thread started: 秒杀线程组：1000用户 1-480
2026-07-17 19:35:03,864 INFO o.a.j.t.JMeterThread: Thread started: 秒杀线程组：1000用户 1-489
2026-07-17 19:35:03,864 INFO o.a.j.t.JMeterThread: Thread is done: 秒杀线程组：1000用户 1-256
2026-07-17 19:35:03,864 INFO o.a.j.t.JMeterThread: Thread finished: 秒杀线程组：1000用户 1-256
2026-07-17 19:35:03,865 INFO o.a.j.t.JMeterThread: Thread started: 秒杀线程组：1000用户 1-482
2026-07-17 19:35:03,865 INFO o.a.j.t.JMeterThread: Thread started: 秒杀线程组：1000用户 1-475
2026-07-17 19:35:03,866 INFO o.a.j.t.JMeterThread: Thread started: 秒杀线程组：1000用户 1-483
2026-07-17 19:35:03,866 INFO o.a.j.t.JMeterThread: Thread started: 秒杀线程组：1000用户 1-484
2026-07-17 19:35:03,868 INFO o.a.j.t.JMeterThread: Thread started: 秒杀线程组：1000用户 1-486
2026-07-17 19:35:03,869 INFO o.a.j.t.JMeterThread: Thread started: 秒杀线程组：1000用户 1-487
2026-07-17 19:35:03,870 INFO o.a.j.t.JMeterThread: Thread started: 秒杀线程组：1000用户 1-488
2026-07-17 19:35:03,870 INFO o.a.j.t.JMeterThread: Thread started: 秒杀线程组：1000用户 1-481
2026-07-17 19:35:03,872 INFO o.a.j.t.JMeterThread: Thread started: 秒杀线程组：1000用户 1-490
2026-07-17 19:35:03,873 INFO o.a.j.t.JMeterThread: Thread started: 秒杀线程组：1000用户 1-491
2026-07-17 19:35:03,873 INFO o.a.j.t.JMeterThread: Thread is done: 秒杀线程组：1000用户 1-172
2026-07-17 19:35:03,873 INFO o.a.j.t.JMeterThread: Thread finished: 秒杀线程组：1000用户 1-172
2026-07-17 19:35:03,874 INFO o.a.j.t.JMeterThread: Thread started: 秒杀线程组：1000用户 1-492
2026-07-17 19:35:03,876 INFO o.a.j.t.JMeterThread: Thread started: 秒杀线程组：1000用户 1-485
2026-07-17 19:35:03,876 INFO o.a.j.t.JMeterThread: Thread started: 秒杀线程组：1000用户 1-493
2026-07-17 19:35:03,877 INFO o.a.j.t.JMeterThread: Thread started: 秒杀线程组：1000用户 1-494
2026-07-17 19:35:03,877 INFO o.a.j.t.JMeterThread: Thread started: 秒杀线程组：1000用户 1-496
2026-07-17 19:35:03,877 INFO o.a.j.t.JMeterThread: Thread started: 秒杀线程组：1000用户 1-495
2026-07-17 19:35:03,877 INFO o.a.j.t.JMeterThread: Thread started: 秒杀线程组：1000用户 1-497
2026-07-17 19:35:03,878 INFO o.a.j.t.JMeterThread: Thread started: 秒杀线程组：1000用户 1-498
2026-07-17 19:35:03,880 INFO o.a.j.t.JMeterThread: Thread started: 秒杀线程组：1000用户 1-500
2026-07-17 19:35:03,881 INFO o.a.j.t.JMeterThread: Thread is done: 秒杀线程组：1000用户 1-260
2026-07-17 19:35:03,881 INFO o.a.j.t.JMeterThread: Thread finished: 秒杀线程组：1000用户 1-260
2026-07-17 19:35:03,883 INFO o.a.j.t.JMeterThread: Thread started: 秒杀线程组：1000用户 1-502
2026-07-17 19:35:03,883 INFO o.a.j.t.JMeterThread: Thread started: 秒杀线程组：1000用户 1-503
2026-07-17 19:35:03,885 INFO o.a.j.t.JMeterThread: Thread started: 秒杀线程组：1000用户 1-504
2026-07-17 19:35:03,885 INFO o.a.j.t.JMeterThread: Thread started: 秒杀线程组：1000用户 1-505
2026-07-17 19:35:03,886 INFO o.a.j.t.JMeterThread: Thread started: 秒杀线程组：1000用户 1-506
2026-07-17 19:35:03,887 INFO o.a.j.t.JMeterThread: Thread started: 秒杀线程组：1000用户 1-499
2026-07-17 19:35:03,888 INFO o.a.j.t.JMeterThread: Thread started: 秒杀线程组：1000用户 1-501
2026-07-17 19:35:03,888 INFO o.a.j.t.JMeterThread: Thread started: 秒杀线程组：1000用户 1-508
2026-07-17 19:35:03,889 INFO o.a.j.t.JMeterThread: Thread started: 秒杀线程组：1000用户 1-510
2026-07-17 19:35:03,889 INFO o.a.j.t.JMeterThread: Thread started: 秒杀线程组：1000用户 1-509
2026-07-17 19:35:03,889 INFO o.a.j.t.JMeterThread: Thread started: 秒杀线程组：1000用户 1-507
2026-07-17 19:35:03,890 INFO o.a.j.t.JMeterThread: Thread started: 秒杀线程组：1000用户 1-511
2026-07-17 19:35:03,891 INFO o.a.j.t.JMeterThread: Thread started: 秒杀线程组：1000用户 1-512
2026-07-17 19:35:03,892 INFO o.a.j.t.JMeterThread: Thread is done: 秒杀线程组：1000用户 1-204
2026-07-17 19:35:03,892 INFO o.a.j.t.JMeterThread: Thread started: 秒杀线程组：1000用户 1-513
2026-07-17 19:35:03,892 INFO o.a.j.t.JMeterThread: Thread finished: 秒杀线程组：1000用户 1-204
2026-07-17 19:35:03,895 INFO o.a.j.t.JMeterThread: Thread started: 秒杀线程组：1000用户 1-515
2026-07-17 19:35:03,895 INFO o.a.j.t.JMeterThread: Thread started: 秒杀线程组：1000用户 1-516
2026-07-17 19:35:03,895 INFO o.a.j.t.JMeterThread: Thread started: 秒杀线程组：1000用户 1-514
2026-07-17 19:35:03,896 INFO o.a.j.t.JMeterThread: Thread started: 秒杀线程组：1000用户 1-517
2026-07-17 19:35:03,896 INFO o.a.j.t.JMeterThread: Thread started: 秒杀线程组：1000用户 1-518
2026-07-17 19:35:03,898 INFO o.a.j.t.JMeterThread: Thread started: 秒杀线程组：1000用户 1-519
2026-07-17 19:35:03,899 INFO o.a.j.t.JMeterThread: Thread started: 秒杀线程组：1000用户 1-520
2026-07-17 19:35:03,902 INFO o.a.j.t.JMeterThread: Thread started: 秒杀线程组：1000用户 1-523
2026-07-17 19:35:03,902 INFO o.a.j.t.JMeterThread: Thread started: 秒杀线程组：1000用户 1-522
2026-07-17 19:35:03,902 INFO o.a.j.t.JMeterThread: Thread started: 秒杀线程组：1000用户 1-521
2026-07-17 19:35:03,902 INFO o.a.j.t.JMeterThread: Thread started: 秒杀线程组：1000用户 1-524
2026-07-17 19:35:03,902 INFO o.a.j.t.JMeterThread: Thread is done: 秒杀线程组：1000用户 1-257
2026-07-17 19:35:03,902 INFO o.a.j.t.JMeterThread: Thread finished: 秒杀线程组：1000用户 1-257
2026-07-17 19:35:03,903 INFO o.a.j.t.JMeterThread: Thread started: 秒杀线程组：1000用户 1-525
2026-07-17 19:35:03,905 INFO o.a.j.t.JMeterThread: Thread started: 秒杀线程组：1000用户 1-527
2026-07-17 19:35:03,905 INFO o.a.j.t.JMeterThread: Thread started: 秒杀线程组：1000用户 1-526
2026-07-17 19:35:03,905 INFO o.a.j.t.JMeterThread: Thread started: 秒杀线程组：1000用户 1-528
2026-07-17 19:35:03,906 INFO o.a.j.t.JMeterThread: Thread started: 秒杀线程组：1000用户 1-529
2026-07-17 19:35:03,907 INFO o.a.j.t.JMeterThread: Thread started: 秒杀线程组：1000用户 1-530
2026-07-17 19:35:03,909 INFO o.a.j.t.JMeterThread: Thread started: 秒杀线程组：1000用户 1-532
2026-07-17 19:35:03,909 INFO o.a.j.t.JMeterThread: Thread started: 秒杀线程组：1000用户 1-531
2026-07-17 19:35:03,910 INFO o.a.j.t.JMeterThread: Thread started: 秒杀线程组：1000用户 1-533
2026-07-17 19:35:03,912 INFO o.a.j.t.JMeterThread: Thread started: 秒杀线程组：1000用户 1-536
2026-07-17 19:35:03,912 INFO o.a.j.t.JMeterThread: Thread started: 秒杀线程组：1000用户 1-535
2026-07-17 19:35:03,912 INFO o.a.j.t.JMeterThread: Thread started: 秒杀线程组：1000用户 1-534
2026-07-17 19:35:03,918 INFO o.a.j.t.JMeterThread: Thread started: 秒杀线程组：1000用户 1-537
2026-07-17 19:35:03,919 INFO o.a.j.t.JMeterThread: Thread started: 秒杀线程组：1000用户 1-539
2026-07-17 19:35:03,919 INFO o.a.j.t.JMeterThread: Thread started: 秒杀线程组：1000用户 1-541
2026-07-17 19:35:03,919 INFO o.a.j.t.JMeterThread: Thread started: 秒杀线程组：1000用户 1-540
2026-07-17 19:35:03,919 INFO o.a.j.t.JMeterThread: Thread started: 秒杀线程组：1000用户 1-538
2026-07-17 19:35:03,919 INFO o.a.j.t.JMeterThread: Thread started: 秒杀线程组：1000用户 1-542
2026-07-17 19:35:03,921 INFO o.a.j.t.JMeterThread: Thread started: 秒杀线程组：1000用户 1-545
2026-07-17 19:35:03,921 INFO o.a.j.t.JMeterThread: Thread started: 秒杀线程组：1000用户 1-544
2026-07-17 19:35:03,921 INFO o.a.j.t.JMeterThread: Thread started: 秒杀线程组：1000用户 1-546
2026-07-17 19:35:03,921 INFO o.a.j.t.JMeterThread: Thread started: 秒杀线程组：1000用户 1-543
2026-07-17 19:35:03,923 INFO o.a.j.t.JMeterThread: Thread started: 秒杀线程组：1000用户 1-547
2026-07-17 19:35:03,924 INFO o.a.j.t.JMeterThread: Thread started: 秒杀线程组：1000用户 1-549
2026-07-17 19:35:03,927 INFO o.a.j.t.JMeterThread: Thread started: 秒杀线程组：1000用户 1-550
2026-07-17 19:35:03,927 INFO o.a.j.t.JMeterThread: Thread started: 秒杀线程组：1000用户 1-552
2026-07-17 19:35:03,927 INFO o.a.j.t.JMeterThread: Thread is done: 秒杀线程组：1000用户 1-24
2026-07-17 19:35:03,927 INFO o.a.j.t.JMeterThread: Thread finished: 秒杀线程组：1000用户 1-24
2026-07-17 19:35:03,929 INFO o.a.j.t.JMeterThread: Thread started: 秒杀线程组：1000用户 1-553
2026-07-17 19:35:03,929 INFO o.a.j.t.JMeterThread: Thread started: 秒杀线程组：1000用户 1-551
2026-07-17 19:35:03,930 INFO o.a.j.t.JMeterThread: Thread started: 秒杀线程组：1000用户 1-554
2026-07-17 19:35:03,930 INFO o.a.j.t.JMeterThread: Thread started: 秒杀线程组：1000用户 1-556
2026-07-17 19:35:03,932 INFO o.a.j.t.JMeterThread: Thread started: 秒杀线程组：1000用户 1-555
2026-07-17 19:35:03,932 INFO o.a.j.t.JMeterThread: Thread started: 秒杀线程组：1000用户 1-557
2026-07-17 19:35:03,932 INFO o.a.j.t.JMeterThread: Thread started: 秒杀线程组：1000用户 1-558
2026-07-17 19:35:03,933 INFO o.a.j.t.JMeterThread: Thread started: 秒杀线程组：1000用户 1-548
2026-07-17 19:35:03,933 INFO o.a.j.t.JMeterThread: Thread is done: 秒杀线程组：1000用户 1-152
2026-07-17 19:35:03,933 INFO o.a.j.t.JMeterThread: Thread finished: 秒杀线程组：1000用户 1-152
2026-07-17 19:35:03,934 INFO o.a.j.t.JMeterThread: Thread started: 秒杀线程组：1000用户 1-560
2026-07-17 19:35:03,936 INFO o.a.j.t.JMeterThread: Thread started: 秒杀线程组：1000用户 1-559
2026-07-17 19:35:03,936 INFO o.a.j.t.JMeterThread: Thread started: 秒杀线程组：1000用户 1-561
2026-07-17 19:35:03,936 INFO o.a.j.t.JMeterThread: Thread started: 秒杀线程组：1000用户 1-562
2026-07-17 19:35:03,938 INFO o.a.j.t.JMeterThread: Thread started: 秒杀线程组：1000用户 1-563
2026-07-17 19:35:03,938 INFO o.a.j.t.JMeterThread: Thread started: 秒杀线程组：1000用户 1-564
2026-07-17 19:35:03,939 INFO o.a.j.t.JMeterThread: Thread started: 秒杀线程组：1000用户 1-565
2026-07-17 19:35:03,940 INFO o.a.j.t.JMeterThread: Thread started: 秒杀线程组：1000用户 1-566
2026-07-17 19:35:03,940 INFO o.a.j.t.JMeterThread: Thread is done: 秒杀线程组：1000用户 1-1
2026-07-17 19:35:03,940 INFO o.a.j.t.JMeterThread: Thread finished: 秒杀线程组：1000用户 1-1
2026-07-17 19:35:03,943 INFO o.a.j.t.JMeterThread: Thread started: 秒杀线程组：1000用户 1-567
2026-07-17 19:35:03,943 INFO o.a.j.t.JMeterThread: Thread started: 秒杀线程组：1000用户 1-569
2026-07-17 19:35:03,945 INFO o.a.j.t.JMeterThread: Thread started: 秒杀线程组：1000用户 1-572
2026-07-17 19:35:03,945 INFO o.a.j.t.JMeterThread: Thread started: 秒杀线程组：1000用户 1-568
2026-07-17 19:35:03,945 INFO o.a.j.t.JMeterThread: Thread started: 秒杀线程组：1000用户 1-571
2026-07-17 19:35:03,946 INFO o.a.j.t.JMeterThread: Thread started: 秒杀线程组：1000用户 1-573
2026-07-17 19:35:03,947 INFO o.a.j.t.JMeterThread: Thread is done: 秒杀线程组：1000用户 1-250
2026-07-17 19:35:03,947 INFO o.a.j.t.JMeterThread: Thread finished: 秒杀线程组：1000用户 1-250
2026-07-17 19:35:03,948 INFO o.a.j.t.JMeterThread: Thread started: 秒杀线程组：1000用户 1-575
2026-07-17 19:35:03,948 INFO o.a.j.t.JMeterThread: Thread started: 秒杀线程组：1000用户 1-574
2026-07-17 19:35:03,949 INFO o.a.j.t.JMeterThread: Thread started: 秒杀线程组：1000用户 1-576
2026-07-17 19:35:03,949 INFO o.a.j.t.JMeterThread: Thread started: 秒杀线程组：1000用户 1-578
2026-07-17 19:35:03,952 INFO o.a.j.t.JMeterThread: Thread started: 秒杀线程组：1000用户 1-580
2026-07-17 19:35:03,953 INFO o.a.j.t.JMeterThread: Thread started: 秒杀线程组：1000用户 1-581
2026-07-17 19:35:03,953 INFO o.a.j.t.JMeterThread: Thread started: 秒杀线程组：1000用户 1-579
2026-07-17 19:35:03,953 INFO o.a.j.t.JMeterThread: Thread started: 秒杀线程组：1000用户 1-577
2026-07-17 19:35:03,954 INFO o.a.j.t.JMeterThread: Thread started: 秒杀线程组：1000用户 1-582
2026-07-17 19:35:03,954 INFO o.a.j.t.JMeterThread: Thread started: 秒杀线程组：1000用户 1-570
2026-07-17 19:35:03,954 INFO o.a.j.t.JMeterThread: Thread started: 秒杀线程组：1000用户 1-584
2026-07-17 19:35:03,955 INFO o.a.j.t.JMeterThread: Thread started: 秒杀线程组：1000用户 1-585
2026-07-17 19:35:03,955 INFO o.a.j.t.JMeterThread: Thread is done: 秒杀线程组：1000用户 1-165
2026-07-17 19:35:03,955 INFO o.a.j.t.JMeterThread: Thread finished: 秒杀线程组：1000用户 1-165
2026-07-17 19:35:03,956 INFO o.a.j.t.JMeterThread: Thread started: 秒杀线程组：1000用户 1-586
2026-07-17 19:35:03,957 INFO o.a.j.t.JMeterThread: Thread started: 秒杀线程组：1000用户 1-587
2026-07-17 19:35:03,959 INFO o.a.j.t.JMeterThread: Thread started: 秒杀线程组：1000用户 1-589
2026-07-17 19:35:03,959 INFO o.a.j.t.JMeterThread: Thread started: 秒杀线程组：1000用户 1-588
2026-07-17 19:35:03,961 INFO o.a.j.t.JMeterThread: Thread started: 秒杀线程组：1000用户 1-590
2026-07-17 19:35:03,962 INFO o.a.j.t.JMeterThread: Thread started: 秒杀线程组：1000用户 1-592
2026-07-17 19:35:03,962 INFO o.a.j.t.JMeterThread: Thread started: 秒杀线程组：1000用户 1-591
2026-07-17 19:35:03,962 INFO o.a.j.t.JMeterThread: Thread started: 秒杀线程组：1000用户 1-593
2026-07-17 19:35:03,962 INFO o.a.j.t.JMeterThread: Thread is done: 秒杀线程组：1000用户 1-43
2026-07-17 19:35:03,962 INFO o.a.j.t.JMeterThread: Thread finished: 秒杀线程组：1000用户 1-43
2026-07-17 19:35:03,964 INFO o.a.j.t.JMeterThread: Thread started: 秒杀线程组：1000用户 1-595
2026-07-17 19:35:03,964 INFO o.a.j.t.JMeterThread: Thread started: 秒杀线程组：1000用户 1-596
2026-07-17 19:35:03,964 INFO o.a.j.t.JMeterThread: Thread started: 秒杀线程组：1000用户 1-583
2026-07-17 19:35:03,964 INFO o.a.j.t.JMeterThread: Thread started: 秒杀线程组：1000用户 1-594
2026-07-17 19:35:03,966 INFO o.a.j.t.JMeterThread: Thread started: 秒杀线程组：1000用户 1-597
2026-07-17 19:35:03,966 INFO o.a.j.t.JMeterThread: Thread started: 秒杀线程组：1000用户 1-610
2026-07-17 19:35:03,966 INFO o.a.j.t.JMeterThread: Thread started: 秒杀线程组：1000用户 1-608
2026-07-17 19:35:03,966 INFO o.a.j.t.JMeterThread: Thread started: 秒杀线程组：1000用户 1-598
2026-07-17 19:35:03,966 INFO o.a.j.t.JMeterThread: Thread started: 秒杀线程组：1000用户 1-609
2026-07-17 19:35:03,966 INFO o.a.j.t.JMeterThread: Thread started: 秒杀线程组：1000用户 1-611
2026-07-17 19:35:03,967 INFO o.a.j.t.JMeterThread: Thread started: 秒杀线程组：1000用户 1-599
2026-07-17 19:35:03,967 INFO o.a.j.t.JMeterThread: Thread started: 秒杀线程组：1000用户 1-612
2026-07-17 19:35:03,968 INFO o.a.j.t.JMeterThread: Thread started: 秒杀线程组：1000用户 1-613
2026-07-17 19:35:03,969 INFO o.a.j.t.JMeterThread: Thread started: 秒杀线程组：1000用户 1-614
2026-07-17 19:35:03,969 INFO o.a.j.t.JMeterThread: Thread started: 秒杀线程组：1000用户 1-601
2026-07-17 19:35:03,971 INFO o.a.j.t.JMeterThread: Thread started: 秒杀线程组：1000用户 1-602
2026-07-17 19:35:03,971 INFO o.a.j.t.JMeterThread: Thread started: 秒杀线程组：1000用户 1-600
2026-07-17 19:35:03,971 INFO o.a.j.t.JMeterThread: Thread started: 秒杀线程组：1000用户 1-603
2026-07-17 19:35:03,971 INFO o.a.j.t.JMeterThread: Thread started: 秒杀线程组：1000用户 1-616
2026-07-17 19:35:03,971 INFO o.a.j.t.JMeterThread: Thread started: 秒杀线程组：1000用户 1-607
2026-07-17 19:35:03,971 INFO o.a.j.t.JMeterThread: Thread is done: 秒杀线程组：1000用户 1-84
2026-07-17 19:35:03,971 INFO o.a.j.t.JMeterThread: Thread finished: 秒杀线程组：1000用户 1-84
2026-07-17 19:35:03,973 INFO o.a.j.t.JMeterThread: Thread started: 秒杀线程组：1000用户 1-620
2026-07-17 19:35:03,973 INFO o.a.j.t.JMeterThread: Thread started: 秒杀线程组：1000用户 1-618
2026-07-17 19:35:03,973 INFO o.a.j.t.JMeterThread: Thread started: 秒杀线程组：1000用户 1-605
2026-07-17 19:35:03,973 INFO o.a.j.t.JMeterThread: Thread started: 秒杀线程组：1000用户 1-615
2026-07-17 19:35:03,973 INFO o.a.j.t.JMeterThread: Thread started: 秒杀线程组：1000用户 1-604
2026-07-17 19:35:03,973 INFO o.a.j.t.JMeterThread: Thread started: 秒杀线程组：1000用户 1-617
2026-07-17 19:35:03,975 INFO o.a.j.t.JMeterThread: Thread started: 秒杀线程组：1000用户 1-606
2026-07-17 19:35:03,975 INFO o.a.j.t.JMeterThread: Thread started: 秒杀线程组：1000用户 1-619
2026-07-17 19:35:03,976 INFO o.a.j.t.JMeterThread: Thread started: 秒杀线程组：1000用户 1-621
2026-07-17 19:35:03,978 INFO o.a.j.t.JMeterThread: Thread started: 秒杀线程组：1000用户 1-622
2026-07-17 19:35:03,979 INFO o.a.j.t.JMeterThread: Thread started: 秒杀线程组：1000用户 1-623
2026-07-17 19:35:03,979 INFO o.a.j.t.JMeterThread: Thread started: 秒杀线程组：1000用户 1-624
2026-07-17 19:35:03,981 INFO o.a.j.t.JMeterThread: Thread started: 秒杀线程组：1000用户 1-625
2026-07-17 19:35:03,981 INFO o.a.j.t.JMeterThread: Thread is done: 秒杀线程组：1000用户 1-96
2026-07-17 19:35:03,981 INFO o.a.j.t.JMeterThread: Thread finished: 秒杀线程组：1000用户 1-96
2026-07-17 19:35:03,982 INFO o.a.j.t.JMeterThread: Thread started: 秒杀线程组：1000用户 1-626
2026-07-17 19:35:03,982 INFO o.a.j.t.JMeterThread: Thread started: 秒杀线程组：1000用户 1-627
2026-07-17 19:35:03,983 INFO o.a.j.t.JMeterThread: Thread started: 秒杀线程组：1000用户 1-628
2026-07-17 19:35:03,984 INFO o.a.j.t.JMeterThread: Thread started: 秒杀线程组：1000用户 1-629
2026-07-17 19:35:03,984 INFO o.a.j.t.JMeterThread: Thread started: 秒杀线程组：1000用户 1-630
2026-07-17 19:35:03,985 INFO o.a.j.t.JMeterThread: Thread started: 秒杀线程组：1000用户 1-631
2026-07-17 19:35:03,987 INFO o.a.j.t.JMeterThread: Thread started: 秒杀线程组：1000用户 1-632
2026-07-17 19:35:03,988 INFO o.a.j.t.JMeterThread: Thread started: 秒杀线程组：1000用户 1-634
2026-07-17 19:35:03,988 INFO o.a.j.t.JMeterThread: Thread started: 秒杀线程组：1000用户 1-637
2026-07-17 19:35:03,988 INFO o.a.j.t.JMeterThread: Thread started: 秒杀线程组：1000用户 1-633
2026-07-17 19:35:03,988 INFO o.a.j.t.JMeterThread: Thread started: 秒杀线程组：1000用户 1-636
2026-07-17 19:35:03,989 INFO o.a.j.t.JMeterThread: Thread started: 秒杀线程组：1000用户 1-635
2026-07-17 19:35:03,990 INFO o.a.j.t.JMeterThread: Thread is done: 秒杀线程组：1000用户 1-166
2026-07-17 19:35:03,990 INFO o.a.j.t.JMeterThread: Thread finished: 秒杀线程组：1000用户 1-166
2026-07-17 19:35:03,993 INFO o.a.j.t.JMeterThread: Thread started: 秒杀线程组：1000用户 1-638
2026-07-17 19:35:03,994 INFO o.a.j.t.JMeterThread: Thread started: 秒杀线程组：1000用户 1-639
2026-07-17 19:35:03,996 INFO o.a.j.t.JMeterThread: Thread started: 秒杀线程组：1000用户 1-641
2026-07-17 19:35:03,997 INFO o.a.j.t.JMeterThread: Thread started: 秒杀线程组：1000用户 1-640
2026-07-17 19:35:03,997 INFO o.a.j.t.JMeterThread: Thread started: 秒杀线程组：1000用户 1-644
2026-07-17 19:35:03,999 INFO o.a.j.t.JMeterThread: Thread started: 秒杀线程组：1000用户 1-646
2026-07-17 19:35:03,999 INFO o.a.j.t.JMeterThread: Thread started: 秒杀线程组：1000用户 1-645
2026-07-17 19:35:03,999 INFO o.a.j.t.JMeterThread: Thread is done: 秒杀线程组：1000用户 1-151
2026-07-17 19:35:03,999 INFO o.a.j.t.JMeterThread: Thread finished: 秒杀线程组：1000用户 1-151
2026-07-17 19:35:03,999 INFO o.a.j.t.JMeterThread: Thread started: 秒杀线程组：1000用户 1-642
2026-07-17 19:35:03,999 INFO o.a.j.t.JMeterThread: Thread started: 秒杀线程组：1000用户 1-647
2026-07-17 19:35:04,000 INFO o.a.j.t.JMeterThread: Thread started: 秒杀线程组：1000用户 1-649
2026-07-17 19:35:04,001 INFO o.a.j.t.JMeterThread: Thread started: 秒杀线程组：1000用户 1-650
2026-07-17 19:35:04,004 INFO o.a.j.t.JMeterThread: Thread started: 秒杀线程组：1000用户 1-653
2026-07-17 19:35:04,004 INFO o.a.j.t.JMeterThread: Thread started: 秒杀线程组：1000用户 1-648
2026-07-17 19:35:04,004 INFO o.a.j.t.JMeterThread: Thread started: 秒杀线程组：1000用户 1-652
2026-07-17 19:35:04,004 INFO o.a.j.t.JMeterThread: Thread started: 秒杀线程组：1000用户 1-651
2026-07-17 19:35:04,005 INFO o.a.j.t.JMeterThread: Thread started: 秒杀线程组：1000用户 1-654
2026-07-17 19:35:04,006 INFO o.a.j.t.JMeterThread: Thread started: 秒杀线程组：1000用户 1-655
2026-07-17 19:35:04,007 INFO o.a.j.t.JMeterThread: Thread started: 秒杀线程组：1000用户 1-643
2026-07-17 19:35:04,007 INFO o.a.j.t.JMeterThread: Thread started: 秒杀线程组：1000用户 1-656
2026-07-17 19:35:04,009 INFO o.a.j.t.JMeterThread: Thread started: 秒杀线程组：1000用户 1-658
2026-07-17 19:35:04,009 INFO o.a.j.t.JMeterThread: Thread started: 秒杀线程组：1000用户 1-657
2026-07-17 19:35:04,009 INFO o.a.j.t.JMeterThread: Thread is done: 秒杀线程组：1000用户 1-303
2026-07-17 19:35:04,009 INFO o.a.j.t.JMeterThread: Thread finished: 秒杀线程组：1000用户 1-303
2026-07-17 19:35:04,009 INFO o.a.j.t.JMeterThread: Thread started: 秒杀线程组：1000用户 1-659
2026-07-17 19:35:04,010 INFO o.a.j.t.JMeterThread: Thread started: 秒杀线程组：1000用户 1-660
2026-07-17 19:35:04,010 INFO o.a.j.t.JMeterThread: Thread started: 秒杀线程组：1000用户 1-661
2026-07-17 19:35:04,012 INFO o.a.j.t.JMeterThread: Thread started: 秒杀线程组：1000用户 1-662
2026-07-17 19:35:04,014 INFO o.a.j.t.JMeterThread: Thread started: 秒杀线程组：1000用户 1-664
2026-07-17 19:35:04,014 INFO o.a.j.t.JMeterThread: Thread started: 秒杀线程组：1000用户 1-663
2026-07-17 19:35:04,014 INFO o.a.j.t.JMeterThread: Thread started: 秒杀线程组：1000用户 1-665
2026-07-17 19:35:04,017 INFO o.a.j.t.JMeterThread: Thread started: 秒杀线程组：1000用户 1-667
2026-07-17 19:35:04,017 INFO o.a.j.t.JMeterThread: Thread is done: 秒杀线程组：1000用户 1-265
2026-07-17 19:35:04,017 INFO o.a.j.t.JMeterThread: Thread finished: 秒杀线程组：1000用户 1-265
2026-07-17 19:35:04,019 INFO o.a.j.t.JMeterThread: Thread started: 秒杀线程组：1000用户 1-668
2026-07-17 19:35:04,019 INFO o.a.j.t.JMeterThread: Thread started: 秒杀线程组：1000用户 1-669
2026-07-17 19:35:04,019 INFO o.a.j.t.JMeterThread: Thread started: 秒杀线程组：1000用户 1-666
2026-07-17 19:35:04,021 INFO o.a.j.t.JMeterThread: Thread started: 秒杀线程组：1000用户 1-672
2026-07-17 19:35:04,022 INFO o.a.j.t.JMeterThread: Thread started: 秒杀线程组：1000用户 1-673
2026-07-17 19:35:04,024 INFO o.a.j.t.JMeterThread: Thread started: 秒杀线程组：1000用户 1-670
2026-07-17 19:35:04,024 INFO o.a.j.t.JMeterThread: Thread started: 秒杀线程组：1000用户 1-671
2026-07-17 19:35:04,024 INFO o.a.j.t.JMeterThread: Thread started: 秒杀线程组：1000用户 1-674
2026-07-17 19:35:04,024 INFO o.a.j.t.JMeterThread: Thread started: 秒杀线程组：1000用户 1-675
2026-07-17 19:35:04,024 INFO o.a.j.t.JMeterThread: Thread started: 秒杀线程组：1000用户 1-676
2026-07-17 19:35:04,024 INFO o.a.j.t.JMeterThread: Thread is done: 秒杀线程组：1000用户 1-44
2026-07-17 19:35:04,024 INFO o.a.j.t.JMeterThread: Thread finished: 秒杀线程组：1000用户 1-44
2026-07-17 19:35:04,025 INFO o.a.j.t.JMeterThread: Thread started: 秒杀线程组：1000用户 1-678
2026-07-17 19:35:04,027 INFO o.a.j.t.JMeterThread: Thread started: 秒杀线程组：1000用户 1-679
2026-07-17 19:35:04,029 INFO o.a.j.t.JMeterThread: Thread started: 秒杀线程组：1000用户 1-677
2026-07-17 19:35:04,032 INFO o.a.j.t.JMeterThread: Thread started: 秒杀线程组：1000用户 1-683
2026-07-17 19:35:04,032 INFO o.a.j.t.JMeterThread: Thread started: 秒杀线程组：1000用户 1-682
2026-07-17 19:35:04,032 INFO o.a.j.t.JMeterThread: Thread started: 秒杀线程组：1000用户 1-684
2026-07-17 19:35:04,032 INFO o.a.j.t.JMeterThread: Thread is done: 秒杀线程组：1000用户 1-279
2026-07-17 19:35:04,032 INFO o.a.j.t.JMeterThread: Thread finished: 秒杀线程组：1000用户 1-279
2026-07-17 19:35:04,033 INFO o.a.j.t.JMeterThread: Thread started: 秒杀线程组：1000用户 1-685
2026-07-17 19:35:04,033 INFO o.a.j.t.JMeterThread: Thread started: 秒杀线程组：1000用户 1-680
2026-07-17 19:35:04,033 INFO o.a.j.t.JMeterThread: Thread started: 秒杀线程组：1000用户 1-686
2026-07-17 19:35:04,035 INFO o.a.j.t.JMeterThread: Thread started: 秒杀线程组：1000用户 1-688
2026-07-17 19:35:04,036 INFO o.a.j.t.JMeterThread: Thread started: 秒杀线程组：1000用户 1-689
2026-07-17 19:35:04,037 INFO o.a.j.t.JMeterThread: Thread started: 秒杀线程组：1000用户 1-690
2026-07-17 19:35:04,039 INFO o.a.j.t.JMeterThread: Thread started: 秒杀线程组：1000用户 1-692
2026-07-17 19:35:04,040 INFO o.a.j.t.JMeterThread: Thread started: 秒杀线程组：1000用户 1-691
2026-07-17 19:35:04,040 INFO o.a.j.t.JMeterThread: Thread started: 秒杀线程组：1000用户 1-681
2026-07-17 19:35:04,040 INFO o.a.j.t.JMeterThread: Thread is done: 秒杀线程组：1000用户 1-194
2026-07-17 19:35:04,040 INFO o.a.j.t.JMeterThread: Thread finished: 秒杀线程组：1000用户 1-194
2026-07-17 19:35:04,042 INFO o.a.j.t.JMeterThread: Thread started: 秒杀线程组：1000用户 1-694
2026-07-17 19:35:04,042 INFO o.a.j.t.JMeterThread: Thread started: 秒杀线程组：1000用户 1-695
2026-07-17 19:35:04,043 INFO o.a.j.t.JMeterThread: Thread started: 秒杀线程组：1000用户 1-696
2026-07-17 19:35:04,044 INFO o.a.j.t.JMeterThread: Thread started: 秒杀线程组：1000用户 1-697
2026-07-17 19:35:04,045 INFO o.a.j.t.JMeterThread: Thread started: 秒杀线程组：1000用户 1-698
2026-07-17 19:35:04,046 INFO o.a.j.t.JMeterThread: Thread started: 秒杀线程组：1000用户 1-687
2026-07-17 19:35:04,046 INFO o.a.j.t.JMeterThread: Thread started: 秒杀线程组：1000用户 1-699
2026-07-17 19:35:04,046 INFO o.a.j.t.JMeterThread: Thread started: 秒杀线程组：1000用户 1-700
2026-07-17 19:35:04,046 INFO o.a.j.t.JMeterThread: Thread is done: 秒杀线程组：1000用户 1-103
2026-07-17 19:35:04,046 INFO o.a.j.t.JMeterThread: Thread finished: 秒杀线程组：1000用户 1-103
2026-07-17 19:35:04,046 INFO o.a.j.t.JMeterThread: Thread started: 秒杀线程组：1000用户 1-701
2026-07-17 19:35:04,049 INFO o.a.j.t.JMeterThread: Thread started: 秒杀线程组：1000用户 1-704
2026-07-17 19:35:04,051 INFO o.a.j.t.JMeterThread: Thread started: 秒杀线程组：1000用户 1-705
2026-07-17 19:35:04,051 INFO o.a.j.t.JMeterThread: Thread started: 秒杀线程组：1000用户 1-693
2026-07-17 19:35:04,051 INFO o.a.j.t.JMeterThread: Thread started: 秒杀线程组：1000用户 1-706
2026-07-17 19:35:04,051 INFO o.a.j.t.JMeterThread: Thread is done: 秒杀线程组：1000用户 1-75
2026-07-17 19:35:04,051 INFO o.a.j.t.JMeterThread: Thread finished: 秒杀线程组：1000用户 1-75
2026-07-17 19:35:04,053 INFO o.a.j.t.JMeterThread: Thread started: 秒杀线程组：1000用户 1-702
2026-07-17 19:35:04,053 INFO o.a.j.t.JMeterThread: Thread started: 秒杀线程组：1000用户 1-703
2026-07-17 19:35:04,054 INFO o.a.j.t.JMeterThread: Thread started: 秒杀线程组：1000用户 1-708
2026-07-17 19:35:04,056 INFO o.a.j.t.JMeterThread: Thread started: 秒杀线程组：1000用户 1-710
2026-07-17 19:35:04,056 INFO o.a.j.t.JMeterThread: Thread started: 秒杀线程组：1000用户 1-716
2026-07-17 19:35:04,056 INFO o.a.j.t.JMeterThread: Thread started: 秒杀线程组：1000用户 1-709
2026-07-17 19:35:04,057 INFO o.a.j.t.JMeterThread: Thread started: 秒杀线程组：1000用户 1-711
2026-07-17 19:35:04,057 INFO o.a.j.t.JMeterThread: Thread started: 秒杀线程组：1000用户 1-707
2026-07-17 19:35:04,058 INFO o.a.j.t.JMeterThread: Thread started: 秒杀线程组：1000用户 1-712
2026-07-17 19:35:04,058 INFO o.a.j.t.JMeterThread: Thread is done: 秒杀线程组：1000用户 1-47
2026-07-17 19:35:04,058 INFO o.a.j.t.JMeterThread: Thread finished: 秒杀线程组：1000用户 1-47
2026-07-17 19:35:04,059 INFO o.a.j.t.JMeterThread: Thread started: 秒杀线程组：1000用户 1-713
2026-07-17 19:35:04,061 INFO o.a.j.t.JMeterThread: Thread started: 秒杀线程组：1000用户 1-715
2026-07-17 19:35:04,063 INFO o.a.j.t.JMeterThread: Thread started: 秒杀线程组：1000用户 1-718
2026-07-17 19:35:04,063 INFO o.a.j.t.JMeterThread: Thread started: 秒杀线程组：1000用户 1-717
2026-07-17 19:35:04,064 INFO o.a.j.t.JMeterThread: Thread started: 秒杀线程组：1000用户 1-719
2026-07-17 19:35:04,065 INFO o.a.j.t.JMeterThread: Thread started: 秒杀线程组：1000用户 1-722
2026-07-17 19:35:04,065 INFO o.a.j.t.JMeterThread: Thread started: 秒杀线程组：1000用户 1-720
2026-07-17 19:35:04,065 INFO o.a.j.t.JMeterThread: Thread started: 秒杀线程组：1000用户 1-721
2026-07-17 19:35:04,066 INFO o.a.j.t.JMeterThread: Thread is done: 秒杀线程组：1000用户 1-243
2026-07-17 19:35:04,066 INFO o.a.j.t.JMeterThread: Thread finished: 秒杀线程组：1000用户 1-243
2026-07-17 19:35:04,068 INFO o.a.j.t.JMeterThread: Thread started: 秒杀线程组：1000用户 1-725
2026-07-17 19:35:04,068 INFO o.a.j.t.JMeterThread: Thread started: 秒杀线程组：1000用户 1-724
2026-07-17 19:35:04,069 INFO o.a.j.t.JMeterThread: Thread started: 秒杀线程组：1000用户 1-726
2026-07-17 19:35:04,071 INFO o.a.j.t.JMeterThread: Thread started: 秒杀线程组：1000用户 1-727
2026-07-17 19:35:04,071 INFO o.a.j.t.JMeterThread: Thread started: 秒杀线程组：1000用户 1-728
2026-07-17 19:35:04,072 INFO o.a.j.t.JMeterThread: Thread started: 秒杀线程组：1000用户 1-723
2026-07-17 19:35:04,072 INFO o.a.j.t.JMeterThread: Thread started: 秒杀线程组：1000用户 1-714
2026-07-17 19:35:04,073 INFO o.a.j.t.JMeterThread: Thread started: 秒杀线程组：1000用户 1-729
2026-07-17 19:35:04,073 INFO o.a.j.t.JMeterThread: Thread started: 秒杀线程组：1000用户 1-735
2026-07-17 19:35:04,073 INFO o.a.j.t.JMeterThread: Thread is done: 秒杀线程组：1000用户 1-277
2026-07-17 19:35:04,073 INFO o.a.j.t.JMeterThread: Thread finished: 秒杀线程组：1000用户 1-277
2026-07-17 19:35:04,074 INFO o.a.j.t.JMeterThread: Thread started: 秒杀线程组：1000用户 1-730
2026-07-17 19:35:04,076 INFO o.a.j.t.JMeterThread: Thread started: 秒杀线程组：1000用户 1-731
2026-07-17 19:35:04,077 INFO o.a.j.t.JMeterThread: Thread started: 秒杀线程组：1000用户 1-733
2026-07-17 19:35:04,079 INFO o.a.j.t.JMeterThread: Thread started: 秒杀线程组：1000用户 1-737
2026-07-17 19:35:04,080 INFO o.a.j.t.JMeterThread: Thread is done: 秒杀线程组：1000用户 1-55
2026-07-17 19:35:04,080 INFO o.a.j.t.JMeterThread: Thread finished: 秒杀线程组：1000用户 1-55
2026-07-17 19:35:04,080 INFO o.a.j.t.JMeterThread: Thread started: 秒杀线程组：1000用户 1-738
2026-07-17 19:35:04,080 INFO o.a.j.t.JMeterThread: Thread started: 秒杀线程组：1000用户 1-732
2026-07-17 19:35:04,081 INFO o.a.j.t.JMeterThread: Thread started: 秒杀线程组：1000用户 1-739
2026-07-17 19:35:04,083 INFO o.a.j.t.JMeterThread: Thread started: 秒杀线程组：1000用户 1-741
2026-07-17 19:35:04,084 INFO o.a.j.t.JMeterThread: Thread started: 秒杀线程组：1000用户 1-742
2026-07-17 19:35:04,085 INFO o.a.j.t.JMeterThread: Thread started: 秒杀线程组：1000用户 1-736
2026-07-17 19:35:04,085 INFO o.a.j.t.JMeterThread: Thread started: 秒杀线程组：1000用户 1-743
2026-07-17 19:35:04,086 INFO o.a.j.t.JMeterThread: Thread started: 秒杀线程组：1000用户 1-744
2026-07-17 19:35:04,086 INFO o.a.j.t.JMeterThread: Thread started: 秒杀线程组：1000用户 1-745
2026-07-17 19:35:04,087 INFO o.a.j.t.JMeterThread: Thread started: 秒杀线程组：1000用户 1-746
2026-07-17 19:35:04,087 INFO o.a.j.t.JMeterThread: Thread started: 秒杀线程组：1000用户 1-740
2026-07-17 19:35:04,087 INFO o.a.j.t.JMeterThread: Thread is done: 秒杀线程组：1000用户 1-161
2026-07-17 19:35:04,087 INFO o.a.j.t.JMeterThread: Thread finished: 秒杀线程组：1000用户 1-161
2026-07-17 19:35:04,088 INFO o.a.j.t.JMeterThread: Thread started: 秒杀线程组：1000用户 1-734
2026-07-17 19:35:04,088 INFO o.a.j.t.JMeterThread: Thread started: 秒杀线程组：1000用户 1-747
2026-07-17 19:35:04,090 INFO o.a.j.t.JMeterThread: Thread started: 秒杀线程组：1000用户 1-749
2026-07-17 19:35:04,092 INFO o.a.j.t.JMeterThread: Thread started: 秒杀线程组：1000用户 1-751
2026-07-17 19:35:04,093 INFO o.a.j.t.JMeterThread: Thread is done: 秒杀线程组：1000用户 1-247
2026-07-17 19:35:04,093 INFO o.a.j.t.JMeterThread: Thread finished: 秒杀线程组：1000用户 1-247
2026-07-17 19:35:04,094 INFO o.a.j.t.JMeterThread: Thread started: 秒杀线程组：1000用户 1-752
2026-07-17 19:35:04,094 INFO o.a.j.t.JMeterThread: Thread started: 秒杀线程组：1000用户 1-753
2026-07-17 19:35:04,095 INFO o.a.j.t.JMeterThread: Thread started: 秒杀线程组：1000用户 1-754
2026-07-17 19:35:04,095 INFO o.a.j.t.JMeterThread: Thread started: 秒杀线程组：1000用户 1-748
2026-07-17 19:35:04,095 INFO o.a.j.t.JMeterThread: Thread started: 秒杀线程组：1000用户 1-757
2026-07-17 19:35:04,097 INFO o.a.j.t.JMeterThread: Thread started: 秒杀线程组：1000用户 1-755
2026-07-17 19:35:04,098 INFO o.a.j.t.JMeterThread: Thread started: 秒杀线程组：1000用户 1-750
2026-07-17 19:35:04,099 INFO o.a.j.t.JMeterThread: Thread started: 秒杀线程组：1000用户 1-758
2026-07-17 19:35:04,100 INFO o.a.j.t.JMeterThread: Thread started: 秒杀线程组：1000用户 1-759
2026-07-17 19:35:04,101 INFO o.a.j.t.JMeterThread: Thread is done: 秒杀线程组：1000用户 1-54
2026-07-17 19:35:04,101 INFO o.a.j.t.JMeterThread: Thread finished: 秒杀线程组：1000用户 1-54
2026-07-17 19:35:04,102 INFO o.a.j.t.JMeterThread: Thread started: 秒杀线程组：1000用户 1-761
2026-07-17 19:35:04,103 INFO o.a.j.t.JMeterThread: Thread started: 秒杀线程组：1000用户 1-762
2026-07-17 19:35:04,104 INFO o.a.j.t.JMeterThread: Thread started: 秒杀线程组：1000用户 1-756
2026-07-17 19:35:04,104 INFO o.a.j.t.JMeterThread: Thread started: 秒杀线程组：1000用户 1-763
2026-07-17 19:35:04,105 INFO o.a.j.t.JMeterThread: Thread started: 秒杀线程组：1000用户 1-764
2026-07-17 19:35:04,107 INFO o.a.j.t.JMeterThread: Thread started: 秒杀线程组：1000用户 1-766
2026-07-17 19:35:04,107 INFO o.a.j.t.JMeterThread: Thread started: 秒杀线程组：1000用户 1-760
2026-07-17 19:35:04,107 INFO o.a.j.t.JMeterThread: Thread started: 秒杀线程组：1000用户 1-767
2026-07-17 19:35:04,108 INFO o.a.j.t.JMeterThread: Thread started: 秒杀线程组：1000用户 1-769
2026-07-17 19:35:04,108 INFO o.a.j.t.JMeterThread: Thread is done: 秒杀线程组：1000用户 1-168
2026-07-17 19:35:04,108 INFO o.a.j.t.JMeterThread: Thread finished: 秒杀线程组：1000用户 1-168
2026-07-17 19:35:04,109 INFO o.a.j.t.JMeterThread: Thread started: 秒杀线程组：1000用户 1-770
2026-07-17 19:35:04,109 INFO o.a.j.t.JMeterThread: Thread started: 秒杀线程组：1000用户 1-768
2026-07-17 19:35:04,109 INFO o.a.j.t.JMeterThread: Thread started: 秒杀线程组：1000用户 1-774
2026-07-17 19:35:04,110 INFO o.a.j.t.JMeterThread: Thread started: 秒杀线程组：1000用户 1-771
2026-07-17 19:35:04,111 INFO o.a.j.t.JMeterThread: Thread started: 秒杀线程组：1000用户 1-765
2026-07-17 19:35:04,111 INFO o.a.j.t.JMeterThread: Thread started: 秒杀线程组：1000用户 1-772
2026-07-17 19:35:04,114 INFO o.a.j.t.JMeterThread: Thread started: 秒杀线程组：1000用户 1-776
2026-07-17 19:35:04,114 INFO o.a.j.t.JMeterThread: Thread started: 秒杀线程组：1000用户 1-781
2026-07-17 19:35:04,115 INFO o.a.j.t.JMeterThread: Thread started: 秒杀线程组：1000用户 1-777
2026-07-17 19:35:04,115 INFO o.a.j.t.JMeterThread: Thread started: 秒杀线程组：1000用户 1-775
2026-07-17 19:35:04,116 INFO o.a.j.t.JMeterThread: Thread is done: 秒杀线程组：1000用户 1-190
2026-07-17 19:35:04,116 INFO o.a.j.t.JMeterThread: Thread finished: 秒杀线程组：1000用户 1-190
2026-07-17 19:35:04,117 INFO o.a.j.t.JMeterThread: Thread started: 秒杀线程组：1000用户 1-780
2026-07-17 19:35:04,118 INFO o.a.j.t.JMeterThread: Thread started: 秒杀线程组：1000用户 1-779
2026-07-17 19:35:04,119 INFO o.a.j.t.JMeterThread: Thread started: 秒杀线程组：1000用户 1-782
2026-07-17 19:35:04,119 INFO o.a.j.t.JMeterThread: Thread started: 秒杀线程组：1000用户 1-773
2026-07-17 19:35:04,121 INFO o.a.j.t.JMeterThread: Thread started: 秒杀线程组：1000用户 1-785
2026-07-17 19:35:04,121 INFO o.a.j.t.JMeterThread: Thread started: 秒杀线程组：1000用户 1-784
2026-07-17 19:35:04,122 INFO o.a.j.t.JMeterThread: Thread started: 秒杀线程组：1000用户 1-778
2026-07-17 19:35:04,124 INFO o.a.j.t.JMeterThread: Thread is done: 秒杀线程组：1000用户 1-23
2026-07-17 19:35:04,124 INFO o.a.j.t.JMeterThread: Thread finished: 秒杀线程组：1000用户 1-23
2026-07-17 19:35:04,124 INFO o.a.j.t.JMeterThread: Thread started: 秒杀线程组：1000用户 1-787
2026-07-17 19:35:04,126 INFO o.a.j.t.JMeterThread: Thread started: 秒杀线程组：1000用户 1-788
2026-07-17 19:35:04,126 INFO o.a.j.t.JMeterThread: Thread started: 秒杀线程组：1000用户 1-790
2026-07-17 19:35:04,127 INFO o.a.j.t.JMeterThread: Thread started: 秒杀线程组：1000用户 1-792
2026-07-17 19:35:04,127 INFO o.a.j.t.JMeterThread: Thread started: 秒杀线程组：1000用户 1-783
2026-07-17 19:35:04,128 INFO o.a.j.t.JMeterThread: Thread started: 秒杀线程组：1000用户 1-793
2026-07-17 19:35:04,128 INFO o.a.j.t.JMeterThread: Thread started: 秒杀线程组：1000用户 1-791
2026-07-17 19:35:04,129 INFO o.a.j.t.JMeterThread: Thread started: 秒杀线程组：1000用户 1-786
2026-07-17 19:35:04,131 INFO o.a.j.t.JMeterThread: Thread started: 秒杀线程组：1000用户 1-794
2026-07-17 19:35:04,131 INFO o.a.j.t.JMeterThread: Thread started: 秒杀线程组：1000用户 1-796
2026-07-17 19:35:04,132 INFO o.a.j.t.JMeterThread: Thread started: 秒杀线程组：1000用户 1-797
2026-07-17 19:35:04,132 INFO o.a.j.t.JMeterThread: Thread started: 秒杀线程组：1000用户 1-789
2026-07-17 19:35:04,132 INFO o.a.j.t.JMeterThread: Thread is done: 秒杀线程组：1000用户 1-52
2026-07-17 19:35:04,132 INFO o.a.j.t.JMeterThread: Thread finished: 秒杀线程组：1000用户 1-52
2026-07-17 19:35:04,133 INFO o.a.j.t.JMeterThread: Thread started: 秒杀线程组：1000用户 1-798
2026-07-17 19:35:04,133 INFO o.a.j.t.JMeterThread: Thread started: 秒杀线程组：1000用户 1-799
2026-07-17 19:35:04,135 INFO o.a.j.t.JMeterThread: Thread started: 秒杀线程组：1000用户 1-801
2026-07-17 19:35:04,136 INFO o.a.j.t.JMeterThread: Thread started: 秒杀线程组：1000用户 1-802
2026-07-17 19:35:04,138 INFO o.a.j.t.JMeterThread: Thread started: 秒杀线程组：1000用户 1-795
2026-07-17 19:35:04,138 INFO o.a.j.t.JMeterThread: Thread started: 秒杀线程组：1000用户 1-803
2026-07-17 19:35:04,139 INFO o.a.j.t.JMeterThread: Thread is done: 秒杀线程组：1000用户 1-156
2026-07-17 19:35:04,139 INFO o.a.j.t.JMeterThread: Thread finished: 秒杀线程组：1000用户 1-156
2026-07-17 19:35:04,140 INFO o.a.j.t.JMeterThread: Thread started: 秒杀线程组：1000用户 1-804
2026-07-17 19:35:04,140 INFO o.a.j.t.JMeterThread: Thread started: 秒杀线程组：1000用户 1-805
2026-07-17 19:35:04,142 INFO o.a.j.t.JMeterThread: Thread started: 秒杀线程组：1000用户 1-808
2026-07-17 19:35:04,142 INFO o.a.j.t.JMeterThread: Thread started: 秒杀线程组：1000用户 1-800
2026-07-17 19:35:04,142 INFO o.a.j.t.JMeterThread: Thread started: 秒杀线程组：1000用户 1-806
2026-07-17 19:35:04,143 INFO o.a.j.t.JMeterThread: Thread started: 秒杀线程组：1000用户 1-810
2026-07-17 19:35:04,143 INFO o.a.j.t.JMeterThread: Thread started: 秒杀线程组：1000用户 1-809
2026-07-17 19:35:04,143 INFO o.a.j.t.JMeterThread: Thread started: 秒杀线程组：1000用户 1-811
2026-07-17 19:35:04,145 INFO o.a.j.t.JMeterThread: Thread started: 秒杀线程组：1000用户 1-812
2026-07-17 19:35:04,146 INFO o.a.j.t.JMeterThread: Thread is done: 秒杀线程组：1000用户 1-42
2026-07-17 19:35:04,146 INFO o.a.j.t.JMeterThread: Thread finished: 秒杀线程组：1000用户 1-42
2026-07-17 19:35:04,146 INFO o.a.j.t.JMeterThread: Thread started: 秒杀线程组：1000用户 1-813
2026-07-17 19:35:04,147 INFO o.a.j.t.JMeterThread: Thread started: 秒杀线程组：1000用户 1-814
2026-07-17 19:35:04,148 INFO o.a.j.t.JMeterThread: Thread started: 秒杀线程组：1000用户 1-815
2026-07-17 19:35:04,148 INFO o.a.j.t.JMeterThread: Thread started: 秒杀线程组：1000用户 1-807
2026-07-17 19:35:04,150 INFO o.a.j.t.JMeterThread: Thread started: 秒杀线程组：1000用户 1-816
2026-07-17 19:35:04,150 INFO o.a.j.t.JMeterThread: Thread started: 秒杀线程组：1000用户 1-820
2026-07-17 19:35:04,150 INFO o.a.j.t.JMeterThread: Thread started: 秒杀线程组：1000用户 1-817
2026-07-17 19:35:04,151 INFO o.a.j.t.JMeterThread: Thread started: 秒杀线程组：1000用户 1-818
2026-07-17 19:35:04,152 INFO o.a.j.t.JMeterThread: Thread started: 秒杀线程组：1000用户 1-819
2026-07-17 19:35:04,153 INFO o.a.j.t.JMeterThread: Thread started: 秒杀线程组：1000用户 1-821
2026-07-17 19:35:04,153 INFO o.a.j.t.JMeterThread: Thread is done: 秒杀线程组：1000用户 1-173
2026-07-17 19:35:04,153 INFO o.a.j.t.JMeterThread: Thread finished: 秒杀线程组：1000用户 1-173
2026-07-17 19:35:04,156 INFO o.a.j.t.JMeterThread: Thread started: 秒杀线程组：1000用户 1-824
2026-07-17 19:35:04,156 INFO o.a.j.t.JMeterThread: Thread started: 秒杀线程组：1000用户 1-823
2026-07-17 19:35:04,158 INFO o.a.j.t.JMeterThread: Thread started: 秒杀线程组：1000用户 1-826
2026-07-17 19:35:04,159 INFO o.a.j.t.JMeterThread: Thread started: 秒杀线程组：1000用户 1-827
2026-07-17 19:35:04,161 INFO o.a.j.t.JMeterThread: Thread started: 秒杀线程组：1000用户 1-822
2026-07-17 19:35:04,161 INFO o.a.j.t.JMeterThread: Thread started: 秒杀线程组：1000用户 1-829
2026-07-17 19:35:04,162 INFO o.a.j.t.JMeterThread: Thread started: 秒杀线程组：1000用户 1-831
2026-07-17 19:35:04,162 INFO o.a.j.t.JMeterThread: Thread started: 秒杀线程组：1000用户 1-830
2026-07-17 19:35:04,163 INFO o.a.j.t.JMeterThread: Thread started: 秒杀线程组：1000用户 1-832
2026-07-17 19:35:04,164 INFO o.a.j.t.JMeterThread: Thread started: 秒杀线程组：1000用户 1-833
2026-07-17 19:35:04,164 INFO o.a.j.t.JMeterThread: Thread started: 秒杀线程组：1000用户 1-825
2026-07-17 19:35:04,165 INFO o.a.j.t.JMeterThread: Thread started: 秒杀线程组：1000用户 1-834
2026-07-17 19:35:04,166 INFO o.a.j.t.JMeterThread: Thread started: 秒杀线程组：1000用户 1-835
2026-07-17 19:35:04,167 INFO o.a.j.t.JMeterThread: Thread started: 秒杀线程组：1000用户 1-828
2026-07-17 19:35:04,167 INFO o.a.j.t.JMeterThread: Thread started: 秒杀线程组：1000用户 1-836
2026-07-17 19:35:04,168 INFO o.a.j.t.JMeterThread: Thread started: 秒杀线程组：1000用户 1-837
2026-07-17 19:35:04,169 INFO o.a.j.t.JMeterThread: Thread started: 秒杀线程组：1000用户 1-838
2026-07-17 19:35:04,169 INFO o.a.j.t.JMeterThread: Thread started: 秒杀线程组：1000用户 1-839
2026-07-17 19:35:04,171 INFO o.a.j.t.JMeterThread: Thread started: 秒杀线程组：1000用户 1-840
2026-07-17 19:35:04,172 INFO o.a.j.t.JMeterThread: Thread started: 秒杀线程组：1000用户 1-841
2026-07-17 19:35:04,172 INFO o.a.j.t.JMeterThread: Thread started: 秒杀线程组：1000用户 1-843
2026-07-17 19:35:04,173 INFO o.a.j.t.JMeterThread: Thread started: 秒杀线程组：1000用户 1-842
2026-07-17 19:35:04,174 INFO o.a.j.t.JMeterThread: Thread started: 秒杀线程组：1000用户 1-844
2026-07-17 19:35:04,176 INFO o.a.j.t.JMeterThread: Thread started: 秒杀线程组：1000用户 1-846
2026-07-17 19:35:04,177 INFO o.a.j.t.JMeterThread: Thread started: 秒杀线程组：1000用户 1-847
2026-07-17 19:35:04,177 INFO o.a.j.t.JMeterThread: Thread started: 秒杀线程组：1000用户 1-848
2026-07-17 19:35:04,179 INFO o.a.j.t.JMeterThread: Thread started: 秒杀线程组：1000用户 1-849
2026-07-17 19:35:04,181 INFO o.a.j.t.JMeterThread: Thread started: 秒杀线程组：1000用户 1-851
2026-07-17 19:35:04,181 INFO o.a.j.t.JMeterThread: Thread started: 秒杀线程组：1000用户 1-852
2026-07-17 19:35:04,182 INFO o.a.j.t.JMeterThread: Thread started: 秒杀线程组：1000用户 1-845
2026-07-17 19:35:04,182 INFO o.a.j.t.JMeterThread: Thread started: 秒杀线程组：1000用户 1-853
2026-07-17 19:35:04,183 INFO o.a.j.t.JMeterThread: Thread started: 秒杀线程组：1000用户 1-855
2026-07-17 19:35:04,183 INFO o.a.j.t.JMeterThread: Thread started: 秒杀线程组：1000用户 1-854
2026-07-17 19:35:04,185 INFO o.a.j.t.JMeterThread: Thread started: 秒杀线程组：1000用户 1-857
2026-07-17 19:35:04,187 INFO o.a.j.t.JMeterThread: Thread started: 秒杀线程组：1000用户 1-850
2026-07-17 19:35:04,188 INFO o.a.j.t.JMeterThread: Thread started: 秒杀线程组：1000用户 1-860
2026-07-17 19:35:04,188 INFO o.a.j.t.JMeterThread: Thread started: 秒杀线程组：1000用户 1-859
2026-07-17 19:35:04,190 INFO o.a.j.t.JMeterThread: Thread is done: 秒杀线程组：1000用户 1-123
2026-07-17 19:35:04,190 INFO o.a.j.t.JMeterThread: Thread finished: 秒杀线程组：1000用户 1-123
2026-07-17 19:35:04,191 INFO o.a.j.t.JMeterThread: Thread started: 秒杀线程组：1000用户 1-861
2026-07-17 19:35:04,191 INFO o.a.j.t.JMeterThread: Thread started: 秒杀线程组：1000用户 1-863
2026-07-17 19:35:04,192 INFO o.a.j.t.JMeterThread: Thread started: 秒杀线程组：1000用户 1-864
2026-07-17 19:35:04,192 INFO o.a.j.t.JMeterThread: Thread started: 秒杀线程组：1000用户 1-862
2026-07-17 19:35:04,193 INFO o.a.j.t.JMeterThread: Thread started: 秒杀线程组：1000用户 1-856
2026-07-17 19:35:04,194 INFO o.a.j.t.JMeterThread: Thread started: 秒杀线程组：1000用户 1-866
2026-07-17 19:35:04,195 INFO o.a.j.t.JMeterThread: Thread started: 秒杀线程组：1000用户 1-858
2026-07-17 19:35:04,195 INFO o.a.j.t.JMeterThread: Thread started: 秒杀线程组：1000用户 1-867
2026-07-17 19:35:04,196 INFO o.a.j.t.JMeterThread: Thread started: 秒杀线程组：1000用户 1-869
2026-07-17 19:35:04,196 INFO o.a.j.t.JMeterThread: Thread started: 秒杀线程组：1000用户 1-868
2026-07-17 19:35:04,198 INFO o.a.j.t.JMeterThread: Thread started: 秒杀线程组：1000用户 1-870
2026-07-17 19:35:04,198 INFO o.a.j.t.JMeterThread: Thread started: 秒杀线程组：1000用户 1-871
2026-07-17 19:35:04,200 INFO o.a.j.t.JMeterThread: Thread started: 秒杀线程组：1000用户 1-873
2026-07-17 19:35:04,200 INFO o.a.j.t.JMeterThread: Thread started: 秒杀线程组：1000用户 1-872
2026-07-17 19:35:04,201 INFO o.a.j.t.JMeterThread: Thread started: 秒杀线程组：1000用户 1-865
2026-07-17 19:35:04,201 INFO o.a.j.t.JMeterThread: Thread started: 秒杀线程组：1000用户 1-875
2026-07-17 19:35:04,202 INFO o.a.j.t.JMeterThread: Thread started: 秒杀线程组：1000用户 1-876
2026-07-17 19:35:04,210 INFO o.a.j.t.JMeterThread: Thread started: 秒杀线程组：1000用户 1-885
2026-07-17 19:35:04,211 INFO o.a.j.t.JMeterThread: Thread started: 秒杀线程组：1000用户 1-886
2026-07-17 19:35:04,211 INFO o.a.j.t.JMeterThread: Thread started: 秒杀线程组：1000用户 1-881
2026-07-17 19:35:04,211 INFO o.a.j.t.JMeterThread: Thread started: 秒杀线程组：1000用户 1-883
2026-07-17 19:35:04,212 INFO o.a.j.t.JMeterThread: Thread started: 秒杀线程组：1000用户 1-887
2026-07-17 19:35:04,211 INFO o.a.j.t.JMeterThread: Thread started: 秒杀线程组：1000用户 1-882
2026-07-17 19:35:04,212 INFO o.a.j.t.JMeterThread: Thread started: 秒杀线程组：1000用户 1-877
2026-07-17 19:35:04,212 INFO o.a.j.t.JMeterThread: Thread started: 秒杀线程组：1000用户 1-880
2026-07-17 19:35:04,211 INFO o.a.j.t.JMeterThread: Thread started: 秒杀线程组：1000用户 1-884
2026-07-17 19:35:04,212 INFO o.a.j.t.JMeterThread: Thread started: 秒杀线程组：1000用户 1-878
2026-07-17 19:35:04,212 INFO o.a.j.t.JMeterThread: Thread started: 秒杀线程组：1000用户 1-874
2026-07-17 19:35:04,212 INFO o.a.j.t.JMeterThread: Thread started: 秒杀线程组：1000用户 1-879
2026-07-17 19:35:04,215 INFO o.a.j.t.JMeterThread: Thread started: 秒杀线程组：1000用户 1-889
2026-07-17 19:35:04,215 INFO o.a.j.t.JMeterThread: Thread started: 秒杀线程组：1000用户 1-890
2026-07-17 19:35:04,216 INFO o.a.j.t.JMeterThread: Thread is done: 秒杀线程组：1000用户 1-53
2026-07-17 19:35:04,216 INFO o.a.j.t.JMeterThread: Thread finished: 秒杀线程组：1000用户 1-53
2026-07-17 19:35:04,216 INFO o.a.j.t.JMeterThread: Thread started: 秒杀线程组：1000用户 1-891
2026-07-17 19:35:04,216 INFO o.a.j.t.JMeterThread: Thread started: 秒杀线程组：1000用户 1-888
2026-07-17 19:35:04,216 INFO o.a.j.t.JMeterThread: Thread started: 秒杀线程组：1000用户 1-892
2026-07-17 19:35:04,220 INFO o.a.j.t.JMeterThread: Thread started: 秒杀线程组：1000用户 1-893
2026-07-17 19:35:04,220 INFO o.a.j.t.JMeterThread: Thread started: 秒杀线程组：1000用户 1-894
2026-07-17 19:35:04,221 INFO o.a.j.t.JMeterThread: Thread started: 秒杀线程组：1000用户 1-897
2026-07-17 19:35:04,222 INFO o.a.j.t.JMeterThread: Thread started: 秒杀线程组：1000用户 1-896
2026-07-17 19:35:04,223 INFO o.a.j.t.JMeterThread: Thread started: 秒杀线程组：1000用户 1-898
2026-07-17 19:35:04,224 INFO o.a.j.t.JMeterThread: Thread started: 秒杀线程组：1000用户 1-899
2026-07-17 19:35:04,224 INFO o.a.j.t.JMeterThread: Thread started: 秒杀线程组：1000用户 1-901
2026-07-17 19:35:04,226 INFO o.a.j.t.JMeterThread: Thread started: 秒杀线程组：1000用户 1-903
2026-07-17 19:35:04,226 INFO o.a.j.t.JMeterThread: Thread started: 秒杀线程组：1000用户 1-902
2026-07-17 19:35:04,229 INFO o.a.j.t.JMeterThread: Thread started: 秒杀线程组：1000用户 1-906
2026-07-17 19:35:04,229 INFO o.a.j.t.JMeterThread: Thread started: 秒杀线程组：1000用户 1-895
2026-07-17 19:35:04,230 INFO o.a.j.t.JMeterThread: Thread is done: 秒杀线程组：1000用户 1-108
2026-07-17 19:35:04,230 INFO o.a.j.t.JMeterThread: Thread finished: 秒杀线程组：1000用户 1-108
2026-07-17 19:35:04,231 INFO o.a.j.t.JMeterThread: Thread started: 秒杀线程组：1000用户 1-908
2026-07-17 19:35:04,232 INFO o.a.j.t.JMeterThread: Thread started: 秒杀线程组：1000用户 1-909
2026-07-17 19:35:04,232 INFO o.a.j.t.JMeterThread: Thread started: 秒杀线程组：1000用户 1-905
2026-07-17 19:35:04,232 INFO o.a.j.t.JMeterThread: Thread started: 秒杀线程组：1000用户 1-900
2026-07-17 19:35:04,233 INFO o.a.j.t.JMeterThread: Thread started: 秒杀线程组：1000用户 1-911
2026-07-17 19:35:04,234 INFO o.a.j.t.JMeterThread: Thread started: 秒杀线程组：1000用户 1-912
2026-07-17 19:35:04,236 INFO o.a.j.t.JMeterThread: Thread started: 秒杀线程组：1000用户 1-914
2026-07-17 19:35:04,236 INFO o.a.j.t.JMeterThread: Thread started: 秒杀线程组：1000用户 1-913
2026-07-17 19:35:04,236 INFO o.a.j.t.JMeterThread: Thread started: 秒杀线程组：1000用户 1-910
2026-07-17 19:35:04,236 INFO o.a.j.t.JMeterThread: Thread started: 秒杀线程组：1000用户 1-904
2026-07-17 19:35:04,238 INFO o.a.j.t.JMeterThread: Thread is done: 秒杀线程组：1000用户 1-266
2026-07-17 19:35:04,238 INFO o.a.j.t.JMeterThread: Thread finished: 秒杀线程组：1000用户 1-266
2026-07-17 19:35:04,238 INFO o.a.j.t.JMeterThread: Thread started: 秒杀线程组：1000用户 1-916
2026-07-17 19:35:04,238 INFO o.a.j.t.JMeterThread: Thread started: 秒杀线程组：1000用户 1-915
2026-07-17 19:35:04,239 INFO o.a.j.t.JMeterThread: Thread started: 秒杀线程组：1000用户 1-907
2026-07-17 19:35:04,239 INFO o.a.j.t.JMeterThread: Thread started: 秒杀线程组：1000用户 1-917
2026-07-17 19:35:04,240 INFO o.a.j.t.JMeterThread: Thread started: 秒杀线程组：1000用户 1-918
2026-07-17 19:35:04,242 INFO o.a.j.t.JMeterThread: Thread started: 秒杀线程组：1000用户 1-920
2026-07-17 19:35:04,243 INFO o.a.j.t.JMeterThread: Thread started: 秒杀线程组：1000用户 1-921
2026-07-17 19:35:04,245 INFO o.a.j.t.JMeterThread: Thread started: 秒杀线程组：1000用户 1-925
2026-07-17 19:35:04,245 INFO o.a.j.t.JMeterThread: Thread started: 秒杀线程组：1000用户 1-919
2026-07-17 19:35:04,245 INFO o.a.j.t.JMeterThread: Thread started: 秒杀线程组：1000用户 1-923
2026-07-17 19:35:04,245 INFO o.a.j.t.JMeterThread: Thread started: 秒杀线程组：1000用户 1-922
2026-07-17 19:35:04,246 INFO o.a.j.t.JMeterThread: Thread started: 秒杀线程组：1000用户 1-926
2026-07-17 19:35:04,247 INFO o.a.j.t.JMeterThread: Thread started: 秒杀线程组：1000用户 1-927
2026-07-17 19:35:04,248 INFO o.a.j.t.JMeterThread: Thread started: 秒杀线程组：1000用户 1-928
2026-07-17 19:35:04,248 INFO o.a.j.t.JMeterThread: Thread is done: 秒杀线程组：1000用户 1-292
2026-07-17 19:35:04,248 INFO o.a.j.t.JMeterThread: Thread finished: 秒杀线程组：1000用户 1-292
2026-07-17 19:35:04,250 INFO o.a.j.t.JMeterThread: Thread started: 秒杀线程组：1000用户 1-924
2026-07-17 19:35:04,250 INFO o.a.j.t.JMeterThread: Thread started: 秒杀线程组：1000用户 1-930
2026-07-17 19:35:04,251 INFO o.a.j.t.JMeterThread: Thread started: 秒杀线程组：1000用户 1-929
2026-07-17 19:35:04,254 INFO o.a.j.t.JMeterThread: Thread started: 秒杀线程组：1000用户 1-934
2026-07-17 19:35:04,254 INFO o.a.j.t.JMeterThread: Thread started: 秒杀线程组：1000用户 1-933
2026-07-17 19:35:04,256 INFO o.a.j.t.JMeterThread: Thread started: 秒杀线程组：1000用户 1-931
2026-07-17 19:35:04,256 INFO o.a.j.t.JMeterThread: Thread is done: 秒杀线程组：1000用户 1-140
2026-07-17 19:35:04,256 INFO o.a.j.t.JMeterThread: Thread finished: 秒杀线程组：1000用户 1-140
2026-07-17 19:35:04,258 INFO o.a.j.t.JMeterThread: Thread started: 秒杀线程组：1000用户 1-937
2026-07-17 19:35:04,258 INFO o.a.j.t.JMeterThread: Thread started: 秒杀线程组：1000用户 1-939
2026-07-17 19:35:04,261 INFO o.a.j.t.JMeterThread: Thread started: 秒杀线程组：1000用户 1-936
2026-07-17 19:35:04,262 INFO o.a.j.t.JMeterThread: Thread started: 秒杀线程组：1000用户 1-940
2026-07-17 19:35:04,262 INFO o.a.j.t.JMeterThread: Thread started: 秒杀线程组：1000用户 1-932
2026-07-17 19:35:04,262 INFO o.a.j.t.JMeterThread: Thread started: 秒杀线程组：1000用户 1-942
2026-07-17 19:35:04,263 INFO o.a.j.t.JMeterThread: Thread started: 秒杀线程组：1000用户 1-943
2026-07-17 19:35:04,263 INFO o.a.j.t.JMeterThread: Thread started: 秒杀线程组：1000用户 1-938
2026-07-17 19:35:04,264 INFO o.a.j.t.JMeterThread: Thread is done: 秒杀线程组：1000用户 1-130
2026-07-17 19:35:04,264 INFO o.a.j.t.JMeterThread: Thread finished: 秒杀线程组：1000用户 1-130
2026-07-17 19:35:04,265 INFO o.a.j.t.JMeterThread: Thread started: 秒杀线程组：1000用户 1-935
2026-07-17 19:35:04,265 INFO o.a.j.t.JMeterThread: Thread started: 秒杀线程组：1000用户 1-948
2026-07-17 19:35:04,265 INFO o.a.j.t.JMeterThread: Thread started: 秒杀线程组：1000用户 1-947
2026-07-17 19:35:04,265 INFO o.a.j.t.JMeterThread: Thread started: 秒杀线程组：1000用户 1-946
2026-07-17 19:35:04,266 INFO o.a.j.t.JMeterThread: Thread started: 秒杀线程组：1000用户 1-944
2026-07-17 19:35:04,267 INFO o.a.j.t.JMeterThread: Thread started: 秒杀线程组：1000用户 1-949
2026-07-17 19:35:04,268 INFO o.a.j.t.JMeterThread: Thread started: 秒杀线程组：1000用户 1-950
2026-07-17 19:35:04,269 INFO o.a.j.t.JMeterThread: Thread started: 秒杀线程组：1000用户 1-945
2026-07-17 19:35:04,269 INFO o.a.j.t.JMeterThread: Thread started: 秒杀线程组：1000用户 1-952
2026-07-17 19:35:04,270 INFO o.a.j.t.JMeterThread: Thread started: 秒杀线程组：1000用户 1-953
2026-07-17 19:35:04,271 INFO o.a.j.t.JMeterThread: Thread started: 秒杀线程组：1000用户 1-955
2026-07-17 19:35:04,271 INFO o.a.j.t.JMeterThread: Thread started: 秒杀线程组：1000用户 1-941
2026-07-17 19:35:04,271 INFO o.a.j.t.JMeterThread: Thread started: 秒杀线程组：1000用户 1-951
2026-07-17 19:35:04,271 INFO o.a.j.t.JMeterThread: Thread is done: 秒杀线程组：1000用户 1-7
2026-07-17 19:35:04,271 INFO o.a.j.t.JMeterThread: Thread finished: 秒杀线程组：1000用户 1-7
2026-07-17 19:35:04,274 INFO o.a.j.t.JMeterThread: Thread started: 秒杀线程组：1000用户 1-954
2026-07-17 19:35:04,274 INFO o.a.j.t.JMeterThread: Thread started: 秒杀线程组：1000用户 1-958
2026-07-17 19:35:04,275 INFO o.a.j.t.JMeterThread: Thread started: 秒杀线程组：1000用户 1-959
2026-07-17 19:35:04,279 INFO o.a.j.t.JMeterThread: Thread is done: 秒杀线程组：1000用户 1-254
2026-07-17 19:35:04,279 INFO o.a.j.t.JMeterThread: Thread finished: 秒杀线程组：1000用户 1-254
2026-07-17 19:35:04,279 INFO o.a.j.t.JMeterThread: Thread started: 秒杀线程组：1000用户 1-957
2026-07-17 19:35:04,279 INFO o.a.j.t.JMeterThread: Thread started: 秒杀线程组：1000用户 1-962
2026-07-17 19:35:04,282 INFO o.a.j.t.JMeterThread: Thread started: 秒杀线程组：1000用户 1-963
2026-07-17 19:35:04,283 INFO o.a.j.t.JMeterThread: Thread started: 秒杀线程组：1000用户 1-964
2026-07-17 19:35:04,283 INFO o.a.j.t.JMeterThread: Thread started: 秒杀线程组：1000用户 1-966
2026-07-17 19:35:04,284 INFO o.a.j.t.JMeterThread: Thread started: 秒杀线程组：1000用户 1-956
2026-07-17 19:35:04,284 INFO o.a.j.t.JMeterThread: Thread started: 秒杀线程组：1000用户 1-965
2026-07-17 19:35:04,284 INFO o.a.j.t.JMeterThread: Thread started: 秒杀线程组：1000用户 1-967
2026-07-17 19:35:04,286 INFO o.a.j.t.JMeterThread: Thread started: 秒杀线程组：1000用户 1-968
2026-07-17 19:35:04,286 INFO o.a.j.t.JMeterThread: Thread started: 秒杀线程组：1000用户 1-970
2026-07-17 19:35:04,286 INFO o.a.j.t.JMeterThread: Thread is done: 秒杀线程组：1000用户 1-12
2026-07-17 19:35:04,286 INFO o.a.j.t.JMeterThread: Thread finished: 秒杀线程组：1000用户 1-12
2026-07-17 19:35:04,287 INFO o.a.j.t.JMeterThread: Thread started: 秒杀线程组：1000用户 1-960
2026-07-17 19:35:04,314 INFO o.a.j.t.JMeterThread: Thread started: 秒杀线程组：1000用户 1-990
2026-07-17 19:35:04,287 INFO o.a.j.t.JMeterThread: Thread started: 秒杀线程组：1000用户 1-969
2026-07-17 19:35:04,314 INFO o.a.j.t.JMeterThread: Thread started: 秒杀线程组：1000用户 1-972
2026-07-17 19:35:04,314 INFO o.a.j.t.JMeterThread: Thread started: 秒杀线程组：1000用户 1-977
2026-07-17 19:35:04,314 INFO o.a.j.t.JMeterThread: Thread started: 秒杀线程组：1000用户 1-987
2026-07-17 19:35:04,314 INFO o.a.j.t.JMeterThread: Thread started: 秒杀线程组：1000用户 1-986
2026-07-17 19:35:04,314 INFO o.a.j.t.JMeterThread: Thread is done: 秒杀线程组：1000用户 1-58
2026-07-17 19:35:04,314 INFO o.a.j.t.JMeterThread: Thread finished: 秒杀线程组：1000用户 1-58
2026-07-17 19:35:04,314 INFO o.a.j.t.JMeterThread: Thread started: 秒杀线程组：1000用户 1-988
2026-07-17 19:35:04,316 INFO o.a.j.t.JMeterThread: Thread started: 秒杀线程组：1000用户 1-989
2026-07-17 19:35:04,316 INFO o.a.j.t.JMeterThread: Thread started: 秒杀线程组：1000用户 1-971
2026-07-17 19:35:04,317 INFO o.a.j.t.JMeterThread: Thread started: 秒杀线程组：1000用户 1-984
2026-07-17 19:35:04,317 INFO o.a.j.t.JMeterThread: Thread started: 秒杀线程组：1000用户 1-982
2026-07-17 19:35:04,317 INFO o.a.j.t.JMeterThread: Thread started: 秒杀线程组：1000用户 1-981
2026-07-17 19:35:04,317 INFO o.a.j.t.JMeterThread: Thread started: 秒杀线程组：1000用户 1-985
2026-07-17 19:35:04,316 INFO o.a.j.t.JMeterThread: Thread started: 秒杀线程组：1000用户 1-983
2026-07-17 19:35:04,317 INFO o.a.j.t.JMeterThread: Thread started: 秒杀线程组：1000用户 1-978
2026-07-17 19:35:04,317 INFO o.a.j.t.JMeterThread: Thread started: 秒杀线程组：1000用户 1-980
2026-07-17 19:35:04,317 INFO o.a.j.t.JMeterThread: Thread started: 秒杀线程组：1000用户 1-975
2026-07-17 19:35:04,317 INFO o.a.j.t.JMeterThread: Thread started: 秒杀线程组：1000用户 1-979
2026-07-17 19:35:04,317 INFO o.a.j.t.JMeterThread: Thread started: 秒杀线程组：1000用户 1-976
2026-07-17 19:35:04,317 INFO o.a.j.t.JMeterThread: Thread is done: 秒杀线程组：1000用户 1-93
2026-07-17 19:35:04,317 INFO o.a.j.t.JMeterThread: Thread finished: 秒杀线程组：1000用户 1-93
2026-07-17 19:35:04,317 INFO o.a.j.t.JMeterThread: Thread started: 秒杀线程组：1000用户 1-974
2026-07-17 19:35:04,317 INFO o.a.j.t.JMeterThread: Thread started: 秒杀线程组：1000用户 1-991
2026-07-17 19:35:04,317 INFO o.a.j.t.JMeterThread: Thread started: 秒杀线程组：1000用户 1-973
2026-07-17 19:35:04,317 INFO o.a.j.t.JMeterThread: Thread started: 秒杀线程组：1000用户 1-961
2026-07-17 19:35:04,318 INFO o.a.j.t.JMeterThread: Thread started: 秒杀线程组：1000用户 1-992
2026-07-17 19:35:04,319 INFO o.a.j.t.JMeterThread: Thread started: 秒杀线程组：1000用户 1-997
2026-07-17 19:35:04,319 INFO o.a.j.t.JMeterThread: Thread started: 秒杀线程组：1000用户 1-993
2026-07-17 19:35:04,319 INFO o.a.j.t.JMeterThread: Thread is done: 秒杀线程组：1000用户 1-77
2026-07-17 19:35:04,319 INFO o.a.j.t.JMeterThread: Thread finished: 秒杀线程组：1000用户 1-77
2026-07-17 19:35:04,321 INFO o.a.j.t.JMeterThread: Thread started: 秒杀线程组：1000用户 1-994
2026-07-17 19:35:04,322 INFO o.a.j.t.JMeterThread: Thread started: 秒杀线程组：1000用户 1-995
2026-07-17 19:35:04,323 INFO o.a.j.t.JMeterThread: Thread started: 秒杀线程组：1000用户 1-996
2026-07-17 19:35:04,324 INFO o.a.j.t.JMeterThread: Thread started: 秒杀线程组：1000用户 1-998
2026-07-17 19:35:04,326 INFO o.a.j.t.JMeterThread: Thread started: 秒杀线程组：1000用户 1-1000
2026-07-17 19:35:04,326 INFO o.a.j.t.JMeterThread: Thread started: 秒杀线程组：1000用户 1-999
2026-07-17 19:35:04,329 INFO o.a.j.t.JMeterThread: Thread is done: 秒杀线程组：1000用户 1-206
2026-07-17 19:35:04,329 INFO o.a.j.t.JMeterThread: Thread finished: 秒杀线程组：1000用户 1-206
2026-07-17 19:35:04,336 INFO o.a.j.t.JMeterThread: Thread is done: 秒杀线程组：1000用户 1-217
2026-07-17 19:35:04,336 INFO o.a.j.t.JMeterThread: Thread finished: 秒杀线程组：1000用户 1-217
2026-07-17 19:35:04,343 INFO o.a.j.t.JMeterThread: Thread is done: 秒杀线程组：1000用户 1-245
2026-07-17 19:35:04,343 INFO o.a.j.t.JMeterThread: Thread finished: 秒杀线程组：1000用户 1-245
2026-07-17 19:35:04,350 INFO o.a.j.t.JMeterThread: Thread is done: 秒杀线程组：1000用户 1-338
2026-07-17 19:35:04,350 INFO o.a.j.t.JMeterThread: Thread finished: 秒杀线程组：1000用户 1-338
2026-07-17 19:35:04,359 INFO o.a.j.t.JMeterThread: Thread is done: 秒杀线程组：1000用户 1-270
2026-07-17 19:35:04,359 INFO o.a.j.t.JMeterThread: Thread finished: 秒杀线程组：1000用户 1-270
2026-07-17 19:35:04,369 INFO o.a.j.t.JMeterThread: Thread is done: 秒杀线程组：1000用户 1-356
2026-07-17 19:35:04,369 INFO o.a.j.t.JMeterThread: Thread finished: 秒杀线程组：1000用户 1-356
2026-07-17 19:35:04,377 INFO o.a.j.t.JMeterThread: Thread is done: 秒杀线程组：1000用户 1-33
2026-07-17 19:35:04,377 INFO o.a.j.t.JMeterThread: Thread finished: 秒杀线程组：1000用户 1-33
2026-07-17 19:35:04,384 INFO o.a.j.t.JMeterThread: Thread is done: 秒杀线程组：1000用户 1-224
2026-07-17 19:35:04,384 INFO o.a.j.t.JMeterThread: Thread finished: 秒杀线程组：1000用户 1-224
2026-07-17 19:35:04,397 INFO o.a.j.t.JMeterThread: Thread is done: 秒杀线程组：1000用户 1-100
2026-07-17 19:35:04,397 INFO o.a.j.t.JMeterThread: Thread finished: 秒杀线程组：1000用户 1-100
2026-07-17 19:35:04,407 INFO o.a.j.t.JMeterThread: Thread is done: 秒杀线程组：1000用户 1-50
2026-07-17 19:35:04,407 INFO o.a.j.t.JMeterThread: Thread finished: 秒杀线程组：1000用户 1-50
2026-07-17 19:35:04,418 INFO o.a.j.t.JMeterThread: Thread is done: 秒杀线程组：1000用户 1-236
2026-07-17 19:35:04,418 INFO o.a.j.t.JMeterThread: Thread finished: 秒杀线程组：1000用户 1-236
2026-07-17 19:35:04,429 INFO o.a.j.t.JMeterThread: Thread is done: 秒杀线程组：1000用户 1-60
2026-07-17 19:35:04,429 INFO o.a.j.t.JMeterThread: Thread finished: 秒杀线程组：1000用户 1-60
2026-07-17 19:35:04,439 INFO o.a.j.t.JMeterThread: Thread is done: 秒杀线程组：1000用户 1-232
2026-07-17 19:35:04,439 INFO o.a.j.t.JMeterThread: Thread finished: 秒杀线程组：1000用户 1-232
2026-07-17 19:35:04,449 INFO o.a.j.t.JMeterThread: Thread is done: 秒杀线程组：1000用户 1-101
2026-07-17 19:35:04,449 INFO o.a.j.t.JMeterThread: Thread finished: 秒杀线程组：1000用户 1-101
2026-07-17 19:35:04,456 INFO o.a.j.t.JMeterThread: Thread is done: 秒杀线程组：1000用户 1-114
2026-07-17 19:35:04,458 INFO o.a.j.t.JMeterThread: Thread finished: 秒杀线程组：1000用户 1-114
2026-07-17 19:35:04,467 INFO o.a.j.t.JMeterThread: Thread is done: 秒杀线程组：1000用户 1-154
2026-07-17 19:35:04,467 INFO o.a.j.t.JMeterThread: Thread finished: 秒杀线程组：1000用户 1-154
2026-07-17 19:35:04,477 INFO o.a.j.t.JMeterThread: Thread is done: 秒杀线程组：1000用户 1-216
2026-07-17 19:35:04,477 INFO o.a.j.t.JMeterThread: Thread finished: 秒杀线程组：1000用户 1-216
2026-07-17 19:35:04,486 INFO o.a.j.t.JMeterThread: Thread is done: 秒杀线程组：1000用户 1-51
2026-07-17 19:35:04,486 INFO o.a.j.t.JMeterThread: Thread finished: 秒杀线程组：1000用户 1-51
2026-07-17 19:35:04,494 INFO o.a.j.t.JMeterThread: Thread is done: 秒杀线程组：1000用户 1-133
2026-07-17 19:35:04,495 INFO o.a.j.t.JMeterThread: Thread finished: 秒杀线程组：1000用户 1-133
2026-07-17 19:35:04,502 INFO o.a.j.t.JMeterThread: Thread is done: 秒杀线程组：1000用户 1-234
2026-07-17 19:35:04,502 INFO o.a.j.t.JMeterThread: Thread finished: 秒杀线程组：1000用户 1-234
2026-07-17 19:35:04,511 INFO o.a.j.t.JMeterThread: Thread is done: 秒杀线程组：1000用户 1-26
2026-07-17 19:35:04,511 INFO o.a.j.t.JMeterThread: Thread finished: 秒杀线程组：1000用户 1-26
2026-07-17 19:35:04,518 INFO o.a.j.t.JMeterThread: Thread is done: 秒杀线程组：1000用户 1-79
2026-07-17 19:35:04,518 INFO o.a.j.t.JMeterThread: Thread finished: 秒杀线程组：1000用户 1-79
2026-07-17 19:35:04,526 INFO o.a.j.t.JMeterThread: Thread is done: 秒杀线程组：1000用户 1-28
2026-07-17 19:35:04,526 INFO o.a.j.t.JMeterThread: Thread finished: 秒杀线程组：1000用户 1-28
2026-07-17 19:35:04,533 INFO o.a.j.t.JMeterThread: Thread is done: 秒杀线程组：1000用户 1-67
2026-07-17 19:35:04,533 INFO o.a.j.t.JMeterThread: Thread finished: 秒杀线程组：1000用户 1-67
2026-07-17 19:35:04,540 INFO o.a.j.t.JMeterThread: Thread is done: 秒杀线程组：1000用户 1-98
2026-07-17 19:35:04,540 INFO o.a.j.t.JMeterThread: Thread finished: 秒杀线程组：1000用户 1-98
2026-07-17 19:35:04,547 INFO o.a.j.t.JMeterThread: Thread is done: 秒杀线程组：1000用户 1-175
2026-07-17 19:35:04,547 INFO o.a.j.t.JMeterThread: Thread finished: 秒杀线程组：1000用户 1-175
2026-07-17 19:35:04,553 INFO o.a.j.t.JMeterThread: Thread is done: 秒杀线程组：1000用户 1-258
2026-07-17 19:35:04,553 INFO o.a.j.t.JMeterThread: Thread finished: 秒杀线程组：1000用户 1-258
2026-07-17 19:35:04,561 INFO o.a.j.t.JMeterThread: Thread is done: 秒杀线程组：1000用户 1-295
2026-07-17 19:35:04,561 INFO o.a.j.t.JMeterThread: Thread finished: 秒杀线程组：1000用户 1-295
2026-07-17 19:35:04,566 INFO o.a.j.t.JMeterThread: Thread is done: 秒杀线程组：1000用户 1-10
2026-07-17 19:35:04,566 INFO o.a.j.t.JMeterThread: Thread finished: 秒杀线程组：1000用户 1-10
2026-07-17 19:35:04,572 INFO o.a.j.t.JMeterThread: Thread is done: 秒杀线程组：1000用户 1-80
2026-07-17 19:35:04,572 INFO o.a.j.t.JMeterThread: Thread finished: 秒杀线程组：1000用户 1-80
2026-07-17 19:35:04,578 INFO o.a.j.t.JMeterThread: Thread is done: 秒杀线程组：1000用户 1-95
2026-07-17 19:35:04,578 INFO o.a.j.t.JMeterThread: Thread finished: 秒杀线程组：1000用户 1-95
2026-07-17 19:35:04,586 INFO o.a.j.t.JMeterThread: Thread is done: 秒杀线程组：1000用户 1-29
2026-07-17 19:35:04,586 INFO o.a.j.t.JMeterThread: Thread finished: 秒杀线程组：1000用户 1-29
2026-07-17 19:35:04,592 INFO o.a.j.t.JMeterThread: Thread is done: 秒杀线程组：1000用户 1-4
2026-07-17 19:35:04,592 INFO o.a.j.t.JMeterThread: Thread finished: 秒杀线程组：1000用户 1-4
2026-07-17 19:35:04,600 INFO o.a.j.t.JMeterThread: Thread is done: 秒杀线程组：1000用户 1-208
2026-07-17 19:35:04,600 INFO o.a.j.t.JMeterThread: Thread finished: 秒杀线程组：1000用户 1-208
2026-07-17 19:35:04,607 INFO o.a.j.t.JMeterThread: Thread is done: 秒杀线程组：1000用户 1-144
2026-07-17 19:35:04,608 INFO o.a.j.t.JMeterThread: Thread finished: 秒杀线程组：1000用户 1-144
2026-07-17 19:35:04,614 INFO o.a.j.t.JMeterThread: Thread is done: 秒杀线程组：1000用户 1-271
2026-07-17 19:35:04,614 INFO o.a.j.t.JMeterThread: Thread finished: 秒杀线程组：1000用户 1-271
2026-07-17 19:35:04,621 INFO o.a.j.t.JMeterThread: Thread is done: 秒杀线程组：1000用户 1-235
2026-07-17 19:35:04,621 INFO o.a.j.t.JMeterThread: Thread finished: 秒杀线程组：1000用户 1-235
2026-07-17 19:35:04,628 INFO o.a.j.t.JMeterThread: Thread is done: 秒杀线程组：1000用户 1-49
2026-07-17 19:35:04,628 INFO o.a.j.t.JMeterThread: Thread finished: 秒杀线程组：1000用户 1-49
2026-07-17 19:35:04,635 INFO o.a.j.t.JMeterThread: Thread is done: 秒杀线程组：1000用户 1-62
2026-07-17 19:35:04,635 INFO o.a.j.t.JMeterThread: Thread finished: 秒杀线程组：1000用户 1-62
2026-07-17 19:35:04,642 INFO o.a.j.t.JMeterThread: Thread is done: 秒杀线程组：1000用户 1-255
2026-07-17 19:35:04,642 INFO o.a.j.t.JMeterThread: Thread finished: 秒杀线程组：1000用户 1-255
2026-07-17 19:35:04,650 INFO o.a.j.t.JMeterThread: Thread is done: 秒杀线程组：1000用户 1-32
2026-07-17 19:35:04,650 INFO o.a.j.t.JMeterThread: Thread finished: 秒杀线程组：1000用户 1-32
2026-07-17 19:35:04,657 INFO o.a.j.t.JMeterThread: Thread is done: 秒杀线程组：1000用户 1-116
2026-07-17 19:35:04,657 INFO o.a.j.t.JMeterThread: Thread finished: 秒杀线程组：1000用户 1-116
2026-07-17 19:35:04,664 INFO o.a.j.t.JMeterThread: Thread is done: 秒杀线程组：1000用户 1-189
2026-07-17 19:35:04,664 INFO o.a.j.t.JMeterThread: Thread finished: 秒杀线程组：1000用户 1-189
2026-07-17 19:35:04,671 INFO o.a.j.t.JMeterThread: Thread is done: 秒杀线程组：1000用户 1-171
2026-07-17 19:35:04,671 INFO o.a.j.t.JMeterThread: Thread finished: 秒杀线程组：1000用户 1-171
2026-07-17 19:35:04,678 INFO o.a.j.t.JMeterThread: Thread is done: 秒杀线程组：1000用户 1-132
2026-07-17 19:35:04,678 INFO o.a.j.t.JMeterThread: Thread finished: 秒杀线程组：1000用户 1-132
2026-07-17 19:35:04,686 INFO o.a.j.t.JMeterThread: Thread is done: 秒杀线程组：1000用户 1-105
2026-07-17 19:35:04,686 INFO o.a.j.t.JMeterThread: Thread finished: 秒杀线程组：1000用户 1-105
2026-07-17 19:35:04,693 INFO o.a.j.t.JMeterThread: Thread is done: 秒杀线程组：1000用户 1-142
2026-07-17 19:35:04,693 INFO o.a.j.t.JMeterThread: Thread finished: 秒杀线程组：1000用户 1-142
2026-07-17 19:35:04,699 INFO o.a.j.t.JMeterThread: Thread is done: 秒杀线程组：1000用户 1-74
2026-07-17 19:35:04,699 INFO o.a.j.t.JMeterThread: Thread finished: 秒杀线程组：1000用户 1-74
2026-07-17 19:35:04,706 INFO o.a.j.t.JMeterThread: Thread is done: 秒杀线程组：1000用户 1-63
2026-07-17 19:35:04,706 INFO o.a.j.t.JMeterThread: Thread finished: 秒杀线程组：1000用户 1-63
2026-07-17 19:35:04,715 INFO o.a.j.t.JMeterThread: Thread is done: 秒杀线程组：1000用户 1-65
2026-07-17 19:35:04,715 INFO o.a.j.t.JMeterThread: Thread finished: 秒杀线程组：1000用户 1-65
2026-07-17 19:35:04,722 INFO o.a.j.t.JMeterThread: Thread is done: 秒杀线程组：1000用户 1-18
2026-07-17 19:35:04,723 INFO o.a.j.t.JMeterThread: Thread finished: 秒杀线程组：1000用户 1-18
2026-07-17 19:35:04,731 INFO o.a.j.t.JMeterThread: Thread is done: 秒杀线程组：1000用户 1-19
2026-07-17 19:35:04,731 INFO o.a.j.t.JMeterThread: Thread finished: 秒杀线程组：1000用户 1-19
2026-07-17 19:35:04,739 INFO o.a.j.t.JMeterThread: Thread is done: 秒杀线程组：1000用户 1-222
2026-07-17 19:35:04,739 INFO o.a.j.t.JMeterThread: Thread finished: 秒杀线程组：1000用户 1-222
2026-07-17 19:35:04,746 INFO o.a.j.t.JMeterThread: Thread is done: 秒杀线程组：1000用户 1-226
2026-07-17 19:35:04,746 INFO o.a.j.t.JMeterThread: Thread finished: 秒杀线程组：1000用户 1-226
2026-07-17 19:35:04,755 INFO o.a.j.t.JMeterThread: Thread is done: 秒杀线程组：1000用户 1-184
2026-07-17 19:35:04,755 INFO o.a.j.t.JMeterThread: Thread finished: 秒杀线程组：1000用户 1-184
2026-07-17 19:35:04,763 INFO o.a.j.t.JMeterThread: Thread is done: 秒杀线程组：1000用户 1-211
2026-07-17 19:35:04,763 INFO o.a.j.t.JMeterThread: Thread finished: 秒杀线程组：1000用户 1-211
2026-07-17 19:35:04,771 INFO o.a.j.t.JMeterThread: Thread is done: 秒杀线程组：1000用户 1-227
2026-07-17 19:35:04,771 INFO o.a.j.t.JMeterThread: Thread finished: 秒杀线程组：1000用户 1-227
2026-07-17 19:35:04,780 INFO o.a.j.t.JMeterThread: Thread is done: 秒杀线程组：1000用户 1-106
2026-07-17 19:35:04,780 INFO o.a.j.t.JMeterThread: Thread finished: 秒杀线程组：1000用户 1-106
2026-07-17 19:35:04,787 INFO o.a.j.t.JMeterThread: Thread is done: 秒杀线程组：1000用户 1-228
2026-07-17 19:35:04,788 INFO o.a.j.t.JMeterThread: Thread finished: 秒杀线程组：1000用户 1-228
2026-07-17 19:35:04,798 INFO o.a.j.t.JMeterThread: Thread is done: 秒杀线程组：1000用户 1-274
2026-07-17 19:35:04,798 INFO o.a.j.t.JMeterThread: Thread finished: 秒杀线程组：1000用户 1-274
2026-07-17 19:35:04,807 INFO o.a.j.t.JMeterThread: Thread is done: 秒杀线程组：1000用户 1-180
2026-07-17 19:35:04,807 INFO o.a.j.t.JMeterThread: Thread finished: 秒杀线程组：1000用户 1-180
2026-07-17 19:35:04,815 INFO o.a.j.t.JMeterThread: Thread is done: 秒杀线程组：1000用户 1-199
2026-07-17 19:35:04,815 INFO o.a.j.t.JMeterThread: Thread finished: 秒杀线程组：1000用户 1-199
2026-07-17 19:35:04,825 INFO o.a.j.t.JMeterThread: Thread is done: 秒杀线程组：1000用户 1-304
2026-07-17 19:35:04,825 INFO o.a.j.t.JMeterThread: Thread finished: 秒杀线程组：1000用户 1-304
2026-07-17 19:35:04,835 INFO o.a.j.t.JMeterThread: Thread is done: 秒杀线程组：1000用户 1-202
2026-07-17 19:35:04,835 INFO o.a.j.t.JMeterThread: Thread finished: 秒杀线程组：1000用户 1-202
2026-07-17 19:35:04,839 INFO o.a.j.t.JMeterThread: Thread is done: 秒杀线程组：1000用户 1-187
2026-07-17 19:35:04,839 INFO o.a.j.t.JMeterThread: Thread finished: 秒杀线程组：1000用户 1-187
2026-07-17 19:35:04,848 INFO o.a.j.t.JMeterThread: Thread is done: 秒杀线程组：1000用户 1-92
2026-07-17 19:35:04,848 INFO o.a.j.t.JMeterThread: Thread finished: 秒杀线程组：1000用户 1-92
2026-07-17 19:35:04,856 INFO o.a.j.t.JMeterThread: Thread is done: 秒杀线程组：1000用户 1-164
2026-07-17 19:35:04,856 INFO o.a.j.t.JMeterThread: Thread finished: 秒杀线程组：1000用户 1-164
2026-07-17 19:35:04,864 INFO o.a.j.t.JMeterThread: Thread is done: 秒杀线程组：1000用户 1-197
2026-07-17 19:35:04,864 INFO o.a.j.t.JMeterThread: Thread finished: 秒杀线程组：1000用户 1-197
2026-07-17 19:35:04,869 INFO o.a.j.t.JMeterThread: Thread is done: 秒杀线程组：1000用户 1-252
2026-07-17 19:35:04,869 INFO o.a.j.t.JMeterThread: Thread finished: 秒杀线程组：1000用户 1-252
2026-07-17 19:35:04,878 INFO o.a.j.t.JMeterThread: Thread is done: 秒杀线程组：1000用户 1-113
2026-07-17 19:35:04,878 INFO o.a.j.t.JMeterThread: Thread finished: 秒杀线程组：1000用户 1-113
2026-07-17 19:35:04,886 INFO o.a.j.t.JMeterThread: Thread is done: 秒杀线程组：1000用户 1-182
2026-07-17 19:35:04,886 INFO o.a.j.t.JMeterThread: Thread finished: 秒杀线程组：1000用户 1-182
2026-07-17 19:35:04,891 INFO o.a.j.t.JMeterThread: Thread is done: 秒杀线程组：1000用户 1-263
2026-07-17 19:35:04,892 INFO o.a.j.t.JMeterThread: Thread finished: 秒杀线程组：1000用户 1-263
2026-07-17 19:35:04,898 INFO o.a.j.t.JMeterThread: Thread is done: 秒杀线程组：1000用户 1-242
2026-07-17 19:35:04,898 INFO o.a.j.t.JMeterThread: Thread finished: 秒杀线程组：1000用户 1-242
2026-07-17 19:35:04,907 INFO o.a.j.t.JMeterThread: Thread is done: 秒杀线程组：1000用户 1-264
2026-07-17 19:35:04,907 INFO o.a.j.t.JMeterThread: Thread finished: 秒杀线程组：1000用户 1-264
2026-07-17 19:35:04,914 INFO o.a.j.t.JMeterThread: Thread is done: 秒杀线程组：1000用户 1-286
2026-07-17 19:35:04,914 INFO o.a.j.t.JMeterThread: Thread finished: 秒杀线程组：1000用户 1-286
2026-07-17 19:35:04,922 INFO o.a.j.t.JMeterThread: Thread is done: 秒杀线程组：1000用户 1-94
2026-07-17 19:35:04,922 INFO o.a.j.t.JMeterThread: Thread finished: 秒杀线程组：1000用户 1-94
2026-07-17 19:35:04,930 INFO o.a.j.t.JMeterThread: Thread is done: 秒杀线程组：1000用户 1-102
2026-07-17 19:35:04,930 INFO o.a.j.t.JMeterThread: Thread finished: 秒杀线程组：1000用户 1-102
2026-07-17 19:35:04,938 INFO o.a.j.t.JMeterThread: Thread is done: 秒杀线程组：1000用户 1-167
2026-07-17 19:35:04,938 INFO o.a.j.t.JMeterThread: Thread finished: 秒杀线程组：1000用户 1-167
2026-07-17 19:35:04,946 INFO o.a.j.t.JMeterThread: Thread is done: 秒杀线程组：1000用户 1-310
2026-07-17 19:35:04,946 INFO o.a.j.t.JMeterThread: Thread finished: 秒杀线程组：1000用户 1-310
2026-07-17 19:35:04,954 INFO o.a.j.t.JMeterThread: Thread is done: 秒杀线程组：1000用户 1-306
2026-07-17 19:35:04,954 INFO o.a.j.t.JMeterThread: Thread finished: 秒杀线程组：1000用户 1-306
2026-07-17 19:35:04,961 INFO o.a.j.t.JMeterThread: Thread is done: 秒杀线程组：1000用户 1-311
2026-07-17 19:35:04,961 INFO o.a.j.t.JMeterThread: Thread finished: 秒杀线程组：1000用户 1-311
2026-07-17 19:35:04,970 INFO o.a.j.t.JMeterThread: Thread is done: 秒杀线程组：1000用户 1-302
2026-07-17 19:35:04,970 INFO o.a.j.t.JMeterThread: Thread finished: 秒杀线程组：1000用户 1-302
2026-07-17 19:35:04,978 INFO o.a.j.t.JMeterThread: Thread is done: 秒杀线程组：1000用户 1-307
2026-07-17 19:35:04,978 INFO o.a.j.t.JMeterThread: Thread finished: 秒杀线程组：1000用户 1-307
2026-07-17 19:35:04,986 INFO o.a.j.t.JMeterThread: Thread is done: 秒杀线程组：1000用户 1-308
2026-07-17 19:35:04,986 INFO o.a.j.t.JMeterThread: Thread finished: 秒杀线程组：1000用户 1-308
2026-07-17 19:35:04,993 INFO o.a.j.t.JMeterThread: Thread is done: 秒杀线程组：1000用户 1-312
2026-07-17 19:35:04,993 INFO o.a.j.t.JMeterThread: Thread finished: 秒杀线程组：1000用户 1-312
2026-07-17 19:35:05,001 INFO o.a.j.t.JMeterThread: Thread is done: 秒杀线程组：1000用户 1-305
2026-07-17 19:35:05,001 INFO o.a.j.t.JMeterThread: Thread finished: 秒杀线程组：1000用户 1-305
2026-07-17 19:35:05,007 INFO o.a.j.t.JMeterThread: Thread is done: 秒杀线程组：1000用户 1-300
2026-07-17 19:35:05,007 INFO o.a.j.t.JMeterThread: Thread finished: 秒杀线程组：1000用户 1-300
2026-07-17 19:35:05,012 INFO o.a.j.t.JMeterThread: Thread is done: 秒杀线程组：1000用户 1-309
2026-07-17 19:35:05,012 INFO o.a.j.t.JMeterThread: Thread finished: 秒杀线程组：1000用户 1-309
2026-07-17 19:35:05,019 INFO o.a.j.t.JMeterThread: Thread is done: 秒杀线程组：1000用户 1-313
2026-07-17 19:35:05,021 INFO o.a.j.t.JMeterThread: Thread finished: 秒杀线程组：1000用户 1-313
2026-07-17 19:35:05,028 INFO o.a.j.t.JMeterThread: Thread is done: 秒杀线程组：1000用户 1-320
2026-07-17 19:35:05,028 INFO o.a.j.t.JMeterThread: Thread finished: 秒杀线程组：1000用户 1-320
2026-07-17 19:35:05,036 INFO o.a.j.t.JMeterThread: Thread is done: 秒杀线程组：1000用户 1-381
2026-07-17 19:35:05,036 INFO o.a.j.t.JMeterThread: Thread finished: 秒杀线程组：1000用户 1-381
2026-07-17 19:35:05,043 INFO o.a.j.t.JMeterThread: Thread is done: 秒杀线程组：1000用户 1-316
2026-07-17 19:35:05,043 INFO o.a.j.t.JMeterThread: Thread finished: 秒杀线程组：1000用户 1-316
2026-07-17 19:35:05,051 INFO o.a.j.t.JMeterThread: Thread is done: 秒杀线程组：1000用户 1-315
2026-07-17 19:35:05,051 INFO o.a.j.t.JMeterThread: Thread finished: 秒杀线程组：1000用户 1-315
2026-07-17 19:35:05,060 INFO o.a.j.t.JMeterThread: Thread is done: 秒杀线程组：1000用户 1-318
2026-07-17 19:35:05,060 INFO o.a.j.t.JMeterThread: Thread finished: 秒杀线程组：1000用户 1-318
2026-07-17 19:35:05,068 INFO o.a.j.t.JMeterThread: Thread is done: 秒杀线程组：1000用户 1-321
2026-07-17 19:35:05,068 INFO o.a.j.t.JMeterThread: Thread finished: 秒杀线程组：1000用户 1-321
2026-07-17 19:35:05,075 INFO o.a.j.t.JMeterThread: Thread is done: 秒杀线程组：1000用户 1-323
2026-07-17 19:35:05,075 INFO o.a.j.t.JMeterThread: Thread finished: 秒杀线程组：1000用户 1-323
2026-07-17 19:35:05,083 INFO o.a.j.t.JMeterThread: Thread is done: 秒杀线程组：1000用户 1-324
2026-07-17 19:35:05,083 INFO o.a.j.t.JMeterThread: Thread finished: 秒杀线程组：1000用户 1-324
2026-07-17 19:35:05,091 INFO o.a.j.t.JMeterThread: Thread is done: 秒杀线程组：1000用户 1-389
2026-07-17 19:35:05,091 INFO o.a.j.t.JMeterThread: Thread finished: 秒杀线程组：1000用户 1-389
2026-07-17 19:35:05,099 INFO o.a.j.t.JMeterThread: Thread is done: 秒杀线程组：1000用户 1-314
2026-07-17 19:35:05,099 INFO o.a.j.t.JMeterThread: Thread finished: 秒杀线程组：1000用户 1-314
2026-07-17 19:35:05,105 INFO o.a.j.t.JMeterThread: Thread is done: 秒杀线程组：1000用户 1-405
2026-07-17 19:35:05,105 INFO o.a.j.t.JMeterThread: Thread finished: 秒杀线程组：1000用户 1-405
2026-07-17 19:35:05,114 INFO o.a.j.t.JMeterThread: Thread is done: 秒杀线程组：1000用户 1-317
2026-07-17 19:35:05,114 INFO o.a.j.t.JMeterThread: Thread finished: 秒杀线程组：1000用户 1-317
2026-07-17 19:35:05,123 INFO o.a.j.t.JMeterThread: Thread is done: 秒杀线程组：1000用户 1-319
2026-07-17 19:35:05,123 INFO o.a.j.t.JMeterThread: Thread finished: 秒杀线程组：1000用户 1-319
2026-07-17 19:35:05,128 INFO o.a.j.t.JMeterThread: Thread is done: 秒杀线程组：1000用户 1-322
2026-07-17 19:35:05,128 INFO o.a.j.t.JMeterThread: Thread finished: 秒杀线程组：1000用户 1-322
2026-07-17 19:35:05,136 INFO o.a.j.t.JMeterThread: Thread is done: 秒杀线程组：1000用户 1-325
2026-07-17 19:35:05,136 INFO o.a.j.t.JMeterThread: Thread finished: 秒杀线程组：1000用户 1-325
2026-07-17 19:35:05,143 INFO o.a.j.t.JMeterThread: Thread is done: 秒杀线程组：1000用户 1-330
2026-07-17 19:35:05,143 INFO o.a.j.t.JMeterThread: Thread finished: 秒杀线程组：1000用户 1-330
2026-07-17 19:35:05,151 INFO o.a.j.t.JMeterThread: Thread is done: 秒杀线程组：1000用户 1-326
2026-07-17 19:35:05,151 INFO o.a.j.t.JMeterThread: Thread finished: 秒杀线程组：1000用户 1-326
2026-07-17 19:35:05,160 INFO o.a.j.t.JMeterThread: Thread is done: 秒杀线程组：1000用户 1-327
2026-07-17 19:35:05,160 INFO o.a.j.t.JMeterThread: Thread finished: 秒杀线程组：1000用户 1-327
2026-07-17 19:35:05,164 INFO o.a.j.t.JMeterThread: Thread is done: 秒杀线程组：1000用户 1-329
2026-07-17 19:35:05,164 INFO o.a.j.t.JMeterThread: Thread finished: 秒杀线程组：1000用户 1-329
2026-07-17 19:35:05,169 INFO o.a.j.t.JMeterThread: Thread is done: 秒杀线程组：1000用户 1-333
2026-07-17 19:35:05,169 INFO o.a.j.t.JMeterThread: Thread finished: 秒杀线程组：1000用户 1-333
2026-07-17 19:35:05,177 INFO o.a.j.t.JMeterThread: Thread is done: 秒杀线程组：1000用户 1-328
2026-07-17 19:35:05,177 INFO o.a.j.t.JMeterThread: Thread finished: 秒杀线程组：1000用户 1-328
2026-07-17 19:35:05,182 INFO o.a.j.t.JMeterThread: Thread is done: 秒杀线程组：1000用户 1-331
2026-07-17 19:35:05,182 INFO o.a.j.t.JMeterThread: Thread finished: 秒杀线程组：1000用户 1-331
2026-07-17 19:35:05,191 INFO o.a.j.t.JMeterThread: Thread is done: 秒杀线程组：1000用户 1-348
2026-07-17 19:35:05,191 INFO o.a.j.t.JMeterThread: Thread finished: 秒杀线程组：1000用户 1-348
2026-07-17 19:35:05,203 INFO o.a.j.t.JMeterThread: Thread is done: 秒杀线程组：1000用户 1-352
2026-07-17 19:35:05,204 INFO o.a.j.t.JMeterThread: Thread finished: 秒杀线程组：1000用户 1-352
2026-07-17 19:35:05,209 INFO o.a.j.t.JMeterThread: Thread is done: 秒杀线程组：1000用户 1-332
2026-07-17 19:35:05,209 INFO o.a.j.t.JMeterThread: Thread finished: 秒杀线程组：1000用户 1-332
2026-07-17 19:35:05,218 INFO o.a.j.t.JMeterThread: Thread is done: 秒杀线程组：1000用户 1-355
2026-07-17 19:35:05,218 INFO o.a.j.t.JMeterThread: Thread finished: 秒杀线程组：1000用户 1-355
2026-07-17 19:35:05,224 INFO o.a.j.t.JMeterThread: Thread is done: 秒杀线程组：1000用户 1-354
2026-07-17 19:35:05,224 INFO o.a.j.t.JMeterThread: Thread finished: 秒杀线程组：1000用户 1-354
2026-07-17 19:35:05,230 INFO o.a.j.t.JMeterThread: Thread is done: 秒杀线程组：1000用户 1-335
2026-07-17 19:35:05,230 INFO o.a.j.t.JMeterThread: Thread finished: 秒杀线程组：1000用户 1-335
2026-07-17 19:35:05,237 INFO o.a.j.t.JMeterThread: Thread is done: 秒杀线程组：1000用户 1-334
2026-07-17 19:35:05,238 INFO o.a.j.t.JMeterThread: Thread finished: 秒杀线程组：1000用户 1-334
2026-07-17 19:35:05,244 INFO o.a.j.t.JMeterThread: Thread is done: 秒杀线程组：1000用户 1-337
2026-07-17 19:35:05,246 INFO o.a.j.t.JMeterThread: Thread finished: 秒杀线程组：1000用户 1-337
2026-07-17 19:35:05,254 INFO o.a.j.t.JMeterThread: Thread is done: 秒杀线程组：1000用户 1-347
2026-07-17 19:35:05,254 INFO o.a.j.t.JMeterThread: Thread finished: 秒杀线程组：1000用户 1-347
2026-07-17 19:35:05,261 INFO o.a.j.t.JMeterThread: Thread is done: 秒杀线程组：1000用户 1-336
2026-07-17 19:35:05,261 INFO o.a.j.t.JMeterThread: Thread finished: 秒杀线程组：1000用户 1-336
2026-07-17 19:35:05,268 INFO o.a.j.t.JMeterThread: Thread is done: 秒杀线程组：1000用户 1-339
2026-07-17 19:35:05,268 INFO o.a.j.t.JMeterThread: Thread finished: 秒杀线程组：1000用户 1-339
2026-07-17 19:35:05,278 INFO o.a.j.t.JMeterThread: Thread is done: 秒杀线程组：1000用户 1-340
2026-07-17 19:35:05,278 INFO o.a.j.t.JMeterThread: Thread finished: 秒杀线程组：1000用户 1-340
2026-07-17 19:35:05,286 INFO o.a.j.t.JMeterThread: Thread is done: 秒杀线程组：1000用户 1-341
2026-07-17 19:35:05,286 INFO o.a.j.t.JMeterThread: Thread finished: 秒杀线程组：1000用户 1-341
2026-07-17 19:35:05,293 INFO o.a.j.t.JMeterThread: Thread is done: 秒杀线程组：1000用户 1-343
2026-07-17 19:35:05,293 INFO o.a.j.t.JMeterThread: Thread finished: 秒杀线程组：1000用户 1-343
2026-07-17 19:35:05,301 INFO o.a.j.t.JMeterThread: Thread is done: 秒杀线程组：1000用户 1-342
2026-07-17 19:35:05,301 INFO o.a.j.t.JMeterThread: Thread finished: 秒杀线程组：1000用户 1-342
2026-07-17 19:35:05,308 INFO o.a.j.t.JMeterThread: Thread is done: 秒杀线程组：1000用户 1-346
2026-07-17 19:35:05,308 INFO o.a.j.t.JMeterThread: Thread finished: 秒杀线程组：1000用户 1-346
2026-07-17 19:35:05,318 INFO o.a.j.t.JMeterThread: Thread is done: 秒杀线程组：1000用户 1-344
2026-07-17 19:35:05,318 INFO o.a.j.t.JMeterThread: Thread finished: 秒杀线程组：1000用户 1-344
2026-07-17 19:35:05,324 INFO o.a.j.t.JMeterThread: Thread is done: 秒杀线程组：1000用户 1-351
2026-07-17 19:35:05,324 INFO o.a.j.t.JMeterThread: Thread finished: 秒杀线程组：1000用户 1-351
2026-07-17 19:35:05,330 INFO o.a.j.t.JMeterThread: Thread is done: 秒杀线程组：1000用户 1-361
2026-07-17 19:35:05,330 INFO o.a.j.t.JMeterThread: Thread finished: 秒杀线程组：1000用户 1-361
2026-07-17 19:35:05,339 INFO o.a.j.t.JMeterThread: Thread is done: 秒杀线程组：1000用户 1-363
2026-07-17 19:35:05,339 INFO o.a.j.t.JMeterThread: Thread finished: 秒杀线程组：1000用户 1-363
2026-07-17 19:35:05,347 INFO o.a.j.t.JMeterThread: Thread is done: 秒杀线程组：1000用户 1-365
2026-07-17 19:35:05,347 INFO o.a.j.t.JMeterThread: Thread finished: 秒杀线程组：1000用户 1-365
2026-07-17 19:35:05,352 INFO o.a.j.t.JMeterThread: Thread is done: 秒杀线程组：1000用户 1-349
2026-07-17 19:35:05,352 INFO o.a.j.t.JMeterThread: Thread finished: 秒杀线程组：1000用户 1-349
2026-07-17 19:35:05,360 INFO o.a.j.t.JMeterThread: Thread is done: 秒杀线程组：1000用户 1-353
2026-07-17 19:35:05,360 INFO o.a.j.t.JMeterThread: Thread finished: 秒杀线程组：1000用户 1-353
2026-07-17 19:35:05,366 INFO o.a.j.t.JMeterThread: Thread is done: 秒杀线程组：1000用户 1-350
2026-07-17 19:35:05,366 INFO o.a.j.t.JMeterThread: Thread finished: 秒杀线程组：1000用户 1-350
2026-07-17 19:35:05,373 INFO o.a.j.t.JMeterThread: Thread is done: 秒杀线程组：1000用户 1-421
2026-07-17 19:35:05,373 INFO o.a.j.t.JMeterThread: Thread finished: 秒杀线程组：1000用户 1-421
2026-07-17 19:35:05,373 INFO o.a.j.t.JMeterThread: Thread is done: 秒杀线程组：1000用户 1-432
2026-07-17 19:35:05,373 INFO o.a.j.t.JMeterThread: Thread is done: 秒杀线程组：1000用户 1-358
2026-07-17 19:35:05,373 INFO o.a.j.t.JMeterThread: Thread finished: 秒杀线程组：1000用户 1-358
2026-07-17 19:35:05,373 INFO o.a.j.t.JMeterThread: Thread finished: 秒杀线程组：1000用户 1-432
2026-07-17 19:35:05,374 INFO o.a.j.t.JMeterThread: Thread is done: 秒杀线程组：1000用户 1-366
2026-07-17 19:35:05,374 INFO o.a.j.t.JMeterThread: Thread is done: 秒杀线程组：1000用户 1-357
2026-07-17 19:35:05,374 INFO o.a.j.t.JMeterThread: Thread finished: 秒杀线程组：1000用户 1-366
2026-07-17 19:35:05,374 INFO o.a.j.t.JMeterThread: Thread finished: 秒杀线程组：1000用户 1-357
2026-07-17 19:35:05,376 INFO o.a.j.t.JMeterThread: Thread is done: 秒杀线程组：1000用户 1-434
2026-07-17 19:35:05,376 INFO o.a.j.t.JMeterThread: Thread finished: 秒杀线程组：1000用户 1-434
2026-07-17 19:35:05,376 INFO o.a.j.t.JMeterThread: Thread is done: 秒杀线程组：1000用户 1-423
2026-07-17 19:35:05,376 INFO o.a.j.t.JMeterThread: Thread finished: 秒杀线程组：1000用户 1-423
2026-07-17 19:35:05,377 INFO o.a.j.t.JMeterThread: Thread is done: 秒杀线程组：1000用户 1-433
2026-07-17 19:35:05,377 INFO o.a.j.t.JMeterThread: Thread finished: 秒杀线程组：1000用户 1-433
2026-07-17 19:35:05,377 INFO o.a.j.t.JMeterThread: Thread is done: 秒杀线程组：1000用户 1-425
2026-07-17 19:35:05,377 INFO o.a.j.t.JMeterThread: Thread finished: 秒杀线程组：1000用户 1-425
2026-07-17 19:35:05,377 INFO o.a.j.t.JMeterThread: Thread is done: 秒杀线程组：1000用户 1-435
2026-07-17 19:35:05,378 INFO o.a.j.t.JMeterThread: Thread is done: 秒杀线程组：1000用户 1-426
2026-07-17 19:35:05,377 INFO o.a.j.t.JMeterThread: Thread is done: 秒杀线程组：1000用户 1-428
2026-07-17 19:35:05,378 INFO o.a.j.t.JMeterThread: Thread finished: 秒杀线程组：1000用户 1-435
2026-07-17 19:35:05,378 INFO o.a.j.t.JMeterThread: Thread finished: 秒杀线程组：1000用户 1-426
2026-07-17 19:35:05,377 INFO o.a.j.t.JMeterThread: Thread is done: 秒杀线程组：1000用户 1-439
2026-07-17 19:35:05,378 INFO o.a.j.t.JMeterThread: Thread finished: 秒杀线程组：1000用户 1-428
2026-07-17 19:35:05,378 INFO o.a.j.t.JMeterThread: Thread finished: 秒杀线程组：1000用户 1-439
2026-07-17 19:35:05,378 INFO o.a.j.t.JMeterThread: Thread is done: 秒杀线程组：1000用户 1-442
2026-07-17 19:35:05,378 INFO o.a.j.t.JMeterThread: Thread finished: 秒杀线程组：1000用户 1-442
2026-07-17 19:35:05,378 INFO o.a.j.t.JMeterThread: Thread is done: 秒杀线程组：1000用户 1-441
2026-07-17 19:35:05,378 INFO o.a.j.t.JMeterThread: Thread finished: 秒杀线程组：1000用户 1-441
2026-07-17 19:35:05,378 INFO o.a.j.t.JMeterThread: Thread is done: 秒杀线程组：1000用户 1-430
2026-07-17 19:35:05,378 INFO o.a.j.t.JMeterThread: Thread finished: 秒杀线程组：1000用户 1-430
2026-07-17 19:35:05,378 INFO o.a.j.t.JMeterThread: Thread is done: 秒杀线程组：1000用户 1-438
2026-07-17 19:35:05,379 INFO o.a.j.t.JMeterThread: Thread finished: 秒杀线程组：1000用户 1-438
2026-07-17 19:35:05,379 INFO o.a.j.t.JMeterThread: Thread is done: 秒杀线程组：1000用户 1-436
2026-07-17 19:35:05,379 INFO o.a.j.t.JMeterThread: Thread is done: 秒杀线程组：1000用户 1-449
2026-07-17 19:35:05,379 INFO o.a.j.t.JMeterThread: Thread is done: 秒杀线程组：1000用户 1-431
2026-07-17 19:35:05,379 INFO o.a.j.t.JMeterThread: Thread finished: 秒杀线程组：1000用户 1-436
2026-07-17 19:35:05,379 INFO o.a.j.t.JMeterThread: Thread finished: 秒杀线程组：1000用户 1-449
2026-07-17 19:35:05,379 INFO o.a.j.t.JMeterThread: Thread is done: 秒杀线程组：1000用户 1-444
2026-07-17 19:35:05,379 INFO o.a.j.t.JMeterThread: Thread finished: 秒杀线程组：1000用户 1-431
2026-07-17 19:35:05,379 INFO o.a.j.t.JMeterThread: Thread is done: 秒杀线程组：1000用户 1-446
2026-07-17 19:35:05,379 INFO o.a.j.t.JMeterThread: Thread is done: 秒杀线程组：1000用户 1-437
2026-07-17 19:35:05,380 INFO o.a.j.t.JMeterThread: Thread finished: 秒杀线程组：1000用户 1-437
2026-07-17 19:35:05,379 INFO o.a.j.t.JMeterThread: Thread finished: 秒杀线程组：1000用户 1-444
2026-07-17 19:35:05,380 INFO o.a.j.t.JMeterThread: Thread finished: 秒杀线程组：1000用户 1-446
2026-07-17 19:35:05,379 INFO o.a.j.t.JMeterThread: Thread is done: 秒杀线程组：1000用户 1-440
2026-07-17 19:35:05,380 INFO o.a.j.t.JMeterThread: Thread is done: 秒杀线程组：1000用户 1-448
2026-07-17 19:35:05,380 INFO o.a.j.t.JMeterThread: Thread finished: 秒杀线程组：1000用户 1-448
2026-07-17 19:35:05,380 INFO o.a.j.t.JMeterThread: Thread finished: 秒杀线程组：1000用户 1-440
2026-07-17 19:35:05,380 INFO o.a.j.t.JMeterThread: Thread is done: 秒杀线程组：1000用户 1-450
2026-07-17 19:35:05,380 INFO o.a.j.t.JMeterThread: Thread finished: 秒杀线程组：1000用户 1-450
2026-07-17 19:35:05,381 INFO o.a.j.t.JMeterThread: Thread is done: 秒杀线程组：1000用户 1-452
2026-07-17 19:35:05,381 INFO o.a.j.t.JMeterThread: Thread finished: 秒杀线程组：1000用户 1-452
2026-07-17 19:35:05,381 INFO o.a.j.t.JMeterThread: Thread is done: 秒杀线程组：1000用户 1-443
2026-07-17 19:35:05,381 INFO o.a.j.t.JMeterThread: Thread is done: 秒杀线程组：1000用户 1-456
2026-07-17 19:35:05,381 INFO o.a.j.t.JMeterThread: Thread is done: 秒杀线程组：1000用户 1-447
2026-07-17 19:35:05,381 INFO o.a.j.t.JMeterThread: Thread finished: 秒杀线程组：1000用户 1-443
2026-07-17 19:35:05,381 INFO o.a.j.t.JMeterThread: Thread is done: 秒杀线程组：1000用户 1-453
2026-07-17 19:35:05,381 INFO o.a.j.t.JMeterThread: Thread finished: 秒杀线程组：1000用户 1-453
2026-07-17 19:35:05,381 INFO o.a.j.t.JMeterThread: Thread is done: 秒杀线程组：1000用户 1-445
2026-07-17 19:35:05,381 INFO o.a.j.t.JMeterThread: Thread finished: 秒杀线程组：1000用户 1-445
2026-07-17 19:35:05,381 INFO o.a.j.t.JMeterThread: Thread finished: 秒杀线程组：1000用户 1-447
2026-07-17 19:35:05,381 INFO o.a.j.t.JMeterThread: Thread finished: 秒杀线程组：1000用户 1-456
2026-07-17 19:35:05,382 INFO o.a.j.t.JMeterThread: Thread is done: 秒杀线程组：1000用户 1-454
2026-07-17 19:35:05,382 INFO o.a.j.t.JMeterThread: Thread is done: 秒杀线程组：1000用户 1-451
2026-07-17 19:35:05,382 INFO o.a.j.t.JMeterThread: Thread is done: 秒杀线程组：1000用户 1-460
2026-07-17 19:35:05,382 INFO o.a.j.t.JMeterThread: Thread is done: 秒杀线程组：1000用户 1-468
2026-07-17 19:35:05,382 INFO o.a.j.t.JMeterThread: Thread finished: 秒杀线程组：1000用户 1-460
2026-07-17 19:35:05,382 INFO o.a.j.t.JMeterThread: Thread is done: 秒杀线程组：1000用户 1-458
2026-07-17 19:35:05,383 INFO o.a.j.t.JMeterThread: Thread finished: 秒杀线程组：1000用户 1-458
2026-07-17 19:35:05,382 INFO o.a.j.t.JMeterThread: Thread is done: 秒杀线程组：1000用户 1-457
2026-07-17 19:35:05,383 INFO o.a.j.t.JMeterThread: Thread finished: 秒杀线程组：1000用户 1-468
2026-07-17 19:35:05,382 INFO o.a.j.t.JMeterThread: Thread is done: 秒杀线程组：1000用户 1-359
2026-07-17 19:35:05,382 INFO o.a.j.t.JMeterThread: Thread finished: 秒杀线程组：1000用户 1-454
2026-07-17 19:35:05,383 INFO o.a.j.t.JMeterThread: Thread is done: 秒杀线程组：1000用户 1-364
2026-07-17 19:35:05,383 INFO o.a.j.t.JMeterThread: Thread is done: 秒杀线程组：1000用户 1-455
2026-07-17 19:35:05,383 INFO o.a.j.t.JMeterThread: Thread finished: 秒杀线程组：1000用户 1-451
2026-07-17 19:35:05,383 INFO o.a.j.t.JMeterThread: Thread finished: 秒杀线程组：1000用户 1-364
2026-07-17 19:35:05,383 INFO o.a.j.t.JMeterThread: Thread finished: 秒杀线程组：1000用户 1-359
2026-07-17 19:35:05,383 INFO o.a.j.t.JMeterThread: Thread finished: 秒杀线程组：1000用户 1-457
2026-07-17 19:35:05,383 INFO o.a.j.t.JMeterThread: Thread finished: 秒杀线程组：1000用户 1-455
2026-07-17 19:35:05,383 INFO o.a.j.t.JMeterThread: Thread is done: 秒杀线程组：1000用户 1-463
2026-07-17 19:35:05,383 INFO o.a.j.t.JMeterThread: Thread finished: 秒杀线程组：1000用户 1-463
2026-07-17 19:35:05,384 INFO o.a.j.t.JMeterThread: Thread is done: 秒杀线程组：1000用户 1-459
2026-07-17 19:35:05,384 INFO o.a.j.t.JMeterThread: Thread finished: 秒杀线程组：1000用户 1-459
2026-07-17 19:35:05,384 INFO o.a.j.t.JMeterThread: Thread is done: 秒杀线程组：1000用户 1-469
2026-07-17 19:35:05,384 INFO o.a.j.t.JMeterThread: Thread finished: 秒杀线程组：1000用户 1-469
2026-07-17 19:35:05,384 INFO o.a.j.t.JMeterThread: Thread is done: 秒杀线程组：1000用户 1-462
2026-07-17 19:35:05,384 INFO o.a.j.t.JMeterThread: Thread finished: 秒杀线程组：1000用户 1-462
2026-07-17 19:35:05,384 INFO o.a.j.t.JMeterThread: Thread is done: 秒杀线程组：1000用户 1-461
2026-07-17 19:35:05,384 INFO o.a.j.t.JMeterThread: Thread finished: 秒杀线程组：1000用户 1-461
2026-07-17 19:35:05,384 INFO o.a.j.t.JMeterThread: Thread is done: 秒杀线程组：1000用户 1-467
2026-07-17 19:35:05,384 INFO o.a.j.t.JMeterThread: Thread is done: 秒杀线程组：1000用户 1-367
2026-07-17 19:35:05,384 INFO o.a.j.t.JMeterThread: Thread finished: 秒杀线程组：1000用户 1-367
2026-07-17 19:35:05,384 INFO o.a.j.t.JMeterThread: Thread finished: 秒杀线程组：1000用户 1-467
2026-07-17 19:35:05,384 INFO o.a.j.t.JMeterThread: Thread is done: 秒杀线程组：1000用户 1-470
2026-07-17 19:35:05,384 INFO o.a.j.t.JMeterThread: Thread finished: 秒杀线程组：1000用户 1-470
2026-07-17 19:35:05,384 INFO o.a.j.t.JMeterThread: Thread is done: 秒杀线程组：1000用户 1-471
2026-07-17 19:35:05,384 INFO o.a.j.t.JMeterThread: Thread finished: 秒杀线程组：1000用户 1-471
2026-07-17 19:35:05,384 INFO o.a.j.t.JMeterThread: Thread is done: 秒杀线程组：1000用户 1-139
2026-07-17 19:35:05,384 INFO o.a.j.t.JMeterThread: Thread is done: 秒杀线程组：1000用户 1-464
2026-07-17 19:35:05,385 INFO o.a.j.t.JMeterThread: Thread finished: 秒杀线程组：1000用户 1-139
2026-07-17 19:35:05,385 INFO o.a.j.t.JMeterThread: Thread finished: 秒杀线程组：1000用户 1-464
2026-07-17 19:35:05,385 INFO o.a.j.t.JMeterThread: Thread is done: 秒杀线程组：1000用户 1-370
2026-07-17 19:35:05,385 INFO o.a.j.t.JMeterThread: Thread finished: 秒杀线程组：1000用户 1-370
2026-07-17 19:35:05,385 INFO o.a.j.t.JMeterThread: Thread is done: 秒杀线程组：1000用户 1-221
2026-07-17 19:35:05,385 INFO o.a.j.t.JMeterThread: Thread finished: 秒杀线程组：1000用户 1-221
2026-07-17 19:35:05,385 INFO o.a.j.t.JMeterThread: Thread is done: 秒杀线程组：1000用户 1-150
2026-07-17 19:35:05,385 INFO o.a.j.t.JMeterThread: Thread finished: 秒杀线程组：1000用户 1-150
2026-07-17 19:35:05,385 INFO o.a.j.t.JMeterThread: Thread is done: 秒杀线程组：1000用户 1-472
2026-07-17 19:35:05,385 INFO o.a.j.t.JMeterThread: Thread finished: 秒杀线程组：1000用户 1-472
2026-07-17 19:35:05,386 INFO o.a.j.t.JMeterThread: Thread is done: 秒杀线程组：1000用户 1-465
2026-07-17 19:35:05,386 INFO o.a.j.t.JMeterThread: Thread finished: 秒杀线程组：1000用户 1-465
2026-07-17 19:35:05,386 INFO o.a.j.t.JMeterThread: Thread is done: 秒杀线程组：1000用户 1-369
2026-07-17 19:35:05,386 INFO o.a.j.t.JMeterThread: Thread finished: 秒杀线程组：1000用户 1-369
2026-07-17 19:35:05,386 INFO o.a.j.t.JMeterThread: Thread is done: 秒杀线程组：1000用户 1-360
2026-07-17 19:35:05,386 INFO o.a.j.t.JMeterThread: Thread is done: 秒杀线程组：1000用户 1-474
2026-07-17 19:35:05,386 INFO o.a.j.t.JMeterThread: Thread finished: 秒杀线程组：1000用户 1-360
2026-07-17 19:35:05,386 INFO o.a.j.t.JMeterThread: Thread is done: 秒杀线程组：1000用户 1-476
2026-07-17 19:35:05,386 INFO o.a.j.t.JMeterThread: Thread finished: 秒杀线程组：1000用户 1-476
2026-07-17 19:35:05,386 INFO o.a.j.t.JMeterThread: Thread finished: 秒杀线程组：1000用户 1-474
2026-07-17 19:35:05,386 INFO o.a.j.t.JMeterThread: Thread is done: 秒杀线程组：1000用户 1-480
2026-07-17 19:35:05,386 INFO o.a.j.t.JMeterThread: Thread finished: 秒杀线程组：1000用户 1-480
2026-07-17 19:35:05,387 INFO o.a.j.t.JMeterThread: Thread is done: 秒杀线程组：1000用户 1-466
2026-07-17 19:35:05,387 INFO o.a.j.t.JMeterThread: Thread finished: 秒杀线程组：1000用户 1-466
2026-07-17 19:35:05,387 INFO o.a.j.t.JMeterThread: Thread is done: 秒杀线程组：1000用户 1-489
2026-07-17 19:35:05,387 INFO o.a.j.t.JMeterThread: Thread finished: 秒杀线程组：1000用户 1-489
2026-07-17 19:35:05,387 INFO o.a.j.t.JMeterThread: Thread is done: 秒杀线程组：1000用户 1-473
2026-07-17 19:35:05,387 INFO o.a.j.t.JMeterThread: Thread finished: 秒杀线程组：1000用户 1-473
2026-07-17 19:35:05,387 INFO o.a.j.t.JMeterThread: Thread is done: 秒杀线程组：1000用户 1-477
2026-07-17 19:35:05,387 INFO o.a.j.t.JMeterThread: Thread finished: 秒杀线程组：1000用户 1-477
2026-07-17 19:35:05,387 INFO o.a.j.t.JMeterThread: Thread is done: 秒杀线程组：1000用户 1-479
2026-07-17 19:35:05,387 INFO o.a.j.t.JMeterThread: Thread finished: 秒杀线程组：1000用户 1-479
2026-07-17 19:35:05,388 INFO o.a.j.t.JMeterThread: Thread is done: 秒杀线程组：1000用户 1-478
2026-07-17 19:35:05,388 INFO o.a.j.t.JMeterThread: Thread finished: 秒杀线程组：1000用户 1-478
2026-07-17 19:35:05,388 INFO o.a.j.t.JMeterThread: Thread is done: 秒杀线程组：1000用户 1-372
2026-07-17 19:35:05,389 INFO o.a.j.t.JMeterThread: Thread finished: 秒杀线程组：1000用户 1-372
2026-07-17 19:35:05,389 INFO o.a.j.t.JMeterThread: Thread is done: 秒杀线程组：1000用户 1-482
2026-07-17 19:35:05,389 INFO o.a.j.t.JMeterThread: Thread finished: 秒杀线程组：1000用户 1-482
2026-07-17 19:35:05,389 INFO o.a.j.t.JMeterThread: Thread is done: 秒杀线程组：1000用户 1-475
2026-07-17 19:35:05,389 INFO o.a.j.t.JMeterThread: Thread is done: 秒杀线程组：1000用户 1-483
2026-07-17 19:35:05,389 INFO o.a.j.t.JMeterThread: Thread finished: 秒杀线程组：1000用户 1-475
2026-07-17 19:35:05,389 INFO o.a.j.t.JMeterThread: Thread finished: 秒杀线程组：1000用户 1-483
2026-07-17 19:35:05,389 INFO o.a.j.t.JMeterThread: Thread is done: 秒杀线程组：1000用户 1-368
2026-07-17 19:35:05,389 INFO o.a.j.t.JMeterThread: Thread finished: 秒杀线程组：1000用户 1-368
2026-07-17 19:35:05,389 INFO o.a.j.t.JMeterThread: Thread is done: 秒杀线程组：1000用户 1-484
2026-07-17 19:35:05,389 INFO o.a.j.t.JMeterThread: Thread finished: 秒杀线程组：1000用户 1-484
2026-07-17 19:35:05,389 INFO o.a.j.t.JMeterThread: Thread is done: 秒杀线程组：1000用户 1-481
2026-07-17 19:35:05,389 INFO o.a.j.t.JMeterThread: Thread finished: 秒杀线程组：1000用户 1-481
2026-07-17 19:35:05,390 INFO o.a.j.t.JMeterThread: Thread is done: 秒杀线程组：1000用户 1-487
2026-07-17 19:35:05,390 INFO o.a.j.t.JMeterThread: Thread is done: 秒杀线程组：1000用户 1-488
2026-07-17 19:35:05,390 INFO o.a.j.t.JMeterThread: Thread finished: 秒杀线程组：1000用户 1-487
2026-07-17 19:35:05,390 INFO o.a.j.t.JMeterThread: Thread finished: 秒杀线程组：1000用户 1-488
2026-07-17 19:35:05,390 INFO o.a.j.t.JMeterThread: Thread is done: 秒杀线程组：1000用户 1-491
2026-07-17 19:35:05,390 INFO o.a.j.t.JMeterThread: Thread finished: 秒杀线程组：1000用户 1-491
2026-07-17 19:35:05,390 INFO o.a.j.t.JMeterThread: Thread is done: 秒杀线程组：1000用户 1-486
2026-07-17 19:35:05,390 INFO o.a.j.t.JMeterThread: Thread finished: 秒杀线程组：1000用户 1-486
2026-07-17 19:35:05,390 INFO o.a.j.t.JMeterThread: Thread is done: 秒杀线程组：1000用户 1-554
2026-07-17 19:35:05,391 INFO o.a.j.t.JMeterThread: Thread is done: 秒杀线程组：1000用户 1-490
2026-07-17 19:35:05,391 INFO o.a.j.t.JMeterThread: Thread is done: 秒杀线程组：1000用户 1-485
2026-07-17 19:35:05,391 INFO o.a.j.t.JMeterThread: Thread finished: 秒杀线程组：1000用户 1-554
2026-07-17 19:35:05,391 INFO o.a.j.t.JMeterThread: Thread finished: 秒杀线程组：1000用户 1-490
2026-07-17 19:35:05,391 INFO o.a.j.t.JMeterThread: Thread is done: 秒杀线程组：1000用户 1-493
2026-07-17 19:35:05,391 INFO o.a.j.t.JMeterThread: Thread finished: 秒杀线程组：1000用户 1-485
2026-07-17 19:35:05,391 INFO o.a.j.t.JMeterThread: Thread finished: 秒杀线程组：1000用户 1-493
2026-07-17 19:35:05,391 INFO o.a.j.t.JMeterThread: Thread is done: 秒杀线程组：1000用户 1-497
2026-07-17 19:35:05,391 INFO o.a.j.t.JMeterThread: Thread finished: 秒杀线程组：1000用户 1-497
2026-07-17 19:35:05,391 INFO o.a.j.t.JMeterThread: Thread is done: 秒杀线程组：1000用户 1-495
2026-07-17 19:35:05,391 INFO o.a.j.t.JMeterThread: Thread is done: 秒杀线程组：1000用户 1-382
2026-07-17 19:35:05,391 INFO o.a.j.t.JMeterThread: Thread finished: 秒杀线程组：1000用户 1-382
2026-07-17 19:35:05,391 INFO o.a.j.t.JMeterThread: Thread is done: 秒杀线程组：1000用户 1-496
2026-07-17 19:35:05,393 INFO o.a.j.t.JMeterThread: Thread finished: 秒杀线程组：1000用户 1-496
2026-07-17 19:35:05,393 INFO o.a.j.t.JMeterThread: Thread is done: 秒杀线程组：1000用户 1-498
2026-07-17 19:35:05,393 INFO o.a.j.t.JMeterThread: Thread finished: 秒杀线程组：1000用户 1-498
2026-07-17 19:35:05,391 INFO o.a.j.t.JMeterThread: Thread finished: 秒杀线程组：1000用户 1-495
2026-07-17 19:35:05,393 INFO o.a.j.t.JMeterThread: Thread is done: 秒杀线程组：1000用户 1-494
2026-07-17 19:35:05,393 INFO o.a.j.t.JMeterThread: Thread finished: 秒杀线程组：1000用户 1-494
2026-07-17 19:35:05,393 INFO o.a.j.t.JMeterThread: Thread is done: 秒杀线程组：1000用户 1-502
2026-07-17 19:35:05,393 INFO o.a.j.t.JMeterThread: Thread finished: 秒杀线程组：1000用户 1-502
2026-07-17 19:35:05,393 INFO o.a.j.t.JMeterThread: Thread is done: 秒杀线程组：1000用户 1-500
2026-07-17 19:35:05,393 INFO o.a.j.t.JMeterThread: Thread finished: 秒杀线程组：1000用户 1-500
2026-07-17 19:35:05,393 INFO o.a.j.t.JMeterThread: Thread is done: 秒杀线程组：1000用户 1-503
2026-07-17 19:35:05,393 INFO o.a.j.t.JMeterThread: Thread finished: 秒杀线程组：1000用户 1-503
2026-07-17 19:35:05,395 INFO o.a.j.t.JMeterThread: Thread is done: 秒杀线程组：1000用户 1-506
2026-07-17 19:35:05,395 INFO o.a.j.t.JMeterThread: Thread is done: 秒杀线程组：1000用户 1-504
2026-07-17 19:35:05,395 INFO o.a.j.t.JMeterThread: Thread finished: 秒杀线程组：1000用户 1-506
2026-07-17 19:35:05,395 INFO o.a.j.t.JMeterThread: Thread is done: 秒杀线程组：1000用户 1-505
2026-07-17 19:35:05,395 INFO o.a.j.t.JMeterThread: Thread finished: 秒杀线程组：1000用户 1-504
2026-07-17 19:35:05,395 INFO o.a.j.t.JMeterThread: Thread finished: 秒杀线程组：1000用户 1-505
2026-07-17 19:35:05,396 INFO o.a.j.t.JMeterThread: Thread is done: 秒杀线程组：1000用户 1-499
2026-07-17 19:35:05,396 INFO o.a.j.t.JMeterThread: Thread finished: 秒杀线程组：1000用户 1-499
2026-07-17 19:35:05,396 INFO o.a.j.t.JMeterThread: Thread is done: 秒杀线程组：1000用户 1-393
2026-07-17 19:35:05,396 INFO o.a.j.t.JMeterThread: Thread finished: 秒杀线程组：1000用户 1-393
2026-07-17 19:35:05,396 INFO o.a.j.t.JMeterThread: Thread is done: 秒杀线程组：1000用户 1-378
2026-07-17 19:35:05,397 INFO o.a.j.t.JMeterThread: Thread finished: 秒杀线程组：1000用户 1-378
2026-07-17 19:35:05,397 INFO o.a.j.t.JMeterThread: Thread is done: 秒杀线程组：1000用户 1-379
2026-07-17 19:35:05,397 INFO o.a.j.t.JMeterThread: Thread finished: 秒杀线程组：1000用户 1-379
2026-07-17 19:35:05,397 INFO o.a.j.t.JMeterThread: Thread is done: 秒杀线程组：1000用户 1-501
2026-07-17 19:35:05,397 INFO o.a.j.t.JMeterThread: Thread finished: 秒杀线程组：1000用户 1-501
2026-07-17 19:35:05,398 INFO o.a.j.t.JMeterThread: Thread is done: 秒杀线程组：1000用户 1-508
2026-07-17 19:35:05,398 INFO o.a.j.t.JMeterThread: Thread finished: 秒杀线程组：1000用户 1-508
2026-07-17 19:35:05,399 INFO o.a.j.t.JMeterThread: Thread is done: 秒杀线程组：1000用户 1-287
2026-07-17 19:35:05,399 INFO o.a.j.t.JMeterThread: Thread finished: 秒杀线程组：1000用户 1-287
2026-07-17 19:35:05,399 INFO o.a.j.t.JMeterThread: Thread is done: 秒杀线程组：1000用户 1-269
2026-07-17 19:35:05,399 INFO o.a.j.t.JMeterThread: Thread finished: 秒杀线程组：1000用户 1-269
2026-07-17 19:35:05,399 INFO o.a.j.t.JMeterThread: Thread is done: 秒杀线程组：1000用户 1-376
2026-07-17 19:35:05,399 INFO o.a.j.t.JMeterThread: Thread finished: 秒杀线程组：1000用户 1-376
2026-07-17 19:35:05,399 INFO o.a.j.t.JMeterThread: Thread is done: 秒杀线程组：1000用户 1-412
2026-07-17 19:35:05,399 INFO o.a.j.t.JMeterThread: Thread finished: 秒杀线程组：1000用户 1-412
2026-07-17 19:35:05,399 INFO o.a.j.t.JMeterThread: Thread is done: 秒杀线程组：1000用户 1-31
2026-07-17 19:35:05,399 INFO o.a.j.t.JMeterThread: Thread finished: 秒杀线程组：1000用户 1-31
2026-07-17 19:35:05,401 INFO o.a.j.t.JMeterThread: Thread is done: 秒杀线程组：1000用户 1-373
2026-07-17 19:35:05,401 INFO o.a.j.t.JMeterThread: Thread is done: 秒杀线程组：1000用户 1-374
2026-07-17 19:35:05,401 INFO o.a.j.t.JMeterThread: Thread finished: 秒杀线程组：1000用户 1-373
2026-07-17 19:35:05,401 INFO o.a.j.t.JMeterThread: Thread finished: 秒杀线程组：1000用户 1-374
2026-07-17 19:35:05,401 INFO o.a.j.t.JMeterThread: Thread is done: 秒杀线程组：1000用户 1-251
2026-07-17 19:35:05,401 INFO o.a.j.t.JMeterThread: Thread finished: 秒杀线程组：1000用户 1-251
2026-07-17 19:35:05,401 INFO o.a.j.t.JMeterThread: Thread is done: 秒杀线程组：1000用户 1-371
2026-07-17 19:35:05,401 INFO o.a.j.t.JMeterThread: Thread is done: 秒杀线程组：1000用户 1-213
2026-07-17 19:35:05,401 INFO o.a.j.t.JMeterThread: Thread is done: 秒杀线程组：1000用户 1-69
2026-07-17 19:35:05,401 INFO o.a.j.t.JMeterThread: Thread is done: 秒杀线程组：1000用户 1-510
2026-07-17 19:35:05,401 INFO o.a.j.t.JMeterThread: Thread finished: 秒杀线程组：1000用户 1-213
2026-07-17 19:35:05,401 INFO o.a.j.t.JMeterThread: Thread finished: 秒杀线程组：1000用户 1-371
2026-07-17 19:35:05,402 INFO o.a.j.t.JMeterThread: Thread finished: 秒杀线程组：1000用户 1-510
2026-07-17 19:35:05,401 INFO o.a.j.t.JMeterThread: Thread is done: 秒杀线程组：1000用户 1-507
2026-07-17 19:35:05,402 INFO o.a.j.t.JMeterThread: Thread finished: 秒杀线程组：1000用户 1-507
2026-07-17 19:35:05,402 INFO o.a.j.t.JMeterThread: Thread finished: 秒杀线程组：1000用户 1-69
2026-07-17 19:35:05,403 INFO o.a.j.t.JMeterThread: Thread is done: 秒杀线程组：1000用户 1-509
2026-07-17 19:35:05,403 INFO o.a.j.t.JMeterThread: Thread finished: 秒杀线程组：1000用户 1-509
2026-07-17 19:35:05,403 INFO o.a.j.t.JMeterThread: Thread is done: 秒杀线程组：1000用户 1-375
2026-07-17 19:35:05,403 INFO o.a.j.t.JMeterThread: Thread is done: 秒杀线程组：1000用户 1-511
2026-07-17 19:35:05,403 INFO o.a.j.t.JMeterThread: Thread finished: 秒杀线程组：1000用户 1-511
2026-07-17 19:35:05,403 INFO o.a.j.t.JMeterThread: Thread finished: 秒杀线程组：1000用户 1-375
2026-07-17 19:35:05,403 INFO o.a.j.t.JMeterThread: Thread is done: 秒杀线程组：1000用户 1-513
2026-07-17 19:35:05,403 INFO o.a.j.t.JMeterThread: Thread finished: 秒杀线程组：1000用户 1-513
2026-07-17 19:35:05,403 INFO o.a.j.t.JMeterThread: Thread is done: 秒杀线程组：1000用户 1-512
2026-07-17 19:35:05,403 INFO o.a.j.t.JMeterThread: Thread finished: 秒杀线程组：1000用户 1-512
2026-07-17 19:35:05,403 INFO o.a.j.t.JMeterThread: Thread is done: 秒杀线程组：1000用户 1-515
2026-07-17 19:35:05,403 INFO o.a.j.t.JMeterThread: Thread finished: 秒杀线程组：1000用户 1-515
2026-07-17 19:35:05,403 INFO o.a.j.t.JMeterThread: Thread is done: 秒杀线程组：1000用户 1-519
2026-07-17 19:35:05,403 INFO o.a.j.t.JMeterThread: Thread finished: 秒杀线程组：1000用户 1-519
2026-07-17 19:35:05,403 INFO o.a.j.t.JMeterThread: Thread is done: 秒杀线程组：1000用户 1-516
2026-07-17 19:35:05,403 INFO o.a.j.t.JMeterThread: Thread finished: 秒杀线程组：1000用户 1-516
2026-07-17 19:35:05,403 INFO o.a.j.t.JMeterThread: Thread is done: 秒杀线程组：1000用户 1-514
2026-07-17 19:35:05,403 INFO o.a.j.t.JMeterThread: Thread finished: 秒杀线程组：1000用户 1-514
2026-07-17 19:35:05,403 INFO o.a.j.t.JMeterThread: Thread is done: 秒杀线程组：1000用户 1-517
2026-07-17 19:35:05,403 INFO o.a.j.t.JMeterThread: Thread finished: 秒杀线程组：1000用户 1-517
2026-07-17 19:35:05,403 INFO o.a.j.t.JMeterThread: Thread is done: 秒杀线程组：1000用户 1-520
2026-07-17 19:35:05,405 INFO o.a.j.t.JMeterThread: Thread finished: 秒杀线程组：1000用户 1-520
2026-07-17 19:35:05,405 INFO o.a.j.t.JMeterThread: Thread is done: 秒杀线程组：1000用户 1-518
2026-07-17 19:35:05,405 INFO o.a.j.t.JMeterThread: Thread is done: 秒杀线程组：1000用户 1-521
2026-07-17 19:35:05,405 INFO o.a.j.t.JMeterThread: Thread finished: 秒杀线程组：1000用户 1-518
2026-07-17 19:35:05,405 INFO o.a.j.t.JMeterThread: Thread finished: 秒杀线程组：1000用户 1-521
2026-07-17 19:35:05,405 INFO o.a.j.t.JMeterThread: Thread is done: 秒杀线程组：1000用户 1-522
2026-07-17 19:35:05,405 INFO o.a.j.t.JMeterThread: Thread finished: 秒杀线程组：1000用户 1-522
2026-07-17 19:35:05,406 INFO o.a.j.t.JMeterThread: Thread is done: 秒杀线程组：1000用户 1-523
2026-07-17 19:35:05,406 INFO o.a.j.t.JMeterThread: Thread finished: 秒杀线程组：1000用户 1-523
2026-07-17 19:35:05,406 INFO o.a.j.t.JMeterThread: Thread is done: 秒杀线程组：1000用户 1-529
2026-07-17 19:35:05,406 INFO o.a.j.t.JMeterThread: Thread finished: 秒杀线程组：1000用户 1-529
2026-07-17 19:35:05,406 INFO o.a.j.t.JMeterThread: Thread is done: 秒杀线程组：1000用户 1-528
2026-07-17 19:35:05,406 INFO o.a.j.t.JMeterThread: Thread finished: 秒杀线程组：1000用户 1-528
2026-07-17 19:35:05,406 INFO o.a.j.t.JMeterThread: Thread is done: 秒杀线程组：1000用户 1-527
2026-07-17 19:35:05,406 INFO o.a.j.t.JMeterThread: Thread is done: 秒杀线程组：1000用户 1-525
2026-07-17 19:35:05,406 INFO o.a.j.t.JMeterThread: Thread finished: 秒杀线程组：1000用户 1-527
2026-07-17 19:35:05,406 INFO o.a.j.t.JMeterThread: Thread finished: 秒杀线程组：1000用户 1-525
2026-07-17 19:35:05,406 INFO o.a.j.t.JMeterThread: Thread is done: 秒杀线程组：1000用户 1-524
2026-07-17 19:35:05,406 INFO o.a.j.t.JMeterThread: Thread finished: 秒杀线程组：1000用户 1-524
2026-07-17 19:35:05,406 INFO o.a.j.t.JMeterThread: Thread is done: 秒杀线程组：1000用户 1-531
2026-07-17 19:35:05,406 INFO o.a.j.t.JMeterThread: Thread finished: 秒杀线程组：1000用户 1-531
2026-07-17 19:35:05,406 INFO o.a.j.t.JMeterThread: Thread is done: 秒杀线程组：1000用户 1-533
2026-07-17 19:35:05,406 INFO o.a.j.t.JMeterThread: Thread finished: 秒杀线程组：1000用户 1-533
2026-07-17 19:35:05,406 INFO o.a.j.t.JMeterThread: Thread is done: 秒杀线程组：1000用户 1-532
2026-07-17 19:35:05,406 INFO o.a.j.t.JMeterThread: Thread is done: 秒杀线程组：1000用户 1-530
2026-07-17 19:35:05,406 INFO o.a.j.t.JMeterThread: Thread finished: 秒杀线程组：1000用户 1-532
2026-07-17 19:35:05,406 INFO o.a.j.t.JMeterThread: Thread is done: 秒杀线程组：1000用户 1-526
2026-07-17 19:35:05,406 INFO o.a.j.t.JMeterThread: Thread finished: 秒杀线程组：1000用户 1-530
2026-07-17 19:35:05,406 INFO o.a.j.t.JMeterThread: Thread finished: 秒杀线程组：1000用户 1-526
2026-07-17 19:35:05,407 INFO o.a.j.t.JMeterThread: Thread is done: 秒杀线程组：1000用户 1-535
2026-07-17 19:35:05,407 INFO o.a.j.t.JMeterThread: Thread finished: 秒杀线程组：1000用户 1-535
2026-07-17 19:35:05,407 INFO o.a.j.t.JMeterThread: Thread is done: 秒杀线程组：1000用户 1-538
2026-07-17 19:35:05,407 INFO o.a.j.t.JMeterThread: Thread finished: 秒杀线程组：1000用户 1-538
2026-07-17 19:35:05,408 INFO o.a.j.t.JMeterThread: Thread is done: 秒杀线程组：1000用户 1-542
2026-07-17 19:35:05,408 INFO o.a.j.t.JMeterThread: Thread finished: 秒杀线程组：1000用户 1-542
2026-07-17 19:35:05,408 INFO o.a.j.t.JMeterThread: Thread is done: 秒杀线程组：1000用户 1-539
2026-07-17 19:35:05,408 INFO o.a.j.t.JMeterThread: Thread is done: 秒杀线程组：1000用户 1-561
2026-07-17 19:35:05,408 INFO o.a.j.t.JMeterThread: Thread finished: 秒杀线程组：1000用户 1-539
2026-07-17 19:35:05,408 INFO o.a.j.t.JMeterThread: Thread finished: 秒杀线程组：1000用户 1-561
2026-07-17 19:35:05,408 INFO o.a.j.t.JMeterThread: Thread is done: 秒杀线程组：1000用户 1-534
2026-07-17 19:35:05,408 INFO o.a.j.t.JMeterThread: Thread finished: 秒杀线程组：1000用户 1-534
2026-07-17 19:35:05,408 INFO o.a.j.t.JMeterThread: Thread is done: 秒杀线程组：1000用户 1-584
2026-07-17 19:35:05,408 INFO o.a.j.t.JMeterThread: Thread is done: 秒杀线程组：1000用户 1-540
2026-07-17 19:35:05,408 INFO o.a.j.t.JMeterThread: Thread is done: 秒杀线程组：1000用户 1-537
2026-07-17 19:35:05,408 INFO o.a.j.t.JMeterThread: Thread finished: 秒杀线程组：1000用户 1-584
2026-07-17 19:35:05,408 INFO o.a.j.t.JMeterThread: Thread finished: 秒杀线程组：1000用户 1-540
2026-07-17 19:35:05,408 INFO o.a.j.t.JMeterThread: Thread finished: 秒杀线程组：1000用户 1-537
2026-07-17 19:35:05,408 INFO o.a.j.t.JMeterThread: Thread is done: 秒杀线程组：1000用户 1-576
2026-07-17 19:35:05,408 INFO o.a.j.t.JMeterThread: Thread is done: 秒杀线程组：1000用户 1-536
2026-07-17 19:35:05,409 INFO o.a.j.t.JMeterThread: Thread finished: 秒杀线程组：1000用户 1-576
2026-07-17 19:35:05,409 INFO o.a.j.t.JMeterThread: Thread finished: 秒杀线程组：1000用户 1-536
2026-07-17 19:35:05,409 INFO o.a.j.t.JMeterThread: Thread is done: 秒杀线程组：1000用户 1-559
2026-07-17 19:35:05,409 INFO o.a.j.t.JMeterThread: Thread finished: 秒杀线程组：1000用户 1-559
2026-07-17 19:35:05,409 INFO o.a.j.t.JMeterThread: Thread is done: 秒杀线程组：1000用户 1-590
2026-07-17 19:35:05,409 INFO o.a.j.t.JMeterThread: Thread is done: 秒杀线程组：1000用户 1-581
2026-07-17 19:35:05,409 INFO o.a.j.t.JMeterThread: Thread finished: 秒杀线程组：1000用户 1-581
2026-07-17 19:35:05,409 INFO o.a.j.t.JMeterThread: Thread finished: 秒杀线程组：1000用户 1-590
2026-07-17 19:35:05,409 INFO o.a.j.t.JMeterThread: Thread is done: 秒杀线程组：1000用户 1-550
2026-07-17 19:35:05,409 INFO o.a.j.t.JMeterThread: Thread finished: 秒杀线程组：1000用户 1-550
2026-07-17 19:35:05,410 INFO o.a.j.t.JMeterThread: Thread is done: 秒杀线程组：1000用户 1-558
2026-07-17 19:35:05,410 INFO o.a.j.t.JMeterThread: Thread finished: 秒杀线程组：1000用户 1-558
2026-07-17 19:35:05,410 INFO o.a.j.t.JMeterThread: Thread is done: 秒杀线程组：1000用户 1-588
2026-07-17 19:35:05,410 INFO o.a.j.t.JMeterThread: Thread finished: 秒杀线程组：1000用户 1-588
2026-07-17 19:35:05,410 INFO o.a.j.t.JMeterThread: Thread is done: 秒杀线程组：1000用户 1-552
2026-07-17 19:35:05,410 INFO o.a.j.t.JMeterThread: Thread finished: 秒杀线程组：1000用户 1-552
2026-07-17 19:35:05,410 INFO o.a.j.t.JMeterThread: Thread is done: 秒杀线程组：1000用户 1-560
2026-07-17 19:35:05,410 INFO o.a.j.t.JMeterThread: Thread finished: 秒杀线程组：1000用户 1-560
2026-07-17 19:35:05,410 INFO o.a.j.t.JMeterThread: Thread is done: 秒杀线程组：1000用户 1-553
2026-07-17 19:35:05,410 INFO o.a.j.t.JMeterThread: Thread finished: 秒杀线程组：1000用户 1-553
2026-07-17 19:35:05,412 INFO o.a.j.t.JMeterThread: Thread is done: 秒杀线程组：1000用户 1-404
2026-07-17 19:35:05,412 INFO o.a.j.t.JMeterThread: Thread is done: 秒杀线程组：1000用户 1-408
2026-07-17 19:35:05,412 INFO o.a.j.t.JMeterThread: Thread is done: 秒杀线程组：1000用户 1-403
2026-07-17 19:35:05,412 INFO o.a.j.t.JMeterThread: Thread finished: 秒杀线程组：1000用户 1-403
2026-07-17 19:35:05,412 INFO o.a.j.t.JMeterThread: Thread finished: 秒杀线程组：1000用户 1-408
2026-07-17 19:35:05,412 INFO o.a.j.t.JMeterThread: Thread finished: 秒杀线程组：1000用户 1-404
2026-07-17 19:35:05,412 INFO o.a.j.t.JMeterThread: Thread is done: 秒杀线程组：1000用户 1-415
2026-07-17 19:35:05,412 INFO o.a.j.t.JMeterThread: Thread finished: 秒杀线程组：1000用户 1-415
2026-07-17 19:35:05,412 INFO o.a.j.t.JMeterThread: Thread is done: 秒杀线程组：1000用户 1-413
2026-07-17 19:35:05,412 INFO o.a.j.t.JMeterThread: Thread finished: 秒杀线程组：1000用户 1-413
2026-07-17 19:35:05,412 INFO o.a.j.t.JMeterThread: Thread is done: 秒杀线程组：1000用户 1-551
2026-07-17 19:35:05,412 INFO o.a.j.t.JMeterThread: Thread finished: 秒杀线程组：1000用户 1-551
2026-07-17 19:35:05,413 INFO o.a.j.t.JMeterThread: Thread is done: 秒杀线程组：1000用户 1-407
2026-07-17 19:35:05,413 INFO o.a.j.t.JMeterThread: Thread finished: 秒杀线程组：1000用户 1-407
2026-07-17 19:35:05,413 INFO o.a.j.t.JMeterThread: Thread is done: 秒杀线程组：1000用户 1-402
2026-07-17 19:35:05,413 INFO o.a.j.t.JMeterThread: Thread finished: 秒杀线程组：1000用户 1-402
2026-07-17 19:35:05,413 INFO o.a.j.t.JMeterThread: Thread is done: 秒杀线程组：1000用户 1-399
2026-07-17 19:35:05,413 INFO o.a.j.t.JMeterThread: Thread is done: 秒杀线程组：1000用户 1-406
2026-07-17 19:35:05,413 INFO o.a.j.t.JMeterThread: Thread finished: 秒杀线程组：1000用户 1-399
2026-07-17 19:35:05,413 INFO o.a.j.t.JMeterThread: Thread finished: 秒杀线程组：1000用户 1-406
2026-07-17 19:35:05,413 INFO o.a.j.t.JMeterThread: Thread is done: 秒杀线程组：1000用户 1-397
2026-07-17 19:35:05,413 INFO o.a.j.t.JMeterThread: Thread finished: 秒杀线程组：1000用户 1-397
2026-07-17 19:35:05,413 INFO o.a.j.t.JMeterThread: Thread is done: 秒杀线程组：1000用户 1-400
2026-07-17 19:35:05,413 INFO o.a.j.t.JMeterThread: Thread is done: 秒杀线程组：1000用户 1-556
2026-07-17 19:35:05,413 INFO o.a.j.t.JMeterThread: Thread finished: 秒杀线程组：1000用户 1-556
2026-07-17 19:35:05,413 INFO o.a.j.t.JMeterThread: Thread is done: 秒杀线程组：1000用户 1-395
2026-07-17 19:35:05,413 INFO o.a.j.t.JMeterThread: Thread is done: 秒杀线程组：1000用户 1-562
2026-07-17 19:35:05,413 INFO o.a.j.t.JMeterThread: Thread finished: 秒杀线程组：1000用户 1-562
2026-07-17 19:35:05,413 INFO o.a.j.t.JMeterThread: Thread finished: 秒杀线程组：1000用户 1-400
2026-07-17 19:35:05,413 INFO o.a.j.t.JMeterThread: Thread finished: 秒杀线程组：1000用户 1-395
2026-07-17 19:35:05,413 INFO o.a.j.t.JMeterThread: Thread is done: 秒杀线程组：1000用户 1-492
2026-07-17 19:35:05,413 INFO o.a.j.t.JMeterThread: Thread finished: 秒杀线程组：1000用户 1-492
2026-07-17 19:35:05,414 INFO o.a.j.t.JMeterThread: Thread is done: 秒杀线程组：1000用户 1-548
2026-07-17 19:35:05,414 INFO o.a.j.t.JMeterThread: Thread finished: 秒杀线程组：1000用户 1-548
2026-07-17 19:35:05,414 INFO o.a.j.t.JMeterThread: Thread is done: 秒杀线程组：1000用户 1-571
2026-07-17 19:35:05,414 INFO o.a.j.t.JMeterThread: Thread is done: 秒杀线程组：1000用户 1-572
2026-07-17 19:35:05,414 INFO o.a.j.t.JMeterThread: Thread finished: 秒杀线程组：1000用户 1-571
2026-07-17 19:35:05,414 INFO o.a.j.t.JMeterThread: Thread is done: 秒杀线程组：1000用户 1-569
2026-07-17 19:35:05,414 INFO o.a.j.t.JMeterThread: Thread finished: 秒杀线程组：1000用户 1-572
2026-07-17 19:35:05,414 INFO o.a.j.t.JMeterThread: Thread finished: 秒杀线程组：1000用户 1-569
2026-07-17 19:35:05,414 INFO o.a.j.t.JMeterThread: Thread is done: 秒杀线程组：1000用户 1-564
2026-07-17 19:35:05,414 INFO o.a.j.t.JMeterThread: Thread finished: 秒杀线程组：1000用户 1-564
2026-07-17 19:35:05,414 INFO o.a.j.t.JMeterThread: Thread is done: 秒杀线程组：1000用户 1-565
2026-07-17 19:35:05,415 INFO o.a.j.t.JMeterThread: Thread finished: 秒杀线程组：1000用户 1-565
2026-07-17 19:35:05,416 INFO o.a.j.t.JMeterThread: Thread is done: 秒杀线程组：1000用户 1-580
2026-07-17 19:35:05,416 INFO o.a.j.t.JMeterThread: Thread is done: 秒杀线程组：1000用户 1-563
2026-07-17 19:35:05,416 INFO o.a.j.t.JMeterThread: Thread is done: 秒杀线程组：1000用户 1-566
2026-07-17 19:35:05,416 INFO o.a.j.t.JMeterThread: Thread finished: 秒杀线程组：1000用户 1-566
2026-07-17 19:35:05,416 INFO o.a.j.t.JMeterThread: Thread finished: 秒杀线程组：1000用户 1-580
2026-07-17 19:35:05,416 INFO o.a.j.t.JMeterThread: Thread is done: 秒杀线程组：1000用户 1-573
2026-07-17 19:35:05,416 INFO o.a.j.t.JMeterThread: Thread finished: 秒杀线程组：1000用户 1-563
2026-07-17 19:35:05,416 INFO o.a.j.t.JMeterThread: Thread finished: 秒杀线程组：1000用户 1-573
2026-07-17 19:35:05,417 INFO o.a.j.t.JMeterThread: Thread is done: 秒杀线程组：1000用户 1-574
2026-07-17 19:35:05,417 INFO o.a.j.t.JMeterThread: Thread finished: 秒杀线程组：1000用户 1-574
2026-07-17 19:35:05,417 INFO o.a.j.t.JMeterThread: Thread is done: 秒杀线程组：1000用户 1-575
2026-07-17 19:35:05,417 INFO o.a.j.t.JMeterThread: Thread finished: 秒杀线程组：1000用户 1-575
2026-07-17 19:35:05,417 INFO o.a.j.t.JMeterThread: Thread is done: 秒杀线程组：1000用户 1-577
2026-07-17 19:35:05,417 INFO o.a.j.t.JMeterThread: Thread is done: 秒杀线程组：1000用户 1-544
2026-07-17 19:35:05,417 INFO o.a.j.t.JMeterThread: Thread finished: 秒杀线程组：1000用户 1-577
2026-07-17 19:35:05,417 INFO o.a.j.t.JMeterThread: Thread is done: 秒杀线程组：1000用户 1-555
2026-07-17 19:35:05,417 INFO o.a.j.t.JMeterThread: Thread is done: 秒杀线程组：1000用户 1-587
2026-07-17 19:35:05,417 INFO o.a.j.t.JMeterThread: Thread finished: 秒杀线程组：1000用户 1-555
2026-07-17 19:35:05,417 INFO o.a.j.t.JMeterThread: Thread finished: 秒杀线程组：1000用户 1-544
2026-07-17 19:35:05,417 INFO o.a.j.t.JMeterThread: Thread is done: 秒杀线程组：1000用户 1-579
2026-07-17 19:35:05,417 INFO o.a.j.t.JMeterThread: Thread finished: 秒杀线程组：1000用户 1-579
2026-07-17 19:35:05,417 INFO o.a.j.t.JMeterThread: Thread finished: 秒杀线程组：1000用户 1-587
2026-07-17 19:35:05,417 INFO o.a.j.t.JMeterThread: Thread is done: 秒杀线程组：1000用户 1-578
2026-07-17 19:35:05,417 INFO o.a.j.t.JMeterThread: Thread finished: 秒杀线程组：1000用户 1-578
2026-07-17 19:35:05,419 INFO o.a.j.t.JMeterThread: Thread is done: 秒杀线程组：1000用户 1-570
2026-07-17 19:35:05,419 INFO o.a.j.t.JMeterThread: Thread is done: 秒杀线程组：1000用户 1-545
2026-07-17 19:35:05,419 INFO o.a.j.t.JMeterThread: Thread finished: 秒杀线程组：1000用户 1-545
2026-07-17 19:35:05,419 INFO o.a.j.t.JMeterThread: Thread is done: 秒杀线程组：1000用户 1-582
2026-07-17 19:35:05,419 INFO o.a.j.t.JMeterThread: Thread finished: 秒杀线程组：1000用户 1-582
2026-07-17 19:35:05,419 INFO o.a.j.t.JMeterThread: Thread is done: 秒杀线程组：1000用户 1-589
2026-07-17 19:35:05,419 INFO o.a.j.t.JMeterThread: Thread finished: 秒杀线程组：1000用户 1-589
2026-07-17 19:35:05,419 INFO o.a.j.t.JMeterThread: Thread finished: 秒杀线程组：1000用户 1-570
2026-07-17 19:35:05,419 INFO o.a.j.t.JMeterThread: Thread is done: 秒杀线程组：1000用户 1-401
2026-07-17 19:35:05,419 INFO o.a.j.t.JMeterThread: Thread is done: 秒杀线程组：1000用户 1-585
2026-07-17 19:35:05,419 INFO o.a.j.t.JMeterThread: Thread finished: 秒杀线程组：1000用户 1-401
2026-07-17 19:35:05,419 INFO o.a.j.t.JMeterThread: Thread finished: 秒杀线程组：1000用户 1-585
2026-07-17 19:35:05,419 INFO o.a.j.t.JMeterThread: Thread is done: 秒杀线程组：1000用户 1-567
2026-07-17 19:35:05,419 INFO o.a.j.t.JMeterThread: Thread finished: 秒杀线程组：1000用户 1-567
2026-07-17 19:35:05,420 INFO o.a.j.t.JMeterThread: Thread is done: 秒杀线程组：1000用户 1-557
2026-07-17 19:35:05,420 INFO o.a.j.t.JMeterThread: Thread finished: 秒杀线程组：1000用户 1-557
2026-07-17 19:35:05,420 INFO o.a.j.t.JMeterThread: Thread is done: 秒杀线程组：1000用户 1-568
2026-07-17 19:35:05,420 INFO o.a.j.t.JMeterThread: Thread finished: 秒杀线程组：1000用户 1-568
2026-07-17 19:35:05,420 INFO o.a.j.t.JMeterThread: Thread is done: 秒杀线程组：1000用户 1-592
2026-07-17 19:35:05,420 INFO o.a.j.t.JMeterThread: Thread is done: 秒杀线程组：1000用户 1-543
2026-07-17 19:35:05,420 INFO o.a.j.t.JMeterThread: Thread finished: 秒杀线程组：1000用户 1-543
2026-07-17 19:35:05,420 INFO o.a.j.t.JMeterThread: Thread is done: 秒杀线程组：1000用户 1-547
2026-07-17 19:35:05,420 INFO o.a.j.t.JMeterThread: Thread finished: 秒杀线程组：1000用户 1-592
2026-07-17 19:35:05,421 INFO o.a.j.t.JMeterThread: Thread is done: 秒杀线程组：1000用户 1-546
2026-07-17 19:35:05,421 INFO o.a.j.t.JMeterThread: Thread finished: 秒杀线程组：1000用户 1-546
2026-07-17 19:35:05,420 INFO o.a.j.t.JMeterThread: Thread is done: 秒杀线程组：1000用户 1-541
2026-07-17 19:35:05,421 INFO o.a.j.t.JMeterThread: Thread is done: 秒杀线程组：1000用户 1-591
2026-07-17 19:35:05,420 INFO o.a.j.t.JMeterThread: Thread finished: 秒杀线程组：1000用户 1-547
2026-07-17 19:35:05,421 INFO o.a.j.t.JMeterThread: Thread is done: 秒杀线程组：1000用户 1-586
2026-07-17 19:35:05,421 INFO o.a.j.t.JMeterThread: Thread is done: 秒杀线程组：1000用户 1-549
2026-07-17 19:35:05,421 INFO o.a.j.t.JMeterThread: Thread finished: 秒杀线程组：1000用户 1-541
2026-07-17 19:35:05,421 INFO o.a.j.t.JMeterThread: Thread finished: 秒杀线程组：1000用户 1-549
2026-07-17 19:35:05,421 INFO o.a.j.t.JMeterThread: Thread finished: 秒杀线程组：1000用户 1-586
2026-07-17 19:35:05,421 INFO o.a.j.t.JMeterThread: Thread finished: 秒杀线程组：1000用户 1-591
2026-07-17 19:35:05,421 INFO o.a.j.t.JMeterThread: Thread is done: 秒杀线程组：1000用户 1-398
2026-07-17 19:35:05,421 INFO o.a.j.t.JMeterThread: Thread finished: 秒杀线程组：1000用户 1-398
2026-07-17 19:35:05,421 INFO o.a.j.t.JMeterThread: Thread is done: 秒杀线程组：1000用户 1-396
2026-07-17 19:35:05,421 INFO o.a.j.t.JMeterThread: Thread finished: 秒杀线程组：1000用户 1-396
2026-07-17 19:35:05,421 INFO o.a.j.t.JMeterThread: Thread is done: 秒杀线程组：1000用户 1-377
2026-07-17 19:35:05,422 INFO o.a.j.t.JMeterThread: Thread finished: 秒杀线程组：1000用户 1-377
2026-07-17 19:35:05,422 INFO o.a.j.t.JMeterThread: Thread is done: 秒杀线程组：1000用户 1-392
2026-07-17 19:35:05,422 INFO o.a.j.t.JMeterThread: Thread finished: 秒杀线程组：1000用户 1-392
2026-07-17 19:35:05,422 INFO o.a.j.t.JMeterThread: Thread is done: 秒杀线程组：1000用户 1-394
2026-07-17 19:35:05,422 INFO o.a.j.t.JMeterThread: Thread finished: 秒杀线程组：1000用户 1-394
2026-07-17 19:35:05,422 INFO o.a.j.t.JMeterThread: Thread is done: 秒杀线程组：1000用户 1-391
2026-07-17 19:35:05,422 INFO o.a.j.t.JMeterThread: Thread is done: 秒杀线程组：1000用户 1-388
2026-07-17 19:35:05,422 INFO o.a.j.t.JMeterThread: Thread finished: 秒杀线程组：1000用户 1-391
2026-07-17 19:35:05,422 INFO o.a.j.t.JMeterThread: Thread finished: 秒杀线程组：1000用户 1-388
2026-07-17 19:35:05,422 INFO o.a.j.t.JMeterThread: Thread is done: 秒杀线程组：1000用户 1-387
2026-07-17 19:35:05,422 INFO o.a.j.t.JMeterThread: Thread finished: 秒杀线程组：1000用户 1-387
2026-07-17 19:35:05,422 INFO o.a.j.t.JMeterThread: Thread is done: 秒杀线程组：1000用户 1-386
2026-07-17 19:35:05,422 INFO o.a.j.t.JMeterThread: Thread is done: 秒杀线程组：1000用户 1-390
2026-07-17 19:35:05,422 INFO o.a.j.t.JMeterThread: Thread finished: 秒杀线程组：1000用户 1-386
2026-07-17 19:35:05,422 INFO o.a.j.t.JMeterThread: Thread is done: 秒杀线程组：1000用户 1-385
2026-07-17 19:35:05,423 INFO o.a.j.t.JMeterThread: Thread finished: 秒杀线程组：1000用户 1-385
2026-07-17 19:35:05,422 INFO o.a.j.t.JMeterThread: Thread finished: 秒杀线程组：1000用户 1-390
2026-07-17 19:35:05,423 INFO o.a.j.t.JMeterThread: Thread is done: 秒杀线程组：1000用户 1-380
2026-07-17 19:35:05,423 INFO o.a.j.t.JMeterThread: Thread finished: 秒杀线程组：1000用户 1-380
2026-07-17 19:35:05,423 INFO o.a.j.t.JMeterThread: Thread is done: 秒杀线程组：1000用户 1-383
2026-07-17 19:35:05,423 INFO o.a.j.t.JMeterThread: Thread is done: 秒杀线程组：1000用户 1-384
2026-07-17 19:35:05,423 INFO o.a.j.t.JMeterThread: Thread finished: 秒杀线程组：1000用户 1-383
2026-07-17 19:35:05,423 INFO o.a.j.t.JMeterThread: Thread finished: 秒杀线程组：1000用户 1-384
2026-07-17 19:35:05,425 INFO o.a.j.t.JMeterThread: Thread is done: 秒杀线程组：1000用户 1-409
2026-07-17 19:35:05,425 INFO o.a.j.t.JMeterThread: Thread is done: 秒杀线程组：1000用户 1-362
2026-07-17 19:35:05,425 INFO o.a.j.t.JMeterThread: Thread finished: 秒杀线程组：1000用户 1-409
2026-07-17 19:35:05,425 INFO o.a.j.t.JMeterThread: Thread finished: 秒杀线程组：1000用户 1-362
2026-07-17 19:35:05,426 INFO o.a.j.t.JMeterThread: Thread is done: 秒杀线程组：1000用户 1-604
2026-07-17 19:35:05,426 INFO o.a.j.t.JMeterThread: Thread is done: 秒杀线程组：1000用户 1-595
2026-07-17 19:35:05,426 INFO o.a.j.t.JMeterThread: Thread is done: 秒杀线程组：1000用户 1-598
2026-07-17 19:35:05,426 INFO o.a.j.t.JMeterThread: Thread finished: 秒杀线程组：1000用户 1-604
2026-07-17 19:35:05,426 INFO o.a.j.t.JMeterThread: Thread is done: 秒杀线程组：1000用户 1-593
2026-07-17 19:35:05,426 INFO o.a.j.t.JMeterThread: Thread is done: 秒杀线程组：1000用户 1-609
2026-07-17 19:35:05,426 INFO o.a.j.t.JMeterThread: Thread finished: 秒杀线程组：1000用户 1-609
2026-07-17 19:35:05,426 INFO o.a.j.t.JMeterThread: Thread finished: 秒杀线程组：1000用户 1-598
2026-07-17 19:35:05,426 INFO o.a.j.t.JMeterThread: Thread is done: 秒杀线程组：1000用户 1-607
2026-07-17 19:35:05,426 INFO o.a.j.t.JMeterThread: Thread finished: 秒杀线程组：1000用户 1-607
2026-07-17 19:35:05,426 INFO o.a.j.t.JMeterThread: Thread is done: 秒杀线程组：1000用户 1-614
2026-07-17 19:35:05,426 INFO o.a.j.t.JMeterThread: Thread is done: 秒杀线程组：1000用户 1-616
2026-07-17 19:35:05,426 INFO o.a.j.t.JMeterThread: Thread is done: 秒杀线程组：1000用户 1-613
2026-07-17 19:35:05,426 INFO o.a.j.t.JMeterThread: Thread finished: 秒杀线程组：1000用户 1-616
2026-07-17 19:35:05,426 INFO o.a.j.t.JMeterThread: Thread finished: 秒杀线程组：1000用户 1-613
2026-07-17 19:35:05,426 INFO o.a.j.t.JMeterThread: Thread finished: 秒杀线程组：1000用户 1-595
2026-07-17 19:35:05,426 INFO o.a.j.t.JMeterThread: Thread is done: 秒杀线程组：1000用户 1-605
2026-07-17 19:35:05,426 INFO o.a.j.t.JMeterThread: Thread finished: 秒杀线程组：1000用户 1-605
2026-07-17 19:35:05,426 INFO o.a.j.t.JMeterThread: Thread finished: 秒杀线程组：1000用户 1-614
2026-07-17 19:35:05,426 INFO o.a.j.t.JMeterThread: Thread finished: 秒杀线程组：1000用户 1-593
2026-07-17 19:35:05,426 INFO o.a.j.t.JMeterThread: Thread is done: 秒杀线程组：1000用户 1-617
2026-07-17 19:35:05,426 INFO o.a.j.t.JMeterThread: Thread is done: 秒杀线程组：1000用户 1-597
2026-07-17 19:35:05,426 INFO o.a.j.t.JMeterThread: Thread is done: 秒杀线程组：1000用户 1-618
2026-07-17 19:35:05,426 INFO o.a.j.t.JMeterThread: Thread finished: 秒杀线程组：1000用户 1-597
2026-07-17 19:35:05,426 INFO o.a.j.t.JMeterThread: Thread finished: 秒杀线程组：1000用户 1-617
2026-07-17 19:35:05,426 INFO o.a.j.t.JMeterThread: Thread is done: 秒杀线程组：1000用户 1-632
2026-07-17 19:35:05,426 INFO o.a.j.t.JMeterThread: Thread finished: 秒杀线程组：1000用户 1-618
2026-07-17 19:35:05,426 INFO o.a.j.t.JMeterThread: Thread finished: 秒杀线程组：1000用户 1-632
2026-07-17 19:35:05,426 INFO o.a.j.t.JMeterThread: Thread is done: 秒杀线程组：1000用户 1-629
2026-07-17 19:35:05,426 INFO o.a.j.t.JMeterThread: Thread is done: 秒杀线程组：1000用户 1-636
2026-07-17 19:35:05,426 INFO o.a.j.t.JMeterThread: Thread finished: 秒杀线程组：1000用户 1-629
2026-07-17 19:35:05,426 INFO o.a.j.t.JMeterThread: Thread finished: 秒杀线程组：1000用户 1-636
2026-07-17 19:35:05,426 INFO o.a.j.t.JMeterThread: Thread is done: 秒杀线程组：1000用户 1-596
2026-07-17 19:35:05,426 INFO o.a.j.t.JMeterThread: Thread is done: 秒杀线程组：1000用户 1-628
2026-07-17 19:35:05,428 INFO o.a.j.t.JMeterThread: Thread is done: 秒杀线程组：1000用户 1-624
2026-07-17 19:35:05,426 INFO o.a.j.t.JMeterThread: Thread is done: 秒杀线程组：1000用户 1-630
2026-07-17 19:35:05,428 INFO o.a.j.t.JMeterThread: Thread is done: 秒杀线程组：1000用户 1-427
2026-07-17 19:35:05,428 INFO o.a.j.t.JMeterThread: Thread finished: 秒杀线程组：1000用户 1-427
2026-07-17 19:35:05,428 INFO o.a.j.t.JMeterThread: Thread finished: 秒杀线程组：1000用户 1-596
2026-07-17 19:35:05,426 INFO o.a.j.t.JMeterThread: Thread is done: 秒杀线程组：1000用户 1-631
2026-07-17 19:35:05,428 INFO o.a.j.t.JMeterThread: Thread finished: 秒杀线程组：1000用户 1-631
2026-07-17 19:35:05,426 INFO o.a.j.t.JMeterThread: Thread is done: 秒杀线程组：1000用户 1-634
2026-07-17 19:35:05,428 INFO o.a.j.t.JMeterThread: Thread finished: 秒杀线程组：1000用户 1-624
2026-07-17 19:35:05,428 INFO o.a.j.t.JMeterThread: Thread finished: 秒杀线程组：1000用户 1-630
2026-07-17 19:35:05,428 INFO o.a.j.t.JMeterThread: Thread finished: 秒杀线程组：1000用户 1-628
2026-07-17 19:35:05,428 INFO o.a.j.t.JMeterThread: Thread finished: 秒杀线程组：1000用户 1-634
2026-07-17 19:35:05,428 INFO o.a.j.t.JMeterThread: Thread is done: 秒杀线程组：1000用户 1-611
2026-07-17 19:35:05,428 INFO o.a.j.t.JMeterThread: Thread is done: 秒杀线程组：1000用户 1-608
2026-07-17 19:35:05,428 INFO o.a.j.t.JMeterThread: Thread finished: 秒杀线程组：1000用户 1-608
2026-07-17 19:35:05,428 INFO o.a.j.t.JMeterThread: Thread is done: 秒杀线程组：1000用户 1-422
2026-07-17 19:35:05,428 INFO o.a.j.t.JMeterThread: Thread finished: 秒杀线程组：1000用户 1-422
2026-07-17 19:35:05,428 INFO o.a.j.t.JMeterThread: Thread is done: 秒杀线程组：1000用户 1-633
2026-07-17 19:35:05,429 INFO o.a.j.t.JMeterThread: Thread is done: 秒杀线程组：1000用户 1-583
2026-07-17 19:35:05,428 INFO o.a.j.t.JMeterThread: Thread finished: 秒杀线程组：1000用户 1-611
2026-07-17 19:35:05,429 INFO o.a.j.t.JMeterThread: Thread finished: 秒杀线程组：1000用户 1-583
2026-07-17 19:35:05,429 INFO o.a.j.t.JMeterThread: Thread is done: 秒杀线程组：1000用户 1-419
2026-07-17 19:35:05,429 INFO o.a.j.t.JMeterThread: Thread is done: 秒杀线程组：1000用户 1-615
2026-07-17 19:35:05,429 INFO o.a.j.t.JMeterThread: Thread is done: 秒杀线程组：1000用户 1-610
2026-07-17 19:35:05,429 INFO o.a.j.t.JMeterThread: Thread is done: 秒杀线程组：1000用户 1-602
2026-07-17 19:35:05,429 INFO o.a.j.t.JMeterThread: Thread finished: 秒杀线程组：1000用户 1-633
2026-07-17 19:35:05,428 INFO o.a.j.t.JMeterThread: Thread is done: 秒杀线程组：1000用户 1-600
2026-07-17 19:35:05,429 INFO o.a.j.t.JMeterThread: Thread finished: 秒杀线程组：1000用户 1-602
2026-07-17 19:35:05,429 INFO o.a.j.t.JMeterThread: Thread finished: 秒杀线程组：1000用户 1-615
2026-07-17 19:35:05,429 INFO o.a.j.t.JMeterThread: Thread is done: 秒杀线程组：1000用户 1-601
2026-07-17 19:35:05,429 INFO o.a.j.t.JMeterThread: Thread finished: 秒杀线程组：1000用户 1-601
2026-07-17 19:35:05,429 INFO o.a.j.t.JMeterThread: Thread finished: 秒杀线程组：1000用户 1-419
2026-07-17 19:35:05,429 INFO o.a.j.t.JMeterThread: Thread finished: 秒杀线程组：1000用户 1-610
2026-07-17 19:35:05,429 INFO o.a.j.t.JMeterThread: Thread is done: 秒杀线程组：1000用户 1-612
2026-07-17 19:35:05,429 INFO o.a.j.t.JMeterThread: Thread is done: 秒杀线程组：1000用户 1-418
2026-07-17 19:35:05,429 INFO o.a.j.t.JMeterThread: Thread finished: 秒杀线程组：1000用户 1-600
2026-07-17 19:35:05,429 INFO o.a.j.t.JMeterThread: Thread is done: 秒杀线程组：1000用户 1-599
2026-07-17 19:35:05,429 INFO o.a.j.t.JMeterThread: Thread finished: 秒杀线程组：1000用户 1-418
2026-07-17 19:35:05,429 INFO o.a.j.t.JMeterThread: Thread finished: 秒杀线程组：1000用户 1-612
2026-07-17 19:35:05,429 INFO o.a.j.t.JMeterThread: Thread is done: 秒杀线程组：1000用户 1-429
2026-07-17 19:35:05,429 INFO o.a.j.t.JMeterThread: Thread finished: 秒杀线程组：1000用户 1-429
2026-07-17 19:35:05,429 INFO o.a.j.t.JMeterThread: Thread is done: 秒杀线程组：1000用户 1-414
2026-07-17 19:35:05,429 INFO o.a.j.t.JMeterThread: Thread finished: 秒杀线程组：1000用户 1-414
2026-07-17 19:35:05,429 INFO o.a.j.t.JMeterThread: Thread finished: 秒杀线程组：1000用户 1-599
2026-07-17 19:35:05,429 INFO o.a.j.t.JMeterThread: Thread is done: 秒杀线程组：1000用户 1-620
2026-07-17 19:35:05,429 INFO o.a.j.t.JMeterThread: Thread finished: 秒杀线程组：1000用户 1-620
2026-07-17 19:35:05,429 INFO o.a.j.t.JMeterThread: Thread is done: 秒杀线程组：1000用户 1-594
2026-07-17 19:35:05,429 INFO o.a.j.t.JMeterThread: Thread is done: 秒杀线程组：1000用户 1-621
2026-07-17 19:35:05,429 INFO o.a.j.t.JMeterThread: Thread is done: 秒杀线程组：1000用户 1-623
2026-07-17 19:35:05,429 INFO o.a.j.t.JMeterThread: Thread is done: 秒杀线程组：1000用户 1-417
2026-07-17 19:35:05,429 INFO o.a.j.t.JMeterThread: Thread is done: 秒杀线程组：1000用户 1-416
2026-07-17 19:35:05,429 INFO o.a.j.t.JMeterThread: Thread finished: 秒杀线程组：1000用户 1-623
2026-07-17 19:35:05,429 INFO o.a.j.t.JMeterThread: Thread finished: 秒杀线程组：1000用户 1-621
2026-07-17 19:35:05,429 INFO o.a.j.t.JMeterThread: Thread finished: 秒杀线程组：1000用户 1-594
2026-07-17 19:35:05,429 INFO o.a.j.t.JMeterThread: Thread is done: 秒杀线程组：1000用户 1-622
2026-07-17 19:35:05,429 INFO o.a.j.t.JMeterThread: Thread is done: 秒杀线程组：1000用户 1-424
2026-07-17 19:35:05,429 INFO o.a.j.t.JMeterThread: Thread finished: 秒杀线程组：1000用户 1-622
2026-07-17 19:35:05,429 INFO o.a.j.t.JMeterThread: Thread finished: 秒杀线程组：1000用户 1-416
2026-07-17 19:35:05,429 INFO o.a.j.t.JMeterThread: Thread finished: 秒杀线程组：1000用户 1-417
2026-07-17 19:35:05,429 INFO o.a.j.t.JMeterThread: Thread finished: 秒杀线程组：1000用户 1-424
2026-07-17 19:35:05,429 INFO o.a.j.t.JMeterThread: Thread is done: 秒杀线程组：1000用户 1-410
2026-07-17 19:35:05,429 INFO o.a.j.t.JMeterThread: Thread is done: 秒杀线程组：1000用户 1-411
2026-07-17 19:35:05,431 INFO o.a.j.t.JMeterThread: Thread finished: 秒杀线程组：1000用户 1-410
2026-07-17 19:35:05,431 INFO o.a.j.t.JMeterThread: Thread finished: 秒杀线程组：1000用户 1-411
2026-07-17 19:35:05,431 INFO o.a.j.t.JMeterThread: Thread is done: 秒杀线程组：1000用户 1-626
2026-07-17 19:35:05,431 INFO o.a.j.t.JMeterThread: Thread is done: 秒杀线程组：1000用户 1-625
2026-07-17 19:35:05,431 INFO o.a.j.t.JMeterThread: Thread is done: 秒杀线程组：1000用户 1-627
2026-07-17 19:35:05,431 INFO o.a.j.t.JMeterThread: Thread finished: 秒杀线程组：1000用户 1-627
2026-07-17 19:35:05,431 INFO o.a.j.t.JMeterThread: Thread finished: 秒杀线程组：1000用户 1-626
2026-07-17 19:35:05,460 INFO o.a.j.t.JMeterThread: Thread is done: 秒杀线程组：1000用户 1-606
2026-07-17 19:35:05,460 INFO o.a.j.t.JMeterThread: Thread is done: 秒杀线程组：1000用户 1-644
2026-07-17 19:35:05,460 INFO o.a.j.t.JMeterThread: Thread finished: 秒杀线程组：1000用户 1-606
2026-07-17 19:35:05,431 INFO o.a.j.t.JMeterThread: Thread finished: 秒杀线程组：1000用户 1-625
2026-07-17 19:35:05,460 INFO o.a.j.t.JMeterThread: Thread is done: 秒杀线程组：1000用户 1-769
2026-07-17 19:35:05,460 INFO o.a.j.t.JMeterThread: Thread finished: 秒杀线程组：1000用户 1-769
2026-07-17 19:35:05,460 INFO o.a.j.t.JMeterThread: Thread is done: 秒杀线程组：1000用户 1-750
2026-07-17 19:35:05,460 INFO o.a.j.t.JMeterThread: Thread finished: 秒杀线程组：1000用户 1-750
2026-07-17 19:35:05,461 INFO o.a.j.t.JMeterThread: Thread is done: 秒杀线程组：1000用户 1-766
2026-07-17 19:35:05,461 INFO o.a.j.t.JMeterThread: Thread finished: 秒杀线程组：1000用户 1-766
2026-07-17 19:35:05,461 INFO o.a.j.t.JMeterThread: Thread is done: 秒杀线程组：1000用户 1-764
2026-07-17 19:35:05,461 INFO o.a.j.t.JMeterThread: Thread finished: 秒杀线程组：1000用户 1-764
2026-07-17 19:35:05,460 INFO o.a.j.t.JMeterThread: Thread is done: 秒杀线程组：1000用户 1-603
2026-07-17 19:35:05,461 INFO o.a.j.t.JMeterThread: Thread finished: 秒杀线程组：1000用户 1-603
2026-07-17 19:35:05,461 INFO o.a.j.t.JMeterThread: Thread is done: 秒杀线程组：1000用户 1-831
2026-07-17 19:35:05,461 INFO o.a.j.t.JMeterThread: Thread finished: 秒杀线程组：1000用户 1-831
2026-07-17 19:35:05,461 INFO o.a.j.t.JMeterThread: Thread finished: 秒杀线程组：1000用户 1-644
2026-07-17 19:35:05,461 INFO o.a.j.t.JMeterThread: Thread is done: 秒杀线程组：1000用户 1-833
2026-07-17 19:35:05,461 INFO o.a.j.t.JMeterThread: Thread finished: 秒杀线程组：1000用户 1-833
2026-07-17 19:35:05,461 INFO o.a.j.t.JMeterThread: Thread is done: 秒杀线程组：1000用户 1-653
2026-07-17 19:35:05,462 INFO o.a.j.t.JMeterThread: Thread finished: 秒杀线程组：1000用户 1-653
2026-07-17 19:35:05,462 INFO o.a.j.t.JMeterThread: Thread is done: 秒杀线程组：1000用户 1-682
2026-07-17 19:35:05,462 INFO o.a.j.t.JMeterThread: Thread finished: 秒杀线程组：1000用户 1-682
2026-07-17 19:35:05,462 INFO o.a.j.t.JMeterThread: Thread is done: 秒杀线程组：1000用户 1-768
2026-07-17 19:35:05,462 INFO o.a.j.t.JMeterThread: Thread finished: 秒杀线程组：1000用户 1-768
2026-07-17 19:35:05,462 INFO o.a.j.t.JMeterThread: Thread is done: 秒杀线程组：1000用户 1-834
2026-07-17 19:35:05,462 INFO o.a.j.t.JMeterThread: Thread finished: 秒杀线程组：1000用户 1-834
2026-07-17 19:35:05,462 INFO o.a.j.t.JMeterThread: Thread is done: 秒杀线程组：1000用户 1-781
2026-07-17 19:35:05,462 INFO o.a.j.t.JMeterThread: Thread finished: 秒杀线程组：1000用户 1-781
2026-07-17 19:35:05,462 INFO o.a.j.t.JMeterThread: Thread is done: 秒杀线程组：1000用户 1-745
2026-07-17 19:35:05,462 INFO o.a.j.t.JMeterThread: Thread finished: 秒杀线程组：1000用户 1-745
2026-07-17 19:35:05,459 INFO o.a.j.t.JMeterThread: Thread is done: 秒杀线程组：1000用户 1-619
2026-07-17 19:35:05,462 INFO o.a.j.t.JMeterThread: Thread is done: 秒杀线程组：1000用户 1-848
2026-07-17 19:35:05,463 INFO o.a.j.t.JMeterThread: Thread finished: 秒杀线程组：1000用户 1-848
2026-07-17 19:35:05,463 INFO o.a.j.t.JMeterThread: Thread is done: 秒杀线程组：1000用户 1-847
2026-07-17 19:35:05,463 INFO o.a.j.t.JMeterThread: Thread finished: 秒杀线程组：1000用户 1-847
2026-07-17 19:35:05,459 INFO o.a.j.t.JMeterThread: Thread is done: 秒杀线程组：1000用户 1-827
2026-07-17 19:35:05,463 INFO o.a.j.t.JMeterThread: Thread finished: 秒杀线程组：1000用户 1-827
2026-07-17 19:35:05,463 INFO o.a.j.t.JMeterThread: Thread is done: 秒杀线程组：1000用户 1-757
2026-07-17 19:35:05,463 INFO o.a.j.t.JMeterThread: Thread finished: 秒杀线程组：1000用户 1-757
2026-07-17 19:35:05,459 INFO o.a.j.t.JMeterThread: Thread is done: 秒杀线程组：1000用户 1-641
2026-07-17 19:35:05,463 INFO o.a.j.t.JMeterThread: Thread is done: 秒杀线程组：1000用户 1-760
2026-07-17 19:35:05,459 INFO o.a.j.t.JMeterThread: Thread is done: 秒杀线程组：1000用户 1-824
2026-07-17 19:35:05,463 INFO o.a.j.t.JMeterThread: Thread finished: 秒杀线程组：1000用户 1-760
2026-07-17 19:35:05,463 INFO o.a.j.t.JMeterThread: Thread is done: 秒杀线程组：1000用户 1-748
2026-07-17 19:35:05,463 INFO o.a.j.t.JMeterThread: Thread finished: 秒杀线程组：1000用户 1-748
2026-07-17 19:35:05,459 INFO o.a.j.t.JMeterThread: Thread is done: 秒杀线程组：1000用户 1-744
2026-07-17 19:35:05,459 INFO o.a.j.t.JMeterThread: Thread is done: 秒杀线程组：1000用户 1-82
2026-07-17 19:35:05,463 INFO o.a.j.t.JMeterThread: Thread finished: 秒杀线程组：1000用户 1-744
2026-07-17 19:35:05,459 INFO o.a.j.t.JMeterThread: Thread is done: 秒杀线程组：1000用户 1-759
2026-07-17 19:35:05,459 INFO o.a.j.t.JMeterThread: Thread is done: 秒杀线程组：1000用户 1-806
2026-07-17 19:35:05,463 INFO o.a.j.t.JMeterThread: Thread finished: 秒杀线程组：1000用户 1-806
2026-07-17 19:35:05,463 INFO o.a.j.t.JMeterThread: Thread is done: 秒杀线程组：1000用户 1-862
2026-07-17 19:35:05,463 INFO o.a.j.t.JMeterThread: Thread finished: 秒杀线程组：1000用户 1-862
2026-07-17 19:35:05,463 INFO o.a.j.t.JMeterThread: Thread is done: 秒杀线程组：1000用户 1-852
2026-07-17 19:35:05,459 INFO o.a.j.t.JMeterThread: Thread is done: 秒杀线程组：1000用户 1-652
2026-07-17 19:35:05,459 INFO o.a.j.t.JMeterThread: Thread is done: 秒杀线程组：1000用户 1-649
2026-07-17 19:35:05,463 INFO o.a.j.t.JMeterThread: Thread finished: 秒杀线程组：1000用户 1-852
2026-07-17 19:35:05,463 INFO o.a.j.t.JMeterThread: Thread is done: 秒杀线程组：1000用户 1-850
2026-07-17 19:35:05,464 INFO o.a.j.t.JMeterThread: Thread finished: 秒杀线程组：1000用户 1-850
2026-07-17 19:35:05,459 INFO o.a.j.t.JMeterThread: Thread is done: 秒杀线程组：1000用户 1-712
2026-07-17 19:35:05,464 INFO o.a.j.t.JMeterThread: Thread is done: 秒杀线程组：1000用户 1-875
2026-07-17 19:35:05,464 INFO o.a.j.t.JMeterThread: Thread finished: 秒杀线程组：1000用户 1-875
2026-07-17 19:35:05,459 INFO o.a.j.t.JMeterThread: Thread is done: 秒杀线程组：1000用户 1-812
2026-07-17 19:35:05,459 INFO o.a.j.t.JMeterThread: Thread is done: 秒杀线程组：1000用户 1-701
2026-07-17 19:35:05,459 INFO o.a.j.t.JMeterThread: Thread is done: 秒杀线程组：1000用户 1-793
2026-07-17 19:35:05,464 INFO o.a.j.t.JMeterThread: Thread finished: 秒杀线程组：1000用户 1-793
2026-07-17 19:35:05,464 INFO o.a.j.t.JMeterThread: Thread is done: 秒杀线程组：1000用户 1-870
2026-07-17 19:35:05,464 INFO o.a.j.t.JMeterThread: Thread finished: 秒杀线程组：1000用户 1-870
2026-07-17 19:35:05,464 INFO o.a.j.t.JMeterThread: Thread is done: 秒杀线程组：1000用户 1-857
2026-07-17 19:35:05,459 INFO o.a.j.t.JMeterThread: Thread is done: 秒杀线程组：1000用户 1-207
2026-07-17 19:35:05,464 INFO o.a.j.t.JMeterThread: Thread finished: 秒杀线程组：1000用户 1-857
2026-07-17 19:35:05,464 INFO o.a.j.t.JMeterThread: Thread is done: 秒杀线程组：1000用户 1-278
2026-07-17 19:35:05,464 INFO o.a.j.t.JMeterThread: Thread finished: 秒杀线程组：1000用户 1-278
2026-07-17 19:35:05,464 INFO o.a.j.t.JMeterThread: Thread is done: 秒杀线程组：1000用户 1-230
2026-07-17 19:35:05,464 INFO o.a.j.t.JMeterThread: Thread finished: 秒杀线程组：1000用户 1-230
2026-07-17 19:35:05,459 INFO o.a.j.t.JMeterThread: Thread is done: 秒杀线程组：1000用户 1-637
2026-07-17 19:35:05,459 INFO o.a.j.t.JMeterThread: Thread is done: 秒杀线程组：1000用户 1-819
2026-07-17 19:35:05,459 INFO o.a.j.t.JMeterThread: Thread is done: 秒杀线程组：1000用户 1-719
2026-07-17 19:35:05,459 INFO o.a.j.t.JMeterThread: Thread is done: 秒杀线程组：1000用户 1-124
2026-07-17 19:35:05,459 INFO o.a.j.t.JMeterThread: Thread is done: 秒杀线程组：1000用户 1-220
2026-07-17 19:35:05,464 INFO o.a.j.t.JMeterThread: Thread finished: 秒杀线程组：1000用户 1-220
2026-07-17 19:35:05,459 INFO o.a.j.t.JMeterThread: Thread is done: 秒杀线程组：1000用户 1-808
2026-07-17 19:35:05,464 INFO o.a.j.t.JMeterThread: Thread finished: 秒杀线程组：1000用户 1-808
2026-07-17 19:35:05,466 INFO o.a.j.t.JMeterThread: Thread is done: 秒杀线程组：1000用户 1-859
2026-07-17 19:35:05,466 INFO o.a.j.t.JMeterThread: Thread finished: 秒杀线程组：1000用户 1-859
2026-07-17 19:35:05,466 INFO o.a.j.t.JMeterThread: Thread is done: 秒杀线程组：1000用户 1-81
2026-07-17 19:35:05,466 INFO o.a.j.t.JMeterThread: Thread finished: 秒杀线程组：1000用户 1-81
2026-07-17 19:35:05,466 INFO o.a.j.t.JMeterThread: Thread is done: 秒杀线程组：1000用户 1-214
2026-07-17 19:35:05,466 INFO o.a.j.t.JMeterThread: Thread finished: 秒杀线程组：1000用户 1-214
2026-07-17 19:35:05,466 INFO o.a.j.t.JMeterThread: Thread is done: 秒杀线程组：1000用户 1-59
2026-07-17 19:35:05,466 INFO o.a.j.t.JMeterThread: Thread finished: 秒杀线程组：1000用户 1-59
2026-07-17 19:35:05,459 INFO o.a.j.t.JMeterThread: Thread is done: 秒杀线程组：1000用户 1-803
2026-07-17 19:35:05,459 INFO o.a.j.t.JMeterThread: Thread is done: 秒杀线程组：1000用户 1-765
2026-07-17 19:35:05,459 INFO o.a.j.t.JMeterThread: Thread is done: 秒杀线程组：1000用户 1-813
2026-07-17 19:35:05,459 INFO o.a.j.t.JMeterThread: Thread is done: 秒杀线程组：1000用户 1-772
2026-07-17 19:35:05,466 INFO o.a.j.t.JMeterThread: Thread finished: 秒杀线程组：1000用户 1-772
2026-07-17 19:35:05,459 INFO o.a.j.t.JMeterThread: Thread is done: 秒杀线程组：1000用户 1-3
2026-07-17 19:35:05,466 INFO o.a.j.t.JMeterThread: Thread finished: 秒杀线程组：1000用户 1-3
2026-07-17 19:35:05,459 INFO o.a.j.t.JMeterThread: Thread is done: 秒杀线程组：1000用户 1-830
2026-07-17 19:35:05,459 INFO o.a.j.t.JMeterThread: Thread is done: 秒杀线程组：1000用户 1-650
2026-07-17 19:35:05,458 INFO o.a.j.t.JMeterThread: Thread is done: 秒杀线程组：1000用户 1-771
2026-07-17 19:35:05,467 INFO o.a.j.t.JMeterThread: Thread finished: 秒杀线程组：1000用户 1-771
2026-07-17 19:35:05,467 INFO o.a.j.t.JMeterThread: Thread is done: 秒杀线程组：1000用户 1-863
2026-07-17 19:35:05,467 INFO o.a.j.t.JMeterThread: Thread finished: 秒杀线程组：1000用户 1-863
2026-07-17 19:35:05,458 INFO o.a.j.t.JMeterThread: Thread is done: 秒杀线程组：1000用户 1-774
2026-07-17 19:35:05,458 INFO o.a.j.t.JMeterThread: Thread is done: 秒杀线程组：1000用户 1-809
2026-07-17 19:35:05,467 INFO o.a.j.t.JMeterThread: Thread finished: 秒杀线程组：1000用户 1-809
2026-07-17 19:35:05,458 INFO o.a.j.t.JMeterThread: Thread is done: 秒杀线程组：1000用户 1-801
2026-07-17 19:35:05,468 INFO o.a.j.t.JMeterThread: Thread finished: 秒杀线程组：1000用户 1-801
2026-07-17 19:35:05,468 INFO o.a.j.t.JMeterThread: Thread is done: 秒杀线程组：1000用户 1-869
2026-07-17 19:35:05,468 INFO o.a.j.t.JMeterThread: Thread finished: 秒杀线程组：1000用户 1-869
2026-07-17 19:35:05,468 INFO o.a.j.t.JMeterThread: Thread is done: 秒杀线程组：1000用户 1-861
2026-07-17 19:35:05,468 INFO o.a.j.t.JMeterThread: Thread finished: 秒杀线程组：1000用户 1-861
2026-07-17 19:35:05,458 INFO o.a.j.t.JMeterThread: Thread is done: 秒杀线程组：1000用户 1-805
2026-07-17 19:35:05,468 INFO o.a.j.t.JMeterThread: Thread is done: 秒杀线程组：1000用户 1-846
2026-07-17 19:35:05,468 INFO o.a.j.t.JMeterThread: Thread finished: 秒杀线程组：1000用户 1-846
2026-07-17 19:35:05,468 INFO o.a.j.t.JMeterThread: Thread is done: 秒杀线程组：1000用户 1-866
2026-07-17 19:35:05,468 INFO o.a.j.t.JMeterThread: Thread finished: 秒杀线程组：1000用户 1-866
2026-07-17 19:35:05,469 INFO o.a.j.t.JMeterThread: Thread is done: 秒杀线程组：1000用户 1-872
2026-07-17 19:35:05,469 INFO o.a.j.t.JMeterThread: Thread finished: 秒杀线程组：1000用户 1-872
2026-07-17 19:35:05,469 INFO o.a.j.t.JMeterThread: Thread is done: 秒杀线程组：1000用户 1-153
2026-07-17 19:35:05,469 INFO o.a.j.t.JMeterThread: Thread finished: 秒杀线程组：1000用户 1-153
2026-07-17 19:35:05,469 INFO o.a.j.t.JMeterThread: Thread is done: 秒杀线程组：1000用户 1-225
2026-07-17 19:35:05,469 INFO o.a.j.t.JMeterThread: Thread finished: 秒杀线程组：1000用户 1-225
2026-07-17 19:35:05,470 INFO o.a.j.t.JMeterThread: Thread is done: 秒杀线程组：1000用户 1-203
2026-07-17 19:35:05,470 INFO o.a.j.t.JMeterThread: Thread finished: 秒杀线程组：1000用户 1-203
2026-07-17 19:35:05,470 INFO o.a.j.t.JMeterThread: Thread is done: 秒杀线程组：1000用户 1-262
2026-07-17 19:35:05,470 INFO o.a.j.t.JMeterThread: Thread finished: 秒杀线程组：1000用户 1-262
2026-07-17 19:35:05,470 INFO o.a.j.t.JMeterThread: Thread is done: 秒杀线程组：1000用户 1-814
2026-07-17 19:35:05,470 INFO o.a.j.t.JMeterThread: Thread finished: 秒杀线程组：1000用户 1-814
2026-07-17 19:35:05,470 INFO o.a.j.t.JMeterThread: Thread is done: 秒杀线程组：1000用户 1-711
2026-07-17 19:35:05,470 INFO o.a.j.t.JMeterThread: Thread finished: 秒杀线程组：1000用户 1-711
2026-07-17 19:35:05,458 INFO o.a.j.t.JMeterThread: Thread is done: 秒杀线程组：1000用户 1-648
2026-07-17 19:35:05,458 INFO o.a.j.t.JMeterThread: Thread is done: 秒杀线程组：1000用户 1-810
2026-07-17 19:35:05,470 INFO o.a.j.t.JMeterThread: Thread finished: 秒杀线程组：1000用户 1-810
2026-07-17 19:35:05,470 INFO o.a.j.t.JMeterThread: Thread is done: 秒杀线程组：1000用户 1-718
2026-07-17 19:35:05,458 INFO o.a.j.t.JMeterThread: Thread is done: 秒杀线程组：1000用户 1-786
2026-07-17 19:35:05,471 INFO o.a.j.t.JMeterThread: Thread finished: 秒杀线程组：1000用户 1-718
2026-07-17 19:35:05,471 INFO o.a.j.t.JMeterThread: Thread is done: 秒杀线程组：1000用户 1-157
2026-07-17 19:35:05,471 INFO o.a.j.t.JMeterThread: Thread finished: 秒杀线程组：1000用户 1-157
2026-07-17 19:35:05,458 INFO o.a.j.t.JMeterThread: Thread is done: 秒杀线程组：1000用户 1-798
2026-07-17 19:35:05,471 INFO o.a.j.t.JMeterThread: Thread is done: 秒杀线程组：1000用户 1-56
2026-07-17 19:35:05,471 INFO o.a.j.t.JMeterThread: Thread finished: 秒杀线程组：1000用户 1-56
2026-07-17 19:35:05,471 INFO o.a.j.t.JMeterThread: Thread is done: 秒杀线程组：1000用户 1-61
2026-07-17 19:35:05,471 INFO o.a.j.t.JMeterThread: Thread finished: 秒杀线程组：1000用户 1-61
2026-07-17 19:35:05,458 INFO o.a.j.t.JMeterThread: Thread is done: 秒杀线程组：1000用户 1-791
2026-07-17 19:35:05,458 INFO o.a.j.t.JMeterThread: Thread is done: 秒杀线程组：1000用户 1-835
2026-07-17 19:35:05,457 INFO o.a.j.t.JMeterThread: Thread is done: 秒杀线程组：1000用户 1-796
2026-07-17 19:35:05,471 INFO o.a.j.t.JMeterThread: Thread is done: 秒杀线程组：1000用户 1-64
2026-07-17 19:35:05,471 INFO o.a.j.t.JMeterThread: Thread finished: 秒杀线程组：1000用户 1-835
2026-07-17 19:35:05,457 INFO o.a.j.t.JMeterThread: Thread is done: 秒杀线程组：1000用户 1-761
2026-07-17 19:35:05,457 INFO o.a.j.t.JMeterThread: Thread is done: 秒杀线程组：1000用户 1-788
2026-07-17 19:35:05,471 INFO o.a.j.t.JMeterThread: Thread is done: 秒杀线程组：1000用户 1-68
2026-07-17 19:35:05,457 INFO o.a.j.t.JMeterThread: Thread is done: 秒杀线程组：1000用户 1-794
2026-07-17 19:35:05,471 INFO o.a.j.t.JMeterThread: Thread finished: 秒杀线程组：1000用户 1-794
2026-07-17 19:35:05,457 INFO o.a.j.t.JMeterThread: Thread is done: 秒杀线程组：1000用户 1-778
2026-07-17 19:35:05,457 INFO o.a.j.t.JMeterThread: Thread is done: 秒杀线程组：1000用户 1-792
2026-07-17 19:35:05,471 INFO o.a.j.t.JMeterThread: Thread finished: 秒杀线程组：1000用户 1-778
2026-07-17 19:35:05,456 INFO o.a.j.t.JMeterThread: Thread is done: 秒杀线程组：1000用户 1-780
2026-07-17 19:35:05,471 INFO o.a.j.t.JMeterThread: Thread finished: 秒杀线程组：1000用户 1-780
2026-07-17 19:35:05,456 INFO o.a.j.t.JMeterThread: Thread is done: 秒杀线程组：1000用户 1-790
2026-07-17 19:35:05,471 INFO o.a.j.t.JMeterThread: Thread finished: 秒杀线程组：1000用户 1-790
2026-07-17 19:35:05,471 INFO o.a.j.t.JMeterThread: Thread is done: 秒杀线程组：1000用户 1-15
2026-07-17 19:35:05,456 INFO o.a.j.t.JMeterThread: Thread is done: 秒杀线程组：1000用户 1-638
2026-07-17 19:35:05,471 INFO o.a.j.t.JMeterThread: Thread finished: 秒杀线程组：1000用户 1-15
2026-07-17 19:35:05,456 INFO o.a.j.t.JMeterThread: Thread is done: 秒杀线程组：1000用户 1-785
2026-07-17 19:35:05,456 INFO o.a.j.t.JMeterThread: Thread is done: 秒杀线程组：1000用户 1-787
2026-07-17 19:35:05,456 INFO o.a.j.t.JMeterThread: Thread is done: 秒杀线程组：1000用户 1-777
2026-07-17 19:35:05,456 INFO o.a.j.t.JMeterThread: Thread is done: 秒杀线程组：1000用户 1-782
2026-07-17 19:35:05,472 INFO o.a.j.t.JMeterThread: Thread finished: 秒杀线程组：1000用户 1-777
2026-07-17 19:35:05,456 INFO o.a.j.t.JMeterThread: Thread is done: 秒杀线程组：1000用户 1-784
2026-07-17 19:35:05,456 INFO o.a.j.t.JMeterThread: Thread is done: 秒杀线程组：1000用户 1-749
2026-07-17 19:35:05,456 INFO o.a.j.t.JMeterThread: Thread is done: 秒杀线程组：1000用户 1-742
2026-07-17 19:35:05,472 INFO o.a.j.t.JMeterThread: Thread finished: 秒杀线程组：1000用户 1-749
2026-07-17 19:35:05,456 INFO o.a.j.t.JMeterThread: Thread is done: 秒杀线程组：1000用户 1-739
2026-07-17 19:35:05,456 INFO o.a.j.t.JMeterThread: Thread is done: 秒杀线程组：1000用户 1-860
2026-07-17 19:35:05,456 INFO o.a.j.t.JMeterThread: Thread is done: 秒杀线程组：1000用户 1-253
2026-07-17 19:35:05,472 INFO o.a.j.t.JMeterThread: Thread finished: 秒杀线程组：1000用户 1-860
2026-07-17 19:35:05,456 INFO o.a.j.t.JMeterThread: Thread is done: 秒杀线程组：1000用户 1-816
2026-07-17 19:35:05,456 INFO o.a.j.t.JMeterThread: Thread is done: 秒杀线程组：1000用户 1-732
2026-07-17 19:35:05,472 INFO o.a.j.t.JMeterThread: Thread finished: 秒杀线程组：1000用户 1-732
2026-07-17 19:35:05,456 INFO o.a.j.t.JMeterThread: Thread is done: 秒杀线程组：1000用户 1-867
2026-07-17 19:35:05,472 INFO o.a.j.t.JMeterThread: Thread finished: 秒杀线程组：1000用户 1-867
2026-07-17 19:35:05,456 INFO o.a.j.t.JMeterThread: Thread is done: 秒杀线程组：1000用户 1-758
2026-07-17 19:35:05,456 INFO o.a.j.t.JMeterThread: Thread is done: 秒杀线程组：1000用户 1-820
2026-07-17 19:35:05,456 INFO o.a.j.t.JMeterThread: Thread is done: 秒杀线程组：1000用户 1-823
2026-07-17 19:35:05,456 INFO o.a.j.t.JMeterThread: Thread is done: 秒杀线程组：1000用户 1-804
2026-07-17 19:35:05,456 INFO o.a.j.t.JMeterThread: Thread is done: 秒杀线程组：1000用户 1-807
2026-07-17 19:35:05,456 INFO o.a.j.t.JMeterThread: Thread is done: 秒杀线程组：1000用户 1-741
2026-07-17 19:35:05,473 INFO o.a.j.t.JMeterThread: Thread finished: 秒杀线程组：1000用户 1-807
2026-07-17 19:35:05,456 INFO o.a.j.t.JMeterThread: Thread is done: 秒杀线程组：1000用户 1-751
2026-07-17 19:35:05,455 INFO o.a.j.t.JMeterThread: Thread is done: 秒杀线程组：1000用户 1-762
2026-07-17 19:35:05,473 INFO o.a.j.t.JMeterThread: Thread finished: 秒杀线程组：1000用户 1-751
2026-07-17 19:35:05,455 INFO o.a.j.t.JMeterThread: Thread is done: 秒杀线程组：1000用户 1-811
2026-07-17 19:35:05,473 INFO o.a.j.t.JMeterThread: Thread finished: 秒杀线程组：1000用户 1-811
2026-07-17 19:35:05,455 INFO o.a.j.t.JMeterThread: Thread is done: 秒杀线程组：1000用户 1-738
2026-07-17 19:35:05,455 INFO o.a.j.t.JMeterThread: Thread is done: 秒杀线程组：1000用户 1-837
2026-07-17 19:35:05,455 INFO o.a.j.t.JMeterThread: Thread is done: 秒杀线程组：1000用户 1-727
2026-07-17 19:35:05,473 INFO o.a.j.t.JMeterThread: Thread finished: 秒杀线程组：1000用户 1-727
2026-07-17 19:35:05,455 INFO o.a.j.t.JMeterThread: Thread is done: 秒杀线程组：1000用户 1-799
2026-07-17 19:35:05,473 INFO o.a.j.t.JMeterThread: Thread finished: 秒杀线程组：1000用户 1-799
2026-07-17 19:35:05,455 INFO o.a.j.t.JMeterThread: Thread is done: 秒杀线程组：1000用户 1-735
2026-07-17 19:35:05,454 INFO o.a.j.t.JMeterThread: Thread is done: 秒杀线程组：1000用户 1-755
2026-07-17 19:35:05,454 INFO o.a.j.t.JMeterThread: Thread is done: 秒杀线程组：1000用户 1-753
2026-07-17 19:35:05,473 INFO o.a.j.t.JMeterThread: Thread finished: 秒杀线程组：1000用户 1-753
2026-07-17 19:35:05,454 INFO o.a.j.t.JMeterThread: Thread is done: 秒杀线程组：1000用户 1-740
2026-07-17 19:35:05,454 INFO o.a.j.t.JMeterThread: Thread is done: 秒杀线程组：1000用户 1-844
2026-07-17 19:35:05,473 INFO o.a.j.t.JMeterThread: Thread finished: 秒杀线程组：1000用户 1-844
2026-07-17 19:35:05,453 INFO o.a.j.t.JMeterThread: Thread is done: 秒杀线程组：1000用户 1-800
2026-07-17 19:35:05,453 INFO o.a.j.t.JMeterThread: Thread is done: 秒杀线程组：1000用户 1-797
2026-07-17 19:35:05,453 INFO o.a.j.t.JMeterThread: Thread is done: 秒杀线程组：1000用户 1-734
2026-07-17 19:35:05,453 INFO o.a.j.t.JMeterThread: Thread is done: 秒杀线程组：1000用户 1-815
2026-07-17 19:35:05,453 INFO o.a.j.t.JMeterThread: Thread is done: 秒杀线程组：1000用户 1-773
2026-07-17 19:35:05,453 INFO o.a.j.t.JMeterThread: Thread is done: 秒杀线程组：1000用户 1-789
2026-07-17 19:35:05,473 INFO o.a.j.t.JMeterThread: Thread finished: 秒杀线程组：1000用户 1-773
2026-07-17 19:35:05,453 INFO o.a.j.t.JMeterThread: Thread is done: 秒杀线程组：1000用户 1-726
2026-07-17 19:35:05,453 INFO o.a.j.t.JMeterThread: Thread is done: 秒杀线程组：1000用户 1-783
2026-07-17 19:35:05,473 INFO o.a.j.t.JMeterThread: Thread finished: 秒杀线程组：1000用户 1-726
2026-07-17 19:35:05,453 INFO o.a.j.t.JMeterThread: Thread is done: 秒杀线程组：1000用户 1-651
2026-07-17 19:35:05,473 INFO o.a.j.t.JMeterThread: Thread finished: 秒杀线程组：1000用户 1-651
2026-07-17 19:35:05,453 INFO o.a.j.t.JMeterThread: Thread is done: 秒杀线程组：1000用户 1-717
2026-07-17 19:35:05,453 INFO o.a.j.t.JMeterThread: Thread is done: 秒杀线程组：1000用户 1-747
2026-07-17 19:35:05,453 INFO o.a.j.t.JMeterThread: Thread is done: 秒杀线程组：1000用户 1-725
2026-07-17 19:35:05,473 INFO o.a.j.t.JMeterThread: Thread finished: 秒杀线程组：1000用户 1-747
2026-07-17 19:35:05,453 INFO o.a.j.t.JMeterThread: Thread is done: 秒杀线程组：1000用户 1-643
2026-07-17 19:35:05,452 INFO o.a.j.t.JMeterThread: Thread is done: 秒杀线程组：1000用户 1-754
2026-07-17 19:35:05,452 INFO o.a.j.t.JMeterThread: Thread is done: 秒杀线程组：1000用户 1-720
2026-07-17 19:35:05,452 INFO o.a.j.t.JMeterThread: Thread is done: 秒杀线程组：1000用户 1-668
2026-07-17 19:35:05,473 INFO o.a.j.t.JMeterThread: Thread finished: 秒杀线程组：1000用户 1-720
2026-07-17 19:35:05,452 INFO o.a.j.t.JMeterThread: Thread is done: 秒杀线程组：1000用户 1-640
2026-07-17 19:35:05,473 INFO o.a.j.t.JMeterThread: Thread finished: 秒杀线程组：1000用户 1-668
2026-07-17 19:35:05,452 INFO o.a.j.t.JMeterThread: Thread is done: 秒杀线程组：1000用户 1-736
2026-07-17 19:35:05,452 INFO o.a.j.t.JMeterThread: Thread is done: 秒杀线程组：1000用户 1-635
2026-07-17 19:35:05,452 INFO o.a.j.t.JMeterThread: Thread is done: 秒杀线程组：1000用户 1-657
2026-07-17 19:35:05,473 INFO o.a.j.t.JMeterThread: Thread finished: 秒杀线程组：1000用户 1-635
2026-07-17 19:35:05,452 INFO o.a.j.t.JMeterThread: Thread is done: 秒杀线程组：1000用户 1-733
2026-07-17 19:35:05,452 INFO o.a.j.t.JMeterThread: Thread is done: 秒杀线程组：1000用户 1-743
2026-07-17 19:35:05,452 INFO o.a.j.t.JMeterThread: Thread is done: 秒杀线程组：1000用户 1-737
2026-07-17 19:35:05,475 INFO o.a.j.t.JMeterThread: Thread finished: 秒杀线程组：1000用户 1-743
2026-07-17 19:35:05,452 INFO o.a.j.t.JMeterThread: Thread is done: 秒杀线程组：1000用户 1-828
2026-07-17 19:35:05,452 INFO o.a.j.t.JMeterThread: Thread is done: 秒杀线程组：1000用户 1-662
2026-07-17 19:35:05,452 INFO o.a.j.t.JMeterThread: Thread is done: 秒杀线程组：1000用户 1-836
2026-07-17 19:35:05,475 INFO o.a.j.t.JMeterThread: Thread finished: 秒杀线程组：1000用户 1-662
2026-07-17 19:35:05,452 INFO o.a.j.t.JMeterThread: Thread is done: 秒杀线程组：1000用户 1-715
2026-07-17 19:35:05,475 INFO o.a.j.t.JMeterThread: Thread finished: 秒杀线程组：1000用户 1-836
2026-07-17 19:35:05,452 INFO o.a.j.t.JMeterThread: Thread is done: 秒杀线程组：1000用户 1-729
2026-07-17 19:35:05,452 INFO o.a.j.t.JMeterThread: Thread is done: 秒杀线程组：1000用户 1-658
2026-07-17 19:35:05,452 INFO o.a.j.t.JMeterThread: Thread is done: 秒杀线程组：1000用户 1-731
2026-07-17 19:35:05,475 INFO o.a.j.t.JMeterThread: Thread finished: 秒杀线程组：1000用户 1-658
2026-07-17 19:35:05,451 INFO o.a.j.t.JMeterThread: Thread is done: 秒杀线程组：1000用户 1-707
2026-07-17 19:35:05,451 INFO o.a.j.t.JMeterThread: Thread is done: 秒杀线程组：1000用户 1-647
2026-07-17 19:35:05,475 INFO o.a.j.t.JMeterThread: Thread finished: 秒杀线程组：1000用户 1-707
2026-07-17 19:35:05,451 INFO o.a.j.t.JMeterThread: Thread is done: 秒杀线程组：1000用户 1-716
2026-07-17 19:35:05,475 INFO o.a.j.t.JMeterThread: Thread finished: 秒杀线程组：1000用户 1-647
2026-07-17 19:35:05,451 INFO o.a.j.t.JMeterThread: Thread is done: 秒杀线程组：1000用户 1-713
2026-07-17 19:35:05,451 INFO o.a.j.t.JMeterThread: Thread is done: 秒杀线程组：1000用户 1-639
2026-07-17 19:35:05,451 INFO o.a.j.t.JMeterThread: Thread is done: 秒杀线程组：1000用户 1-843
2026-07-17 19:35:05,475 INFO o.a.j.t.JMeterThread: Thread finished: 秒杀线程组：1000用户 1-639
2026-07-17 19:35:05,451 INFO o.a.j.t.JMeterThread: Thread is done: 秒杀线程组：1000用户 1-838
2026-07-17 19:35:05,475 INFO o.a.j.t.JMeterThread: Thread finished: 秒杀线程组：1000用户 1-838
2026-07-17 19:35:05,451 INFO o.a.j.t.JMeterThread: Thread is done: 秒杀线程组：1000用户 1-708
2026-07-17 19:35:05,451 INFO o.a.j.t.JMeterThread: Thread is done: 秒杀线程组：1000用户 1-642
2026-07-17 19:35:05,475 INFO o.a.j.t.JMeterThread: Thread finished: 秒杀线程组：1000用户 1-708
2026-07-17 19:35:05,451 INFO o.a.j.t.JMeterThread: Thread is done: 秒杀线程组：1000用户 1-646
2026-07-17 19:35:05,450 INFO o.a.j.t.JMeterThread: Thread is done: 秒杀线程组：1000用户 1-672
2026-07-17 19:35:05,475 INFO o.a.j.t.JMeterThread: Thread finished: 秒杀线程组：1000用户 1-646
2026-07-17 19:35:05,450 INFO o.a.j.t.JMeterThread: Thread is done: 秒杀线程组：1000用户 1-832
2026-07-17 19:35:05,450 INFO o.a.j.t.JMeterThread: Thread is done: 秒杀线程组：1000用户 1-730
2026-07-17 19:35:05,475 INFO o.a.j.t.JMeterThread: Thread finished: 秒杀线程组：1000用户 1-832
2026-07-17 19:35:05,450 INFO o.a.j.t.JMeterThread: Thread is done: 秒杀线程组：1000用户 1-723
2026-07-17 19:35:05,475 INFO o.a.j.t.JMeterThread: Thread finished: 秒杀线程组：1000用户 1-730
2026-07-17 19:35:05,450 INFO o.a.j.t.JMeterThread: Thread is done: 秒杀线程组：1000用户 1-654
2026-07-17 19:35:05,450 INFO o.a.j.t.JMeterThread: Thread is done: 秒杀线程组：1000用户 1-656
2026-07-17 19:35:05,475 INFO o.a.j.t.JMeterThread: Thread finished: 秒杀线程组：1000用户 1-654
2026-07-17 19:35:05,450 INFO o.a.j.t.JMeterThread: Thread is done: 秒杀线程组：1000用户 1-645
2026-07-17 19:35:05,450 INFO o.a.j.t.JMeterThread: Thread is done: 秒杀线程组：1000用户 1-659
2026-07-17 19:35:05,475 INFO o.a.j.t.JMeterThread: Thread finished: 秒杀线程组：1000用户 1-645
2026-07-17 19:35:05,450 INFO o.a.j.t.JMeterThread: Thread is done: 秒杀线程组：1000用户 1-702
2026-07-17 19:35:05,476 INFO o.a.j.t.JMeterThread: Thread finished: 秒杀线程组：1000用户 1-659
2026-07-17 19:35:05,450 INFO o.a.j.t.JMeterThread: Thread is done: 秒杀线程组：1000用户 1-655
2026-07-17 19:35:05,450 INFO o.a.j.t.JMeterThread: Thread is done: 秒杀线程组：1000用户 1-703
2026-07-17 19:35:05,450 INFO o.a.j.t.JMeterThread: Thread is done: 秒杀线程组：1000用户 1-660
2026-07-17 19:35:05,476 INFO o.a.j.t.JMeterThread: Thread finished: 秒杀线程组：1000用户 1-703
2026-07-17 19:35:05,450 INFO o.a.j.t.JMeterThread: Thread is done: 秒杀线程组：1000用户 1-710
2026-07-17 19:35:05,476 INFO o.a.j.t.JMeterThread: Thread finished: 秒杀线程组：1000用户 1-660
2026-07-17 19:35:05,450 INFO o.a.j.t.JMeterThread: Thread is done: 秒杀线程组：1000用户 1-709
2026-07-17 19:35:05,450 INFO o.a.j.t.JMeterThread: Thread is done: 秒杀线程组：1000用户 1-661
2026-07-17 19:35:05,476 INFO o.a.j.t.JMeterThread: Thread finished: 秒杀线程组：1000用户 1-709
2026-07-17 19:35:05,450 INFO o.a.j.t.JMeterThread: Thread is done: 秒杀线程组：1000用户 1-663
2026-07-17 19:35:05,450 INFO o.a.j.t.JMeterThread: Thread is done: 秒杀线程组：1000用户 1-714
2026-07-17 19:35:05,476 INFO o.a.j.t.JMeterThread: Thread finished: 秒杀线程组：1000用户 1-663
2026-07-17 19:35:05,450 INFO o.a.j.t.JMeterThread: Thread is done: 秒杀线程组：1000用户 1-685
2026-07-17 19:35:05,450 INFO o.a.j.t.JMeterThread: Thread is done: 秒杀线程组：1000用户 1-669
2026-07-17 19:35:05,476 INFO o.a.j.t.JMeterThread: Thread finished: 秒杀线程组：1000用户 1-685
2026-07-17 19:35:05,450 INFO o.a.j.t.JMeterThread: Thread is done: 秒杀线程组：1000用户 1-665
2026-07-17 19:35:05,450 INFO o.a.j.t.JMeterThread: Thread is done: 秒杀线程组：1000用户 1-673
2026-07-17 19:35:05,476 INFO o.a.j.t.JMeterThread: Thread finished: 秒杀线程组：1000用户 1-665
2026-07-17 19:35:05,450 INFO o.a.j.t.JMeterThread: Thread is done: 秒杀线程组：1000用户 1-675
2026-07-17 19:35:05,476 INFO o.a.j.t.JMeterThread: Thread finished: 秒杀线程组：1000用户 1-673
2026-07-17 19:35:05,450 INFO o.a.j.t.JMeterThread: Thread is done: 秒杀线程组：1000用户 1-680
2026-07-17 19:35:05,476 INFO o.a.j.t.JMeterThread: Thread finished: 秒杀线程组：1000用户 1-675
2026-07-17 19:35:05,450 INFO o.a.j.t.JMeterThread: Thread is done: 秒杀线程组：1000用户 1-664
2026-07-17 19:35:05,450 INFO o.a.j.t.JMeterThread: Thread is done: 秒杀线程组：1000用户 1-670
2026-07-17 19:35:05,476 INFO o.a.j.t.JMeterThread: Thread finished: 秒杀线程组：1000用户 1-664
2026-07-17 19:35:05,450 INFO o.a.j.t.JMeterThread: Thread is done: 秒杀线程组：1000用户 1-684
2026-07-17 19:35:05,450 INFO o.a.j.t.JMeterThread: Thread is done: 秒杀线程组：1000用户 1-671
2026-07-17 19:35:05,476 INFO o.a.j.t.JMeterThread: Thread finished: 秒杀线程组：1000用户 1-684
2026-07-17 19:35:05,450 INFO o.a.j.t.JMeterThread: Thread is done: 秒杀线程组：1000用户 1-724
2026-07-17 19:35:05,450 INFO o.a.j.t.JMeterThread: Thread is done: 秒杀线程组：1000用户 1-686
2026-07-17 19:35:05,450 INFO o.a.j.t.JMeterThread: Thread is done: 秒杀线程组：1000用户 1-676
2026-07-17 19:35:05,476 INFO o.a.j.t.JMeterThread: Thread finished: 秒杀线程组：1000用户 1-686
2026-07-17 19:35:05,450 INFO o.a.j.t.JMeterThread: Thread is done: 秒杀线程组：1000用户 1-695
2026-07-17 19:35:05,476 INFO o.a.j.t.JMeterThread: Thread finished: 秒杀线程组：1000用户 1-695
2026-07-17 19:35:05,450 INFO o.a.j.t.JMeterThread: Thread is done: 秒杀线程组：1000用户 1-666
2026-07-17 19:35:05,450 INFO o.a.j.t.JMeterThread: Thread is done: 秒杀线程组：1000用户 1-667
2026-07-17 19:35:05,450 INFO o.a.j.t.JMeterThread: Thread is done: 秒杀线程组：1000用户 1-728
2026-07-17 19:35:05,450 INFO o.a.j.t.JMeterThread: Thread is done: 秒杀线程组：1000用户 1-681
2026-07-17 19:35:05,476 INFO o.a.j.t.JMeterThread: Thread finished: 秒杀线程组：1000用户 1-728
2026-07-17 19:35:05,450 INFO o.a.j.t.JMeterThread: Thread is done: 秒杀线程组：1000用户 1-689
2026-07-17 19:35:05,450 INFO o.a.j.t.JMeterThread: Thread is done: 秒杀线程组：1000用户 1-688
2026-07-17 19:35:05,450 INFO o.a.j.t.JMeterThread: Thread is done: 秒杀线程组：1000用户 1-705
2026-07-17 19:35:05,449 INFO o.a.j.t.JMeterThread: Thread is done: 秒杀线程组：1000用户 1-822
2026-07-17 19:35:05,476 INFO o.a.j.t.JMeterThread: Thread finished: 秒杀线程组：1000用户 1-705
2026-07-17 19:35:05,449 INFO o.a.j.t.JMeterThread: Thread is done: 秒杀线程组：1000用户 1-674
2026-07-17 19:35:05,449 INFO o.a.j.t.JMeterThread: Thread is done: 秒杀线程组：1000用户 1-706
2026-07-17 19:35:05,449 INFO o.a.j.t.JMeterThread: Thread is done: 秒杀线程组：1000用户 1-683
2026-07-17 19:35:05,449 INFO o.a.j.t.JMeterThread: Thread is done: 秒杀线程组：1000用户 1-677
2026-07-17 19:35:05,476 INFO o.a.j.t.JMeterThread: Thread finished: 秒杀线程组：1000用户 1-683
2026-07-17 19:35:05,449 INFO o.a.j.t.JMeterThread: Thread is done: 秒杀线程组：1000用户 1-687
2026-07-17 19:35:05,449 INFO o.a.j.t.JMeterThread: Thread is done: 秒杀线程组：1000用户 1-746
2026-07-17 19:35:05,476 INFO o.a.j.t.JMeterThread: Thread finished: 秒杀线程组：1000用户 1-687
2026-07-17 19:35:05,449 INFO o.a.j.t.JMeterThread: Thread is done: 秒杀线程组：1000用户 1-722
2026-07-17 19:35:05,448 INFO o.a.j.t.JMeterThread: Thread is done: 秒杀线程组：1000用户 1-420
2026-07-17 19:35:05,448 INFO o.a.j.t.JMeterThread: Thread is done: 秒杀线程组：1000用户 1-696
2026-07-17 19:35:05,448 INFO o.a.j.t.JMeterThread: Thread is done: 秒杀线程组：1000用户 1-775
2026-07-17 19:35:05,476 INFO o.a.j.t.JMeterThread: Thread finished: 秒杀线程组：1000用户 1-696
2026-07-17 19:35:05,448 INFO o.a.j.t.JMeterThread: Thread is done: 秒杀线程组：1000用户 1-721
2026-07-17 19:35:05,476 INFO o.a.j.t.JMeterThread: Thread finished: 秒杀线程组：1000用户 1-721
2026-07-17 19:35:05,448 INFO o.a.j.t.JMeterThread: Thread is done: 秒杀线程组：1000用户 1-692
2026-07-17 19:35:05,448 INFO o.a.j.t.JMeterThread: Thread is done: 秒杀线程组：1000用户 1-691
2026-07-17 19:35:05,448 INFO o.a.j.t.JMeterThread: Thread is done: 秒杀线程组：1000用户 1-698
2026-07-17 19:35:05,476 INFO o.a.j.t.JMeterThread: Thread finished: 秒杀线程组：1000用户 1-691
2026-07-17 19:35:05,448 INFO o.a.j.t.JMeterThread: Thread is done: 秒杀线程组：1000用户 1-693
2026-07-17 19:35:05,448 INFO o.a.j.t.JMeterThread: Thread is done: 秒杀线程组：1000用户 1-694
2026-07-17 19:35:05,448 INFO o.a.j.t.JMeterThread: Thread is done: 秒杀线程组：1000用户 1-697
2026-07-17 19:35:05,476 INFO o.a.j.t.JMeterThread: Thread finished: 秒杀线程组：1000用户 1-694
2026-07-17 19:35:05,448 INFO o.a.j.t.JMeterThread: Thread is done: 秒杀线程组：1000用户 1-700
2026-07-17 19:35:05,448 INFO o.a.j.t.JMeterThread: Thread is done: 秒杀线程组：1000用户 1-690
2026-07-17 19:35:05,476 INFO o.a.j.t.JMeterThread: Thread finished: 秒杀线程组：1000用户 1-700
2026-07-17 19:35:05,448 INFO o.a.j.t.JMeterThread: Thread is done: 秒杀线程组：1000用户 1-699
2026-07-17 19:35:05,476 INFO o.a.j.t.JMeterThread: Thread finished: 秒杀线程组：1000用户 1-699
2026-07-17 19:35:05,447 INFO o.a.j.t.JMeterThread: Thread is done: 秒杀线程组：1000用户 1-678
2026-07-17 19:35:05,446 INFO o.a.j.t.JMeterThread: Thread is done: 秒杀线程组：1000用户 1-704
2026-07-17 19:35:05,476 INFO o.a.j.t.JMeterThread: Thread finished: 秒杀线程组：1000用户 1-678
2026-07-17 19:35:05,446 INFO o.a.j.t.JMeterThread: Thread is done: 秒杀线程组：1000用户 1-679
2026-07-17 19:35:05,476 INFO o.a.j.t.JMeterThread: Thread finished: 秒杀线程组：1000用户 1-679
2026-07-17 19:35:05,476 INFO o.a.j.t.JMeterThread: Thread finished: 秒杀线程组：1000用户 1-697
2026-07-17 19:35:05,476 INFO o.a.j.t.JMeterThread: Thread finished: 秒杀线程组：1000用户 1-693
2026-07-17 19:35:05,476 INFO o.a.j.t.JMeterThread: Thread finished: 秒杀线程组：1000用户 1-692
2026-07-17 19:35:05,476 INFO o.a.j.t.JMeterThread: Thread finished: 秒杀线程组：1000用户 1-775
2026-07-17 19:35:05,476 INFO o.a.j.t.JMeterThread: Thread finished: 秒杀线程组：1000用户 1-420
2026-07-17 19:35:05,476 INFO o.a.j.t.JMeterThread: Thread finished: 秒杀线程组：1000用户 1-722
2026-07-17 19:35:05,476 INFO o.a.j.t.JMeterThread: Thread finished: 秒杀线程组：1000用户 1-677
2026-07-17 19:35:05,476 INFO o.a.j.t.JMeterThread: Thread finished: 秒杀线程组：1000用户 1-706
2026-07-17 19:35:05,476 INFO o.a.j.t.JMeterThread: Thread finished: 秒杀线程组：1000用户 1-674
2026-07-17 19:35:05,476 INFO o.a.j.t.JMeterThread: Thread finished: 秒杀线程组：1000用户 1-688
2026-07-17 19:35:05,476 INFO o.a.j.t.JMeterThread: Thread finished: 秒杀线程组：1000用户 1-689
2026-07-17 19:35:05,476 INFO o.a.j.t.JMeterThread: Thread finished: 秒杀线程组：1000用户 1-681
2026-07-17 19:35:05,476 INFO o.a.j.t.JMeterThread: Thread finished: 秒杀线程组：1000用户 1-667
2026-07-17 19:35:05,476 INFO o.a.j.t.JMeterThread: Thread finished: 秒杀线程组：1000用户 1-666
2026-07-17 19:35:05,478 INFO o.a.j.t.JMeterThread: Thread finished: 秒杀线程组：1000用户 1-676
2026-07-17 19:35:05,476 INFO o.a.j.t.JMeterThread: Thread finished: 秒杀线程组：1000用户 1-724
2026-07-17 19:35:05,478 INFO o.a.j.t.JMeterThread: Thread finished: 秒杀线程组：1000用户 1-671
2026-07-17 19:35:05,478 INFO o.a.j.t.JMeterThread: Thread finished: 秒杀线程组：1000用户 1-680
2026-07-17 19:35:05,476 INFO o.a.j.t.JMeterThread: Thread finished: 秒杀线程组：1000用户 1-669
2026-07-17 19:35:05,476 INFO o.a.j.t.JMeterThread: Thread finished: 秒杀线程组：1000用户 1-714
2026-07-17 19:35:05,476 INFO o.a.j.t.JMeterThread: Thread finished: 秒杀线程组：1000用户 1-661
2026-07-17 19:35:05,476 INFO o.a.j.t.JMeterThread: Thread finished: 秒杀线程组：1000用户 1-710
2026-07-17 19:35:05,476 INFO o.a.j.t.JMeterThread: Thread finished: 秒杀线程组：1000用户 1-655
2026-07-17 19:35:05,478 INFO o.a.j.t.JMeterThread: Thread finished: 秒杀线程组：1000用户 1-702
2026-07-17 19:35:05,478 INFO o.a.j.t.JMeterThread: Thread finished: 秒杀线程组：1000用户 1-656
2026-07-17 19:35:05,475 INFO o.a.j.t.JMeterThread: Thread finished: 秒杀线程组：1000用户 1-672
2026-07-17 19:35:05,478 INFO o.a.j.t.JMeterThread: Thread finished: 秒杀线程组：1000用户 1-723
2026-07-17 19:35:05,475 INFO o.a.j.t.JMeterThread: Thread finished: 秒杀线程组：1000用户 1-642
2026-07-17 19:35:05,475 INFO o.a.j.t.JMeterThread: Thread finished: 秒杀线程组：1000用户 1-713
2026-07-17 19:35:05,478 INFO o.a.j.t.JMeterThread: Thread finished: 秒杀线程组：1000用户 1-716
2026-07-17 19:35:05,475 INFO o.a.j.t.JMeterThread: Thread finished: 秒杀线程组：1000用户 1-729
2026-07-17 19:35:05,479 INFO o.a.j.t.JMeterThread: Thread finished: 秒杀线程组：1000用户 1-715
2026-07-17 19:35:05,475 INFO o.a.j.t.JMeterThread: Thread finished: 秒杀线程组：1000用户 1-828
2026-07-17 19:35:05,475 INFO o.a.j.t.JMeterThread: Thread finished: 秒杀线程组：1000用户 1-733
2026-07-17 19:35:05,479 INFO o.a.j.t.JMeterThread: Thread finished: 秒杀线程组：1000用户 1-737
2026-07-17 19:35:05,473 INFO o.a.j.t.JMeterThread: Thread finished: 秒杀线程组：1000用户 1-736
2026-07-17 19:35:05,479 INFO o.a.j.t.JMeterThread: Thread finished: 秒杀线程组：1000用户 1-640
2026-07-17 19:35:05,473 INFO o.a.j.t.JMeterThread: Thread finished: 秒杀线程组：1000用户 1-754
2026-07-17 19:35:05,473 INFO o.a.j.t.JMeterThread: Thread finished: 秒杀线程组：1000用户 1-643
2026-07-17 19:35:05,473 INFO o.a.j.t.JMeterThread: Thread finished: 秒杀线程组：1000用户 1-717
2026-07-17 19:35:05,479 INFO o.a.j.t.JMeterThread: Thread finished: 秒杀线程组：1000用户 1-725
2026-07-17 19:35:05,479 INFO o.a.j.t.JMeterThread: Thread finished: 秒杀线程组：1000用户 1-783
2026-07-17 19:35:05,479 INFO o.a.j.t.JMeterThread: Thread finished: 秒杀线程组：1000用户 1-789
2026-07-17 19:35:05,473 INFO o.a.j.t.JMeterThread: Thread finished: 秒杀线程组：1000用户 1-815
2026-07-17 19:35:05,473 INFO o.a.j.t.JMeterThread: Thread finished: 秒杀线程组：1000用户 1-734
2026-07-17 19:35:05,473 INFO o.a.j.t.JMeterThread: Thread finished: 秒杀线程组：1000用户 1-797
2026-07-17 19:35:05,473 INFO o.a.j.t.JMeterThread: Thread finished: 秒杀线程组：1000用户 1-800
2026-07-17 19:35:05,473 INFO o.a.j.t.JMeterThread: Thread finished: 秒杀线程组：1000用户 1-740
2026-07-17 19:35:05,473 INFO o.a.j.t.JMeterThread: Thread finished: 秒杀线程组：1000用户 1-755
2026-07-17 19:35:05,473 INFO o.a.j.t.JMeterThread: Thread finished: 秒杀线程组：1000用户 1-735
2026-07-17 19:35:05,473 INFO o.a.j.t.JMeterThread: Thread finished: 秒杀线程组：1000用户 1-837
2026-07-17 19:35:05,473 INFO o.a.j.t.JMeterThread: Thread finished: 秒杀线程组：1000用户 1-738
2026-07-17 19:35:05,480 INFO o.a.j.t.JMeterThread: Thread finished: 秒杀线程组：1000用户 1-762
2026-07-17 19:35:05,472 INFO o.a.j.t.JMeterThread: Thread finished: 秒杀线程组：1000用户 1-804
2026-07-17 19:35:05,472 INFO o.a.j.t.JMeterThread: Thread finished: 秒杀线程组：1000用户 1-823
2026-07-17 19:35:05,472 INFO o.a.j.t.JMeterThread: Thread finished: 秒杀线程组：1000用户 1-820
2026-07-17 19:35:05,472 INFO o.a.j.t.JMeterThread: Thread finished: 秒杀线程组：1000用户 1-758
2026-07-17 19:35:05,472 INFO o.a.j.t.JMeterThread: Thread finished: 秒杀线程组：1000用户 1-816
2026-07-17 19:35:05,472 INFO o.a.j.t.JMeterThread: Thread finished: 秒杀线程组：1000用户 1-739
2026-07-17 19:35:05,480 INFO o.a.j.t.JMeterThread: Thread finished: 秒杀线程组：1000用户 1-253
2026-07-17 19:35:05,472 INFO o.a.j.t.JMeterThread: Thread finished: 秒杀线程组：1000用户 1-784
2026-07-17 19:35:05,472 INFO o.a.j.t.JMeterThread: Thread finished: 秒杀线程组：1000用户 1-787
2026-07-17 19:35:05,480 INFO o.a.j.t.JMeterThread: Thread finished: 秒杀线程组：1000用户 1-782
2026-07-17 19:35:05,472 INFO o.a.j.t.JMeterThread: Thread finished: 秒杀线程组：1000用户 1-785
2026-07-17 19:35:05,472 INFO o.a.j.t.JMeterThread: Thread is done: 秒杀线程组：1000用户 1-11
2026-07-17 19:35:05,472 INFO o.a.j.t.JMeterThread: Thread is done: 秒杀线程组：1000用户 1-27
2026-07-17 19:35:05,480 INFO o.a.j.t.JMeterThread: Thread finished: 秒杀线程组：1000用户 1-27
2026-07-17 19:35:05,480 INFO o.a.j.t.JMeterThread: Thread finished: 秒杀线程组：1000用户 1-638
2026-07-17 19:35:05,471 INFO o.a.j.t.JMeterThread: Thread is done: 秒杀线程组：1000用户 1-36
2026-07-17 19:35:05,471 INFO o.a.j.t.JMeterThread: Thread is done: 秒杀线程组：1000用户 1-136
2026-07-17 19:35:05,471 INFO o.a.j.t.JMeterThread: Thread is done: 秒杀线程组：1000用户 1-39
2026-07-17 19:35:05,481 INFO o.a.j.t.JMeterThread: Thread finished: 秒杀线程组：1000用户 1-39
2026-07-17 19:35:05,471 INFO o.a.j.t.JMeterThread: Thread is done: 秒杀线程组：1000用户 1-296
2026-07-17 19:35:05,471 INFO o.a.j.t.JMeterThread: Thread finished: 秒杀线程组：1000用户 1-788
2026-07-17 19:35:05,481 INFO o.a.j.t.JMeterThread: Thread finished: 秒杀线程组：1000用户 1-296
2026-07-17 19:35:05,471 INFO o.a.j.t.JMeterThread: Thread is done: 秒杀线程组：1000用户 1-146
2026-07-17 19:35:05,481 INFO o.a.j.t.JMeterThread: Thread finished: 秒杀线程组：1000用户 1-146
2026-07-17 19:35:05,471 INFO o.a.j.t.JMeterThread: Thread finished: 秒杀线程组：1000用户 1-761
2026-07-17 19:35:05,471 INFO o.a.j.t.JMeterThread: Thread finished: 秒杀线程组：1000用户 1-64
2026-07-17 19:35:05,471 INFO o.a.j.t.JMeterThread: Thread finished: 秒杀线程组：1000用户 1-796
2026-07-17 19:35:05,471 INFO o.a.j.t.JMeterThread: Thread finished: 秒杀线程组：1000用户 1-791
2026-07-17 19:35:05,471 INFO o.a.j.t.JMeterThread: Thread finished: 秒杀线程组：1000用户 1-798
2026-07-17 19:35:05,471 INFO o.a.j.t.JMeterThread: Thread is done: 秒杀线程组：1000用户 1-215
2026-07-17 19:35:05,471 INFO o.a.j.t.JMeterThread: Thread finished: 秒杀线程组：1000用户 1-786
2026-07-17 19:35:05,470 INFO o.a.j.t.JMeterThread: Thread is done: 秒杀线程组：1000用户 1-817
2026-07-17 19:35:05,481 INFO o.a.j.t.JMeterThread: Thread finished: 秒杀线程组：1000用户 1-817
2026-07-17 19:35:05,470 INFO o.a.j.t.JMeterThread: Thread finished: 秒杀线程组：1000用户 1-648
2026-07-17 19:35:05,470 INFO o.a.j.t.JMeterThread: Thread is done: 秒杀线程组：1000用户 1-137
2026-07-17 19:35:05,469 INFO o.a.j.t.JMeterThread: Thread is done: 秒杀线程组：1000用户 1-795
2026-07-17 19:35:05,481 INFO o.a.j.t.JMeterThread: Thread finished: 秒杀线程组：1000用户 1-795
2026-07-17 19:35:05,469 INFO o.a.j.t.JMeterThread: Thread is done: 秒杀线程组：1000用户 1-829
2026-07-17 19:35:05,469 INFO o.a.j.t.JMeterThread: Thread is done: 秒杀线程组：1000用户 1-865
2026-07-17 19:35:05,468 INFO o.a.j.t.JMeterThread: Thread finished: 秒杀线程组：1000用户 1-805
2026-07-17 19:35:05,481 INFO o.a.j.t.JMeterThread: Thread finished: 秒杀线程组：1000用户 1-865
2026-07-17 19:35:05,468 INFO o.a.j.t.JMeterThread: Thread is done: 秒杀线程组：1000用户 1-57
2026-07-17 19:35:05,467 INFO o.a.j.t.JMeterThread: Thread finished: 秒杀线程组：1000用户 1-774
2026-07-17 19:35:05,467 INFO o.a.j.t.JMeterThread: Thread is done: 秒杀线程组：1000用户 1-864
2026-07-17 19:35:05,467 INFO o.a.j.t.JMeterThread: Thread finished: 秒杀线程组：1000用户 1-650
2026-07-17 19:35:05,467 INFO o.a.j.t.JMeterThread: Thread finished: 秒杀线程组：1000用户 1-830
2026-07-17 19:35:05,467 INFO o.a.j.t.JMeterThread: Thread is done: 秒杀线程组：1000用户 1-855
2026-07-17 19:35:05,482 INFO o.a.j.t.JMeterThread: Thread finished: 秒杀线程组：1000用户 1-855
2026-07-17 19:35:05,466 INFO o.a.j.t.JMeterThread: Thread finished: 秒杀线程组：1000用户 1-813
2026-07-17 19:35:05,466 INFO o.a.j.t.JMeterThread: Thread is done: 秒杀线程组：1000用户 1-853
2026-07-17 19:35:05,466 INFO o.a.j.t.JMeterThread: Thread finished: 秒杀线程组：1000用户 1-803
2026-07-17 19:35:05,466 INFO o.a.j.t.JMeterThread: Thread is done: 秒杀线程组：1000用户 1-779
2026-07-17 19:35:05,482 INFO o.a.j.t.JMeterThread: Thread finished: 秒杀线程组：1000用户 1-765
2026-07-17 19:35:05,464 INFO o.a.j.t.JMeterThread: Thread finished: 秒杀线程组：1000用户 1-124
2026-07-17 19:35:05,464 INFO o.a.j.t.JMeterThread: Thread finished: 秒杀线程组：1000用户 1-637
2026-07-17 19:35:05,464 INFO o.a.j.t.JMeterThread: Thread finished: 秒杀线程组：1000用户 1-719
2026-07-17 19:35:05,464 INFO o.a.j.t.JMeterThread: Thread is done: 秒杀线程组：1000用户 1-873
2026-07-17 19:35:05,482 INFO o.a.j.t.JMeterThread: Thread finished: 秒杀线程组：1000用户 1-873
2026-07-17 19:35:05,464 INFO o.a.j.t.JMeterThread: Thread is done: 秒杀线程组：1000用户 1-802
2026-07-17 19:35:05,464 INFO o.a.j.t.JMeterThread: Thread is done: 秒杀线程组：1000用户 1-76
2026-07-17 19:35:05,464 INFO o.a.j.t.JMeterThread: Thread is done: 秒杀线程组：1000用户 1-858
2026-07-17 19:35:05,482 INFO o.a.j.t.JMeterThread: Thread finished: 秒杀线程组：1000用户 1-858
2026-07-17 19:35:05,464 INFO o.a.j.t.JMeterThread: Thread is done: 秒杀线程组：1000用户 1-240
2026-07-17 19:35:05,482 INFO o.a.j.t.JMeterThread: Thread finished: 秒杀线程组：1000用户 1-207
2026-07-17 19:35:05,464 INFO o.a.j.t.JMeterThread: Thread finished: 秒杀线程组：1000用户 1-701
2026-07-17 19:35:05,464 INFO o.a.j.t.JMeterThread: Thread finished: 秒杀线程组：1000用户 1-812
2026-07-17 19:35:05,464 INFO o.a.j.t.JMeterThread: Thread is done: 秒杀线程组：1000用户 1-856
2026-07-17 19:35:05,464 INFO o.a.j.t.JMeterThread: Thread is done: 秒杀线程组：1000用户 1-345
2026-07-17 19:35:05,482 INFO o.a.j.t.JMeterThread: Thread finished: 秒杀线程组：1000用户 1-856
2026-07-17 19:35:05,482 INFO o.a.j.t.JMeterThread: Thread finished: 秒杀线程组：1000用户 1-345
2026-07-17 19:35:05,464 INFO o.a.j.t.JMeterThread: Thread is done: 秒杀线程组：1000用户 1-756
2026-07-17 19:35:05,482 INFO o.a.j.t.JMeterThread: Thread finished: 秒杀线程组：1000用户 1-756
2026-07-17 19:35:05,463 INFO o.a.j.t.JMeterThread: Thread is done: 秒杀线程组：1000用户 1-840
2026-07-17 19:35:05,482 INFO o.a.j.t.JMeterThread: Thread finished: 秒杀线程组：1000用户 1-840
2026-07-17 19:35:05,463 INFO o.a.j.t.JMeterThread: Thread is done: 秒杀线程组：1000用户 1-839
2026-07-17 19:35:05,463 INFO o.a.j.t.JMeterThread: Thread is done: 秒杀线程组：1000用户 1-845
2026-07-17 19:35:05,482 INFO o.a.j.t.JMeterThread: Thread finished: 秒杀线程组：1000用户 1-839
2026-07-17 19:35:05,463 INFO o.a.j.t.JMeterThread: Thread finished: 秒杀线程组：1000用户 1-759
2026-07-17 19:35:05,463 INFO o.a.j.t.JMeterThread: Thread finished: 秒杀线程组：1000用户 1-82
2026-07-17 19:35:05,463 INFO o.a.j.t.JMeterThread: Thread is done: 秒杀线程组：1000用户 1-868
2026-07-17 19:35:05,463 INFO o.a.j.t.JMeterThread: Thread finished: 秒杀线程组：1000用户 1-641
2026-07-17 19:35:05,463 INFO o.a.j.t.JMeterThread: Thread is done: 秒杀线程组：1000用户 1-842
2026-07-17 19:35:05,463 INFO o.a.j.t.JMeterThread: Thread is done: 秒杀线程组：1000用户 1-752
2026-07-17 19:35:05,482 INFO o.a.j.t.JMeterThread: Thread finished: 秒杀线程组：1000用户 1-842
2026-07-17 19:35:05,463 INFO o.a.j.t.JMeterThread: Thread is done: 秒杀线程组：1000用户 1-763
2026-07-17 19:35:05,463 INFO o.a.j.t.JMeterThread: Thread is done: 秒杀线程组：1000用户 1-849
2026-07-17 19:35:05,482 INFO o.a.j.t.JMeterThread: Thread finished: 秒杀线程组：1000用户 1-849
2026-07-17 19:35:05,463 INFO o.a.j.t.JMeterThread: Thread finished: 秒杀线程组：1000用户 1-619
2026-07-17 19:35:05,462 INFO o.a.j.t.JMeterThread: Thread is done: 秒杀线程组：1000用户 1-851
2026-07-17 19:35:05,462 INFO o.a.j.t.JMeterThread: Thread is done: 秒杀线程组：1000用户 1-825
2026-07-17 19:35:05,461 INFO o.a.j.t.JMeterThread: Thread is done: 秒杀线程组：1000用户 1-841
2026-07-17 19:35:05,484 INFO o.a.j.t.JMeterThread: Thread finished: 秒杀线程组：1000用户 1-825
2026-07-17 19:35:05,461 INFO o.a.j.t.JMeterThread: Thread is done: 秒杀线程组：1000用户 1-826
2026-07-17 19:35:05,484 INFO o.a.j.t.JMeterThread: Thread finished: 秒杀线程组：1000用户 1-826
2026-07-17 19:35:05,461 INFO o.a.j.t.JMeterThread: Thread is done: 秒杀线程组：1000用户 1-770
2026-07-17 19:35:05,461 INFO o.a.j.t.JMeterThread: Thread is done: 秒杀线程组：1000用户 1-776
2026-07-17 19:35:05,461 INFO o.a.j.t.JMeterThread: Thread is done: 秒杀线程组：1000用户 1-767
2026-07-17 19:35:05,484 INFO o.a.j.t.JMeterThread: Thread finished: 秒杀线程组：1000用户 1-776
2026-07-17 19:35:05,484 INFO o.a.j.t.JMeterThread: Thread finished: 秒杀线程组：1000用户 1-770
2026-07-17 19:35:05,484 INFO o.a.j.t.JMeterThread: Thread finished: 秒杀线程组：1000用户 1-851
2026-07-17 19:35:05,484 INFO o.a.j.t.JMeterThread: Thread finished: 秒杀线程组：1000用户 1-841
2026-07-17 19:35:05,482 INFO o.a.j.t.JMeterThread: Thread finished: 秒杀线程组：1000用户 1-763
2026-07-17 19:35:05,482 INFO o.a.j.t.JMeterThread: Thread finished: 秒杀线程组：1000用户 1-752
2026-07-17 19:35:05,482 INFO o.a.j.t.JMeterThread: Thread finished: 秒杀线程组：1000用户 1-824
2026-07-17 19:35:05,482 INFO o.a.j.t.JMeterThread: Thread finished: 秒杀线程组：1000用户 1-868
2026-07-17 19:35:05,484 INFO o.a.j.t.JMeterThread: Thread finished: 秒杀线程组：1000用户 1-845
2026-07-17 19:35:05,482 INFO o.a.j.t.JMeterThread: Thread finished: 秒杀线程组：1000用户 1-652
2026-07-17 19:35:05,482 INFO o.a.j.t.JMeterThread: Thread finished: 秒杀线程组：1000用户 1-649
2026-07-17 19:35:05,482 INFO o.a.j.t.JMeterThread: Thread finished: 秒杀线程组：1000用户 1-712
2026-07-17 19:35:05,482 INFO o.a.j.t.JMeterThread: Thread finished: 秒杀线程组：1000用户 1-76
2026-07-17 19:35:05,482 INFO o.a.j.t.JMeterThread: Thread finished: 秒杀线程组：1000用户 1-802
2026-07-17 19:35:05,482 INFO o.a.j.t.JMeterThread: Thread finished: 秒杀线程组：1000用户 1-819
2026-07-17 19:35:05,485 INFO o.a.j.t.JMeterThread: Thread finished: 秒杀线程组：1000用户 1-779
2026-07-17 19:35:05,482 INFO o.a.j.t.JMeterThread: Thread finished: 秒杀线程组：1000用户 1-853
2026-07-17 19:35:05,481 INFO o.a.j.t.JMeterThread: Thread finished: 秒杀线程组：1000用户 1-864
2026-07-17 19:35:05,481 INFO o.a.j.t.JMeterThread: Thread finished: 秒杀线程组：1000用户 1-57
2026-07-17 19:35:05,481 INFO o.a.j.t.JMeterThread: Thread finished: 秒杀线程组：1000用户 1-829
2026-07-17 19:35:05,481 INFO o.a.j.t.JMeterThread: Thread finished: 秒杀线程组：1000用户 1-137
2026-07-17 19:35:05,481 INFO o.a.j.t.JMeterThread: Thread finished: 秒杀线程组：1000用户 1-215
2026-07-17 19:35:05,481 INFO o.a.j.t.JMeterThread: Thread finished: 秒杀线程组：1000用户 1-68
2026-07-17 19:35:05,481 INFO o.a.j.t.JMeterThread: Thread finished: 秒杀线程组：1000用户 1-792
2026-07-17 19:35:05,481 INFO o.a.j.t.JMeterThread: Thread finished: 秒杀线程组：1000用户 1-136
2026-07-17 19:35:05,481 INFO o.a.j.t.JMeterThread: Thread finished: 秒杀线程组：1000用户 1-36
2026-07-17 19:35:05,480 INFO o.a.j.t.JMeterThread: Thread finished: 秒杀线程组：1000用户 1-11
2026-07-17 19:35:05,480 INFO o.a.j.t.JMeterThread: Thread finished: 秒杀线程组：1000用户 1-742
2026-07-17 19:35:05,480 INFO o.a.j.t.JMeterThread: Thread finished: 秒杀线程组：1000用户 1-741
2026-07-17 19:35:05,479 INFO o.a.j.t.JMeterThread: Thread finished: 秒杀线程组：1000用户 1-657
2026-07-17 19:35:05,478 INFO o.a.j.t.JMeterThread: Thread finished: 秒杀线程组：1000用户 1-731
2026-07-17 19:35:05,478 INFO o.a.j.t.JMeterThread: Thread finished: 秒杀线程组：1000用户 1-843
2026-07-17 19:35:05,478 INFO o.a.j.t.JMeterThread: Thread finished: 秒杀线程组：1000用户 1-670
2026-07-17 19:35:05,478 INFO o.a.j.t.JMeterThread: Thread finished: 秒杀线程组：1000用户 1-822
2026-07-17 19:35:05,478 INFO o.a.j.t.JMeterThread: Thread finished: 秒杀线程组：1000用户 1-746
2026-07-17 19:35:05,476 INFO o.a.j.t.JMeterThread: Thread finished: 秒杀线程组：1000用户 1-698
2026-07-17 19:35:05,476 INFO o.a.j.t.JMeterThread: Thread finished: 秒杀线程组：1000用户 1-690
2026-07-17 19:35:05,476 INFO o.a.j.t.JMeterThread: Thread finished: 秒杀线程组：1000用户 1-704
2026-07-17 19:35:05,485 INFO o.a.j.t.JMeterThread: Thread finished: 秒杀线程组：1000用户 1-240
2026-07-17 19:35:05,486 INFO o.a.j.t.JMeterThread: Thread finished: 秒杀线程组：1000用户 1-767
2026-07-17 19:35:05,491 INFO o.a.j.t.JMeterThread: Thread is done: 秒杀线程组：1000用户 1-268
2026-07-17 19:35:05,491 INFO o.a.j.t.JMeterThread: Thread finished: 秒杀线程组：1000用户 1-268
2026-07-17 19:35:05,491 INFO o.a.j.t.JMeterThread: Thread is done: 秒杀线程组：1000用户 1-41
2026-07-17 19:35:05,491 INFO o.a.j.t.JMeterThread: Thread finished: 秒杀线程组：1000用户 1-41
2026-07-17 19:35:05,493 INFO o.a.j.t.JMeterThread: Thread is done: 秒杀线程组：1000用户 1-125
2026-07-17 19:35:05,493 INFO o.a.j.t.JMeterThread: Thread is done: 秒杀线程组：1000用户 1-107
2026-07-17 19:35:05,493 INFO o.a.j.t.JMeterThread: Thread is done: 秒杀线程组：1000用户 1-83
2026-07-17 19:35:05,493 INFO o.a.j.t.JMeterThread: Thread finished: 秒杀线程组：1000用户 1-107
2026-07-17 19:35:05,493 INFO o.a.j.t.JMeterThread: Thread finished: 秒杀线程组：1000用户 1-125
2026-07-17 19:35:05,493 INFO o.a.j.t.JMeterThread: Thread is done: 秒杀线程组：1000用户 1-129
2026-07-17 19:35:05,493 INFO o.a.j.t.JMeterThread: Thread finished: 秒杀线程组：1000用户 1-129
2026-07-17 19:35:05,493 INFO o.a.j.t.JMeterThread: Thread finished: 秒杀线程组：1000用户 1-83
2026-07-17 19:35:05,493 INFO o.a.j.t.JMeterThread: Thread is done: 秒杀线程组：1000用户 1-288
2026-07-17 19:35:05,493 INFO o.a.j.t.JMeterThread: Thread finished: 秒杀线程组：1000用户 1-288
2026-07-17 19:35:05,493 INFO o.a.j.t.JMeterThread: Thread is done: 秒杀线程组：1000用户 1-229
2026-07-17 19:35:05,493 INFO o.a.j.t.JMeterThread: Thread is done: 秒杀线程组：1000用户 1-158
2026-07-17 19:35:05,493 INFO o.a.j.t.JMeterThread: Thread finished: 秒杀线程组：1000用户 1-229
2026-07-17 19:35:05,493 INFO o.a.j.t.JMeterThread: Thread finished: 秒杀线程组：1000用户 1-158
2026-07-17 19:35:05,493 INFO o.a.j.t.JMeterThread: Thread is done: 秒杀线程组：1000用户 1-148
2026-07-17 19:35:05,493 INFO o.a.j.t.JMeterThread: Thread finished: 秒杀线程组：1000用户 1-148
2026-07-17 19:35:05,493 INFO o.a.j.t.JMeterThread: Thread is done: 秒杀线程组：1000用户 1-910
2026-07-17 19:35:05,494 INFO o.a.j.t.JMeterThread: Thread finished: 秒杀线程组：1000用户 1-910
2026-07-17 19:35:05,494 INFO o.a.j.t.JMeterThread: Thread is done: 秒杀线程组：1000用户 1-34
2026-07-17 19:35:05,494 INFO o.a.j.t.JMeterThread: Thread finished: 秒杀线程组：1000用户 1-34
2026-07-17 19:35:05,494 INFO o.a.j.t.JMeterThread: Thread is done: 秒杀线程组：1000用户 1-934
2026-07-17 19:35:05,494 INFO o.a.j.t.JMeterThread: Thread finished: 秒杀线程组：1000用户 1-934
2026-07-17 19:35:05,494 INFO o.a.j.t.JMeterThread: Thread is done: 秒杀线程组：1000用户 1-135
2026-07-17 19:35:05,494 INFO o.a.j.t.JMeterThread: Thread finished: 秒杀线程组：1000用户 1-135
2026-07-17 19:35:05,494 INFO o.a.j.t.JMeterThread: Thread is done: 秒杀线程组：1000用户 1-193
2026-07-17 19:35:05,494 INFO o.a.j.t.JMeterThread: Thread finished: 秒杀线程组：1000用户 1-193
2026-07-17 19:35:05,494 INFO o.a.j.t.JMeterThread: Thread is done: 秒杀线程组：1000用户 1-933
2026-07-17 19:35:05,494 INFO o.a.j.t.JMeterThread: Thread is done: 秒杀线程组：1000用户 1-210
2026-07-17 19:35:05,494 INFO o.a.j.t.JMeterThread: Thread finished: 秒杀线程组：1000用户 1-210
2026-07-17 19:35:05,494 INFO o.a.j.t.JMeterThread: Thread is done: 秒杀线程组：1000用户 1-38
2026-07-17 19:35:05,494 INFO o.a.j.t.JMeterThread: Thread is done: 秒杀线程组：1000用户 1-40
2026-07-17 19:35:05,494 INFO o.a.j.t.JMeterThread: Thread finished: 秒杀线程组：1000用户 1-933
2026-07-17 19:35:05,494 INFO o.a.j.t.JMeterThread: Thread is done: 秒杀线程组：1000用户 1-48
2026-07-17 19:35:05,494 INFO o.a.j.t.JMeterThread: Thread finished: 秒杀线程组：1000用户 1-38
2026-07-17 19:35:05,494 INFO o.a.j.t.JMeterThread: Thread is done: 秒杀线程组：1000用户 1-241
2026-07-17 19:35:05,494 INFO o.a.j.t.JMeterThread: Thread is done: 秒杀线程组：1000用户 1-131
2026-07-17 19:35:05,494 INFO o.a.j.t.JMeterThread: Thread is done: 秒杀线程组：1000用户 1-169
2026-07-17 19:35:05,494 INFO o.a.j.t.JMeterThread: Thread finished: 秒杀线程组：1000用户 1-169
2026-07-17 19:35:05,494 INFO o.a.j.t.JMeterThread: Thread finished: 秒杀线程组：1000用户 1-131
2026-07-17 19:35:05,494 INFO o.a.j.t.JMeterThread: Thread finished: 秒杀线程组：1000用户 1-40
2026-07-17 19:35:05,494 INFO o.a.j.t.JMeterThread: Thread finished: 秒杀线程组：1000用户 1-48
2026-07-17 19:35:05,494 INFO o.a.j.t.JMeterThread: Thread is done: 秒杀线程组：1000用户 1-272
2026-07-17 19:35:05,494 INFO o.a.j.t.JMeterThread: Thread finished: 秒杀线程组：1000用户 1-272
2026-07-17 19:35:05,494 INFO o.a.j.t.JMeterThread: Thread finished: 秒杀线程组：1000用户 1-241
2026-07-17 19:35:05,495 INFO o.a.j.t.JMeterThread: Thread is done: 秒杀线程组：1000用户 1-871
2026-07-17 19:35:05,495 INFO o.a.j.t.JMeterThread: Thread finished: 秒杀线程组：1000用户 1-871
2026-07-17 19:35:05,495 INFO o.a.j.t.JMeterThread: Thread is done: 秒杀线程组：1000用户 1-186
2026-07-17 19:35:05,495 INFO o.a.j.t.JMeterThread: Thread finished: 秒杀线程组：1000用户 1-186
2026-07-17 19:35:05,495 INFO o.a.j.t.JMeterThread: Thread is done: 秒杀线程组：1000用户 1-281
2026-07-17 19:35:05,495 INFO o.a.j.t.JMeterThread: Thread finished: 秒杀线程组：1000用户 1-281
2026-07-17 19:35:05,495 INFO o.a.j.t.JMeterThread: Thread is done: 秒杀线程组：1000用户 1-99
2026-07-17 19:35:05,495 INFO o.a.j.t.JMeterThread: Thread is done: 秒杀线程组：1000用户 1-818
2026-07-17 19:35:05,495 INFO o.a.j.t.JMeterThread: Thread finished: 秒杀线程组：1000用户 1-99
2026-07-17 19:35:05,495 INFO o.a.j.t.JMeterThread: Thread is done: 秒杀线程组：1000用户 1-231
2026-07-17 19:35:05,495 INFO o.a.j.t.JMeterThread: Thread is done: 秒杀线程组：1000用户 1-14
2026-07-17 19:35:05,495 INFO o.a.j.t.JMeterThread: Thread is done: 秒杀线程组：1000用户 1-821
2026-07-17 19:35:05,495 INFO o.a.j.t.JMeterThread: Thread is done: 秒杀线程组：1000用户 1-147
2026-07-17 19:35:05,495 INFO o.a.j.t.JMeterThread: Thread finished: 秒杀线程组：1000用户 1-147
2026-07-17 19:35:05,495 INFO o.a.j.t.JMeterThread: Thread is done: 秒杀线程组：1000用户 1-138
2026-07-17 19:35:05,495 INFO o.a.j.t.JMeterThread: Thread is done: 秒杀线程组：1000用户 1-86
2026-07-17 19:35:05,495 INFO o.a.j.t.JMeterThread: Thread finished: 秒杀线程组：1000用户 1-86
2026-07-17 19:35:05,495 INFO o.a.j.t.JMeterThread: Thread finished: 秒杀线程组：1000用户 1-821
2026-07-17 19:35:05,495 INFO o.a.j.t.JMeterThread: Thread is done: 秒杀线程组：1000用户 1-6
2026-07-17 19:35:05,496 INFO o.a.j.t.JMeterThread: Thread finished: 秒杀线程组：1000用户 1-6
2026-07-17 19:35:05,495 INFO o.a.j.t.JMeterThread: Thread finished: 秒杀线程组：1000用户 1-14
2026-07-17 19:35:05,496 INFO o.a.j.t.JMeterThread: Thread is done: 秒杀线程组：1000用户 1-72
2026-07-17 19:35:05,495 INFO o.a.j.t.JMeterThread: Thread finished: 秒杀线程组：1000用户 1-231
2026-07-17 19:35:05,496 INFO o.a.j.t.JMeterThread: Thread finished: 秒杀线程组：1000用户 1-72
2026-07-17 19:35:05,495 INFO o.a.j.t.JMeterThread: Thread is done: 秒杀线程组：1000用户 1-209
2026-07-17 19:35:05,496 INFO o.a.j.t.JMeterThread: Thread is done: 秒杀线程组：1000用户 1-5
2026-07-17 19:35:05,496 INFO o.a.j.t.JMeterThread: Thread is done: 秒杀线程组：1000用户 1-97
2026-07-17 19:35:05,496 INFO o.a.j.t.JMeterThread: Thread finished: 秒杀线程组：1000用户 1-209
2026-07-17 19:35:05,495 INFO o.a.j.t.JMeterThread: Thread finished: 秒杀线程组：1000用户 1-138
2026-07-17 19:35:05,495 INFO o.a.j.t.JMeterThread: Thread is done: 秒杀线程组：1000用户 1-188
2026-07-17 19:35:05,497 INFO o.a.j.t.JMeterThread: Thread finished: 秒杀线程组：1000用户 1-188
2026-07-17 19:35:05,495 INFO o.a.j.t.JMeterThread: Thread finished: 秒杀线程组：1000用户 1-818
2026-07-17 19:35:05,497 INFO o.a.j.t.JMeterThread: Thread is done: 秒杀线程组：1000用户 1-178
2026-07-17 19:35:05,497 INFO o.a.j.t.JMeterThread: Thread is done: 秒杀线程组：1000用户 1-163
2026-07-17 19:35:05,496 INFO o.a.j.t.JMeterThread: Thread is done: 秒杀线程组：1000用户 1-2
2026-07-17 19:35:05,496 INFO o.a.j.t.JMeterThread: Thread is done: 秒杀线程组：1000用户 1-9
2026-07-17 19:35:05,497 INFO o.a.j.t.JMeterThread: Thread finished: 秒杀线程组：1000用户 1-2
2026-07-17 19:35:05,497 INFO o.a.j.t.JMeterThread: Thread finished: 秒杀线程组：1000用户 1-97
2026-07-17 19:35:05,497 INFO o.a.j.t.JMeterThread: Thread finished: 秒杀线程组：1000用户 1-5
2026-07-17 19:35:05,497 INFO o.a.j.t.JMeterThread: Thread is done: 秒杀线程组：1000用户 1-283
2026-07-17 19:35:05,497 INFO o.a.j.t.JMeterThread: Thread finished: 秒杀线程组：1000用户 1-163
2026-07-17 19:35:05,497 INFO o.a.j.t.JMeterThread: Thread finished: 秒杀线程组：1000用户 1-283
2026-07-17 19:35:05,497 INFO o.a.j.t.JMeterThread: Thread finished: 秒杀线程组：1000用户 1-178
2026-07-17 19:35:05,497 INFO o.a.j.t.JMeterThread: Thread finished: 秒杀线程组：1000用户 1-9
2026-07-17 19:35:05,497 INFO o.a.j.t.JMeterThread: Thread is done: 秒杀线程组：1000用户 1-170
2026-07-17 19:35:05,497 INFO o.a.j.t.JMeterThread: Thread finished: 秒杀线程组：1000用户 1-170
2026-07-17 19:35:05,497 INFO o.a.j.t.JMeterThread: Thread is done: 秒杀线程组：1000用户 1-117
2026-07-17 19:35:05,497 INFO o.a.j.t.JMeterThread: Thread is done: 秒杀线程组：1000用户 1-118
2026-07-17 19:35:05,497 INFO o.a.j.t.JMeterThread: Thread finished: 秒杀线程组：1000用户 1-117
2026-07-17 19:35:05,497 INFO o.a.j.t.JMeterThread: Thread is done: 秒杀线程组：1000用户 1-46
2026-07-17 19:35:05,497 INFO o.a.j.t.JMeterThread: Thread is done: 秒杀线程组：1000用户 1-212
2026-07-17 19:35:05,497 INFO o.a.j.t.JMeterThread: Thread finished: 秒杀线程组：1000用户 1-118
2026-07-17 19:35:05,497 INFO o.a.j.t.JMeterThread: Thread finished: 秒杀线程组：1000用户 1-46
2026-07-17 19:35:05,497 INFO o.a.j.t.JMeterThread: Thread is done: 秒杀线程组：1000用户 1-284
2026-07-17 19:35:05,497 INFO o.a.j.t.JMeterThread: Thread finished: 秒杀线程组：1000用户 1-212
2026-07-17 19:35:05,497 INFO o.a.j.t.JMeterThread: Thread is done: 秒杀线程组：1000用户 1-174
2026-07-17 19:35:05,497 INFO o.a.j.t.JMeterThread: Thread finished: 秒杀线程组：1000用户 1-174
2026-07-17 19:35:05,497 INFO o.a.j.t.JMeterThread: Thread is done: 秒杀线程组：1000用户 1-280
2026-07-17 19:35:05,497 INFO o.a.j.t.JMeterThread: Thread finished: 秒杀线程组：1000用户 1-284
2026-07-17 19:35:05,497 INFO o.a.j.t.JMeterThread: Thread is done: 秒杀线程组：1000用户 1-73
2026-07-17 19:35:05,497 INFO o.a.j.t.JMeterThread: Thread finished: 秒杀线程组：1000用户 1-280
2026-07-17 19:35:05,497 INFO o.a.j.t.JMeterThread: Thread finished: 秒杀线程组：1000用户 1-73
2026-07-17 19:35:05,497 INFO o.a.j.t.JMeterThread: Thread is done: 秒杀线程组：1000用户 1-198
2026-07-17 19:35:05,497 INFO o.a.j.t.JMeterThread: Thread finished: 秒杀线程组：1000用户 1-198
2026-07-17 19:35:05,497 INFO o.a.j.t.JMeterThread: Thread is done: 秒杀线程组：1000用户 1-195
2026-07-17 19:35:05,497 INFO o.a.j.t.JMeterThread: Thread finished: 秒杀线程组：1000用户 1-195
2026-07-17 19:35:05,499 INFO o.a.j.t.JMeterThread: Thread is done: 秒杀线程组：1000用户 1-71
2026-07-17 19:35:05,499 INFO o.a.j.t.JMeterThread: Thread is done: 秒杀线程组：1000用户 1-244
2026-07-17 19:35:05,499 INFO o.a.j.t.JMeterThread: Thread is done: 秒杀线程组：1000用户 1-13
2026-07-17 19:35:05,499 INFO o.a.j.t.JMeterThread: Thread finished: 秒杀线程组：1000用户 1-13
2026-07-17 19:35:05,499 INFO o.a.j.t.JMeterThread: Thread is done: 秒杀线程组：1000用户 1-290
2026-07-17 19:35:05,499 INFO o.a.j.t.JMeterThread: Thread is done: 秒杀线程组：1000用户 1-85
2026-07-17 19:35:05,499 INFO o.a.j.t.JMeterThread: Thread finished: 秒杀线程组：1000用户 1-71
2026-07-17 19:35:05,499 INFO o.a.j.t.JMeterThread: Thread finished: 秒杀线程组：1000用户 1-290
2026-07-17 19:35:05,499 INFO o.a.j.t.JMeterThread: Thread finished: 秒杀线程组：1000用户 1-244
2026-07-17 19:35:05,499 INFO o.a.j.t.JMeterThread: Thread finished: 秒杀线程组：1000用户 1-85
2026-07-17 19:35:05,499 INFO o.a.j.t.JMeterThread: Thread is done: 秒杀线程组：1000用户 1-109
2026-07-17 19:35:05,499 INFO o.a.j.t.JMeterThread: Thread finished: 秒杀线程组：1000用户 1-109
2026-07-17 19:35:05,499 INFO o.a.j.t.JMeterThread: Thread is done: 秒杀线程组：1000用户 1-177
2026-07-17 19:35:05,499 INFO o.a.j.t.JMeterThread: Thread finished: 秒杀线程组：1000用户 1-177
2026-07-17 19:35:05,499 INFO o.a.j.t.JMeterThread: Thread is done: 秒杀线程组：1000用户 1-239
2026-07-17 19:35:05,499 INFO o.a.j.t.JMeterThread: Thread finished: 秒杀线程组：1000用户 1-239
2026-07-17 19:35:05,499 INFO o.a.j.t.JMeterThread: Thread is done: 秒杀线程组：1000用户 1-185
2026-07-17 19:35:05,499 INFO o.a.j.t.JMeterThread: Thread finished: 秒杀线程组：1000用户 1-185
2026-07-17 19:35:05,499 INFO o.a.j.t.JMeterThread: Thread is done: 秒杀线程组：1000用户 1-128
2026-07-17 19:35:05,499 INFO o.a.j.t.JMeterThread: Thread is done: 秒杀线程组：1000用户 1-854
2026-07-17 19:35:05,499 INFO o.a.j.t.JMeterThread: Thread is done: 秒杀线程组：1000用户 1-299
2026-07-17 19:35:05,499 INFO o.a.j.t.JMeterThread: Thread finished: 秒杀线程组：1000用户 1-854
2026-07-17 19:35:05,499 INFO o.a.j.t.JMeterThread: Thread is done: 秒杀线程组：1000用户 1-120
2026-07-17 19:35:05,499 INFO o.a.j.t.JMeterThread: Thread is done: 秒杀线程组：1000用户 1-104
2026-07-17 19:35:05,499 INFO o.a.j.t.JMeterThread: Thread is done: 秒杀线程组：1000用户 1-889
2026-07-17 19:35:05,499 INFO o.a.j.t.JMeterThread: Thread finished: 秒杀线程组：1000用户 1-104
2026-07-17 19:35:05,500 INFO o.a.j.t.JMeterThread: Thread is done: 秒杀线程组：1000用户 1-78
2026-07-17 19:35:05,500 INFO o.a.j.t.JMeterThread: Thread finished: 秒杀线程组：1000用户 1-78
2026-07-17 19:35:05,499 INFO o.a.j.t.JMeterThread: Thread finished: 秒杀线程组：1000用户 1-120
2026-07-17 19:35:05,500 INFO o.a.j.t.JMeterThread: Thread is done: 秒杀线程组：1000用户 1-261
2026-07-17 19:35:05,500 INFO o.a.j.t.JMeterThread: Thread finished: 秒杀线程组：1000用户 1-261
2026-07-17 19:35:05,499 INFO o.a.j.t.JMeterThread: Thread finished: 秒杀线程组：1000用户 1-128
2026-07-17 19:35:05,500 INFO o.a.j.t.JMeterThread: Thread is done: 秒杀线程组：1000用户 1-962
2026-07-17 19:35:05,499 INFO o.a.j.t.JMeterThread: Thread finished: 秒杀线程组：1000用户 1-889
2026-07-17 19:35:05,500 INFO o.a.j.t.JMeterThread: Thread is done: 秒杀线程组：1000用户 1-952
2026-07-17 19:35:05,500 INFO o.a.j.t.JMeterThread: Thread finished: 秒杀线程组：1000用户 1-952
2026-07-17 19:35:05,500 INFO o.a.j.t.JMeterThread: Thread is done: 秒杀线程组：1000用户 1-126
2026-07-17 19:35:05,500 INFO o.a.j.t.JMeterThread: Thread is done: 秒杀线程组：1000用户 1-949
2026-07-17 19:35:05,500 INFO o.a.j.t.JMeterThread: Thread finished: 秒杀线程组：1000用户 1-126
2026-07-17 19:35:05,500 INFO o.a.j.t.JMeterThread: Thread finished: 秒杀线程组：1000用户 1-299
2026-07-17 19:35:05,500 INFO o.a.j.t.JMeterThread: Thread is done: 秒杀线程组：1000用户 1-936
2026-07-17 19:35:05,500 INFO o.a.j.t.JMeterThread: Thread is done: 秒杀线程组：1000用户 1-940
2026-07-17 19:35:05,500 INFO o.a.j.t.JMeterThread: Thread is done: 秒杀线程组：1000用户 1-939
2026-07-17 19:35:05,500 INFO o.a.j.t.JMeterThread: Thread is done: 秒杀线程组：1000用户 1-963
2026-07-17 19:35:05,500 INFO o.a.j.t.JMeterThread: Thread finished: 秒杀线程组：1000用户 1-939
2026-07-17 19:35:05,500 INFO o.a.j.t.JMeterThread: Thread is done: 秒杀线程组：1000用户 1-249
2026-07-17 19:35:05,500 INFO o.a.j.t.JMeterThread: Thread finished: 秒杀线程组：1000用户 1-962
2026-07-17 19:35:05,500 INFO o.a.j.t.JMeterThread: Thread finished: 秒杀线程组：1000用户 1-963
2026-07-17 19:35:05,500 INFO o.a.j.t.JMeterThread: Thread finished: 秒杀线程组：1000用户 1-940
2026-07-17 19:35:05,500 INFO o.a.j.t.JMeterThread: Thread is done: 秒杀线程组：1000用户 1-219
2026-07-17 19:35:05,500 INFO o.a.j.t.JMeterThread: Thread finished: 秒杀线程组：1000用户 1-219
2026-07-17 19:35:05,500 INFO o.a.j.t.JMeterThread: Thread is done: 秒杀线程组：1000用户 1-200
2026-07-17 19:35:05,500 INFO o.a.j.t.JMeterThread: Thread finished: 秒杀线程组：1000用户 1-936
2026-07-17 19:35:05,500 INFO o.a.j.t.JMeterThread: Thread finished: 秒杀线程组：1000用户 1-949
2026-07-17 19:35:05,500 INFO o.a.j.t.JMeterThread: Thread finished: 秒杀线程组：1000用户 1-200
2026-07-17 19:35:05,500 INFO o.a.j.t.JMeterThread: Thread is done: 秒杀线程组：1000用户 1-122
2026-07-17 19:35:05,500 INFO o.a.j.t.JMeterThread: Thread is done: 秒杀线程组：1000用户 1-141
2026-07-17 19:35:05,500 INFO o.a.j.t.JMeterThread: Thread finished: 秒杀线程组：1000用户 1-249
2026-07-17 19:35:05,502 INFO o.a.j.t.JMeterThread: Thread is done: 秒杀线程组：1000用户 1-121
2026-07-17 19:35:05,502 INFO o.a.j.t.JMeterThread: Thread finished: 秒杀线程组：1000用户 1-121
2026-07-17 19:35:05,500 INFO o.a.j.t.JMeterThread: Thread is done: 秒杀线程组：1000用户 1-35
2026-07-17 19:35:05,502 INFO o.a.j.t.JMeterThread: Thread finished: 秒杀线程组：1000用户 1-35
2026-07-17 19:35:05,502 INFO o.a.j.t.JMeterThread: Thread is done: 秒杀线程组：1000用户 1-143
2026-07-17 19:35:05,502 INFO o.a.j.t.JMeterThread: Thread finished: 秒杀线程组：1000用户 1-143
2026-07-17 19:35:05,502 INFO o.a.j.t.JMeterThread: Thread is done: 秒杀线程组：1000用户 1-37
2026-07-17 19:35:05,502 INFO o.a.j.t.JMeterThread: Thread finished: 秒杀线程组：1000用户 1-37
2026-07-17 19:35:05,502 INFO o.a.j.t.JMeterThread: Thread finished: 秒杀线程组：1000用户 1-122
2026-07-17 19:35:05,502 INFO o.a.j.t.JMeterThread: Thread is done: 秒杀线程组：1000用户 1-233
2026-07-17 19:35:05,500 INFO o.a.j.t.JMeterThread: Thread is done: 秒杀线程组：1000用户 1-87
2026-07-17 19:35:05,500 INFO o.a.j.t.JMeterThread: Thread finished: 秒杀线程组：1000用户 1-141
2026-07-17 19:35:05,502 INFO o.a.j.t.JMeterThread: Thread is done: 秒杀线程组：1000用户 1-297
2026-07-17 19:35:05,502 INFO o.a.j.t.JMeterThread: Thread finished: 秒杀线程组：1000用户 1-297
2026-07-17 19:35:05,502 INFO o.a.j.t.JMeterThread: Thread is done: 秒杀线程组：1000用户 1-237
2026-07-17 19:35:05,502 INFO o.a.j.t.JMeterThread: Thread finished: 秒杀线程组：1000用户 1-237
2026-07-17 19:35:05,502 INFO o.a.j.t.JMeterThread: Thread is done: 秒杀线程组：1000用户 1-896
2026-07-17 19:35:05,502 INFO o.a.j.t.JMeterThread: Thread finished: 秒杀线程组：1000用户 1-896
2026-07-17 19:35:05,502 INFO o.a.j.t.JMeterThread: Thread is done: 秒杀线程组：1000用户 1-91
2026-07-17 19:35:05,503 INFO o.a.j.t.JMeterThread: Thread finished: 秒杀线程组：1000用户 1-91
2026-07-17 19:35:05,503 INFO o.a.j.t.JMeterThread: Thread is done: 秒杀线程组：1000用户 1-115
2026-07-17 19:35:05,503 INFO o.a.j.t.JMeterThread: Thread finished: 秒杀线程组：1000用户 1-115
2026-07-17 19:35:05,502 INFO o.a.j.t.JMeterThread: Thread is done: 秒杀线程组：1000用户 1-149
2026-07-17 19:35:05,503 INFO o.a.j.t.JMeterThread: Thread finished: 秒杀线程组：1000用户 1-233
2026-07-17 19:35:05,502 INFO o.a.j.t.JMeterThread: Thread is done: 秒杀线程组：1000用户 1-911
2026-07-17 19:35:05,503 INFO o.a.j.t.JMeterThread: Thread is done: 秒杀线程组：1000用户 1-223
2026-07-17 19:35:05,502 INFO o.a.j.t.JMeterThread: Thread is done: 秒杀线程组：1000用户 1-183
2026-07-17 19:35:05,503 INFO o.a.j.t.JMeterThread: Thread is done: 秒杀线程组：1000用户 1-205
2026-07-17 19:35:05,503 INFO o.a.j.t.JMeterThread: Thread finished: 秒杀线程组：1000用户 1-223
2026-07-17 19:35:05,502 INFO o.a.j.t.JMeterThread: Thread finished: 秒杀线程组：1000用户 1-87
2026-07-17 19:35:05,503 INFO o.a.j.t.JMeterThread: Thread finished: 秒杀线程组：1000用户 1-205
2026-07-17 19:35:05,503 INFO o.a.j.t.JMeterThread: Thread is done: 秒杀线程组：1000用户 1-890
2026-07-17 19:35:05,502 INFO o.a.j.t.JMeterThread: Thread is done: 秒杀线程组：1000用户 1-89
2026-07-17 19:35:05,503 INFO o.a.j.t.JMeterThread: Thread finished: 秒杀线程组：1000用户 1-89
2026-07-17 19:35:05,503 INFO o.a.j.t.JMeterThread: Thread is done: 秒杀线程组：1000用户 1-893
2026-07-17 19:35:05,503 INFO o.a.j.t.JMeterThread: Thread finished: 秒杀线程组：1000用户 1-890
2026-07-17 19:35:05,503 INFO o.a.j.t.JMeterThread: Thread is done: 秒杀线程组：1000用户 1-914
2026-07-17 19:35:05,503 INFO o.a.j.t.JMeterThread: Thread finished: 秒杀线程组：1000用户 1-914
2026-07-17 19:35:05,503 INFO o.a.j.t.JMeterThread: Thread is done: 秒杀线程组：1000用户 1-25
2026-07-17 19:35:05,503 INFO o.a.j.t.JMeterThread: Thread is done: 秒杀线程组：1000用户 1-30
2026-07-17 19:35:05,503 INFO o.a.j.t.JMeterThread: Thread is done: 秒杀线程组：1000用户 1-111
2026-07-17 19:35:05,503 INFO o.a.j.t.JMeterThread: Thread finished: 秒杀线程组：1000用户 1-30
2026-07-17 19:35:05,504 INFO o.a.j.t.JMeterThread: Thread finished: 秒杀线程组：1000用户 1-111
2026-07-17 19:35:05,504 INFO o.a.j.t.JMeterThread: Thread is done: 秒杀线程组：1000用户 1-134
2026-07-17 19:35:05,504 INFO o.a.j.t.JMeterThread: Thread finished: 秒杀线程组：1000用户 1-134
2026-07-17 19:35:05,504 INFO o.a.j.t.JMeterThread: Thread finished: 秒杀线程组：1000用户 1-183
2026-07-17 19:35:05,504 INFO o.a.j.t.JMeterThread: Thread is done: 秒杀线程组：1000用户 1-920
2026-07-17 19:35:05,504 INFO o.a.j.t.JMeterThread: Thread finished: 秒杀线程组：1000用户 1-920
2026-07-17 19:35:05,504 INFO o.a.j.t.JMeterThread: Thread finished: 秒杀线程组：1000用户 1-911
2026-07-17 19:35:05,504 INFO o.a.j.t.JMeterThread: Thread is done: 秒杀线程组：1000用户 1-248
2026-07-17 19:35:05,504 INFO o.a.j.t.JMeterThread: Thread is done: 秒杀线程组：1000用户 1-927
2026-07-17 19:35:05,503 INFO o.a.j.t.JMeterThread: Thread is done: 秒杀线程组：1000用户 1-902
2026-07-17 19:35:05,505 INFO o.a.j.t.JMeterThread: Thread finished: 秒杀线程组：1000用户 1-902
2026-07-17 19:35:05,503 INFO o.a.j.t.JMeterThread: Thread finished: 秒杀线程组：1000用户 1-149
2026-07-17 19:35:05,505 INFO o.a.j.t.JMeterThread: Thread finished: 秒杀线程组：1000用户 1-927
2026-07-17 19:35:05,504 INFO o.a.j.t.JMeterThread: Thread is done: 秒杀线程组：1000用户 1-917
2026-07-17 19:35:05,505 INFO o.a.j.t.JMeterThread: Thread is done: 秒杀线程组：1000用户 1-179
2026-07-17 19:35:05,505 INFO o.a.j.t.JMeterThread: Thread finished: 秒杀线程组：1000用户 1-179
2026-07-17 19:35:05,504 INFO o.a.j.t.JMeterThread: Thread finished: 秒杀线程组：1000用户 1-248
2026-07-17 19:35:05,504 INFO o.a.j.t.JMeterThread: Thread is done: 秒杀线程组：1000用户 1-922
2026-07-17 19:35:05,505 INFO o.a.j.t.JMeterThread: Thread is done: 秒杀线程组：1000用户 1-273
2026-07-17 19:35:05,504 INFO o.a.j.t.JMeterThread: Thread is done: 秒杀线程组：1000用户 1-913
2026-07-17 19:35:05,505 INFO o.a.j.t.JMeterThread: Thread finished: 秒杀线程组：1000用户 1-273
2026-07-17 19:35:05,503 INFO o.a.j.t.JMeterThread: Thread is done: 秒杀线程组：1000用户 1-903
2026-07-17 19:35:05,505 INFO o.a.j.t.JMeterThread: Thread is done: 秒杀线程组：1000用户 1-127
2026-07-17 19:35:05,505 INFO o.a.j.t.JMeterThread: Thread finished: 秒杀线程组：1000用户 1-127
2026-07-17 19:35:05,505 INFO o.a.j.t.JMeterThread: Thread is done: 秒杀线程组：1000用户 1-20
2026-07-17 19:35:05,503 INFO o.a.j.t.JMeterThread: Thread finished: 秒杀线程组：1000用户 1-25
2026-07-17 19:35:05,505 INFO o.a.j.t.JMeterThread: Thread finished: 秒杀线程组：1000用户 1-20
2026-07-17 19:35:05,505 INFO o.a.j.t.JMeterThread: Thread is done: 秒杀线程组：1000用户 1-159
2026-07-17 19:35:05,503 INFO o.a.j.t.JMeterThread: Thread finished: 秒杀线程组：1000用户 1-893
2026-07-17 19:35:05,506 INFO o.a.j.t.JMeterThread: Thread finished: 秒杀线程组：1000用户 1-159
2026-07-17 19:35:05,506 INFO o.a.j.t.JMeterThread: Thread is done: 秒杀线程组：1000用户 1-145
2026-07-17 19:35:05,506 INFO o.a.j.t.JMeterThread: Thread is done: 秒杀线程组：1000用户 1-894
2026-07-17 19:35:05,506 INFO o.a.j.t.JMeterThread: Thread finished: 秒杀线程组：1000用户 1-894
2026-07-17 19:35:05,505 INFO o.a.j.t.JMeterThread: Thread is done: 秒杀线程组：1000用户 1-196
2026-07-17 19:35:05,505 INFO o.a.j.t.JMeterThread: Thread finished: 秒杀线程组：1000用户 1-903
2026-07-17 19:35:05,506 INFO o.a.j.t.JMeterThread: Thread finished: 秒杀线程组：1000用户 1-196
2026-07-17 19:35:05,505 INFO o.a.j.t.JMeterThread: Thread is done: 秒杀线程组：1000用户 1-925
2026-07-17 19:35:05,506 INFO o.a.j.t.JMeterThread: Thread finished: 秒杀线程组：1000用户 1-925
2026-07-17 19:35:05,506 INFO o.a.j.t.JMeterThread: Thread finished: 秒杀线程组：1000用户 1-913
2026-07-17 19:35:05,506 INFO o.a.j.t.JMeterThread: Thread is done: 秒杀线程组：1000用户 1-892
2026-07-17 19:35:05,506 INFO o.a.j.t.JMeterThread: Thread is done: 秒杀线程组：1000用户 1-176
2026-07-17 19:35:05,505 INFO o.a.j.t.JMeterThread: Thread finished: 秒杀线程组：1000用户 1-917
2026-07-17 19:35:05,506 INFO o.a.j.t.JMeterThread: Thread finished: 秒杀线程组：1000用户 1-892
2026-07-17 19:35:05,505 INFO o.a.j.t.JMeterThread: Thread is done: 秒杀线程组：1000用户 1-928
2026-07-17 19:35:05,506 INFO o.a.j.t.JMeterThread: Thread is done: 秒杀线程组：1000用户 1-901
2026-07-17 19:35:05,506 INFO o.a.j.t.JMeterThread: Thread finished: 秒杀线程组：1000用户 1-901
2026-07-17 19:35:05,506 INFO o.a.j.t.JMeterThread: Thread finished: 秒杀线程组：1000用户 1-922
2026-07-17 19:35:05,506 INFO o.a.j.t.JMeterThread: Thread is done: 秒杀线程组：1000用户 1-906
2026-07-17 19:35:05,506 INFO o.a.j.t.JMeterThread: Thread finished: 秒杀线程组：1000用户 1-906
2026-07-17 19:35:05,506 INFO o.a.j.t.JMeterThread: Thread finished: 秒杀线程组：1000用户 1-176
2026-07-17 19:35:05,506 INFO o.a.j.t.JMeterThread: Thread is done: 秒杀线程组：1000用户 1-898
2026-07-17 19:35:05,506 INFO o.a.j.t.JMeterThread: Thread finished: 秒杀线程组：1000用户 1-898
2026-07-17 19:35:05,506 INFO o.a.j.t.JMeterThread: Thread is done: 秒杀线程组：1000用户 1-960
2026-07-17 19:35:05,506 INFO o.a.j.t.JMeterThread: Thread finished: 秒杀线程组：1000用户 1-960
2026-07-17 19:35:05,506 INFO o.a.j.t.JMeterThread: Thread is done: 秒杀线程组：1000用户 1-909
2026-07-17 19:35:05,506 INFO o.a.j.t.JMeterThread: Thread is done: 秒杀线程组：1000用户 1-912
2026-07-17 19:35:05,506 INFO o.a.j.t.JMeterThread: Thread is done: 秒杀线程组：1000用户 1-888
2026-07-17 19:35:05,506 INFO o.a.j.t.JMeterThread: Thread finished: 秒杀线程组：1000用户 1-912
2026-07-17 19:35:05,506 INFO o.a.j.t.JMeterThread: Thread finished: 秒杀线程组：1000用户 1-145
2026-07-17 19:35:05,507 INFO o.a.j.t.JMeterThread: Thread is done: 秒杀线程组：1000用户 1-968
2026-07-17 19:35:05,506 INFO o.a.j.t.JMeterThread: Thread is done: 秒杀线程组：1000用户 1-897
2026-07-17 19:35:05,506 INFO o.a.j.t.JMeterThread: Thread is done: 秒杀线程组：1000用户 1-891
2026-07-17 19:35:05,507 INFO o.a.j.t.JMeterThread: Thread finished: 秒杀线程组：1000用户 1-968
2026-07-17 19:35:05,507 INFO o.a.j.t.JMeterThread: Thread is done: 秒杀线程组：1000用户 1-919
2026-07-17 19:35:05,507 INFO o.a.j.t.JMeterThread: Thread finished: 秒杀线程组：1000用户 1-919
2026-07-17 19:35:05,507 INFO o.a.j.t.JMeterThread: Thread finished: 秒杀线程组：1000用户 1-897
2026-07-17 19:35:05,506 INFO o.a.j.t.JMeterThread: Thread is done: 秒杀线程组：1000用户 1-918
2026-07-17 19:35:05,506 INFO o.a.j.t.JMeterThread: Thread finished: 秒杀线程组：1000用户 1-909
2026-07-17 19:35:05,506 INFO o.a.j.t.JMeterThread: Thread is done: 秒杀线程组：1000用户 1-915
2026-07-17 19:35:05,507 INFO o.a.j.t.JMeterThread: Thread finished: 秒杀线程组：1000用户 1-888
2026-07-17 19:35:05,506 INFO o.a.j.t.JMeterThread: Thread is done: 秒杀线程组：1000用户 1-905
2026-07-17 19:35:05,507 INFO o.a.j.t.JMeterThread: Thread finished: 秒杀线程组：1000用户 1-905
2026-07-17 19:35:05,506 INFO o.a.j.t.JMeterThread: Thread is done: 秒杀线程组：1000用户 1-975
2026-07-17 19:35:05,507 INFO o.a.j.t.JMeterThread: Thread is done: 秒杀线程组：1000用户 1-881
2026-07-17 19:35:05,506 INFO o.a.j.t.JMeterThread: Thread finished: 秒杀线程组：1000用户 1-928
2026-07-17 19:35:05,507 INFO o.a.j.t.JMeterThread: Thread finished: 秒杀线程组：1000用户 1-881
2026-07-17 19:35:05,507 INFO o.a.j.t.JMeterThread: Thread finished: 秒杀线程组：1000用户 1-975
2026-07-17 19:35:05,507 INFO o.a.j.t.JMeterThread: Thread is done: 秒杀线程组：1000用户 1-929
2026-07-17 19:35:05,507 INFO o.a.j.t.JMeterThread: Thread is done: 秒杀线程组：1000用户 1-930
2026-07-17 19:35:05,507 INFO o.a.j.t.JMeterThread: Thread is done: 秒杀线程组：1000用户 1-877
2026-07-17 19:35:05,507 INFO o.a.j.t.JMeterThread: Thread finished: 秒杀线程组：1000用户 1-915
2026-07-17 19:35:05,507 INFO o.a.j.t.JMeterThread: Thread finished: 秒杀线程组：1000用户 1-930
2026-07-17 19:35:05,507 INFO o.a.j.t.JMeterThread: Thread finished: 秒杀线程组：1000用户 1-918
2026-07-17 19:35:05,507 INFO o.a.j.t.JMeterThread: Thread is done: 秒杀线程组：1000用户 1-907
2026-07-17 19:35:05,508 INFO o.a.j.t.JMeterThread: Thread finished: 秒杀线程组：1000用户 1-907
2026-07-17 19:35:05,508 INFO o.a.j.t.JMeterThread: Thread is done: 秒杀线程组：1000用户 1-21
2026-07-17 19:35:05,508 INFO o.a.j.t.JMeterThread: Thread is done: 秒杀线程组：1000用户 1-886
2026-07-17 19:35:05,508 INFO o.a.j.t.JMeterThread: Thread finished: 秒杀线程组：1000用户 1-886
2026-07-17 19:35:05,508 INFO o.a.j.t.JMeterThread: Thread finished: 秒杀线程组：1000用户 1-891
2026-07-17 19:35:05,507 INFO o.a.j.t.JMeterThread: Thread is done: 秒杀线程组：1000用户 1-923
2026-07-17 19:35:05,508 INFO o.a.j.t.JMeterThread: Thread is done: 秒杀线程组：1000用户 1-924
2026-07-17 19:35:05,508 INFO o.a.j.t.JMeterThread: Thread finished: 秒杀线程组：1000用户 1-924
2026-07-17 19:35:05,508 INFO o.a.j.t.JMeterThread: Thread is done: 秒杀线程组：1000用户 1-900
2026-07-17 19:35:05,508 INFO o.a.j.t.JMeterThread: Thread is done: 秒杀线程组：1000用户 1-895
2026-07-17 19:35:05,508 INFO o.a.j.t.JMeterThread: Thread finished: 秒杀线程组：1000用户 1-900
2026-07-17 19:35:05,508 INFO o.a.j.t.JMeterThread: Thread is done: 秒杀线程组：1000用户 1-88
2026-07-17 19:35:05,508 INFO o.a.j.t.JMeterThread: Thread finished: 秒杀线程组：1000用户 1-895
2026-07-17 19:35:05,508 INFO o.a.j.t.JMeterThread: Thread finished: 秒杀线程组：1000用户 1-21
2026-07-17 19:35:05,508 INFO o.a.j.t.JMeterThread: Thread is done: 秒杀线程组：1000用户 1-298
2026-07-17 19:35:05,508 INFO o.a.j.t.JMeterThread: Thread is done: 秒杀线程组：1000用户 1-938
2026-07-17 19:35:05,508 INFO o.a.j.t.JMeterThread: Thread finished: 秒杀线程组：1000用户 1-938
2026-07-17 19:35:05,508 INFO o.a.j.t.JMeterThread: Thread is done: 秒杀线程组：1000用户 1-191
2026-07-17 19:35:05,508 INFO o.a.j.t.JMeterThread: Thread finished: 秒杀线程组：1000用户 1-191
2026-07-17 19:35:05,508 INFO o.a.j.t.JMeterThread: Thread is done: 秒杀线程组：1000用户 1-66
2026-07-17 19:35:05,508 INFO o.a.j.t.JMeterThread: Thread is done: 秒杀线程组：1000用户 1-937
2026-07-17 19:35:05,508 INFO o.a.j.t.JMeterThread: Thread finished: 秒杀线程组：1000用户 1-937
2026-07-17 19:35:05,508 INFO o.a.j.t.JMeterThread: Thread is done: 秒杀线程组：1000用户 1-935
2026-07-17 19:35:05,509 INFO o.a.j.t.JMeterThread: Thread finished: 秒杀线程组：1000用户 1-935
2026-07-17 19:35:05,507 INFO o.a.j.t.JMeterThread: Thread finished: 秒杀线程组：1000用户 1-929
2026-07-17 19:35:05,509 INFO o.a.j.t.JMeterThread: Thread is done: 秒杀线程组：1000用户 1-943
2026-07-17 19:35:05,509 INFO o.a.j.t.JMeterThread: Thread finished: 秒杀线程组：1000用户 1-943
2026-07-17 19:35:05,507 INFO o.a.j.t.JMeterThread: Thread is done: 秒杀线程组：1000用户 1-921
2026-07-17 19:35:05,507 INFO o.a.j.t.JMeterThread: Thread is done: 秒杀线程组：1000用户 1-119
2026-07-17 19:35:05,509 INFO o.a.j.t.JMeterThread: Thread finished: 秒杀线程组：1000用户 1-119
2026-07-17 19:35:05,509 INFO o.a.j.t.JMeterThread: Thread is done: 秒杀线程组：1000用户 1-181
2026-07-17 19:35:05,509 INFO o.a.j.t.JMeterThread: Thread is done: 秒杀线程组：1000用户 1-932
2026-07-17 19:35:05,510 INFO o.a.j.t.JMeterThread: Thread finished: 秒杀线程组：1000用户 1-932
2026-07-17 19:35:05,510 INFO o.a.j.t.JMeterThread: Thread finished: 秒杀线程组：1000用户 1-921
2026-07-17 19:35:05,509 INFO o.a.j.t.JMeterThread: Thread is done: 秒杀线程组：1000用户 1-238
2026-07-17 19:35:05,510 INFO o.a.j.t.JMeterThread: Thread finished: 秒杀线程组：1000用户 1-238
2026-07-17 19:35:05,509 INFO o.a.j.t.JMeterThread: Thread is done: 秒杀线程组：1000用户 1-946
2026-07-17 19:35:05,508 INFO o.a.j.t.JMeterThread: Thread finished: 秒杀线程组：1000用户 1-66
2026-07-17 19:35:05,508 INFO o.a.j.t.JMeterThread: Thread finished: 秒杀线程组：1000用户 1-877
2026-07-17 19:35:05,510 INFO o.a.j.t.JMeterThread: Thread is done: 秒杀线程组：1000用户 1-958
2026-07-17 19:35:05,510 INFO o.a.j.t.JMeterThread: Thread finished: 秒杀线程组：1000用户 1-958
2026-07-17 19:35:05,510 INFO o.a.j.t.JMeterThread: Thread is done: 秒杀线程组：1000用户 1-275
2026-07-17 19:35:05,510 INFO o.a.j.t.JMeterThread: Thread finished: 秒杀线程组：1000用户 1-275
2026-07-17 19:35:05,508 INFO o.a.j.t.JMeterThread: Thread is done: 秒杀线程组：1000用户 1-160
2026-07-17 19:35:05,510 INFO o.a.j.t.JMeterThread: Thread finished: 秒杀线程组：1000用户 1-160
2026-07-17 19:35:05,508 INFO o.a.j.t.JMeterThread: Thread finished: 秒杀线程组：1000用户 1-923
2026-07-17 19:35:05,510 INFO o.a.j.t.JMeterThread: Thread is done: 秒杀线程组：1000用户 1-954
2026-07-17 19:35:05,510 INFO o.a.j.t.JMeterThread: Thread finished: 秒杀线程组：1000用户 1-298
2026-07-17 19:35:05,510 INFO o.a.j.t.JMeterThread: Thread finished: 秒杀线程组：1000用户 1-88
2026-07-17 19:35:05,510 INFO o.a.j.t.JMeterThread: Thread is done: 秒杀线程组：1000用户 1-931
2026-07-17 19:35:05,510 INFO o.a.j.t.JMeterThread: Thread finished: 秒杀线程组：1000用户 1-931
2026-07-17 19:35:05,510 INFO o.a.j.t.JMeterThread: Thread is done: 秒杀线程组：1000用户 1-953
2026-07-17 19:35:05,510 INFO o.a.j.t.JMeterThread: Thread finished: 秒杀线程组：1000用户 1-953
2026-07-17 19:35:05,510 INFO o.a.j.t.JMeterThread: Thread is done: 秒杀线程组：1000用户 1-155
2026-07-17 19:35:05,510 INFO o.a.j.t.JMeterThread: Thread finished: 秒杀线程组：1000用户 1-155
2026-07-17 19:35:05,510 INFO o.a.j.t.JMeterThread: Thread is done: 秒杀线程组：1000用户 1-944
2026-07-17 19:35:05,510 INFO o.a.j.t.JMeterThread: Thread finished: 秒杀线程组：1000用户 1-944
2026-07-17 19:35:05,510 INFO o.a.j.t.JMeterThread: Thread is done: 秒杀线程组：1000用户 1-945
2026-07-17 19:35:05,510 INFO o.a.j.t.JMeterThread: Thread is done: 秒杀线程组：1000用户 1-941
2026-07-17 19:35:05,510 INFO o.a.j.t.JMeterThread: Thread is done: 秒杀线程组：1000用户 1-301
2026-07-17 19:35:05,510 INFO o.a.j.t.JMeterThread: Thread is done: 秒杀线程组：1000用户 1-942
2026-07-17 19:35:05,510 INFO o.a.j.t.JMeterThread: Thread finished: 秒杀线程组：1000用户 1-946
2026-07-17 19:35:05,510 INFO o.a.j.t.JMeterThread: Thread finished: 秒杀线程组：1000用户 1-942
2026-07-17 19:35:05,510 INFO o.a.j.t.JMeterThread: Thread is done: 秒杀线程组：1000用户 1-947
2026-07-17 19:35:05,510 INFO o.a.j.t.JMeterThread: Thread finished: 秒杀线程组：1000用户 1-947
2026-07-17 19:35:05,510 INFO o.a.j.t.JMeterThread: Thread finished: 秒杀线程组：1000用户 1-181
2026-07-17 19:35:05,511 INFO o.a.j.t.JMeterThread: Thread is done: 秒杀线程组：1000用户 1-964
2026-07-17 19:35:05,511 INFO o.a.j.t.JMeterThread: Thread finished: 秒杀线程组：1000用户 1-964
2026-07-17 19:35:05,510 INFO o.a.j.t.JMeterThread: Thread is done: 秒杀线程组：1000用户 1-948
2026-07-17 19:35:05,511 INFO o.a.j.t.JMeterThread: Thread finished: 秒杀线程组：1000用户 1-948
2026-07-17 19:35:05,510 INFO o.a.j.t.JMeterThread: Thread is done: 秒杀线程组：1000用户 1-955
2026-07-17 19:35:05,511 INFO o.a.j.t.JMeterThread: Thread is done: 秒杀线程组：1000用户 1-965
2026-07-17 19:35:05,511 INFO o.a.j.t.JMeterThread: Thread finished: 秒杀线程组：1000用户 1-965
2026-07-17 19:35:05,510 INFO o.a.j.t.JMeterThread: Thread finished: 秒杀线程组：1000用户 1-301
2026-07-17 19:35:05,511 INFO o.a.j.t.JMeterThread: Thread is done: 秒杀线程组：1000用户 1-950
2026-07-17 19:35:05,510 INFO o.a.j.t.JMeterThread: Thread finished: 秒杀线程组：1000用户 1-941
2026-07-17 19:35:05,511 INFO o.a.j.t.JMeterThread: Thread is done: 秒杀线程组：1000用户 1-967
2026-07-17 19:35:05,511 INFO o.a.j.t.JMeterThread: Thread finished: 秒杀线程组：1000用户 1-967
2026-07-17 19:35:05,510 INFO o.a.j.t.JMeterThread: Thread is done: 秒杀线程组：1000用户 1-951
2026-07-17 19:35:05,511 INFO o.a.j.t.JMeterThread: Thread finished: 秒杀线程组：1000用户 1-951
2026-07-17 19:35:05,510 INFO o.a.j.t.JMeterThread: Thread is done: 秒杀线程组：1000用户 1-959
2026-07-17 19:35:05,510 INFO o.a.j.t.JMeterThread: Thread finished: 秒杀线程组：1000用户 1-945
2026-07-17 19:35:05,511 INFO o.a.j.t.JMeterThread: Thread finished: 秒杀线程组：1000用户 1-959
2026-07-17 19:35:05,510 INFO o.a.j.t.JMeterThread: Thread is done: 秒杀线程组：1000用户 1-957
2026-07-17 19:35:05,511 INFO o.a.j.t.JMeterThread: Thread finished: 秒杀线程组：1000用户 1-957
2026-07-17 19:35:05,511 INFO o.a.j.t.JMeterThread: Thread is done: 秒杀线程组：1000用户 1-908
2026-07-17 19:35:05,511 INFO o.a.j.t.JMeterThread: Thread is done: 秒杀线程组：1000用户 1-970
2026-07-17 19:35:05,511 INFO o.a.j.t.JMeterThread: Thread finished: 秒杀线程组：1000用户 1-908
2026-07-17 19:35:05,511 INFO o.a.j.t.JMeterThread: Thread is done: 秒杀线程组：1000用户 1-916
2026-07-17 19:35:05,511 INFO o.a.j.t.JMeterThread: Thread is done: 秒杀线程组：1000用户 1-899
2026-07-17 19:35:05,511 INFO o.a.j.t.JMeterThread: Thread finished: 秒杀线程组：1000用户 1-916
2026-07-17 19:35:05,511 INFO o.a.j.t.JMeterThread: Thread finished: 秒杀线程组：1000用户 1-950
2026-07-17 19:35:05,511 INFO o.a.j.t.JMeterThread: Thread is done: 秒杀线程组：1000用户 1-70
2026-07-17 19:35:05,511 INFO o.a.j.t.JMeterThread: Thread is done: 秒杀线程组：1000用户 1-956
2026-07-17 19:35:05,511 INFO o.a.j.t.JMeterThread: Thread finished: 秒杀线程组：1000用户 1-70
2026-07-17 19:35:05,511 INFO o.a.j.t.JMeterThread: Thread is done: 秒杀线程组：1000用户 1-966
2026-07-17 19:35:05,513 INFO o.a.j.t.JMeterThread: Thread finished: 秒杀线程组：1000用户 1-966
2026-07-17 19:35:05,513 INFO o.a.j.t.JMeterThread: Thread is done: 秒杀线程组：1000用户 1-984
2026-07-17 19:35:05,513 INFO o.a.j.t.JMeterThread: Thread finished: 秒杀线程组：1000用户 1-984
2026-07-17 19:35:05,513 INFO o.a.j.t.JMeterThread: Thread is done: 秒杀线程组：1000用户 1-977
2026-07-17 19:35:05,513 INFO o.a.j.t.JMeterThread: Thread finished: 秒杀线程组：1000用户 1-977
2026-07-17 19:35:05,513 INFO o.a.j.t.JMeterThread: Thread finished: 秒杀线程组：1000用户 1-956
2026-07-17 19:35:05,513 INFO o.a.j.t.JMeterThread: Thread is done: 秒杀线程组：1000用户 1-976
2026-07-17 19:35:05,513 INFO o.a.j.t.JMeterThread: Thread is done: 秒杀线程组：1000用户 1-961
2026-07-17 19:35:05,513 INFO o.a.j.t.JMeterThread: Thread finished: 秒杀线程组：1000用户 1-961
2026-07-17 19:35:05,513 INFO o.a.j.t.JMeterThread: Thread finished: 秒杀线程组：1000用户 1-899
2026-07-17 19:35:05,513 INFO o.a.j.t.JMeterThread: Thread is done: 秒杀线程组：1000用户 1-285
2026-07-17 19:35:05,511 INFO o.a.j.t.JMeterThread: Thread finished: 秒杀线程组：1000用户 1-954
2026-07-17 19:35:05,513 INFO o.a.j.t.JMeterThread: Thread finished: 秒杀线程组：1000用户 1-285
2026-07-17 19:35:05,511 INFO o.a.j.t.JMeterThread: Thread is done: 秒杀线程组：1000用户 1-986
2026-07-17 19:35:05,511 INFO o.a.j.t.JMeterThread: Thread is done: 秒杀线程组：1000用户 1-16
2026-07-17 19:35:05,513 INFO o.a.j.t.JMeterThread: Thread finished: 秒杀线程组：1000用户 1-986
2026-07-17 19:35:05,513 INFO o.a.j.t.JMeterThread: Thread is done: 秒杀线程组：1000用户 1-885
2026-07-17 19:35:05,513 INFO o.a.j.t.JMeterThread: Thread finished: 秒杀线程组：1000用户 1-16
2026-07-17 19:35:05,513 INFO o.a.j.t.JMeterThread: Thread is done: 秒杀线程组：1000用户 1-22
2026-07-17 19:35:05,513 INFO o.a.j.t.JMeterThread: Thread finished: 秒杀线程组：1000用户 1-970
2026-07-17 19:35:05,513 INFO o.a.j.t.JMeterThread: Thread is done: 秒杀线程组：1000用户 1-981
2026-07-17 19:35:05,513 INFO o.a.j.t.JMeterThread: Thread is done: 秒杀线程组：1000用户 1-201
2026-07-17 19:35:05,513 INFO o.a.j.t.JMeterThread: Thread is done: 秒杀线程组：1000用户 1-998
2026-07-17 19:35:05,513 INFO o.a.j.t.JMeterThread: Thread is done: 秒杀线程组：1000用户 1-980
2026-07-17 19:35:05,513 INFO o.a.j.t.JMeterThread: Thread is done: 秒杀线程组：1000用户 1-978
2026-07-17 19:35:05,513 INFO o.a.j.t.JMeterThread: Thread finished: 秒杀线程组：1000用户 1-976
2026-07-17 19:35:05,513 INFO o.a.j.t.JMeterThread: Thread finished: 秒杀线程组：1000用户 1-978
2026-07-17 19:35:05,513 INFO o.a.j.t.JMeterThread: Thread is done: 秒杀线程组：1000用户 1-987
2026-07-17 19:35:05,514 INFO o.a.j.t.JMeterThread: Thread finished: 秒杀线程组：1000用户 1-987
2026-07-17 19:35:05,513 INFO o.a.j.t.JMeterThread: Thread is done: 秒杀线程组：1000用户 1-990
2026-07-17 19:35:05,514 INFO o.a.j.t.JMeterThread: Thread is done: 秒杀线程组：1000用户 1-994
2026-07-17 19:35:05,514 INFO o.a.j.t.JMeterThread: Thread finished: 秒杀线程组：1000用户 1-990
2026-07-17 19:35:05,514 INFO o.a.j.t.JMeterThread: Thread is done: 秒杀线程组：1000用户 1-289
2026-07-17 19:35:05,513 INFO o.a.j.t.JMeterThread: Thread is done: 秒杀线程组：1000用户 1-982
2026-07-17 19:35:05,513 INFO o.a.j.t.JMeterThread: Thread is done: 秒杀线程组：1000用户 1-969
2026-07-17 19:35:05,514 INFO o.a.j.t.JMeterThread: Thread finished: 秒杀线程组：1000用户 1-289
2026-07-17 19:35:05,513 INFO o.a.j.t.JMeterThread: Thread finished: 秒杀线程组：1000用户 1-955
2026-07-17 19:35:05,514 INFO o.a.j.t.JMeterThread: Thread finished: 秒杀线程组：1000用户 1-969
2026-07-17 19:35:05,514 INFO o.a.j.t.JMeterThread: Thread is done: 秒杀线程组：1000用户 1-882
2026-07-17 19:35:05,514 INFO o.a.j.t.JMeterThread: Thread finished: 秒杀线程组：1000用户 1-994
2026-07-17 19:35:05,514 INFO o.a.j.t.JMeterThread: Thread is done: 秒杀线程组：1000用户 1-971
2026-07-17 19:35:05,514 INFO o.a.j.t.JMeterThread: Thread finished: 秒杀线程组：1000用户 1-971
2026-07-17 19:35:05,514 INFO o.a.j.t.JMeterThread: Thread is done: 秒杀线程组：1000用户 1-991
2026-07-17 19:35:05,513 INFO o.a.j.t.JMeterThread: Thread finished: 秒杀线程组：1000用户 1-980
2026-07-17 19:35:05,514 INFO o.a.j.t.JMeterThread: Thread finished: 秒杀线程组：1000用户 1-991
2026-07-17 19:35:05,513 INFO o.a.j.t.JMeterThread: Thread is done: 秒杀线程组：1000用户 1-972
2026-07-17 19:35:05,513 INFO o.a.j.t.JMeterThread: Thread finished: 秒杀线程组：1000用户 1-998
2026-07-17 19:35:05,513 INFO o.a.j.t.JMeterThread: Thread finished: 秒杀线程组：1000用户 1-201
2026-07-17 19:35:05,513 INFO o.a.j.t.JMeterThread: Thread finished: 秒杀线程组：1000用户 1-981
2026-07-17 19:35:05,513 INFO o.a.j.t.JMeterThread: Thread is done: 秒杀线程组：1000用户 1-999
2026-07-17 19:35:05,514 INFO o.a.j.t.JMeterThread: Thread is done: 秒杀线程组：1000用户 1-1000
2026-07-17 19:35:05,514 INFO o.a.j.t.JMeterThread: Thread is done: 秒杀线程组：1000用户 1-218
2026-07-17 19:35:05,514 INFO o.a.j.t.JMeterThread: Thread finished: 秒杀线程组：1000用户 1-218
2026-07-17 19:35:05,513 INFO o.a.j.t.JMeterThread: Thread finished: 秒杀线程组：1000用户 1-22
2026-07-17 19:35:05,514 INFO o.a.j.t.JMeterThread: Thread is done: 秒杀线程组：1000用户 1-985
2026-07-17 19:35:05,514 INFO o.a.j.t.JMeterThread: Thread finished: 秒杀线程组：1000用户 1-985
2026-07-17 19:35:05,514 INFO o.a.j.t.JMeterThread: Thread is done: 秒杀线程组：1000用户 1-887
2026-07-17 19:35:05,513 INFO o.a.j.t.JMeterThread: Thread is done: 秒杀线程组：1000用户 1-988
2026-07-17 19:35:05,514 INFO o.a.j.t.JMeterThread: Thread finished: 秒杀线程组：1000用户 1-887
2026-07-17 19:35:05,514 INFO o.a.j.t.JMeterThread: Thread is done: 秒杀线程组：1000用户 1-879
2026-07-17 19:35:05,514 INFO o.a.j.t.JMeterThread: Thread finished: 秒杀线程组：1000用户 1-879
2026-07-17 19:35:05,514 INFO o.a.j.t.JMeterThread: Thread is done: 秒杀线程组：1000用户 1-883
2026-07-17 19:35:05,513 INFO o.a.j.t.JMeterThread: Thread finished: 秒杀线程组：1000用户 1-885
2026-07-17 19:35:05,516 INFO o.a.j.t.JMeterThread: Thread finished: 秒杀线程组：1000用户 1-883
2026-07-17 19:35:05,516 INFO o.a.j.t.JMeterThread: Thread is done: 秒杀线程组：1000用户 1-995
2026-07-17 19:35:05,516 INFO o.a.j.t.JMeterThread: Thread is done: 秒杀线程组：1000用户 1-993
2026-07-17 19:35:05,516 INFO o.a.j.t.JMeterThread: Thread is done: 秒杀线程组：1000用户 1-973
2026-07-17 19:35:05,516 INFO o.a.j.t.JMeterThread: Thread is done: 秒杀线程组：1000用户 1-904
2026-07-17 19:35:05,516 INFO o.a.j.t.JMeterThread: Thread finished: 秒杀线程组：1000用户 1-993
2026-07-17 19:35:05,514 INFO o.a.j.t.JMeterThread: Thread is done: 秒杀线程组：1000用户 1-874
2026-07-17 19:35:05,516 INFO o.a.j.t.JMeterThread: Thread finished: 秒杀线程组：1000用户 1-904
2026-07-17 19:35:05,514 INFO o.a.j.t.JMeterThread: Thread is done: 秒杀线程组：1000用户 1-926
2026-07-17 19:35:05,516 INFO o.a.j.t.JMeterThread: Thread finished: 秒杀线程组：1000用户 1-926
2026-07-17 19:35:05,514 INFO o.a.j.t.JMeterThread: Thread is done: 秒杀线程组：1000用户 1-884
2026-07-17 19:35:05,516 INFO o.a.j.t.JMeterThread: Thread finished: 秒杀线程组：1000用户 1-988
2026-07-17 19:35:05,516 INFO o.a.j.t.JMeterThread: Thread finished: 秒杀线程组：1000用户 1-884
2026-07-17 19:35:05,514 INFO o.a.j.t.JMeterThread: Thread is done: 秒杀线程组：1000用户 1-997
2026-07-17 19:35:05,514 INFO o.a.j.t.JMeterThread: Thread finished: 秒杀线程组：1000用户 1-1000
2026-07-17 19:35:05,514 INFO o.a.j.t.JMeterThread: Thread finished: 秒杀线程组：1000用户 1-999
2026-07-17 19:35:05,514 INFO o.a.j.t.JMeterThread: Thread is done: 秒杀线程组：1000用户 1-989
2026-07-17 19:35:05,514 INFO o.a.j.t.JMeterThread: Thread finished: 秒杀线程组：1000用户 1-972
2026-07-17 19:35:05,514 INFO o.a.j.t.JMeterThread: Thread is done: 秒杀线程组：1000用户 1-996
2026-07-17 19:35:05,516 INFO o.a.j.t.JMeterThread: Thread finished: 秒杀线程组：1000用户 1-996
2026-07-17 19:35:05,514 INFO o.a.j.t.JMeterThread: Thread is done: 秒杀线程组：1000用户 1-876
2026-07-17 19:35:05,514 INFO o.a.j.t.JMeterThread: Thread is done: 秒杀线程组：1000用户 1-992
2026-07-17 19:35:05,516 INFO o.a.j.t.JMeterThread: Thread finished: 秒杀线程组：1000用户 1-876
2026-07-17 19:35:05,514 INFO o.a.j.t.JMeterThread: Thread is done: 秒杀线程组：1000用户 1-979
2026-07-17 19:35:05,516 INFO o.a.j.t.JMeterThread: Thread finished: 秒杀线程组：1000用户 1-992
2026-07-17 19:35:05,514 INFO o.a.j.t.JMeterThread: Thread is done: 秒杀线程组：1000用户 1-974
2026-07-17 19:35:05,514 INFO o.a.j.t.JMeterThread: Thread finished: 秒杀线程组：1000用户 1-882
2026-07-17 19:35:05,514 INFO o.a.j.t.JMeterThread: Thread finished: 秒杀线程组：1000用户 1-982
2026-07-17 19:35:05,516 INFO o.a.j.t.JMeterThread: Thread finished: 秒杀线程组：1000用户 1-974
2026-07-17 19:35:05,516 INFO o.a.j.t.JMeterThread: Thread finished: 秒杀线程组：1000用户 1-979
2026-07-17 19:35:05,516 INFO o.a.j.t.JMeterThread: Thread finished: 秒杀线程组：1000用户 1-989
2026-07-17 19:35:05,516 INFO o.a.j.t.JMeterThread: Thread finished: 秒杀线程组：1000用户 1-997
2026-07-17 19:35:05,516 INFO o.a.j.t.JMeterThread: Thread is done: 秒杀线程组：1000用户 1-880
2026-07-17 19:35:05,516 INFO o.a.j.t.JMeterThread: Thread finished: 秒杀线程组：1000用户 1-880
2026-07-17 19:35:05,516 INFO o.a.j.t.JMeterThread: Thread is done: 秒杀线程组：1000用户 1-192
2026-07-17 19:35:05,516 INFO o.a.j.t.JMeterThread: Thread finished: 秒杀线程组：1000用户 1-192
2026-07-17 19:35:05,516 INFO o.a.j.t.JMeterThread: Thread is done: 秒杀线程组：1000用户 1-983
2026-07-17 19:35:05,516 INFO o.a.j.t.JMeterThread: Thread finished: 秒杀线程组：1000用户 1-874
2026-07-17 19:35:05,516 INFO o.a.j.t.JMeterThread: Thread finished: 秒杀线程组：1000用户 1-995
2026-07-17 19:35:05,516 INFO o.a.j.t.JMeterThread: Thread is done: 秒杀线程组：1000用户 1-878
2026-07-17 19:35:05,517 INFO o.a.j.t.JMeterThread: Thread finished: 秒杀线程组：1000用户 1-983
2026-07-17 19:35:05,517 INFO o.a.j.t.JMeterThread: Thread finished: 秒杀线程组：1000用户 1-973
2026-07-17 19:35:05,517 INFO o.a.j.t.JMeterThread: Thread finished: 秒杀线程组：1000用户 1-878
2026-07-17 19:35:05,518 INFO o.a.j.e.StandardJMeterEngine: Notifying test listeners of end of test
2026-07-17 19:35:05,518 INFO o.a.j.s.FileServer: Close: D:/IDEAprojects/bench-sync/benchmark/tokens.txt
2026-07-17 19:35:05,525 INFO o.a.j.r.Summariser: summary +    999 in 00:00:02 =  562.8/s Avg:  1379 Min:    65 Max:  1872 Err:     0 (0.00%) Active: 0 Started: 1000 Finished: 1000
2026-07-17 19:35:05,525 INFO o.a.j.r.Summariser: summary =   1000 in 00:00:03 =  396.2/s Avg:  1378 Min:    65 Max:  1872 Err:     0 (0.00%)
