2026-07-17 19:35:41,771 INFO o.a.j.u.JMeterUtils: Setting Locale to en_EN
2026-07-17 19:35:41,784 INFO o.a.j.JMeter: Loading user properties from: D:\apache-jmeter-5.6.3\apache-jmeter-5.6.3\bin\user.properties
2026-07-17 19:35:41,784 INFO o.a.j.JMeter: Loading system properties from: D:\apache-jmeter-5.6.3\apache-jmeter-5.6.3\bin\system.properties
2026-07-17 19:35:41,784 INFO o.a.j.JMeter: Setting JMeter property: voucherId=10000
2026-07-17 19:35:41,791 INFO o.a.j.JMeter: Copyright (c) 1998-2024 The Apache Software Foundation
2026-07-17 19:35:41,791 INFO o.a.j.JMeter: Version 5.6.3
2026-07-17 19:35:41,792 INFO o.a.j.JMeter: java.version=1.8.0_221
2026-07-17 19:35:41,792 INFO o.a.j.JMeter: java.vm.name=Java HotSpot(TM) 64-Bit Server VM
2026-07-17 19:35:41,793 INFO o.a.j.JMeter: os.name=Windows 10
2026-07-17 19:35:41,793 INFO o.a.j.JMeter: os.arch=amd64
2026-07-17 19:35:41,793 INFO o.a.j.JMeter: os.version=10.0
2026-07-17 19:35:41,793 INFO o.a.j.JMeter: file.encoding=GBK
2026-07-17 19:35:41,793 INFO o.a.j.JMeter: java.awt.headless=true
2026-07-17 19:35:41,793 INFO o.a.j.JMeter: Max memory     =1073741824
2026-07-17 19:35:41,793 INFO o.a.j.JMeter: Available Processors =24
2026-07-17 19:35:41,797 INFO o.a.j.JMeter: Default Locale=English (EN)
2026-07-17 19:35:41,797 INFO o.a.j.JMeter: JMeter  Locale=English (EN)
2026-07-17 19:35:41,797 INFO o.a.j.JMeter: JMeterHome=D:\apache-jmeter-5.6.3\apache-jmeter-5.6.3
2026-07-17 19:35:41,797 INFO o.a.j.JMeter: user.dir  =D:\IDEAprojects\hm-dianping\hm-dianping
2026-07-17 19:35:41,798 INFO o.a.j.JMeter: PWD       =D:\IDEAprojects\hm-dianping\hm-dianping
2026-07-17 19:35:41,801 INFO o.a.j.JMeter: IP: 192.168.1.124 Name: LAPTOP-MEAJN5NP FullName: 192.168.1.124
2026-07-17 19:35:41,816 INFO o.a.j.s.FileServer: Default base='D:\IDEAprojects\hm-dianping\hm-dianping'
2026-07-17 19:35:41,817 INFO o.a.j.s.FileServer: Set new base='D:\IDEAprojects\hm-dianping\hm-dianping\benchmark'
2026-07-17 19:35:41,911 INFO o.a.j.s.SaveService: Testplan (JMX) version: 2.2. Testlog (JTL) version: 2.2
2026-07-17 19:35:41,925 INFO o.a.j.s.SaveService: Using SaveService properties file encoding UTF-8
2026-07-17 19:35:41,928 INFO o.a.j.s.SaveService: Using SaveService properties version 5.0
2026-07-17 19:35:41,933 INFO o.a.j.s.SaveService: Loading file: benchmark\seckill.jmx
2026-07-17 19:35:41,985 INFO o.a.j.p.h.s.HTTPSamplerBase: Parser for text/html is org.apache.jmeter.protocol.http.parser.LagartoBasedHtmlParser
2026-07-17 19:35:41,986 INFO o.a.j.p.h.s.HTTPSamplerBase: Parser for application/xhtml+xml is org.apache.jmeter.protocol.http.parser.LagartoBasedHtmlParser
2026-07-17 19:35:41,986 INFO o.a.j.p.h.s.HTTPSamplerBase: Parser for application/xml is org.apache.jmeter.protocol.http.parser.LagartoBasedHtmlParser
2026-07-17 19:35:41,986 INFO o.a.j.p.h.s.HTTPSamplerBase: Parser for text/xml is org.apache.jmeter.protocol.http.parser.LagartoBasedHtmlParser
2026-07-17 19:35:41,986 INFO o.a.j.p.h.s.HTTPSamplerBase: Parser for text/vnd.wap.wml is org.apache.jmeter.protocol.http.parser.RegexpHTMLParser
2026-07-17 19:35:41,986 INFO o.a.j.p.h.s.HTTPSamplerBase: Parser for text/css is org.apache.jmeter.protocol.http.parser.CssParser
2026-07-17 19:35:42,211 INFO o.a.j.JMeter: Creating summariser <summary>
2026-07-17 19:35:42,218 INFO o.a.j.e.StandardJMeterEngine: Running the test!
2026-07-17 19:35:42,219 INFO o.a.j.s.SampleEvent: List of sample_variables: []
2026-07-17 19:35:42,219 INFO o.a.j.s.SampleEvent: List of sample_variables: []
2026-07-17 19:35:42,222 INFO o.a.j.e.u.CompoundVariable: Note: Function class names must contain the string: '.functions.'
2026-07-17 19:35:42,222 INFO o.a.j.e.u.CompoundVariable: Note: Function class names must not contain the string: '.gui.'
2026-07-17 19:35:42,430 INFO o.a.j.JMeter: Running test (1784288142430)
2026-07-17 19:35:42,466 INFO o.a.j.e.StandardJMeterEngine: Starting ThreadGroup: 1 : 秒杀线程组：1000用户
2026-07-17 19:35:42,468 INFO o.a.j.e.StandardJMeterEngine: Starting 1000 threads for group 秒杀线程组：1000用户.
2026-07-17 19:35:42,468 INFO o.a.j.e.StandardJMeterEngine: Thread will continue on error
2026-07-17 19:35:42,468 INFO o.a.j.t.ThreadGroup: Starting thread group... number=1 threads=1000 ramp-up=1 delayedStart=false
2026-07-17 19:35:42,584 INFO o.a.j.t.ThreadGroup: Started thread group number 1
2026-07-17 19:35:42,584 INFO o.a.j.e.StandardJMeterEngine: All thread groups have been started
2026-07-17 19:35:42,966 INFO o.a.j.t.JMeterThread: Thread started: 秒杀线程组：1000用户 1-4
2026-07-17 19:35:42,968 INFO o.a.j.t.JMeterThread: Thread started: 秒杀线程组：1000用户 1-1
2026-07-17 19:35:42,971 INFO o.a.j.s.FileServer: Stored: D:/IDEAprojects/bench-sync/benchmark/tokens.txt
2026-07-17 19:35:42,971 INFO o.a.j.t.JMeterThread: Thread started: 秒杀线程组：1000用户 1-11
2026-07-17 19:35:42,971 INFO o.a.j.t.JMeterThread: Thread started: 秒杀线程组：1000用户 1-5
2026-07-17 19:35:42,972 INFO o.a.j.t.JMeterThread: Thread started: 秒杀线程组：1000用户 1-9
2026-07-17 19:35:42,972 INFO o.a.j.t.JMeterThread: Thread started: 秒杀线程组：1000用户 1-14
2026-07-17 19:35:42,974 INFO o.a.j.t.JMeterThread: Thread started: 秒杀线程组：1000用户 1-7
2026-07-17 19:35:42,975 INFO o.a.j.t.JMeterThread: Thread started: 秒杀线程组：1000用户 1-15
2026-07-17 19:35:42,978 INFO o.a.j.t.JMeterThread: Thread started: 秒杀线程组：1000用户 1-20
2026-07-17 19:35:42,978 INFO o.a.j.t.JMeterThread: Thread started: 秒杀线程组：1000用户 1-19
2026-07-17 19:35:42,979 INFO o.a.j.t.JMeterThread: Thread started: 秒杀线程组：1000用户 1-22
2026-07-17 19:35:42,980 INFO o.a.j.t.JMeterThread: Thread started: 秒杀线程组：1000用户 1-18
2026-07-17 19:35:42,980 INFO o.a.j.t.JMeterThread: Thread started: 秒杀线程组：1000用户 1-24
2026-07-17 19:35:42,982 INFO o.a.j.t.JMeterThread: Thread started: 秒杀线程组：1000用户 1-10
2026-07-17 19:35:42,982 INFO o.a.j.t.JMeterThread: Thread started: 秒杀线程组：1000用户 1-25
2026-07-17 19:35:42,982 INFO o.a.j.t.JMeterThread: Thread started: 秒杀线程组：1000用户 1-21
2026-07-17 19:35:42,983 INFO o.a.j.t.JMeterThread: Thread started: 秒杀线程组：1000用户 1-12
2026-07-17 19:35:42,984 INFO o.a.j.t.JMeterThread: Thread started: 秒杀线程组：1000用户 1-6
2026-07-17 19:35:42,984 INFO o.a.j.t.JMeterThread: Thread started: 秒杀线程组：1000用户 1-23
2026-07-17 19:35:42,984 INFO o.a.j.t.JMeterThread: Thread started: 秒杀线程组：1000用户 1-3
2026-07-17 19:35:42,984 INFO o.a.j.t.JMeterThread: Thread started: 秒杀线程组：1000用户 1-2
2026-07-17 19:35:42,985 INFO o.a.j.t.JMeterThread: Thread started: 秒杀线程组：1000用户 1-26
2026-07-17 19:35:42,986 INFO o.a.j.t.JMeterThread: Thread started: 秒杀线程组：1000用户 1-8
2026-07-17 19:35:42,986 INFO o.a.j.t.JMeterThread: Thread started: 秒杀线程组：1000用户 1-13
2026-07-17 19:35:42,986 INFO o.a.j.t.JMeterThread: Thread started: 秒杀线程组：1000用户 1-33
2026-07-17 19:35:42,988 INFO o.a.j.t.JMeterThread: Thread started: 秒杀线程组：1000用户 1-17
2026-07-17 19:35:42,989 INFO o.a.j.t.JMeterThread: Thread started: 秒杀线程组：1000用户 1-34
2026-07-17 19:35:42,992 INFO o.a.j.t.JMeterThread: Thread started: 秒杀线程组：1000用户 1-36
2026-07-17 19:35:42,992 INFO o.a.j.t.JMeterThread: Thread started: 秒杀线程组：1000用户 1-16
2026-07-17 19:35:42,992 INFO o.a.j.t.JMeterThread: Thread started: 秒杀线程组：1000用户 1-31
2026-07-17 19:35:42,994 INFO o.a.j.t.JMeterThread: Thread started: 秒杀线程组：1000用户 1-38
2026-07-17 19:35:42,996 INFO o.a.j.t.JMeterThread: Thread started: 秒杀线程组：1000用户 1-39
2026-07-17 19:35:42,996 INFO o.a.j.t.JMeterThread: Thread started: 秒杀线程组：1000用户 1-28
2026-07-17 19:35:42,996 INFO o.a.j.t.JMeterThread: Thread started: 秒杀线程组：1000用户 1-41
2026-07-17 19:35:42,997 INFO o.a.j.t.JMeterThread: Thread started: 秒杀线程组：1000用户 1-27
2026-07-17 19:35:42,997 INFO o.a.j.t.JMeterThread: Thread started: 秒杀线程组：1000用户 1-43
2026-07-17 19:35:42,999 INFO o.a.j.t.JMeterThread: Thread started: 秒杀线程组：1000用户 1-30
2026-07-17 19:35:43,000 INFO o.a.j.t.JMeterThread: Thread started: 秒杀线程组：1000用户 1-32
2026-07-17 19:35:43,000 INFO o.a.j.t.JMeterThread: Thread started: 秒杀线程组：1000用户 1-29
2026-07-17 19:35:43,001 INFO o.a.j.t.JMeterThread: Thread started: 秒杀线程组：1000用户 1-35
2026-07-17 19:35:43,002 INFO o.a.j.t.JMeterThread: Thread started: 秒杀线程组：1000用户 1-51
2026-07-17 19:35:43,002 INFO o.a.j.t.JMeterThread: Thread started: 秒杀线程组：1000用户 1-48
2026-07-17 19:35:43,003 INFO o.a.j.p.h.s.HTTPHCAbstractImpl: Local host = LAPTOP-MEAJN5NP
2026-07-17 19:35:43,006 INFO o.a.j.t.JMeterThread: Thread started: 秒杀线程组：1000用户 1-37
2026-07-17 19:35:43,006 INFO o.a.j.t.JMeterThread: Thread started: 秒杀线程组：1000用户 1-55
2026-07-17 19:35:43,006 INFO o.a.j.t.JMeterThread: Thread started: 秒杀线程组：1000用户 1-58
2026-07-17 19:35:43,006 INFO o.a.j.t.JMeterThread: Thread started: 秒杀线程组：1000用户 1-50
2026-07-17 19:35:43,006 INFO o.a.j.t.JMeterThread: Thread started: 秒杀线程组：1000用户 1-56
2026-07-17 19:35:43,006 INFO o.a.j.t.JMeterThread: Thread started: 秒杀线程组：1000用户 1-59
2026-07-17 19:35:43,007 INFO o.a.j.t.JMeterThread: Thread started: 秒杀线程组：1000用户 1-60
2026-07-17 19:35:43,007 INFO o.a.j.t.JMeterThread: Thread started: 秒杀线程组：1000用户 1-54
2026-07-17 19:35:43,007 INFO o.a.j.t.JMeterThread: Thread started: 秒杀线程组：1000用户 1-40
2026-07-17 19:35:43,008 INFO o.a.j.t.JMeterThread: Thread started: 秒杀线程组：1000用户 1-62
2026-07-17 19:35:43,009 INFO o.a.j.t.JMeterThread: Thread started: 秒杀线程组：1000用户 1-45
2026-07-17 19:35:43,009 INFO o.a.j.t.JMeterThread: Thread started: 秒杀线程组：1000用户 1-42
2026-07-17 19:35:43,009 INFO o.a.j.t.JMeterThread: Thread started: 秒杀线程组：1000用户 1-53
2026-07-17 19:35:43,009 INFO o.a.j.p.h.s.HTTPHC4Impl: HTTP request retry count = 0
2026-07-17 19:35:43,010 INFO o.a.j.t.JMeterThread: Thread started: 秒杀线程组：1000用户 1-44
2026-07-17 19:35:43,010 INFO o.a.j.t.JMeterThread: Thread started: 秒杀线程组：1000用户 1-57
2026-07-17 19:35:43,011 INFO o.a.j.s.SampleResult: Note: Sample TimeStamps are START times
2026-07-17 19:35:43,011 INFO o.a.j.s.SampleResult: sampleresult.default.encoding is set to UTF-8
2026-07-17 19:35:43,011 INFO o.a.j.s.SampleResult: sampleresult.useNanoTime=true
2026-07-17 19:35:43,011 INFO o.a.j.s.SampleResult: sampleresult.nanoThreadSleep=5000
2026-07-17 19:35:43,013 INFO o.a.j.t.JMeterThread: Thread started: 秒杀线程组：1000用户 1-46
2026-07-17 19:35:43,014 INFO o.a.j.t.JMeterThread: Thread started: 秒杀线程组：1000用户 1-47
2026-07-17 19:35:43,015 INFO o.a.j.t.JMeterThread: Thread started: 秒杀线程组：1000用户 1-49
2026-07-17 19:35:43,018 INFO o.a.j.t.JMeterThread: Thread started: 秒杀线程组：1000用户 1-67
2026-07-17 19:35:43,018 INFO o.a.j.t.JMeterThread: Thread started: 秒杀线程组：1000用户 1-52
2026-07-17 19:35:43,018 INFO o.a.j.t.JMeterThread: Thread started: 秒杀线程组：1000用户 1-63
2026-07-17 19:35:43,018 INFO o.a.j.t.JMeterThread: Thread started: 秒杀线程组：1000用户 1-70
2026-07-17 19:35:43,019 INFO o.a.j.t.JMeterThread: Thread started: 秒杀线程组：1000用户 1-72
2026-07-17 19:35:43,019 INFO o.a.j.t.JMeterThread: Thread started: 秒杀线程组：1000用户 1-71
2026-07-17 19:35:43,019 INFO o.a.j.t.JMeterThread: Thread started: 秒杀线程组：1000用户 1-69
2026-07-17 19:35:43,019 INFO o.a.j.t.JMeterThread: Thread started: 秒杀线程组：1000用户 1-73
2026-07-17 19:35:43,022 INFO o.a.j.t.JMeterThread: Thread started: 秒杀线程组：1000用户 1-76
2026-07-17 19:35:43,022 INFO o.a.j.t.JMeterThread: Thread started: 秒杀线程组：1000用户 1-65
2026-07-17 19:35:43,022 INFO o.a.j.t.JMeterThread: Thread started: 秒杀线程组：1000用户 1-75
2026-07-17 19:35:43,023 INFO o.a.j.t.JMeterThread: Thread started: 秒杀线程组：1000用户 1-77
2026-07-17 19:35:43,025 INFO o.a.j.t.JMeterThread: Thread started: 秒杀线程组：1000用户 1-61
2026-07-17 19:35:43,026 INFO o.a.j.t.JMeterThread: Thread started: 秒杀线程组：1000用户 1-64
2026-07-17 19:35:43,027 INFO o.a.j.t.JMeterThread: Thread started: 秒杀线程组：1000用户 1-82
2026-07-17 19:35:43,029 INFO o.a.j.t.JMeterThread: Thread started: 秒杀线程组：1000用户 1-66
2026-07-17 19:35:43,029 INFO o.a.j.t.JMeterThread: Thread started: 秒杀线程组：1000用户 1-78
2026-07-17 19:35:43,030 INFO o.a.j.t.JMeterThread: Thread started: 秒杀线程组：1000用户 1-85
2026-07-17 19:35:43,032 INFO o.a.j.t.JMeterThread: Thread started: 秒杀线程组：1000用户 1-88
2026-07-17 19:35:43,032 INFO o.a.j.t.JMeterThread: Thread started: 秒杀线程组：1000用户 1-68
2026-07-17 19:35:43,032 INFO o.a.j.t.JMeterThread: Thread started: 秒杀线程组：1000用户 1-87
2026-07-17 19:35:43,034 INFO o.a.j.t.JMeterThread: Thread started: 秒杀线程组：1000用户 1-90
2026-07-17 19:35:43,034 INFO o.a.j.t.JMeterThread: Thread started: 秒杀线程组：1000用户 1-91
2026-07-17 19:35:43,034 INFO o.a.j.t.JMeterThread: Thread started: 秒杀线程组：1000用户 1-89
2026-07-17 19:35:43,037 INFO o.a.j.t.JMeterThread: Thread started: 秒杀线程组：1000用户 1-93
2026-07-17 19:35:43,037 INFO o.a.j.t.JMeterThread: Thread started: 秒杀线程组：1000用户 1-74
2026-07-17 19:35:43,038 INFO o.a.j.t.JMeterThread: Thread started: 秒杀线程组：1000用户 1-80
2026-07-17 19:35:43,039 INFO o.a.j.t.JMeterThread: Thread started: 秒杀线程组：1000用户 1-81
2026-07-17 19:35:43,039 INFO o.a.j.t.JMeterThread: Thread started: 秒杀线程组：1000用户 1-95
2026-07-17 19:35:43,041 INFO o.a.j.t.JMeterThread: Thread started: 秒杀线程组：1000用户 1-99
2026-07-17 19:35:43,041 INFO o.a.j.t.JMeterThread: Thread started: 秒杀线程组：1000用户 1-79
2026-07-17 19:35:43,044 INFO o.a.j.t.JMeterThread: Thread started: 秒杀线程组：1000用户 1-97
2026-07-17 19:35:43,044 INFO o.a.j.t.JMeterThread: Thread started: 秒杀线程组：1000用户 1-102
2026-07-17 19:35:43,045 INFO o.a.j.t.JMeterThread: Thread started: 秒杀线程组：1000用户 1-84
2026-07-17 19:35:43,045 INFO o.a.j.t.JMeterThread: Thread started: 秒杀线程组：1000用户 1-83
2026-07-17 19:35:43,046 INFO o.a.j.t.JMeterThread: Thread started: 秒杀线程组：1000用户 1-100
2026-07-17 19:35:43,047 INFO o.a.j.t.JMeterThread: Thread started: 秒杀线程组：1000用户 1-107
2026-07-17 19:35:43,047 INFO o.a.j.t.JMeterThread: Thread started: 秒杀线程组：1000用户 1-86
2026-07-17 19:35:43,047 INFO o.a.j.t.JMeterThread: Thread started: 秒杀线程组：1000用户 1-101
2026-07-17 19:35:43,048 INFO o.a.j.t.JMeterThread: Thread started: 秒杀线程组：1000用户 1-103
2026-07-17 19:35:43,048 INFO o.a.j.t.JMeterThread: Thread started: 秒杀线程组：1000用户 1-92
2026-07-17 19:35:43,051 INFO o.a.j.t.JMeterThread: Thread started: 秒杀线程组：1000用户 1-110
2026-07-17 19:35:43,052 INFO o.a.j.t.JMeterThread: Thread started: 秒杀线程组：1000用户 1-108
2026-07-17 19:35:43,054 INFO o.a.j.t.JMeterThread: Thread started: 秒杀线程组：1000用户 1-94
2026-07-17 19:35:43,056 INFO o.a.j.t.JMeterThread: Thread started: 秒杀线程组：1000用户 1-98
2026-07-17 19:35:43,056 INFO o.a.j.t.JMeterThread: Thread started: 秒杀线程组：1000用户 1-96
2026-07-17 19:35:43,056 INFO o.a.j.t.JMeterThread: Thread started: 秒杀线程组：1000用户 1-111
2026-07-17 19:35:43,056 INFO o.a.j.t.JMeterThread: Thread started: 秒杀线程组：1000用户 1-112
2026-07-17 19:35:43,057 INFO o.a.j.t.JMeterThread: Thread started: 秒杀线程组：1000用户 1-118
2026-07-17 19:35:43,058 INFO o.a.j.t.JMeterThread: Thread started: 秒杀线程组：1000用户 1-105
2026-07-17 19:35:43,059 INFO o.a.j.t.JMeterThread: Thread started: 秒杀线程组：1000用户 1-116
2026-07-17 19:35:43,061 INFO o.a.j.t.JMeterThread: Thread started: 秒杀线程组：1000用户 1-104
2026-07-17 19:35:43,062 INFO o.a.j.t.JMeterThread: Thread started: 秒杀线程组：1000用户 1-109
2026-07-17 19:35:43,062 INFO o.a.j.t.JMeterThread: Thread started: 秒杀线程组：1000用户 1-122
2026-07-17 19:35:43,063 INFO o.a.j.t.JMeterThread: Thread started: 秒杀线程组：1000用户 1-124
2026-07-17 19:35:43,063 INFO o.a.j.t.JMeterThread: Thread started: 秒杀线程组：1000用户 1-106
2026-07-17 19:35:43,064 INFO o.a.j.t.JMeterThread: Thread started: 秒杀线程组：1000用户 1-127
2026-07-17 19:35:43,064 INFO o.a.j.t.JMeterThread: Thread started: 秒杀线程组：1000用户 1-121
2026-07-17 19:35:43,067 INFO o.a.j.t.JMeterThread: Thread started: 秒杀线程组：1000用户 1-114
2026-07-17 19:35:43,068 INFO o.a.j.t.JMeterThread: Thread started: 秒杀线程组：1000用户 1-115
2026-07-17 19:35:43,068 INFO o.a.j.t.JMeterThread: Thread started: 秒杀线程组：1000用户 1-129
2026-07-17 19:35:43,069 INFO o.a.j.t.JMeterThread: Thread started: 秒杀线程组：1000用户 1-117
2026-07-17 19:35:43,069 INFO o.a.j.t.JMeterThread: Thread started: 秒杀线程组：1000用户 1-113
2026-07-17 19:35:43,069 INFO o.a.j.t.JMeterThread: Thread started: 秒杀线程组：1000用户 1-131
2026-07-17 19:35:43,070 INFO o.a.j.t.JMeterThread: Thread started: 秒杀线程组：1000用户 1-133
2026-07-17 19:35:43,070 INFO o.a.j.t.JMeterThread: Thread started: 秒杀线程组：1000用户 1-119
2026-07-17 19:35:43,070 INFO o.a.j.t.JMeterThread: Thread started: 秒杀线程组：1000用户 1-128
2026-07-17 19:35:43,071 INFO o.a.j.t.JMeterThread: Thread started: 秒杀线程组：1000用户 1-120
2026-07-17 19:35:43,071 INFO o.a.j.t.JMeterThread: Thread started: 秒杀线程组：1000用户 1-134
2026-07-17 19:35:43,072 INFO o.a.j.t.JMeterThread: Thread started: 秒杀线程组：1000用户 1-135
2026-07-17 19:35:43,074 INFO o.a.j.t.JMeterThread: Thread started: 秒杀线程组：1000用户 1-123
2026-07-17 19:35:43,074 INFO o.a.j.t.JMeterThread: Thread started: 秒杀线程组：1000用户 1-137
2026-07-17 19:35:43,076 INFO o.a.j.t.JMeterThread: Thread started: 秒杀线程组：1000用户 1-140
2026-07-17 19:35:43,076 INFO o.a.j.t.JMeterThread: Thread started: 秒杀线程组：1000用户 1-125
2026-07-17 19:35:43,077 INFO o.a.j.t.JMeterThread: Thread started: 秒杀线程组：1000用户 1-141
2026-07-17 19:35:43,077 INFO o.a.j.t.JMeterThread: Thread started: 秒杀线程组：1000用户 1-126
2026-07-17 19:35:43,077 INFO o.a.j.t.JMeterThread: Thread started: 秒杀线程组：1000用户 1-136
2026-07-17 19:35:43,080 INFO o.a.j.t.JMeterThread: Thread started: 秒杀线程组：1000用户 1-142
2026-07-17 19:35:43,081 INFO o.a.j.t.JMeterThread: Thread started: 秒杀线程组：1000用户 1-143
2026-07-17 19:35:43,081 INFO o.a.j.t.JMeterThread: Thread started: 秒杀线程组：1000用户 1-130
2026-07-17 19:35:43,082 INFO o.a.j.t.JMeterThread: Thread started: 秒杀线程组：1000用户 1-144
2026-07-17 19:35:43,082 INFO o.a.j.t.JMeterThread: Thread started: 秒杀线程组：1000用户 1-132
2026-07-17 19:35:43,085 INFO o.a.j.t.JMeterThread: Thread started: 秒杀线程组：1000用户 1-147
2026-07-17 19:35:43,085 INFO o.a.j.t.JMeterThread: Thread started: 秒杀线程组：1000用户 1-149
2026-07-17 19:35:43,085 INFO o.a.j.t.JMeterThread: Thread started: 秒杀线程组：1000用户 1-148
2026-07-17 19:35:43,086 INFO o.a.j.t.JMeterThread: Thread started: 秒杀线程组：1000用户 1-151
2026-07-17 19:35:43,087 INFO o.a.j.t.JMeterThread: Thread started: 秒杀线程组：1000用户 1-146
2026-07-17 19:35:43,087 INFO o.a.j.t.JMeterThread: Thread started: 秒杀线程组：1000用户 1-138
2026-07-17 19:35:43,088 INFO o.a.j.t.JMeterThread: Thread started: 秒杀线程组：1000用户 1-139
2026-07-17 19:35:43,089 INFO o.a.j.t.JMeterThread: Thread started: 秒杀线程组：1000用户 1-153
2026-07-17 19:35:43,090 INFO o.a.j.t.JMeterThread: Thread started: 秒杀线程组：1000用户 1-156
2026-07-17 19:35:43,091 INFO o.a.j.t.JMeterThread: Thread started: 秒杀线程组：1000用户 1-154
2026-07-17 19:35:43,092 INFO o.a.j.t.JMeterThread: Thread started: 秒杀线程组：1000用户 1-150
2026-07-17 19:35:43,094 INFO o.a.j.t.JMeterThread: Thread started: 秒杀线程组：1000用户 1-159
2026-07-17 19:35:43,095 INFO o.a.j.t.JMeterThread: Thread started: 秒杀线程组：1000用户 1-158
2026-07-17 19:35:43,095 INFO o.a.j.t.JMeterThread: Thread started: 秒杀线程组：1000用户 1-145
2026-07-17 19:35:43,097 INFO o.a.j.t.JMeterThread: Thread started: 秒杀线程组：1000用户 1-160
2026-07-17 19:35:43,098 INFO o.a.j.t.JMeterThread: Thread started: 秒杀线程组：1000用户 1-161
2026-07-17 19:35:43,098 INFO o.a.j.t.JMeterThread: Thread started: 秒杀线程组：1000用户 1-162
2026-07-17 19:35:43,100 INFO o.a.j.t.JMeterThread: Thread started: 秒杀线程组：1000用户 1-152
2026-07-17 19:35:43,101 INFO o.a.j.t.JMeterThread: Thread started: 秒杀线程组：1000用户 1-165
2026-07-17 19:35:43,102 INFO o.a.j.t.JMeterThread: Thread started: 秒杀线程组：1000用户 1-163
2026-07-17 19:35:43,105 INFO o.a.j.t.JMeterThread: Thread started: 秒杀线程组：1000用户 1-169
2026-07-17 19:35:43,105 INFO o.a.j.t.JMeterThread: Thread started: 秒杀线程组：1000用户 1-155
2026-07-17 19:35:43,106 INFO o.a.j.t.JMeterThread: Thread started: 秒杀线程组：1000用户 1-174
2026-07-17 19:35:43,107 INFO o.a.j.t.JMeterThread: Thread started: 秒杀线程组：1000用户 1-157
2026-07-17 19:35:43,108 INFO o.a.j.t.JMeterThread: Thread started: 秒杀线程组：1000用户 1-170
2026-07-17 19:35:43,110 INFO o.a.j.t.JMeterThread: Thread started: 秒杀线程组：1000用户 1-164
2026-07-17 19:35:43,112 INFO o.a.j.t.JMeterThread: Thread started: 秒杀线程组：1000用户 1-180
2026-07-17 19:35:43,114 INFO o.a.j.t.JMeterThread: Thread started: 秒杀线程组：1000用户 1-184
2026-07-17 19:35:43,116 INFO o.a.j.t.JMeterThread: Thread started: 秒杀线程组：1000用户 1-167
2026-07-17 19:35:43,116 INFO o.a.j.t.JMeterThread: Thread started: 秒杀线程组：1000用户 1-168
2026-07-17 19:35:43,116 INFO o.a.j.t.JMeterThread: Thread started: 秒杀线程组：1000用户 1-166
2026-07-17 19:35:43,117 INFO o.a.j.t.JMeterThread: Thread started: 秒杀线程组：1000用户 1-183
2026-07-17 19:35:43,119 INFO o.a.j.t.JMeterThread: Thread started: 秒杀线程组：1000用户 1-188
2026-07-17 19:35:43,119 INFO o.a.j.t.JMeterThread: Thread started: 秒杀线程组：1000用户 1-172
2026-07-17 19:35:43,119 INFO o.a.j.t.JMeterThread: Thread started: 秒杀线程组：1000用户 1-178
2026-07-17 19:35:43,119 INFO o.a.j.t.JMeterThread: Thread started: 秒杀线程组：1000用户 1-171
2026-07-17 19:35:43,119 INFO o.a.j.t.JMeterThread: Thread started: 秒杀线程组：1000用户 1-185
2026-07-17 19:35:43,120 INFO o.a.j.t.JMeterThread: Thread started: 秒杀线程组：1000用户 1-173
2026-07-17 19:35:43,122 INFO o.a.j.t.JMeterThread: Thread started: 秒杀线程组：1000用户 1-191
2026-07-17 19:35:43,122 INFO o.a.j.t.JMeterThread: Thread started: 秒杀线程组：1000用户 1-175
2026-07-17 19:35:43,123 INFO o.a.j.t.JMeterThread: Thread started: 秒杀线程组：1000用户 1-176
2026-07-17 19:35:43,123 INFO o.a.j.t.JMeterThread: Thread started: 秒杀线程组：1000用户 1-194
2026-07-17 19:35:43,124 INFO o.a.j.t.JMeterThread: Thread started: 秒杀线程组：1000用户 1-179
2026-07-17 19:35:43,124 INFO o.a.j.t.JMeterThread: Thread started: 秒杀线程组：1000用户 1-177
2026-07-17 19:35:43,126 INFO o.a.j.t.JMeterThread: Thread started: 秒杀线程组：1000用户 1-181
2026-07-17 19:35:43,133 INFO o.a.j.t.JMeterThread: Thread started: 秒杀线程组：1000用户 1-200
2026-07-17 19:35:43,134 INFO o.a.j.t.JMeterThread: Thread started: 秒杀线程组：1000用户 1-195
2026-07-17 19:35:43,134 INFO o.a.j.t.JMeterThread: Thread started: 秒杀线程组：1000用户 1-186
2026-07-17 19:35:43,134 INFO o.a.j.t.JMeterThread: Thread started: 秒杀线程组：1000用户 1-193
2026-07-17 19:35:43,134 INFO o.a.j.t.JMeterThread: Thread started: 秒杀线程组：1000用户 1-187
2026-07-17 19:35:43,135 INFO o.a.j.t.JMeterThread: Thread started: 秒杀线程组：1000用户 1-202
2026-07-17 19:35:43,135 INFO o.a.j.t.JMeterThread: Thread started: 秒杀线程组：1000用户 1-207
2026-07-17 19:35:43,135 INFO o.a.j.t.JMeterThread: Thread started: 秒杀线程组：1000用户 1-204
2026-07-17 19:35:43,134 INFO o.a.j.t.JMeterThread: Thread started: 秒杀线程组：1000用户 1-182
2026-07-17 19:35:43,136 INFO o.a.j.t.JMeterThread: Thread started: 秒杀线程组：1000用户 1-197
2026-07-17 19:35:43,136 INFO o.a.j.t.JMeterThread: Thread started: 秒杀线程组：1000用户 1-190
2026-07-17 19:35:43,136 INFO o.a.j.t.JMeterThread: Thread started: 秒杀线程组：1000用户 1-189
2026-07-17 19:35:43,138 INFO o.a.j.t.JMeterThread: Thread started: 秒杀线程组：1000用户 1-192
2026-07-17 19:35:43,138 INFO o.a.j.t.JMeterThread: Thread started: 秒杀线程组：1000用户 1-203
2026-07-17 19:35:43,139 INFO o.a.j.t.JMeterThread: Thread started: 秒杀线程组：1000用户 1-205
2026-07-17 19:35:43,139 INFO o.a.j.t.JMeterThread: Thread started: 秒杀线程组：1000用户 1-206
2026-07-17 19:35:43,140 INFO o.a.j.t.JMeterThread: Thread started: 秒杀线程组：1000用户 1-196
2026-07-17 19:35:43,141 INFO o.a.j.t.JMeterThread: Thread started: 秒杀线程组：1000用户 1-198
2026-07-17 19:35:43,141 INFO o.a.j.t.JMeterThread: Thread started: 秒杀线程组：1000用户 1-201
2026-07-17 19:35:43,142 INFO o.a.j.t.JMeterThread: Thread started: 秒杀线程组：1000用户 1-199
2026-07-17 19:35:43,142 INFO o.a.j.t.JMeterThread: Thread started: 秒杀线程组：1000用户 1-216
2026-07-17 19:35:43,144 INFO o.a.j.t.JMeterThread: Thread started: 秒杀线程组：1000用户 1-214
2026-07-17 19:35:43,144 INFO o.a.j.t.JMeterThread: Thread started: 秒杀线程组：1000用户 1-213
2026-07-17 19:35:43,144 INFO o.a.j.t.JMeterThread: Thread started: 秒杀线程组：1000用户 1-211
2026-07-17 19:35:43,144 INFO o.a.j.t.JMeterThread: Thread started: 秒杀线程组：1000用户 1-210
2026-07-17 19:35:43,145 INFO o.a.j.t.JMeterThread: Thread started: 秒杀线程组：1000用户 1-220
2026-07-17 19:35:43,145 INFO o.a.j.t.JMeterThread: Thread started: 秒杀线程组：1000用户 1-212
2026-07-17 19:35:43,145 INFO o.a.j.t.JMeterThread: Thread started: 秒杀线程组：1000用户 1-215
2026-07-17 19:35:43,147 INFO o.a.j.t.JMeterThread: Thread started: 秒杀线程组：1000用户 1-221
2026-07-17 19:35:43,147 INFO o.a.j.t.JMeterThread: Thread started: 秒杀线程组：1000用户 1-217
2026-07-17 19:35:43,149 INFO o.a.j.t.JMeterThread: Thread started: 秒杀线程组：1000用户 1-225
2026-07-17 19:35:43,152 INFO o.a.j.t.JMeterThread: Thread started: 秒杀线程组：1000用户 1-219
2026-07-17 19:35:43,152 INFO o.a.j.t.JMeterThread: Thread started: 秒杀线程组：1000用户 1-208
2026-07-17 19:35:43,153 INFO o.a.j.t.JMeterThread: Thread started: 秒杀线程组：1000用户 1-209
2026-07-17 19:35:43,156 INFO o.a.j.t.JMeterThread: Thread started: 秒杀线程组：1000用户 1-223
2026-07-17 19:35:43,156 INFO o.a.j.t.JMeterThread: Thread started: 秒杀线程组：1000用户 1-227
2026-07-17 19:35:43,156 INFO o.a.j.t.JMeterThread: Thread started: 秒杀线程组：1000用户 1-222
2026-07-17 19:35:43,156 INFO o.a.j.t.JMeterThread: Thread started: 秒杀线程组：1000用户 1-226
2026-07-17 19:35:43,159 INFO o.a.j.t.JMeterThread: Thread started: 秒杀线程组：1000用户 1-229
2026-07-17 19:35:43,159 INFO o.a.j.t.JMeterThread: Thread started: 秒杀线程组：1000用户 1-218
2026-07-17 19:35:43,162 INFO o.a.j.t.JMeterThread: Thread started: 秒杀线程组：1000用户 1-230
2026-07-17 19:35:43,163 INFO o.a.j.t.JMeterThread: Thread started: 秒杀线程组：1000用户 1-234
2026-07-17 19:35:43,163 INFO o.a.j.t.JMeterThread: Thread is done: 秒杀线程组：1000用户 1-86
2026-07-17 19:35:43,163 INFO o.a.j.t.JMeterThread: Thread is done: 秒杀线程组：1000用户 1-120
2026-07-17 19:35:43,163 INFO o.a.j.t.JMeterThread: Thread finished: 秒杀线程组：1000用户 1-86
2026-07-17 19:35:43,163 INFO o.a.j.t.JMeterThread: Thread finished: 秒杀线程组：1000用户 1-120
2026-07-17 19:35:43,165 INFO o.a.j.t.JMeterThread: Thread started: 秒杀线程组：1000用户 1-224
2026-07-17 19:35:43,165 INFO o.a.j.t.JMeterThread: Thread started: 秒杀线程组：1000用户 1-238
2026-07-17 19:35:43,168 INFO o.a.j.t.JMeterThread: Thread started: 秒杀线程组：1000用户 1-239
2026-07-17 19:35:43,168 INFO o.a.j.t.JMeterThread: Thread is done: 秒杀线程组：1000用户 1-64
2026-07-17 19:35:43,168 INFO o.a.j.t.JMeterThread: Thread finished: 秒杀线程组：1000用户 1-64
2026-07-17 19:35:43,170 INFO o.a.j.t.JMeterThread: Thread started: 秒杀线程组：1000用户 1-228
2026-07-17 19:35:43,170 INFO o.a.j.t.JMeterThread: Thread started: 秒杀线程组：1000用户 1-240
2026-07-17 19:35:43,170 INFO o.a.j.t.JMeterThread: Thread started: 秒杀线程组：1000用户 1-241
2026-07-17 19:35:43,172 INFO o.a.j.t.JMeterThread: Thread started: 秒杀线程组：1000用户 1-231
2026-07-17 19:35:43,172 INFO o.a.j.t.JMeterThread: Thread started: 秒杀线程组：1000用户 1-245
2026-07-17 19:35:43,174 INFO o.a.j.t.JMeterThread: Thread started: 秒杀线程组：1000用户 1-247
2026-07-17 19:35:43,174 INFO o.a.j.t.JMeterThread: Thread started: 秒杀线程组：1000用户 1-233
2026-07-17 19:35:43,174 INFO o.a.j.t.JMeterThread: Thread started: 秒杀线程组：1000用户 1-246
2026-07-17 19:35:43,174 INFO o.a.j.t.JMeterThread: Thread started: 秒杀线程组：1000用户 1-232
2026-07-17 19:35:43,176 INFO o.a.j.t.JMeterThread: Thread started: 秒杀线程组：1000用户 1-249
2026-07-17 19:35:43,176 INFO o.a.j.t.JMeterThread: Thread started: 秒杀线程组：1000用户 1-236
2026-07-17 19:35:43,176 INFO o.a.j.t.JMeterThread: Thread started: 秒杀线程组：1000用户 1-235
2026-07-17 19:35:43,176 INFO o.a.j.t.JMeterThread: Thread started: 秒杀线程组：1000用户 1-251
2026-07-17 19:35:43,177 INFO o.a.j.t.JMeterThread: Thread is done: 秒杀线程组：1000用户 1-78
2026-07-17 19:35:43,177 INFO o.a.j.t.JMeterThread: Thread started: 秒杀线程组：1000用户 1-254
2026-07-17 19:35:43,177 INFO o.a.j.t.JMeterThread: Thread started: 秒杀线程组：1000用户 1-237
2026-07-17 19:35:43,177 INFO o.a.j.t.JMeterThread: Thread finished: 秒杀线程组：1000用户 1-78
2026-07-17 19:35:43,178 INFO o.a.j.t.JMeterThread: Thread started: 秒杀线程组：1000用户 1-253
2026-07-17 19:35:43,178 INFO o.a.j.t.JMeterThread: Thread started: 秒杀线程组：1000用户 1-252
2026-07-17 19:35:43,180 INFO o.a.j.t.JMeterThread: Thread started: 秒杀线程组：1000用户 1-258
2026-07-17 19:35:43,180 INFO o.a.j.t.JMeterThread: Thread started: 秒杀线程组：1000用户 1-257
2026-07-17 19:35:43,181 INFO o.a.j.t.JMeterThread: Thread started: 秒杀线程组：1000用户 1-261
2026-07-17 19:35:43,181 INFO o.a.j.t.JMeterThread: Thread started: 秒杀线程组：1000用户 1-256
2026-07-17 19:35:43,181 INFO o.a.j.t.JMeterThread: Thread started: 秒杀线程组：1000用户 1-255
2026-07-17 19:35:43,181 INFO o.a.j.t.JMeterThread: Thread started: 秒杀线程组：1000用户 1-242
2026-07-17 19:35:43,181 INFO o.a.j.t.JMeterThread: Thread started: 秒杀线程组：1000用户 1-263
2026-07-17 19:35:43,181 INFO o.a.j.t.JMeterThread: Thread started: 秒杀线程组：1000用户 1-262
2026-07-17 19:35:43,181 INFO o.a.j.t.JMeterThread: Thread started: 秒杀线程组：1000用户 1-259
2026-07-17 19:35:43,183 INFO o.a.j.t.JMeterThread: Thread started: 秒杀线程组：1000用户 1-260
2026-07-17 19:35:43,183 INFO o.a.j.t.JMeterThread: Thread started: 秒杀线程组：1000用户 1-264
2026-07-17 19:35:43,183 INFO o.a.j.t.JMeterThread: Thread started: 秒杀线程组：1000用户 1-244
2026-07-17 19:35:43,183 INFO o.a.j.t.JMeterThread: Thread started: 秒杀线程组：1000用户 1-248
2026-07-17 19:35:43,183 INFO o.a.j.t.JMeterThread: Thread started: 秒杀线程组：1000用户 1-243
2026-07-17 19:35:43,187 INFO o.a.j.t.JMeterThread: Thread started: 秒杀线程组：1000用户 1-266
2026-07-17 19:35:43,187 INFO o.a.j.t.JMeterThread: Thread is done: 秒杀线程组：1000用户 1-54
2026-07-17 19:35:43,187 INFO o.a.j.t.JMeterThread: Thread finished: 秒杀线程组：1000用户 1-54
2026-07-17 19:35:43,190 INFO o.a.j.t.JMeterThread: Thread started: 秒杀线程组：1000用户 1-250
2026-07-17 19:35:43,190 INFO o.a.j.t.JMeterThread: Thread started: 秒杀线程组：1000用户 1-271
2026-07-17 19:35:43,191 INFO o.a.j.t.JMeterThread: Thread is done: 秒杀线程组：1000用户 1-83
2026-07-17 19:35:43,191 INFO o.a.j.t.JMeterThread: Thread finished: 秒杀线程组：1000用户 1-83
2026-07-17 19:35:43,192 INFO o.a.j.t.JMeterThread: Thread started: 秒杀线程组：1000用户 1-272
2026-07-17 19:35:43,194 INFO o.a.j.t.JMeterThread: Thread started: 秒杀线程组：1000用户 1-274
2026-07-17 19:35:43,194 INFO o.a.j.t.JMeterThread: Thread started: 秒杀线程组：1000用户 1-273
2026-07-17 19:35:43,196 INFO o.a.j.t.JMeterThread: Thread started: 秒杀线程组：1000用户 1-277
2026-07-17 19:35:43,196 INFO o.a.j.t.JMeterThread: Thread started: 秒杀线程组：1000用户 1-269
2026-07-17 19:35:43,196 INFO o.a.j.t.JMeterThread: Thread started: 秒杀线程组：1000用户 1-265
2026-07-17 19:35:43,197 INFO o.a.j.t.JMeterThread: Thread started: 秒杀线程组：1000用户 1-275
2026-07-17 19:35:43,198 INFO o.a.j.t.JMeterThread: Thread started: 秒杀线程组：1000用户 1-267
2026-07-17 19:35:43,199 INFO o.a.j.t.JMeterThread: Thread is done: 秒杀线程组：1000用户 1-166
2026-07-17 19:35:43,199 INFO o.a.j.t.JMeterThread: Thread finished: 秒杀线程组：1000用户 1-166
2026-07-17 19:35:43,200 INFO o.a.j.t.JMeterThread: Thread started: 秒杀线程组：1000用户 1-276
2026-07-17 19:35:43,202 INFO o.a.j.t.JMeterThread: Thread started: 秒杀线程组：1000用户 1-268
2026-07-17 19:35:43,202 INFO o.a.j.t.JMeterThread: Thread started: 秒杀线程组：1000用户 1-278
2026-07-17 19:35:43,202 INFO o.a.j.t.JMeterThread: Thread started: 秒杀线程组：1000用户 1-280
2026-07-17 19:35:43,202 INFO o.a.j.t.JMeterThread: Thread started: 秒杀线程组：1000用户 1-283
2026-07-17 19:35:43,204 INFO o.a.j.t.JMeterThread: Thread started: 秒杀线程组：1000用户 1-270
2026-07-17 19:35:43,204 INFO o.a.j.t.JMeterThread: Thread started: 秒杀线程组：1000用户 1-281
2026-07-17 19:35:43,206 INFO o.a.j.t.JMeterThread: Thread started: 秒杀线程组：1000用户 1-287
2026-07-17 19:35:43,206 INFO o.a.j.t.JMeterThread: Thread is done: 秒杀线程组：1000用户 1-19
2026-07-17 19:35:43,207 INFO o.a.j.t.JMeterThread: Thread finished: 秒杀线程组：1000用户 1-19
2026-07-17 19:35:43,207 INFO o.a.j.t.JMeterThread: Thread started: 秒杀线程组：1000用户 1-295
2026-07-17 19:35:43,207 INFO o.a.j.t.JMeterThread: Thread started: 秒杀线程组：1000用户 1-290
2026-07-17 19:35:43,207 INFO o.a.j.t.JMeterThread: Thread started: 秒杀线程组：1000用户 1-284
2026-07-17 19:35:43,208 INFO o.a.j.t.JMeterThread: Thread started: 秒杀线程组：1000用户 1-296
2026-07-17 19:35:43,209 INFO o.a.j.t.JMeterThread: Thread started: 秒杀线程组：1000用户 1-299
2026-07-17 19:35:43,210 INFO o.a.j.t.JMeterThread: Thread started: 秒杀线程组：1000用户 1-279
2026-07-17 19:35:43,210 INFO o.a.j.t.JMeterThread: Thread started: 秒杀线程组：1000用户 1-282
2026-07-17 19:35:43,211 INFO o.a.j.t.JMeterThread: Thread started: 秒杀线程组：1000用户 1-285
2026-07-17 19:35:43,211 INFO o.a.j.t.JMeterThread: Thread started: 秒杀线程组：1000用户 1-286
2026-07-17 19:35:43,213 INFO o.a.j.t.JMeterThread: Thread started: 秒杀线程组：1000用户 1-289
2026-07-17 19:35:43,213 INFO o.a.j.t.JMeterThread: Thread started: 秒杀线程组：1000用户 1-300
2026-07-17 19:35:43,216 INFO o.a.j.t.JMeterThread: Thread started: 秒杀线程组：1000用户 1-305
2026-07-17 19:35:43,216 INFO o.a.j.t.JMeterThread: Thread started: 秒杀线程组：1000用户 1-307
2026-07-17 19:35:43,216 INFO o.a.j.t.JMeterThread: Thread started: 秒杀线程组：1000用户 1-291
2026-07-17 19:35:43,216 INFO o.a.j.t.JMeterThread: Thread is done: 秒杀线程组：1000用户 1-139
2026-07-17 19:35:43,216 INFO o.a.j.t.JMeterThread: Thread finished: 秒杀线程组：1000用户 1-139
2026-07-17 19:35:43,218 INFO o.a.j.t.JMeterThread: Thread started: 秒杀线程组：1000用户 1-293
2026-07-17 19:35:43,218 INFO o.a.j.t.JMeterThread: Thread started: 秒杀线程组：1000用户 1-288
2026-07-17 19:35:43,222 INFO o.a.j.t.JMeterThread: Thread started: 秒杀线程组：1000用户 1-292
2026-07-17 19:35:43,222 INFO o.a.j.t.JMeterThread: Thread started: 秒杀线程组：1000用户 1-297
2026-07-17 19:35:43,222 INFO o.a.j.t.JMeterThread: Thread started: 秒杀线程组：1000用户 1-312
2026-07-17 19:35:43,224 INFO o.a.j.t.JMeterThread: Thread started: 秒杀线程组：1000用户 1-313
2026-07-17 19:35:43,224 INFO o.a.j.t.JMeterThread: Thread started: 秒杀线程组：1000用户 1-294
2026-07-17 19:35:43,224 INFO o.a.j.t.JMeterThread: Thread started: 秒杀线程组：1000用户 1-298
2026-07-17 19:35:43,224 INFO o.a.j.t.JMeterThread: Thread started: 秒杀线程组：1000用户 1-314
2026-07-17 19:35:43,224 INFO o.a.j.t.JMeterThread: Thread started: 秒杀线程组：1000用户 1-309
2026-07-17 19:35:43,224 INFO o.a.j.t.JMeterThread: Thread is done: 秒杀线程组：1000用户 1-89
2026-07-17 19:35:43,224 INFO o.a.j.t.JMeterThread: Thread finished: 秒杀线程组：1000用户 1-89
2026-07-17 19:35:43,226 INFO o.a.j.t.JMeterThread: Thread started: 秒杀线程组：1000用户 1-301
2026-07-17 19:35:43,227 INFO o.a.j.t.JMeterThread: Thread started: 秒杀线程组：1000用户 1-324
2026-07-17 19:35:43,227 INFO o.a.j.t.JMeterThread: Thread started: 秒杀线程组：1000用户 1-302
2026-07-17 19:35:43,228 INFO o.a.j.t.JMeterThread: Thread started: 秒杀线程组：1000用户 1-304
2026-07-17 19:35:43,228 INFO o.a.j.t.JMeterThread: Thread started: 秒杀线程组：1000用户 1-320
2026-07-17 19:35:43,228 INFO o.a.j.t.JMeterThread: Thread started: 秒杀线程组：1000用户 1-303
2026-07-17 19:35:43,229 INFO o.a.j.t.JMeterThread: Thread started: 秒杀线程组：1000用户 1-321
2026-07-17 19:35:43,230 INFO o.a.j.t.JMeterThread: Thread started: 秒杀线程组：1000用户 1-316
2026-07-17 19:35:43,230 INFO o.a.j.t.JMeterThread: Thread started: 秒杀线程组：1000用户 1-306
2026-07-17 19:35:43,231 INFO o.a.j.t.JMeterThread: Thread started: 秒杀线程组：1000用户 1-308
2026-07-17 19:35:43,233 INFO o.a.j.t.JMeterThread: Thread is done: 秒杀线程组：1000用户 1-122
2026-07-17 19:35:43,233 INFO o.a.j.t.JMeterThread: Thread finished: 秒杀线程组：1000用户 1-122
2026-07-17 19:35:43,234 INFO o.a.j.t.JMeterThread: Thread started: 秒杀线程组：1000用户 1-323
2026-07-17 19:35:43,234 INFO o.a.j.t.JMeterThread: Thread started: 秒杀线程组：1000用户 1-310
2026-07-17 19:35:43,234 INFO o.a.j.t.JMeterThread: Thread started: 秒杀线程组：1000用户 1-327
2026-07-17 19:35:43,235 INFO o.a.j.t.JMeterThread: Thread started: 秒杀线程组：1000用户 1-328
2026-07-17 19:35:43,238 INFO o.a.j.t.JMeterThread: Thread started: 秒杀线程组：1000用户 1-322
2026-07-17 19:35:43,238 INFO o.a.j.t.JMeterThread: Thread started: 秒杀线程组：1000用户 1-311
2026-07-17 19:35:43,239 INFO o.a.j.t.JMeterThread: Thread started: 秒杀线程组：1000用户 1-332
2026-07-17 19:35:43,240 INFO o.a.j.t.JMeterThread: Thread started: 秒杀线程组：1000用户 1-325
2026-07-17 19:35:43,240 INFO o.a.j.t.JMeterThread: Thread started: 秒杀线程组：1000用户 1-317
2026-07-17 19:35:43,241 INFO o.a.j.t.JMeterThread: Thread started: 秒杀线程组：1000用户 1-335
2026-07-17 19:35:43,241 INFO o.a.j.t.JMeterThread: Thread started: 秒杀线程组：1000用户 1-315
2026-07-17 19:35:43,242 INFO o.a.j.t.JMeterThread: Thread started: 秒杀线程组：1000用户 1-318
2026-07-17 19:35:43,242 INFO o.a.j.t.JMeterThread: Thread started: 秒杀线程组：1000用户 1-336
2026-07-17 19:35:43,242 INFO o.a.j.t.JMeterThread: Thread is done: 秒杀线程组：1000用户 1-167
2026-07-17 19:35:43,242 INFO o.a.j.t.JMeterThread: Thread finished: 秒杀线程组：1000用户 1-167
2026-07-17 19:35:43,243 INFO o.a.j.t.JMeterThread: Thread started: 秒杀线程组：1000用户 1-343
2026-07-17 19:35:43,243 INFO o.a.j.t.JMeterThread: Thread started: 秒杀线程组：1000用户 1-326
2026-07-17 19:35:43,243 INFO o.a.j.t.JMeterThread: Thread started: 秒杀线程组：1000用户 1-337
2026-07-17 19:35:43,244 INFO o.a.j.t.JMeterThread: Thread started: 秒杀线程组：1000用户 1-338
2026-07-17 19:35:43,245 INFO o.a.j.t.JMeterThread: Thread started: 秒杀线程组：1000用户 1-339
2026-07-17 19:35:43,245 INFO o.a.j.t.JMeterThread: Thread started: 秒杀线程组：1000用户 1-319
2026-07-17 19:35:43,248 INFO o.a.j.t.JMeterThread: Thread started: 秒杀线程组：1000用户 1-342
2026-07-17 19:35:43,248 INFO o.a.j.t.JMeterThread: Thread started: 秒杀线程组：1000用户 1-330
2026-07-17 19:35:43,248 INFO o.a.j.t.JMeterThread: Thread started: 秒杀线程组：1000用户 1-341
2026-07-17 19:35:43,249 INFO o.a.j.t.JMeterThread: Thread started: 秒杀线程组：1000用户 1-329
2026-07-17 19:35:43,250 INFO o.a.j.t.JMeterThread: Thread is done: 秒杀线程组：1000用户 1-117
2026-07-17 19:35:43,250 INFO o.a.j.t.JMeterThread: Thread finished: 秒杀线程组：1000用户 1-117
2026-07-17 19:35:43,251 INFO o.a.j.t.JMeterThread: Thread started: 秒杀线程组：1000用户 1-331
2026-07-17 19:35:43,252 INFO o.a.j.t.JMeterThread: Thread started: 秒杀线程组：1000用户 1-333
2026-07-17 19:35:43,254 INFO o.a.j.t.JMeterThread: Thread started: 秒杀线程组：1000用户 1-340
2026-07-17 19:35:43,254 INFO o.a.j.t.JMeterThread: Thread started: 秒杀线程组：1000用户 1-334
2026-07-17 19:35:43,254 INFO o.a.j.t.JMeterThread: Thread started: 秒杀线程组：1000用户 1-347
2026-07-17 19:35:43,257 INFO o.a.j.t.JMeterThread: Thread is done: 秒杀线程组：1000用户 1-81
2026-07-17 19:35:43,257 INFO o.a.j.t.JMeterThread: Thread finished: 秒杀线程组：1000用户 1-81
2026-07-17 19:35:43,258 INFO o.a.j.t.JMeterThread: Thread started: 秒杀线程组：1000用户 1-353
2026-07-17 19:35:43,259 INFO o.a.j.t.JMeterThread: Thread started: 秒杀线程组：1000用户 1-354
2026-07-17 19:35:43,261 INFO o.a.j.t.JMeterThread: Thread started: 秒杀线程组：1000用户 1-355
2026-07-17 19:35:43,261 INFO o.a.j.t.JMeterThread: Thread started: 秒杀线程组：1000用户 1-356
2026-07-17 19:35:43,262 INFO o.a.j.t.JMeterThread: Thread started: 秒杀线程组：1000用户 1-344
2026-07-17 19:35:43,264 INFO o.a.j.t.JMeterThread: Thread started: 秒杀线程组：1000用户 1-359
2026-07-17 19:35:43,264 INFO o.a.j.t.JMeterThread: Thread started: 秒杀线程组：1000用户 1-345
2026-07-17 19:35:43,265 INFO o.a.j.t.JMeterThread: Thread started: 秒杀线程组：1000用户 1-346
2026-07-17 19:35:43,265 INFO o.a.j.t.JMeterThread: Thread started: 秒杀线程组：1000用户 1-360
2026-07-17 19:35:43,265 INFO o.a.j.t.JMeterThread: Thread is done: 秒杀线程组：1000用户 1-188
2026-07-17 19:35:43,265 INFO o.a.j.t.JMeterThread: Thread finished: 秒杀线程组：1000用户 1-188
2026-07-17 19:35:43,266 INFO o.a.j.t.JMeterThread: Thread started: 秒杀线程组：1000用户 1-350
2026-07-17 19:35:43,266 INFO o.a.j.t.JMeterThread: Thread started: 秒杀线程组：1000用户 1-361
2026-07-17 19:35:43,267 INFO o.a.j.t.JMeterThread: Thread started: 秒杀线程组：1000用户 1-368
2026-07-17 19:35:43,267 INFO o.a.j.t.JMeterThread: Thread started: 秒杀线程组：1000用户 1-348
2026-07-17 19:35:43,267 INFO o.a.j.t.JMeterThread: Thread started: 秒杀线程组：1000用户 1-352
2026-07-17 19:35:43,267 INFO o.a.j.t.JMeterThread: Thread started: 秒杀线程组：1000用户 1-349
2026-07-17 19:35:43,270 INFO o.a.j.t.JMeterThread: Thread started: 秒杀线程组：1000用户 1-351
2026-07-17 19:35:43,270 INFO o.a.j.t.JMeterThread: Thread started: 秒杀线程组：1000用户 1-371
2026-07-17 19:35:43,272 INFO o.a.j.t.JMeterThread: Thread is done: 秒杀线程组：1000用户 1-91
2026-07-17 19:35:43,272 INFO o.a.j.t.JMeterThread: Thread finished: 秒杀线程组：1000用户 1-91
2026-07-17 19:35:43,274 INFO o.a.j.t.JMeterThread: Thread started: 秒杀线程组：1000用户 1-357
2026-07-17 19:35:43,276 INFO o.a.j.t.JMeterThread: Thread started: 秒杀线程组：1000用户 1-358
2026-07-17 19:35:43,276 INFO o.a.j.t.JMeterThread: Thread started: 秒杀线程组：1000用户 1-362
2026-07-17 19:35:43,276 INFO o.a.j.t.JMeterThread: Thread started: 秒杀线程组：1000用户 1-378
2026-07-17 19:35:43,277 INFO o.a.j.t.JMeterThread: Thread started: 秒杀线程组：1000用户 1-374
2026-07-17 19:35:43,277 INFO o.a.j.t.JMeterThread: Thread started: 秒杀线程组：1000用户 1-373
2026-07-17 19:35:43,279 INFO o.a.j.t.JMeterThread: Thread started: 秒杀线程组：1000用户 1-363
2026-07-17 19:35:43,280 INFO o.a.j.t.JMeterThread: Thread started: 秒杀线程组：1000用户 1-382
2026-07-17 19:35:43,280 INFO o.a.j.t.JMeterThread: Thread started: 秒杀线程组：1000用户 1-376
2026-07-17 19:35:43,280 INFO o.a.j.t.JMeterThread: Thread started: 秒杀线程组：1000用户 1-380
2026-07-17 19:35:43,281 INFO o.a.j.t.JMeterThread: Thread started: 秒杀线程组：1000用户 1-364
2026-07-17 19:35:43,281 INFO o.a.j.t.JMeterThread: Thread is done: 秒杀线程组：1000用户 1-53
2026-07-17 19:35:43,281 INFO o.a.j.t.JMeterThread: Thread finished: 秒杀线程组：1000用户 1-53
2026-07-17 19:35:43,282 INFO o.a.j.t.JMeterThread: Thread started: 秒杀线程组：1000用户 1-365
2026-07-17 19:35:43,282 INFO o.a.j.t.JMeterThread: Thread started: 秒杀线程组：1000用户 1-379
2026-07-17 19:35:43,282 INFO o.a.j.t.JMeterThread: Thread started: 秒杀线程组：1000用户 1-367
2026-07-17 19:35:43,282 INFO o.a.j.t.JMeterThread: Thread started: 秒杀线程组：1000用户 1-366
2026-07-17 19:35:43,283 INFO o.a.j.t.JMeterThread: Thread started: 秒杀线程组：1000用户 1-383
2026-07-17 19:35:43,283 INFO o.a.j.t.JMeterThread: Thread started: 秒杀线程组：1000用户 1-385
2026-07-17 19:35:43,283 INFO o.a.j.t.JMeterThread: Thread started: 秒杀线程组：1000用户 1-369
2026-07-17 19:35:43,285 INFO o.a.j.t.JMeterThread: Thread started: 秒杀线程组：1000用户 1-370
2026-07-17 19:35:43,285 INFO o.a.j.t.JMeterThread: Thread started: 秒杀线程组：1000用户 1-372
2026-07-17 19:35:43,285 INFO o.a.j.t.JMeterThread: Thread started: 秒杀线程组：1000用户 1-386
2026-07-17 19:35:43,288 INFO o.a.j.t.JMeterThread: Thread started: 秒杀线程组：1000用户 1-391
2026-07-17 19:35:43,288 INFO o.a.j.t.JMeterThread: Thread started: 秒杀线程组：1000用户 1-375
2026-07-17 19:35:43,289 INFO o.a.j.t.JMeterThread: Thread started: 秒杀线程组：1000用户 1-390
2026-07-17 19:35:43,289 INFO o.a.j.t.JMeterThread: Thread started: 秒杀线程组：1000用户 1-388
2026-07-17 19:35:43,289 INFO o.a.j.t.JMeterThread: Thread started: 秒杀线程组：1000用户 1-389
2026-07-17 19:35:43,291 INFO o.a.j.t.JMeterThread: Thread is done: 秒杀线程组：1000用户 1-151
2026-07-17 19:35:43,291 INFO o.a.j.t.JMeterThread: Thread finished: 秒杀线程组：1000用户 1-151
2026-07-17 19:35:43,292 INFO o.a.j.t.JMeterThread: Thread started: 秒杀线程组：1000用户 1-377
2026-07-17 19:35:43,292 INFO o.a.j.t.JMeterThread: Thread started: 秒杀线程组：1000用户 1-394
2026-07-17 19:35:43,293 INFO o.a.j.t.JMeterThread: Thread started: 秒杀线程组：1000用户 1-381
2026-07-17 19:35:43,294 INFO o.a.j.t.JMeterThread: Thread started: 秒杀线程组：1000用户 1-393
2026-07-17 19:35:43,294 INFO o.a.j.t.JMeterThread: Thread started: 秒杀线程组：1000用户 1-395
2026-07-17 19:35:43,294 INFO o.a.j.t.JMeterThread: Thread started: 秒杀线程组：1000用户 1-384
2026-07-17 19:35:43,295 INFO o.a.j.t.JMeterThread: Thread started: 秒杀线程组：1000用户 1-399
2026-07-17 19:35:43,297 INFO o.a.j.t.JMeterThread: Thread started: 秒杀线程组：1000用户 1-396
2026-07-17 19:35:43,299 INFO o.a.j.t.JMeterThread: Thread started: 秒杀线程组：1000用户 1-387
2026-07-17 19:35:43,300 INFO o.a.j.t.JMeterThread: Thread is done: 秒杀线程组：1000用户 1-46
2026-07-17 19:35:43,300 INFO o.a.j.t.JMeterThread: Thread finished: 秒杀线程组：1000用户 1-46
2026-07-17 19:35:43,302 INFO o.a.j.t.JMeterThread: Thread started: 秒杀线程组：1000用户 1-392
2026-07-17 19:35:43,306 INFO o.a.j.t.JMeterThread: Thread started: 秒杀线程组：1000用户 1-408
2026-07-17 19:35:43,306 INFO o.a.j.t.JMeterThread: Thread is done: 秒杀线程组：1000用户 1-135
2026-07-17 19:35:43,306 INFO o.a.j.t.JMeterThread: Thread finished: 秒杀线程组：1000用户 1-135
2026-07-17 19:35:43,309 INFO o.a.j.t.JMeterThread: Thread started: 秒杀线程组：1000用户 1-400
2026-07-17 19:35:43,309 INFO o.a.j.t.JMeterThread: Thread started: 秒杀线程组：1000用户 1-397
2026-07-17 19:35:43,309 INFO o.a.j.t.JMeterThread: Thread started: 秒杀线程组：1000用户 1-410
2026-07-17 19:35:43,310 INFO o.a.j.t.JMeterThread: Thread started: 秒杀线程组：1000用户 1-398
2026-07-17 19:35:43,312 INFO o.a.j.t.JMeterThread: Thread started: 秒杀线程组：1000用户 1-401
2026-07-17 19:35:43,312 INFO o.a.j.t.JMeterThread: Thread started: 秒杀线程组：1000用户 1-402
2026-07-17 19:35:43,313 INFO o.a.j.t.JMeterThread: Thread started: 秒杀线程组：1000用户 1-419
2026-07-17 19:35:43,313 INFO o.a.j.t.JMeterThread: Thread started: 秒杀线程组：1000用户 1-405
2026-07-17 19:35:43,314 INFO o.a.j.t.JMeterThread: Thread started: 秒杀线程组：1000用户 1-417
2026-07-17 19:35:43,314 INFO o.a.j.t.JMeterThread: Thread started: 秒杀线程组：1000用户 1-404
2026-07-17 19:35:43,315 INFO o.a.j.t.JMeterThread: Thread is done: 秒杀线程组：1000用户 1-8
2026-07-17 19:35:43,315 INFO o.a.j.t.JMeterThread: Thread finished: 秒杀线程组：1000用户 1-8
2026-07-17 19:35:43,316 INFO o.a.j.t.JMeterThread: Thread started: 秒杀线程组：1000用户 1-403
2026-07-17 19:35:43,316 INFO o.a.j.t.JMeterThread: Thread started: 秒杀线程组：1000用户 1-407
2026-07-17 19:35:43,319 INFO o.a.j.t.JMeterThread: Thread started: 秒杀线程组：1000用户 1-406
2026-07-17 19:35:43,319 INFO o.a.j.t.JMeterThread: Thread started: 秒杀线程组：1000用户 1-409
2026-07-17 19:35:43,319 INFO o.a.j.t.JMeterThread: Thread started: 秒杀线程组：1000用户 1-421
2026-07-17 19:35:43,319 INFO o.a.j.t.JMeterThread: Thread started: 秒杀线程组：1000用户 1-413
2026-07-17 19:35:43,322 INFO o.a.j.t.JMeterThread: Thread started: 秒杀线程组：1000用户 1-412
2026-07-17 19:35:43,322 INFO o.a.j.t.JMeterThread: Thread started: 秒杀线程组：1000用户 1-411
2026-07-17 19:35:43,322 INFO o.a.j.t.JMeterThread: Thread is done: 秒杀线程组：1000用户 1-168
2026-07-17 19:35:43,322 INFO o.a.j.t.JMeterThread: Thread finished: 秒杀线程组：1000用户 1-168
2026-07-17 19:35:43,323 INFO o.a.j.t.JMeterThread: Thread started: 秒杀线程组：1000用户 1-415
2026-07-17 19:35:43,324 INFO o.a.j.t.JMeterThread: Thread started: 秒杀线程组：1000用户 1-414
2026-07-17 19:35:43,325 INFO o.a.j.t.JMeterThread: Thread started: 秒杀线程组：1000用户 1-416
2026-07-17 19:35:43,327 INFO o.a.j.t.JMeterThread: Thread started: 秒杀线程组：1000用户 1-418
2026-07-17 19:35:43,328 INFO o.a.j.t.JMeterThread: Thread started: 秒杀线程组：1000用户 1-420
2026-07-17 19:35:43,328 INFO o.a.j.t.JMeterThread: Thread started: 秒杀线程组：1000用户 1-423
2026-07-17 19:35:43,329 INFO o.a.j.t.JMeterThread: Thread started: 秒杀线程组：1000用户 1-424
2026-07-17 19:35:43,330 INFO o.a.j.t.JMeterThread: Thread started: 秒杀线程组：1000用户 1-422
2026-07-17 19:35:43,331 INFO o.a.j.t.JMeterThread: Thread started: 秒杀线程组：1000用户 1-425
2026-07-17 19:35:43,331 INFO o.a.j.t.JMeterThread: Thread is done: 秒杀线程组：1000用户 1-6
2026-07-17 19:35:43,331 INFO o.a.j.t.JMeterThread: Thread finished: 秒杀线程组：1000用户 1-6
2026-07-17 19:35:43,334 INFO o.a.j.t.JMeterThread: Thread started: 秒杀线程组：1000用户 1-426
2026-07-17 19:35:43,335 INFO o.a.j.t.JMeterThread: Thread started: 秒杀线程组：1000用户 1-428
2026-07-17 19:35:43,335 INFO o.a.j.t.JMeterThread: Thread started: 秒杀线程组：1000用户 1-427
2026-07-17 19:35:43,336 INFO o.a.j.t.JMeterThread: Thread started: 秒杀线程组：1000用户 1-429
2026-07-17 19:35:43,337 INFO o.a.j.t.JMeterThread: Thread started: 秒杀线程组：1000用户 1-432
2026-07-17 19:35:43,337 INFO o.a.j.t.JMeterThread: Thread started: 秒杀线程组：1000用户 1-430
2026-07-17 19:35:43,338 INFO o.a.j.t.JMeterThread: Thread started: 秒杀线程组：1000用户 1-431
2026-07-17 19:35:43,338 INFO o.a.j.t.JMeterThread: Thread is done: 秒杀线程组：1000用户 1-119
2026-07-17 19:35:43,338 INFO o.a.j.t.JMeterThread: Thread finished: 秒杀线程组：1000用户 1-119
2026-07-17 19:35:43,339 INFO o.a.j.t.JMeterThread: Thread started: 秒杀线程组：1000用户 1-435
2026-07-17 19:35:43,340 INFO o.a.j.t.JMeterThread: Thread started: 秒杀线程组：1000用户 1-433
2026-07-17 19:35:43,340 INFO o.a.j.t.JMeterThread: Thread started: 秒杀线程组：1000用户 1-443
2026-07-17 19:35:43,342 INFO o.a.j.t.JMeterThread: Thread started: 秒杀线程组：1000用户 1-434
2026-07-17 19:35:43,342 INFO o.a.j.t.JMeterThread: Thread started: 秒杀线程组：1000用户 1-439
2026-07-17 19:35:43,343 INFO o.a.j.t.JMeterThread: Thread started: 秒杀线程组：1000用户 1-436
2026-07-17 19:35:43,343 INFO o.a.j.t.JMeterThread: Thread started: 秒杀线程组：1000用户 1-438
2026-07-17 19:35:43,345 INFO o.a.j.t.JMeterThread: Thread started: 秒杀线程组：1000用户 1-437
2026-07-17 19:35:43,345 INFO o.a.j.t.JMeterThread: Thread started: 秒杀线程组：1000用户 1-440
2026-07-17 19:35:43,345 INFO o.a.j.t.JMeterThread: Thread started: 秒杀线程组：1000用户 1-442
2026-07-17 19:35:43,345 INFO o.a.j.t.JMeterThread: Thread started: 秒杀线程组：1000用户 1-441
2026-07-17 19:35:43,346 INFO o.a.j.t.JMeterThread: Thread started: 秒杀线程组：1000用户 1-445
2026-07-17 19:35:43,346 INFO o.a.j.t.JMeterThread: Thread is done: 秒杀线程组：1000用户 1-106
2026-07-17 19:35:43,346 INFO o.a.j.t.JMeterThread: Thread finished: 秒杀线程组：1000用户 1-106
2026-07-17 19:35:43,348 INFO o.a.j.t.JMeterThread: Thread started: 秒杀线程组：1000用户 1-444
2026-07-17 19:35:43,349 INFO o.a.j.t.JMeterThread: Thread started: 秒杀线程组：1000用户 1-447
2026-07-17 19:35:43,349 INFO o.a.j.t.JMeterThread: Thread started: 秒杀线程组：1000用户 1-446
2026-07-17 19:35:43,352 INFO o.a.j.t.JMeterThread: Thread started: 秒杀线程组：1000用户 1-448
2026-07-17 19:35:43,352 INFO o.a.j.t.JMeterThread: Thread started: 秒杀线程组：1000用户 1-449
2026-07-17 19:35:43,353 INFO o.a.j.t.JMeterThread: Thread is done: 秒杀线程组：1000用户 1-146
2026-07-17 19:35:43,353 INFO o.a.j.t.JMeterThread: Thread finished: 秒杀线程组：1000用户 1-146
2026-07-17 19:35:43,354 INFO o.a.j.t.JMeterThread: Thread started: 秒杀线程组：1000用户 1-454
2026-07-17 19:35:43,354 INFO o.a.j.t.JMeterThread: Thread started: 秒杀线程组：1000用户 1-450
2026-07-17 19:35:43,355 INFO o.a.j.t.JMeterThread: Thread started: 秒杀线程组：1000用户 1-455
2026-07-17 19:35:43,356 INFO o.a.j.t.JMeterThread: Thread started: 秒杀线程组：1000用户 1-452
2026-07-17 19:35:43,357 INFO o.a.j.t.JMeterThread: Thread started: 秒杀线程组：1000用户 1-460
2026-07-17 19:35:43,357 INFO o.a.j.t.JMeterThread: Thread started: 秒杀线程组：1000用户 1-456
2026-07-17 19:35:43,357 INFO o.a.j.t.JMeterThread: Thread started: 秒杀线程组：1000用户 1-459
2026-07-17 19:35:43,357 INFO o.a.j.t.JMeterThread: Thread started: 秒杀线程组：1000用户 1-457
2026-07-17 19:35:43,357 INFO o.a.j.t.JMeterThread: Thread started: 秒杀线程组：1000用户 1-458
2026-07-17 19:35:43,358 INFO o.a.j.t.JMeterThread: Thread is done: 秒杀线程组：1000用户 1-51
2026-07-17 19:35:43,358 INFO o.a.j.t.JMeterThread: Thread finished: 秒杀线程组：1000用户 1-51
2026-07-17 19:35:43,359 INFO o.a.j.t.JMeterThread: Thread started: 秒杀线程组：1000用户 1-451
2026-07-17 19:35:43,361 INFO o.a.j.t.JMeterThread: Thread started: 秒杀线程组：1000用户 1-461
2026-07-17 19:35:43,362 INFO o.a.j.t.JMeterThread: Thread started: 秒杀线程组：1000用户 1-453
2026-07-17 19:35:43,362 INFO o.a.j.t.JMeterThread: Thread started: 秒杀线程组：1000用户 1-462
2026-07-17 19:35:43,363 INFO o.a.j.t.JMeterThread: Thread started: 秒杀线程组：1000用户 1-468
2026-07-17 19:35:43,363 INFO o.a.j.t.JMeterThread: Thread started: 秒杀线程组：1000用户 1-466
2026-07-17 19:35:43,364 INFO o.a.j.t.JMeterThread: Thread started: 秒杀线程组：1000用户 1-463
2026-07-17 19:35:43,365 INFO o.a.j.t.JMeterThread: Thread started: 秒杀线程组：1000用户 1-470
2026-07-17 19:35:43,365 INFO o.a.j.t.JMeterThread: Thread started: 秒杀线程组：1000用户 1-467
2026-07-17 19:35:43,367 INFO o.a.j.t.JMeterThread: Thread started: 秒杀线程组：1000用户 1-465
2026-07-17 19:35:43,367 INFO o.a.j.t.JMeterThread: Thread started: 秒杀线程组：1000用户 1-464
2026-07-17 19:35:43,367 INFO o.a.j.t.JMeterThread: Thread is done: 秒杀线程组：1000用户 1-149
2026-07-17 19:35:43,367 INFO o.a.j.t.JMeterThread: Thread finished: 秒杀线程组：1000用户 1-149
2026-07-17 19:35:43,369 INFO o.a.j.t.JMeterThread: Thread started: 秒杀线程组：1000用户 1-472
2026-07-17 19:35:43,370 INFO o.a.j.t.JMeterThread: Thread started: 秒杀线程组：1000用户 1-469
2026-07-17 19:35:43,370 INFO o.a.j.t.JMeterThread: Thread started: 秒杀线程组：1000用户 1-471
2026-07-17 19:35:43,372 INFO o.a.j.t.JMeterThread: Thread started: 秒杀线程组：1000用户 1-475
2026-07-17 19:35:43,372 INFO o.a.j.t.JMeterThread: Thread started: 秒杀线程组：1000用户 1-473
2026-07-17 19:35:43,372 INFO o.a.j.t.JMeterThread: Thread started: 秒杀线程组：1000用户 1-477
2026-07-17 19:35:43,372 INFO o.a.j.t.JMeterThread: Thread started: 秒杀线程组：1000用户 1-480
2026-07-17 19:35:43,372 INFO o.a.j.t.JMeterThread: Thread started: 秒杀线程组：1000用户 1-476
2026-07-17 19:35:43,373 INFO o.a.j.t.JMeterThread: Thread started: 秒杀线程组：1000用户 1-481
2026-07-17 19:35:43,374 INFO o.a.j.t.JMeterThread: Thread started: 秒杀线程组：1000用户 1-478
2026-07-17 19:35:43,375 INFO o.a.j.t.JMeterThread: Thread started: 秒杀线程组：1000用户 1-479
2026-07-17 19:35:43,376 INFO o.a.j.t.JMeterThread: Thread started: 秒杀线程组：1000用户 1-474
2026-07-17 19:35:43,376 INFO o.a.j.t.JMeterThread: Thread started: 秒杀线程组：1000用户 1-483
2026-07-17 19:35:43,376 INFO o.a.j.t.JMeterThread: Thread started: 秒杀线程组：1000用户 1-482
2026-07-17 19:35:43,378 INFO o.a.j.t.JMeterThread: Thread is done: 秒杀线程组：1000用户 1-209
2026-07-17 19:35:43,380 INFO o.a.j.t.JMeterThread: Thread finished: 秒杀线程组：1000用户 1-209
2026-07-17 19:35:43,380 INFO o.a.j.t.JMeterThread: Thread started: 秒杀线程组：1000用户 1-487
2026-07-17 19:35:43,380 INFO o.a.j.t.JMeterThread: Thread started: 秒杀线程组：1000用户 1-485
2026-07-17 19:35:43,382 INFO o.a.j.t.JMeterThread: Thread started: 秒杀线程组：1000用户 1-490
2026-07-17 19:35:43,382 INFO o.a.j.t.JMeterThread: Thread started: 秒杀线程组：1000用户 1-489
2026-07-17 19:35:43,384 INFO o.a.j.t.JMeterThread: Thread started: 秒杀线程组：1000用户 1-486
2026-07-17 19:35:43,386 INFO o.a.j.t.JMeterThread: Thread is done: 秒杀线程组：1000用户 1-138
2026-07-17 19:35:43,386 INFO o.a.j.t.JMeterThread: Thread finished: 秒杀线程组：1000用户 1-138
2026-07-17 19:35:43,421 INFO o.a.j.t.JMeterThread: Thread started: 秒杀线程组：1000用户 1-529
2026-07-17 19:35:43,389 INFO o.a.j.t.JMeterThread: Thread started: 秒杀线程组：1000用户 1-496
2026-07-17 19:35:43,421 INFO o.a.j.t.JMeterThread: Thread started: 秒杀线程组：1000用户 1-527
2026-07-17 19:35:43,421 INFO o.a.j.t.JMeterThread: Thread started: 秒杀线程组：1000用户 1-498
2026-07-17 19:35:43,421 INFO o.a.j.t.JMeterThread: Thread started: 秒杀线程组：1000用户 1-509
2026-07-17 19:35:43,421 INFO o.a.j.t.JMeterThread: Thread started: 秒杀线程组：1000用户 1-526
2026-07-17 19:35:43,421 INFO o.a.j.t.JMeterThread: Thread started: 秒杀线程组：1000用户 1-521
2026-07-17 19:35:43,421 INFO o.a.j.t.JMeterThread: Thread started: 秒杀线程组：1000用户 1-528
2026-07-17 19:35:43,423 INFO o.a.j.t.JMeterThread: Thread started: 秒杀线程组：1000用户 1-533
2026-07-17 19:35:43,424 INFO o.a.j.t.JMeterThread: Thread started: 秒杀线程组：1000用户 1-530
2026-07-17 19:35:43,425 INFO o.a.j.t.JMeterThread: Thread started: 秒杀线程组：1000用户 1-532
2026-07-17 19:35:43,425 INFO o.a.j.t.JMeterThread: Thread is done: 秒杀线程组：1000用户 1-184
2026-07-17 19:35:43,425 INFO o.a.j.t.JMeterThread: Thread finished: 秒杀线程组：1000用户 1-184
2026-07-17 19:35:43,421 INFO o.a.j.t.JMeterThread: Thread started: 秒杀线程组：1000用户 1-520
2026-07-17 19:35:43,421 INFO o.a.j.t.JMeterThread: Thread started: 秒杀线程组：1000用户 1-522
2026-07-17 19:35:43,426 INFO o.a.j.t.JMeterThread: Thread started: 秒杀线程组：1000用户 1-518
2026-07-17 19:35:43,421 INFO o.a.j.t.JMeterThread: Thread started: 秒杀线程组：1000用户 1-524
2026-07-17 19:35:43,426 INFO o.a.j.t.JMeterThread: Thread started: 秒杀线程组：1000用户 1-519
2026-07-17 19:35:43,426 INFO o.a.j.t.JMeterThread: Thread started: 秒杀线程组：1000用户 1-505
2026-07-17 19:35:43,426 INFO o.a.j.t.JMeterThread: Thread started: 秒杀线程组：1000用户 1-516
2026-07-17 19:35:43,426 INFO o.a.j.t.JMeterThread: Thread started: 秒杀线程组：1000用户 1-514
2026-07-17 19:35:43,426 INFO o.a.j.t.JMeterThread: Thread started: 秒杀线程组：1000用户 1-515
2026-07-17 19:35:43,426 INFO o.a.j.t.JMeterThread: Thread is done: 秒杀线程组：1000用户 1-163
2026-07-17 19:35:43,421 INFO o.a.j.t.JMeterThread: Thread started: 秒杀线程组：1000用户 1-523
2026-07-17 19:35:43,426 INFO o.a.j.t.JMeterThread: Thread started: 秒杀线程组：1000用户 1-502
2026-07-17 19:35:43,426 INFO o.a.j.t.JMeterThread: Thread started: 秒杀线程组：1000用户 1-511
2026-07-17 19:35:43,426 INFO o.a.j.t.JMeterThread: Thread started: 秒杀线程组：1000用户 1-510
2026-07-17 19:35:43,426 INFO o.a.j.t.JMeterThread: Thread started: 秒杀线程组：1000用户 1-508
2026-07-17 19:35:43,426 INFO o.a.j.t.JMeterThread: Thread started: 秒杀线程组：1000用户 1-504
2026-07-17 19:35:43,426 INFO o.a.j.t.JMeterThread: Thread started: 秒杀线程组：1000用户 1-499
2026-07-17 19:35:43,426 INFO o.a.j.t.JMeterThread: Thread started: 秒杀线程组：1000用户 1-495
2026-07-17 19:35:43,426 INFO o.a.j.t.JMeterThread: Thread started: 秒杀线程组：1000用户 1-517
2026-07-17 19:35:43,425 INFO o.a.j.t.JMeterThread: Thread is done: 秒杀线程组：1000用户 1-26
2026-07-17 19:35:43,426 INFO o.a.j.t.JMeterThread: Thread started: 秒杀线程组：1000用户 1-493
2026-07-17 19:35:43,427 INFO o.a.j.t.JMeterThread: Thread started: 秒杀线程组：1000用户 1-492
2026-07-17 19:35:43,426 INFO o.a.j.t.JMeterThread: Thread started: 秒杀线程组：1000用户 1-506
2026-07-17 19:35:43,427 INFO o.a.j.t.JMeterThread: Thread started: 秒杀线程组：1000用户 1-534
2026-07-17 19:35:43,426 INFO o.a.j.t.JMeterThread: Thread started: 秒杀线程组：1000用户 1-513
2026-07-17 19:35:43,427 INFO o.a.j.t.JMeterThread: Thread started: 秒杀线程组：1000用户 1-503
2026-07-17 19:35:43,426 INFO o.a.j.t.JMeterThread: Thread started: 秒杀线程组：1000用户 1-512
2026-07-17 19:35:43,426 INFO o.a.j.t.JMeterThread: Thread finished: 秒杀线程组：1000用户 1-163
2026-07-17 19:35:43,427 INFO o.a.j.t.JMeterThread: Thread started: 秒杀线程组：1000用户 1-500
2026-07-17 19:35:43,426 INFO o.a.j.t.JMeterThread: Thread started: 秒杀线程组：1000用户 1-501
2026-07-17 19:35:43,427 INFO o.a.j.t.JMeterThread: Thread started: 秒杀线程组：1000用户 1-484
2026-07-17 19:35:43,427 INFO o.a.j.t.JMeterThread: Thread is done: 秒杀线程组：1000用户 1-30
2026-07-17 19:35:43,427 INFO o.a.j.t.JMeterThread: Thread finished: 秒杀线程组：1000用户 1-30
2026-07-17 19:35:43,427 INFO o.a.j.t.JMeterThread: Thread started: 秒杀线程组：1000用户 1-488
2026-07-17 19:35:43,427 INFO o.a.j.t.JMeterThread: Thread started: 秒杀线程组：1000用户 1-494
2026-07-17 19:35:43,427 INFO o.a.j.t.JMeterThread: Thread started: 秒杀线程组：1000用户 1-497
2026-07-17 19:35:43,427 INFO o.a.j.t.JMeterThread: Thread started: 秒杀线程组：1000用户 1-491
2026-07-17 19:35:43,427 INFO o.a.j.t.JMeterThread: Thread finished: 秒杀线程组：1000用户 1-26
2026-07-17 19:35:43,426 INFO o.a.j.t.JMeterThread: Thread started: 秒杀线程组：1000用户 1-507
2026-07-17 19:35:43,429 INFO o.a.j.t.JMeterThread: Thread started: 秒杀线程组：1000用户 1-536
2026-07-17 19:35:43,429 INFO o.a.j.t.JMeterThread: Thread started: 秒杀线程组：1000用户 1-535
2026-07-17 19:35:43,429 INFO o.a.j.t.JMeterThread: Thread started: 秒杀线程组：1000用户 1-525
2026-07-17 19:35:43,429 INFO o.a.j.t.JMeterThread: Thread started: 秒杀线程组：1000用户 1-539
2026-07-17 19:35:43,430 INFO o.a.j.t.JMeterThread: Thread started: 秒杀线程组：1000用户 1-541
2026-07-17 19:35:43,432 INFO o.a.j.t.JMeterThread: Thread started: 秒杀线程组：1000用户 1-542
2026-07-17 19:35:43,434 INFO o.a.j.t.JMeterThread: Thread started: 秒杀线程组：1000用户 1-540
2026-07-17 19:35:43,434 INFO o.a.j.t.JMeterThread: Thread started: 秒杀线程组：1000用户 1-538
2026-07-17 19:35:43,434 INFO o.a.j.t.JMeterThread: Thread is done: 秒杀线程组：1000用户 1-143
2026-07-17 19:35:43,434 INFO o.a.j.t.JMeterThread: Thread finished: 秒杀线程组：1000用户 1-143
2026-07-17 19:35:43,435 INFO o.a.j.t.JMeterThread: Thread started: 秒杀线程组：1000用户 1-546
2026-07-17 19:35:43,435 INFO o.a.j.t.JMeterThread: Thread started: 秒杀线程组：1000用户 1-531
2026-07-17 19:35:43,436 INFO o.a.j.t.JMeterThread: Thread started: 秒杀线程组：1000用户 1-549
2026-07-17 19:35:43,436 INFO o.a.j.t.JMeterThread: Thread started: 秒杀线程组：1000用户 1-543
2026-07-17 19:35:43,439 INFO o.a.j.t.JMeterThread: Thread started: 秒杀线程组：1000用户 1-552
2026-07-17 19:35:43,439 INFO o.a.j.t.JMeterThread: Thread started: 秒杀线程组：1000用户 1-545
2026-07-17 19:35:43,440 INFO o.a.j.t.JMeterThread: Thread started: 秒杀线程组：1000用户 1-537
2026-07-17 19:35:43,440 INFO o.a.j.t.JMeterThread: Thread is done: 秒杀线程组：1000用户 1-70
2026-07-17 19:35:43,440 INFO o.a.j.t.JMeterThread: Thread finished: 秒杀线程组：1000用户 1-70
2026-07-17 19:35:43,441 INFO o.a.j.t.JMeterThread: Thread started: 秒杀线程组：1000用户 1-554
2026-07-17 19:35:43,442 INFO o.a.j.t.JMeterThread: Thread started: 秒杀线程组：1000用户 1-548
2026-07-17 19:35:43,443 INFO o.a.j.t.JMeterThread: Thread started: 秒杀线程组：1000用户 1-556
2026-07-17 19:35:43,443 INFO o.a.j.t.JMeterThread: Thread started: 秒杀线程组：1000用户 1-550
2026-07-17 19:35:43,444 INFO o.a.j.t.JMeterThread: Thread started: 秒杀线程组：1000用户 1-551
2026-07-17 19:35:43,446 INFO o.a.j.t.JMeterThread: Thread started: 秒杀线程组：1000用户 1-544
2026-07-17 19:35:43,447 INFO o.a.j.t.JMeterThread: Thread started: 秒杀线程组：1000用户 1-553
2026-07-17 19:35:43,447 INFO o.a.j.t.JMeterThread: Thread is done: 秒杀线程组：1000用户 1-62
2026-07-17 19:35:43,447 INFO o.a.j.t.JMeterThread: Thread finished: 秒杀线程组：1000用户 1-62
2026-07-17 19:35:43,448 INFO o.a.j.t.JMeterThread: Thread started: 秒杀线程组：1000用户 1-547
2026-07-17 19:35:43,452 INFO o.a.j.t.JMeterThread: Thread started: 秒杀线程组：1000用户 1-557
2026-07-17 19:35:43,452 INFO o.a.j.t.JMeterThread: Thread started: 秒杀线程组：1000用户 1-558
2026-07-17 19:35:43,453 INFO o.a.j.t.JMeterThread: Thread started: 秒杀线程组：1000用户 1-568
2026-07-17 19:35:43,454 INFO o.a.j.t.JMeterThread: Thread started: 秒杀线程组：1000用户 1-559
2026-07-17 19:35:43,454 INFO o.a.j.t.JMeterThread: Thread started: 秒杀线程组：1000用户 1-560
2026-07-17 19:35:43,455 INFO o.a.j.t.JMeterThread: Thread started: 秒杀线程组：1000用户 1-561
2026-07-17 19:35:43,455 INFO o.a.j.t.JMeterThread: Thread started: 秒杀线程组：1000用户 1-555
2026-07-17 19:35:43,455 INFO o.a.j.t.JMeterThread: Thread is done: 秒杀线程组：1000用户 1-47
2026-07-17 19:35:43,455 INFO o.a.j.t.JMeterThread: Thread finished: 秒杀线程组：1000用户 1-47
2026-07-17 19:35:43,457 INFO o.a.j.t.JMeterThread: Thread started: 秒杀线程组：1000用户 1-564
2026-07-17 19:35:43,458 INFO o.a.j.t.JMeterThread: Thread started: 秒杀线程组：1000用户 1-573
2026-07-17 19:35:43,458 INFO o.a.j.t.JMeterThread: Thread started: 秒杀线程组：1000用户 1-563
2026-07-17 19:35:43,458 INFO o.a.j.t.JMeterThread: Thread started: 秒杀线程组：1000用户 1-562
2026-07-17 19:35:43,460 INFO o.a.j.t.JMeterThread: Thread started: 秒杀线程组：1000用户 1-565
2026-07-17 19:35:43,460 INFO o.a.j.t.JMeterThread: Thread started: 秒杀线程组：1000用户 1-574
2026-07-17 19:35:43,461 INFO o.a.j.t.JMeterThread: Thread started: 秒杀线程组：1000用户 1-577
2026-07-17 19:35:43,461 INFO o.a.j.t.JMeterThread: Thread started: 秒杀线程组：1000用户 1-566
2026-07-17 19:35:43,461 INFO o.a.j.t.JMeterThread: Thread started: 秒杀线程组：1000用户 1-575
2026-07-17 19:35:43,462 INFO o.a.j.t.JMeterThread: Thread started: 秒杀线程组：1000用户 1-567
2026-07-17 19:35:43,463 INFO o.a.j.t.JMeterThread: Thread started: 秒杀线程组：1000用户 1-579
2026-07-17 19:35:43,463 INFO o.a.j.t.JMeterThread: Thread is done: 秒杀线程组：1000用户 1-18
2026-07-17 19:35:43,463 INFO o.a.j.t.JMeterThread: Thread finished: 秒杀线程组：1000用户 1-18
2026-07-17 19:35:43,467 INFO o.a.j.t.JMeterThread: Thread started: 秒杀线程组：1000用户 1-584
2026-07-17 19:35:43,467 INFO o.a.j.t.JMeterThread: Thread started: 秒杀线程组：1000用户 1-571
2026-07-17 19:35:43,468 INFO o.a.j.t.JMeterThread: Thread started: 秒杀线程组：1000用户 1-569
2026-07-17 19:35:43,468 INFO o.a.j.t.JMeterThread: Thread started: 秒杀线程组：1000用户 1-572
2026-07-17 19:35:43,469 INFO o.a.j.t.JMeterThread: Thread started: 秒杀线程组：1000用户 1-570
2026-07-17 19:35:43,469 INFO o.a.j.t.JMeterThread: Thread is done: 秒杀线程组：1000用户 1-10
2026-07-17 19:35:43,469 INFO o.a.j.t.JMeterThread: Thread finished: 秒杀线程组：1000用户 1-10
2026-07-17 19:35:43,471 INFO o.a.j.t.JMeterThread: Thread started: 秒杀线程组：1000用户 1-576
2026-07-17 19:35:43,473 INFO o.a.j.t.JMeterThread: Thread started: 秒杀线程组：1000用户 1-578
2026-07-17 19:35:43,475 INFO o.a.j.t.JMeterThread: Thread started: 秒杀线程组：1000用户 1-580
2026-07-17 19:35:43,476 INFO o.a.j.t.JMeterThread: Thread started: 秒杀线程组：1000用户 1-592
2026-07-17 19:35:43,477 INFO o.a.j.t.JMeterThread: Thread started: 秒杀线程组：1000用户 1-582
2026-07-17 19:35:43,477 INFO o.a.j.t.JMeterThread: Thread started: 秒杀线程组：1000用户 1-581
2026-07-17 19:35:43,480 INFO o.a.j.t.JMeterThread: Thread started: 秒杀线程组：1000用户 1-585
2026-07-17 19:35:43,480 INFO o.a.j.t.JMeterThread: Thread is done: 秒杀线程组：1000用户 1-125
2026-07-17 19:35:43,480 INFO o.a.j.t.JMeterThread: Thread finished: 秒杀线程组：1000用户 1-125
2026-07-17 19:35:43,481 INFO o.a.j.t.JMeterThread: Thread started: 秒杀线程组：1000用户 1-598
2026-07-17 19:35:43,482 INFO o.a.j.t.JMeterThread: Thread started: 秒杀线程组：1000用户 1-599
2026-07-17 19:35:43,483 INFO o.a.j.t.JMeterThread: Thread started: 秒杀线程组：1000用户 1-588
2026-07-17 19:35:43,484 INFO o.a.j.t.JMeterThread: Thread started: 秒杀线程组：1000用户 1-601
2026-07-17 19:35:43,484 INFO o.a.j.t.JMeterThread: Thread started: 秒杀线程组：1000用户 1-589
2026-07-17 19:35:43,484 INFO o.a.j.t.JMeterThread: Thread started: 秒杀线程组：1000用户 1-583
2026-07-17 19:35:43,484 INFO o.a.j.t.JMeterThread: Thread started: 秒杀线程组：1000用户 1-586
2026-07-17 19:35:43,484 INFO o.a.j.t.JMeterThread: Thread started: 秒杀线程组：1000用户 1-600
2026-07-17 19:35:43,485 INFO o.a.j.t.JMeterThread: Thread started: 秒杀线程组：1000用户 1-587
2026-07-17 19:35:43,485 INFO o.a.j.t.JMeterThread: Thread started: 秒杀线程组：1000用户 1-590
2026-07-17 19:35:43,486 INFO o.a.j.t.JMeterThread: Thread started: 秒杀线程组：1000用户 1-595
2026-07-17 19:35:43,487 INFO o.a.j.t.JMeterThread: Thread started: 秒杀线程组：1000用户 1-605
2026-07-17 19:35:43,487 INFO o.a.j.t.JMeterThread: Thread started: 秒杀线程组：1000用户 1-591
2026-07-17 19:35:43,487 INFO o.a.j.t.JMeterThread: Thread is done: 秒杀线程组：1000用户 1-102
2026-07-17 19:35:43,487 INFO o.a.j.t.JMeterThread: Thread finished: 秒杀线程组：1000用户 1-102
2026-07-17 19:35:43,490 INFO o.a.j.t.JMeterThread: Thread started: 秒杀线程组：1000用户 1-593
2026-07-17 19:35:43,490 INFO o.a.j.t.JMeterThread: Thread started: 秒杀线程组：1000用户 1-607
2026-07-17 19:35:43,490 INFO o.a.j.t.JMeterThread: Thread started: 秒杀线程组：1000用户 1-594
2026-07-17 19:35:43,490 INFO o.a.j.t.JMeterThread: Thread started: 秒杀线程组：1000用户 1-597
2026-07-17 19:35:43,492 INFO o.a.j.t.JMeterThread: Thread started: 秒杀线程组：1000用户 1-609
2026-07-17 19:35:43,492 INFO o.a.j.t.JMeterThread: Thread started: 秒杀线程组：1000用户 1-596
2026-07-17 19:35:43,494 INFO o.a.j.t.JMeterThread: Thread started: 秒杀线程组：1000用户 1-614
2026-07-17 19:35:43,495 INFO o.a.j.t.JMeterThread: Thread started: 秒杀线程组：1000用户 1-610
2026-07-17 19:35:43,495 INFO o.a.j.t.JMeterThread: Thread is done: 秒杀线程组：1000用户 1-112
2026-07-17 19:35:43,495 INFO o.a.j.t.JMeterThread: Thread finished: 秒杀线程组：1000用户 1-112
2026-07-17 19:35:43,496 INFO o.a.j.t.JMeterThread: Thread started: 秒杀线程组：1000用户 1-602
2026-07-17 19:35:43,497 INFO o.a.j.t.JMeterThread: Thread started: 秒杀线程组：1000用户 1-615
2026-07-17 19:35:43,498 INFO o.a.j.t.JMeterThread: Thread started: 秒杀线程组：1000用户 1-603
2026-07-17 19:35:43,500 INFO o.a.j.t.JMeterThread: Thread is done: 秒杀线程组：1000用户 1-68
2026-07-17 19:35:43,500 INFO o.a.j.t.JMeterThread: Thread finished: 秒杀线程组：1000用户 1-68
2026-07-17 19:35:43,502 INFO o.a.j.t.JMeterThread: Thread started: 秒杀线程组：1000用户 1-606
2026-07-17 19:35:43,502 INFO o.a.j.t.JMeterThread: Thread started: 秒杀线程组：1000用户 1-619
2026-07-17 19:35:43,503 INFO o.a.j.t.JMeterThread: Thread started: 秒杀线程组：1000用户 1-604
2026-07-17 19:35:43,504 INFO o.a.j.t.JMeterThread: Thread started: 秒杀线程组：1000用户 1-608
2026-07-17 19:35:43,506 INFO o.a.j.t.JMeterThread: Thread started: 秒杀线程组：1000用户 1-611
2026-07-17 19:35:43,507 INFO o.a.j.t.JMeterThread: Thread started: 秒杀线程组：1000用户 1-625
2026-07-17 19:35:43,507 INFO o.a.j.t.JMeterThread: Thread started: 秒杀线程组：1000用户 1-612
2026-07-17 19:35:43,508 INFO o.a.j.t.JMeterThread: Thread started: 秒杀线程组：1000用户 1-613
2026-07-17 19:35:43,508 INFO o.a.j.t.JMeterThread: Thread started: 秒杀线程组：1000用户 1-626
2026-07-17 19:35:43,509 INFO o.a.j.t.JMeterThread: Thread started: 秒杀线程组：1000用户 1-627
2026-07-17 19:35:43,509 INFO o.a.j.t.JMeterThread: Thread is done: 秒杀线程组：1000用户 1-108
2026-07-17 19:35:43,509 INFO o.a.j.t.JMeterThread: Thread finished: 秒杀线程组：1000用户 1-108
2026-07-17 19:35:43,512 INFO o.a.j.t.JMeterThread: Thread started: 秒杀线程组：1000用户 1-617
2026-07-17 19:35:43,512 INFO o.a.j.t.JMeterThread: Thread started: 秒杀线程组：1000用户 1-631
2026-07-17 19:35:43,512 INFO o.a.j.t.JMeterThread: Thread started: 秒杀线程组：1000用户 1-629
2026-07-17 19:35:43,512 INFO o.a.j.t.JMeterThread: Thread started: 秒杀线程组：1000用户 1-616
2026-07-17 19:35:43,512 INFO o.a.j.t.JMeterThread: Thread started: 秒杀线程组：1000用户 1-628
2026-07-17 19:35:43,513 INFO o.a.j.t.JMeterThread: Thread started: 秒杀线程组：1000用户 1-618
2026-07-17 19:35:43,514 INFO o.a.j.t.JMeterThread: Thread started: 秒杀线程组：1000用户 1-633
2026-07-17 19:35:43,515 INFO o.a.j.t.JMeterThread: Thread started: 秒杀线程组：1000用户 1-634
2026-07-17 19:35:43,515 INFO o.a.j.t.JMeterThread: Thread started: 秒杀线程组：1000用户 1-621
2026-07-17 19:35:43,515 INFO o.a.j.t.JMeterThread: Thread started: 秒杀线程组：1000用户 1-620
2026-07-17 19:35:43,517 INFO o.a.j.t.JMeterThread: Thread is done: 秒杀线程组：1000用户 1-22
2026-07-17 19:35:43,517 INFO o.a.j.t.JMeterThread: Thread finished: 秒杀线程组：1000用户 1-22
2026-07-17 19:35:43,518 INFO o.a.j.t.JMeterThread: Thread started: 秒杀线程组：1000用户 1-623
2026-07-17 19:35:43,518 INFO o.a.j.t.JMeterThread: Thread started: 秒杀线程组：1000用户 1-636
2026-07-17 19:35:43,519 INFO o.a.j.t.JMeterThread: Thread started: 秒杀线程组：1000用户 1-622
2026-07-17 19:35:43,519 INFO o.a.j.t.JMeterThread: Thread started: 秒杀线程组：1000用户 1-624
2026-07-17 19:35:43,523 INFO o.a.j.t.JMeterThread: Thread started: 秒杀线程组：1000用户 1-643
2026-07-17 19:35:43,524 INFO o.a.j.t.JMeterThread: Thread started: 秒杀线程组：1000用户 1-630
2026-07-17 19:35:43,524 INFO o.a.j.t.JMeterThread: Thread is done: 秒杀线程组：1000用户 1-170
2026-07-17 19:35:43,524 INFO o.a.j.t.JMeterThread: Thread finished: 秒杀线程组：1000用户 1-170
2026-07-17 19:35:43,525 INFO o.a.j.t.JMeterThread: Thread started: 秒杀线程组：1000用户 1-632
2026-07-17 19:35:43,528 INFO o.a.j.t.JMeterThread: Thread started: 秒杀线程组：1000用户 1-641
2026-07-17 19:35:43,528 INFO o.a.j.t.JMeterThread: Thread started: 秒杀线程组：1000用户 1-635
2026-07-17 19:35:43,528 INFO o.a.j.t.JMeterThread: Thread started: 秒杀线程组：1000用户 1-640
2026-07-17 19:35:43,528 INFO o.a.j.t.JMeterThread: Thread started: 秒杀线程组：1000用户 1-647
2026-07-17 19:35:43,531 INFO o.a.j.t.JMeterThread: Thread is done: 秒杀线程组：1000用户 1-175
2026-07-17 19:35:43,531 INFO o.a.j.t.JMeterThread: Thread finished: 秒杀线程组：1000用户 1-175
2026-07-17 19:35:43,534 INFO o.a.j.t.JMeterThread: Thread started: 秒杀线程组：1000用户 1-648
2026-07-17 19:35:43,534 INFO o.a.j.t.JMeterThread: Thread started: 秒杀线程组：1000用户 1-644
2026-07-17 19:35:43,534 INFO o.a.j.t.JMeterThread: Thread started: 秒杀线程组：1000用户 1-638
2026-07-17 19:35:43,536 INFO o.a.j.t.JMeterThread: Thread started: 秒杀线程组：1000用户 1-649
2026-07-17 19:35:43,536 INFO o.a.j.t.JMeterThread: Thread started: 秒杀线程组：1000用户 1-637
2026-07-17 19:35:43,537 INFO o.a.j.t.JMeterThread: Thread started: 秒杀线程组：1000用户 1-639
2026-07-17 19:35:43,537 INFO o.a.j.t.JMeterThread: Thread started: 秒杀线程组：1000用户 1-650
2026-07-17 19:35:43,538 INFO o.a.j.t.JMeterThread: Thread started: 秒杀线程组：1000用户 1-651
2026-07-17 19:35:43,539 INFO o.a.j.t.JMeterThread: Thread started: 秒杀线程组：1000用户 1-642
2026-07-17 19:35:43,539 INFO o.a.j.t.JMeterThread: Thread started: 秒杀线程组：1000用户 1-645
2026-07-17 19:35:43,539 INFO o.a.j.t.JMeterThread: Thread started: 秒杀线程组：1000用户 1-652
2026-07-17 19:35:43,540 INFO o.a.j.t.JMeterThread: Thread started: 秒杀线程组：1000用户 1-653
2026-07-17 19:35:43,540 INFO o.a.j.t.JMeterThread: Thread started: 秒杀线程组：1000用户 1-654
2026-07-17 19:35:43,540 INFO o.a.j.t.JMeterThread: Thread started: 秒杀线程组：1000用户 1-655
2026-07-17 19:35:43,541 INFO o.a.j.t.JMeterThread: Thread is done: 秒杀线程组：1000用户 1-48
2026-07-17 19:35:43,541 INFO o.a.j.t.JMeterThread: Thread finished: 秒杀线程组：1000用户 1-48
2026-07-17 19:35:43,543 INFO o.a.j.t.JMeterThread: Thread started: 秒杀线程组：1000用户 1-656
2026-07-17 19:35:43,543 INFO o.a.j.t.JMeterThread: Thread started: 秒杀线程组：1000用户 1-658
2026-07-17 19:35:43,544 INFO o.a.j.t.JMeterThread: Thread started: 秒杀线程组：1000用户 1-646
2026-07-17 19:35:43,546 INFO o.a.j.t.JMeterThread: Thread started: 秒杀线程组：1000用户 1-660
2026-07-17 19:35:43,547 INFO o.a.j.t.JMeterThread: Thread started: 秒杀线程组：1000用户 1-661
2026-07-17 19:35:43,549 INFO o.a.j.t.JMeterThread: Thread started: 秒杀线程组：1000用户 1-664
2026-07-17 19:35:43,549 INFO o.a.j.t.JMeterThread: Thread started: 秒杀线程组：1000用户 1-663
2026-07-17 19:35:43,549 INFO o.a.j.t.JMeterThread: Thread is done: 秒杀线程组：1000用户 1-154
2026-07-17 19:35:43,549 INFO o.a.j.t.JMeterThread: Thread finished: 秒杀线程组：1000用户 1-154
2026-07-17 19:35:43,552 INFO o.a.j.t.JMeterThread: Thread started: 秒杀线程组：1000用户 1-669
2026-07-17 19:35:43,553 INFO o.a.j.t.JMeterThread: Thread started: 秒杀线程组：1000用户 1-657
2026-07-17 19:35:43,553 INFO o.a.j.t.JMeterThread: Thread started: 秒杀线程组：1000用户 1-667
2026-07-17 19:35:43,553 INFO o.a.j.t.JMeterThread: Thread started: 秒杀线程组：1000用户 1-659
2026-07-17 19:35:43,554 INFO o.a.j.t.JMeterThread: Thread started: 秒杀线程组：1000用户 1-671
2026-07-17 19:35:43,556 INFO o.a.j.t.JMeterThread: Thread started: 秒杀线程组：1000用户 1-668
2026-07-17 19:35:43,557 INFO o.a.j.t.JMeterThread: Thread started: 秒杀线程组：1000用户 1-672
2026-07-17 19:35:43,558 INFO o.a.j.t.JMeterThread: Thread started: 秒杀线程组：1000用户 1-670
2026-07-17 19:35:43,558 INFO o.a.j.t.JMeterThread: Thread started: 秒杀线程组：1000用户 1-662
2026-07-17 19:35:43,560 INFO o.a.j.t.JMeterThread: Thread is done: 秒杀线程组：1000用户 1-79
2026-07-17 19:35:43,560 INFO o.a.j.t.JMeterThread: Thread finished: 秒杀线程组：1000用户 1-79
2026-07-17 19:35:43,561 INFO o.a.j.t.JMeterThread: Thread started: 秒杀线程组：1000用户 1-665
2026-07-17 19:35:43,561 INFO o.a.j.t.JMeterThread: Thread started: 秒杀线程组：1000用户 1-675
2026-07-17 19:35:43,562 INFO o.a.j.t.JMeterThread: Thread started: 秒杀线程组：1000用户 1-677
2026-07-17 19:35:43,562 INFO o.a.j.t.JMeterThread: Thread started: 秒杀线程组：1000用户 1-666
2026-07-17 19:35:43,562 INFO o.a.j.t.JMeterThread: Thread started: 秒杀线程组：1000用户 1-678
2026-07-17 19:35:43,564 INFO o.a.j.t.JMeterThread: Thread started: 秒杀线程组：1000用户 1-673
2026-07-17 19:35:43,565 INFO o.a.j.t.JMeterThread: Thread started: 秒杀线程组：1000用户 1-680
2026-07-17 19:35:43,567 INFO o.a.j.t.JMeterThread: Thread started: 秒杀线程组：1000用户 1-683
2026-07-17 19:35:43,567 INFO o.a.j.t.JMeterThread: Thread started: 秒杀线程组：1000用户 1-682
2026-07-17 19:35:43,567 INFO o.a.j.t.JMeterThread: Thread started: 秒杀线程组：1000用户 1-685
2026-07-17 19:35:43,568 INFO o.a.j.t.JMeterThread: Thread started: 秒杀线程组：1000用户 1-687
2026-07-17 19:35:43,568 INFO o.a.j.t.JMeterThread: Thread is done: 秒杀线程组：1000用户 1-32
2026-07-17 19:35:43,568 INFO o.a.j.t.JMeterThread: Thread finished: 秒杀线程组：1000用户 1-32
2026-07-17 19:35:43,568 INFO o.a.j.t.JMeterThread: Thread started: 秒杀线程组：1000用户 1-679
2026-07-17 19:35:43,570 INFO o.a.j.t.JMeterThread: Thread started: 秒杀线程组：1000用户 1-686
2026-07-17 19:35:43,571 INFO o.a.j.t.JMeterThread: Thread started: 秒杀线程组：1000用户 1-688
2026-07-17 19:35:43,571 INFO o.a.j.t.JMeterThread: Thread started: 秒杀线程组：1000用户 1-674
2026-07-17 19:35:43,571 INFO o.a.j.t.JMeterThread: Thread started: 秒杀线程组：1000用户 1-689
2026-07-17 19:35:43,573 INFO o.a.j.t.JMeterThread: Thread started: 秒杀线程组：1000用户 1-676
2026-07-17 19:35:43,575 INFO o.a.j.t.JMeterThread: Thread started: 秒杀线程组：1000用户 1-692
2026-07-17 19:35:43,576 INFO o.a.j.t.JMeterThread: Thread is done: 秒杀线程组：1000用户 1-9
2026-07-17 19:35:43,576 INFO o.a.j.t.JMeterThread: Thread finished: 秒杀线程组：1000用户 1-9
2026-07-17 19:35:43,577 INFO o.a.j.t.JMeterThread: Thread started: 秒杀线程组：1000用户 1-681
2026-07-17 19:35:43,577 INFO o.a.j.t.JMeterThread: Thread started: 秒杀线程组：1000用户 1-694
2026-07-17 19:35:43,577 INFO o.a.j.t.JMeterThread: Thread started: 秒杀线程组：1000用户 1-693
2026-07-17 19:35:43,578 INFO o.a.j.t.JMeterThread: Thread started: 秒杀线程组：1000用户 1-698
2026-07-17 19:35:43,579 INFO o.a.j.t.JMeterThread: Thread started: 秒杀线程组：1000用户 1-695
2026-07-17 19:35:43,579 INFO o.a.j.t.JMeterThread: Thread started: 秒杀线程组：1000用户 1-699
2026-07-17 19:35:43,581 INFO o.a.j.t.JMeterThread: Thread started: 秒杀线程组：1000用户 1-684
2026-07-17 19:35:43,581 INFO o.a.j.t.JMeterThread: Thread started: 秒杀线程组：1000用户 1-702
2026-07-17 19:35:43,581 INFO o.a.j.t.JMeterThread: Thread started: 秒杀线程组：1000用户 1-697
2026-07-17 19:35:43,582 INFO o.a.j.t.JMeterThread: Thread started: 秒杀线程组：1000用户 1-701
2026-07-17 19:35:43,585 INFO o.a.j.t.JMeterThread: Thread started: 秒杀线程组：1000用户 1-690
2026-07-17 19:35:43,585 INFO o.a.j.t.JMeterThread: Thread is done: 秒杀线程组：1000用户 1-65
2026-07-17 19:35:43,585 INFO o.a.j.t.JMeterThread: Thread finished: 秒杀线程组：1000用户 1-65
2026-07-17 19:35:43,586 INFO o.a.j.t.JMeterThread: Thread started: 秒杀线程组：1000用户 1-691
2026-07-17 19:35:43,587 INFO o.a.j.t.JMeterThread: Thread started: 秒杀线程组：1000用户 1-708
2026-07-17 19:35:43,587 INFO o.a.j.t.JMeterThread: Thread started: 秒杀线程组：1000用户 1-705
2026-07-17 19:35:43,587 INFO o.a.j.t.JMeterThread: Thread started: 秒杀线程组：1000用户 1-707
2026-07-17 19:35:43,588 INFO o.a.j.t.JMeterThread: Thread started: 秒杀线程组：1000用户 1-700
2026-07-17 19:35:43,589 INFO o.a.j.t.JMeterThread: Thread started: 秒杀线程组：1000用户 1-706
2026-07-17 19:35:43,590 INFO o.a.j.t.JMeterThread: Thread started: 秒杀线程组：1000用户 1-696
2026-07-17 19:35:43,590 INFO o.a.j.t.JMeterThread: Thread started: 秒杀线程组：1000用户 1-709
2026-07-17 19:35:43,591 INFO o.a.j.t.JMeterThread: Thread started: 秒杀线程组：1000用户 1-713
2026-07-17 19:35:43,593 INFO o.a.j.t.JMeterThread: Thread started: 秒杀线程组：1000用户 1-711
2026-07-17 19:35:43,593 INFO o.a.j.t.JMeterThread: Thread is done: 秒杀线程组：1000用户 1-67
2026-07-17 19:35:43,593 INFO o.a.j.t.JMeterThread: Thread finished: 秒杀线程组：1000用户 1-67
2026-07-17 19:35:43,594 INFO o.a.j.t.JMeterThread: Thread started: 秒杀线程组：1000用户 1-715
2026-07-17 19:35:43,595 INFO o.a.j.t.JMeterThread: Thread started: 秒杀线程组：1000用户 1-710
2026-07-17 19:35:43,595 INFO o.a.j.t.JMeterThread: Thread started: 秒杀线程组：1000用户 1-704
2026-07-17 19:35:43,596 INFO o.a.j.t.JMeterThread: Thread started: 秒杀线程组：1000用户 1-714
2026-07-17 19:35:43,597 INFO o.a.j.t.JMeterThread: Thread started: 秒杀线程组：1000用户 1-703
2026-07-17 19:35:43,597 INFO o.a.j.t.JMeterThread: Thread started: 秒杀线程组：1000用户 1-721
2026-07-17 19:35:43,598 INFO o.a.j.t.JMeterThread: Thread started: 秒杀线程组：1000用户 1-718
2026-07-17 19:35:43,603 INFO o.a.j.t.JMeterThread: Thread started: 秒杀线程组：1000用户 1-724
2026-07-17 19:35:43,605 INFO o.a.j.t.JMeterThread: Thread started: 秒杀线程组：1000用户 1-722
2026-07-17 19:35:43,605 INFO o.a.j.t.JMeterThread: Thread started: 秒杀线程组：1000用户 1-725
2026-07-17 19:35:43,606 INFO o.a.j.t.JMeterThread: Thread started: 秒杀线程组：1000用户 1-732
2026-07-17 19:35:43,606 INFO o.a.j.t.JMeterThread: Thread started: 秒杀线程组：1000用户 1-712
2026-07-17 19:35:43,606 INFO o.a.j.t.JMeterThread: Thread started: 秒杀线程组：1000用户 1-726
2026-07-17 19:35:43,610 INFO o.a.j.t.JMeterThread: Thread is done: 秒杀线程组：1000用户 1-194
2026-07-17 19:35:43,610 INFO o.a.j.t.JMeterThread: Thread finished: 秒杀线程组：1000用户 1-194
2026-07-17 19:35:43,610 INFO o.a.j.t.JMeterThread: Thread started: 秒杀线程组：1000用户 1-717
2026-07-17 19:35:43,610 INFO o.a.j.t.JMeterThread: Thread started: 秒杀线程组：1000用户 1-723
2026-07-17 19:35:43,610 INFO o.a.j.t.JMeterThread: Thread started: 秒杀线程组：1000用户 1-716
2026-07-17 19:35:43,611 INFO o.a.j.t.JMeterThread: Thread started: 秒杀线程组：1000用户 1-720
2026-07-17 19:35:43,612 INFO o.a.j.t.JMeterThread: Thread started: 秒杀线程组：1000用户 1-719
2026-07-17 19:35:43,612 INFO o.a.j.t.JMeterThread: Thread started: 秒杀线程组：1000用户 1-731
2026-07-17 19:35:43,612 INFO o.a.j.t.JMeterThread: Thread started: 秒杀线程组：1000用户 1-727
2026-07-17 19:35:43,613 INFO o.a.j.t.JMeterThread: Thread started: 秒杀线程组：1000用户 1-740
2026-07-17 19:35:43,614 INFO o.a.j.t.JMeterThread: Thread started: 秒杀线程组：1000用户 1-736
2026-07-17 19:35:43,616 INFO o.a.j.t.JMeterThread: Thread started: 秒杀线程组：1000用户 1-728
2026-07-17 19:35:43,616 INFO o.a.j.t.JMeterThread: Thread started: 秒杀线程组：1000用户 1-735
2026-07-17 19:35:43,617 INFO o.a.j.t.JMeterThread: Thread started: 秒杀线程组：1000用户 1-734
2026-07-17 19:35:43,618 INFO o.a.j.t.JMeterThread: Thread is done: 秒杀线程组：1000用户 1-134
2026-07-17 19:35:43,618 INFO o.a.j.t.JMeterThread: Thread finished: 秒杀线程组：1000用户 1-134
2026-07-17 19:35:43,619 INFO o.a.j.t.JMeterThread: Thread started: 秒杀线程组：1000用户 1-729
2026-07-17 19:35:43,619 INFO o.a.j.t.JMeterThread: Thread started: 秒杀线程组：1000用户 1-737
2026-07-17 19:35:43,619 INFO o.a.j.t.JMeterThread: Thread started: 秒杀线程组：1000用户 1-744
2026-07-17 19:35:43,619 INFO o.a.j.t.JMeterThread: Thread started: 秒杀线程组：1000用户 1-739
2026-07-17 19:35:43,621 INFO o.a.j.t.JMeterThread: Thread started: 秒杀线程组：1000用户 1-742
2026-07-17 19:35:43,621 INFO o.a.j.t.JMeterThread: Thread started: 秒杀线程组：1000用户 1-743
2026-07-17 19:35:43,622 INFO o.a.j.t.JMeterThread: Thread started: 秒杀线程组：1000用户 1-730
2026-07-17 19:35:43,622 INFO o.a.j.t.JMeterThread: Thread started: 秒杀线程组：1000用户 1-738
2026-07-17 19:35:43,623 INFO o.a.j.t.JMeterThread: Thread started: 秒杀线程组：1000用户 1-748
2026-07-17 19:35:43,624 INFO o.a.j.t.JMeterThread: Thread started: 秒杀线程组：1000用户 1-733
2026-07-17 19:35:43,625 INFO o.a.j.t.JMeterThread: Thread started: 秒杀线程组：1000用户 1-746
2026-07-17 19:35:43,626 INFO o.a.j.t.JMeterThread: Thread started: 秒杀线程组：1000用户 1-747
2026-07-17 19:35:43,626 INFO o.a.j.t.JMeterThread: Thread is done: 秒杀线程组：1000用户 1-49
2026-07-17 19:35:43,626 INFO o.a.j.t.JMeterThread: Thread finished: 秒杀线程组：1000用户 1-49
2026-07-17 19:35:43,627 INFO o.a.j.t.JMeterThread: Thread started: 秒杀线程组：1000用户 1-754
2026-07-17 19:35:43,629 INFO o.a.j.t.JMeterThread: Thread started: 秒杀线程组：1000用户 1-749
2026-07-17 19:35:43,629 INFO o.a.j.t.JMeterThread: Thread started: 秒杀线程组：1000用户 1-752
2026-07-17 19:35:43,629 INFO o.a.j.t.JMeterThread: Thread started: 秒杀线程组：1000用户 1-751
2026-07-17 19:35:43,631 INFO o.a.j.t.JMeterThread: Thread started: 秒杀线程组：1000用户 1-745
2026-07-17 19:35:43,631 INFO o.a.j.t.JMeterThread: Thread started: 秒杀线程组：1000用户 1-741
2026-07-17 19:35:43,631 INFO o.a.j.t.JMeterThread: Thread started: 秒杀线程组：1000用户 1-753
2026-07-17 19:35:43,633 INFO o.a.j.t.JMeterThread: Thread started: 秒杀线程组：1000用户 1-756
2026-07-17 19:35:43,633 INFO o.a.j.t.JMeterThread: Thread is done: 秒杀线程组：1000用户 1-3
2026-07-17 19:35:43,633 INFO o.a.j.t.JMeterThread: Thread finished: 秒杀线程组：1000用户 1-3
2026-07-17 19:35:43,634 INFO o.a.j.t.JMeterThread: Thread started: 秒杀线程组：1000用户 1-755
2026-07-17 19:35:43,639 INFO o.a.j.t.JMeterThread: Thread started: 秒杀线程组：1000用户 1-767
2026-07-17 19:35:43,640 INFO o.a.j.t.JMeterThread: Thread started: 秒杀线程组：1000用户 1-750
2026-07-17 19:35:43,643 INFO o.a.j.t.JMeterThread: Thread started: 秒杀线程组：1000用户 1-762
2026-07-17 19:35:43,643 INFO o.a.j.t.JMeterThread: Thread started: 秒杀线程组：1000用户 1-761
2026-07-17 19:35:43,644 INFO o.a.j.t.JMeterThread: Thread started: 秒杀线程组：1000用户 1-773
2026-07-17 19:35:43,644 INFO o.a.j.t.JMeterThread: Thread started: 秒杀线程组：1000用户 1-772
2026-07-17 19:35:43,644 INFO o.a.j.t.JMeterThread: Thread started: 秒杀线程组：1000用户 1-774
2026-07-17 19:35:43,644 INFO o.a.j.t.JMeterThread: Thread started: 秒杀线程组：1000用户 1-765
2026-07-17 19:35:43,644 INFO o.a.j.t.JMeterThread: Thread started: 秒杀线程组：1000用户 1-759
2026-07-17 19:35:43,644 INFO o.a.j.t.JMeterThread: Thread started: 秒杀线程组：1000用户 1-758
2026-07-17 19:35:43,645 INFO o.a.j.t.JMeterThread: Thread started: 秒杀线程组：1000用户 1-775
2026-07-17 19:35:43,646 INFO o.a.j.t.JMeterThread: Thread started: 秒杀线程组：1000用户 1-776
2026-07-17 19:35:43,646 INFO o.a.j.t.JMeterThread: Thread started: 秒杀线程组：1000用户 1-757
2026-07-17 19:35:43,646 INFO o.a.j.t.JMeterThread: Thread started: 秒杀线程组：1000用户 1-770
2026-07-17 19:35:43,647 INFO o.a.j.t.JMeterThread: Thread started: 秒杀线程组：1000用户 1-760
2026-07-17 19:35:43,647 INFO o.a.j.t.JMeterThread: Thread is done: 秒杀线程组：1000用户 1-36
2026-07-17 19:35:43,647 INFO o.a.j.t.JMeterThread: Thread finished: 秒杀线程组：1000用户 1-36
2026-07-17 19:35:43,648 INFO o.a.j.t.JMeterThread: Thread started: 秒杀线程组：1000用户 1-778
2026-07-17 19:35:43,648 INFO o.a.j.t.JMeterThread: Thread started: 秒杀线程组：1000用户 1-779
2026-07-17 19:35:43,648 INFO o.a.j.t.JMeterThread: Thread started: 秒杀线程组：1000用户 1-777
2026-07-17 19:35:43,650 INFO o.a.j.t.JMeterThread: Thread started: 秒杀线程组：1000用户 1-780
2026-07-17 19:35:43,651 INFO o.a.j.t.JMeterThread: Thread started: 秒杀线程组：1000用户 1-769
2026-07-17 19:35:43,652 INFO o.a.j.t.JMeterThread: Thread started: 秒杀线程组：1000用户 1-763
2026-07-17 19:35:43,652 INFO o.a.j.t.JMeterThread: Thread started: 秒杀线程组：1000用户 1-781
2026-07-17 19:35:43,652 INFO o.a.j.t.JMeterThread: Thread started: 秒杀线程组：1000用户 1-764
2026-07-17 19:35:43,652 INFO o.a.j.t.JMeterThread: Thread started: 秒杀线程组：1000用户 1-783
2026-07-17 19:35:43,653 INFO o.a.j.t.JMeterThread: Thread started: 秒杀线程组：1000用户 1-766
2026-07-17 19:35:43,654 INFO o.a.j.t.JMeterThread: Thread started: 秒杀线程组：1000用户 1-771
2026-07-17 19:35:43,654 INFO o.a.j.t.JMeterThread: Thread started: 秒杀线程组：1000用户 1-784
2026-07-17 19:35:43,656 INFO o.a.j.t.JMeterThread: Thread started: 秒杀线程组：1000用户 1-787
2026-07-17 19:35:43,656 INFO o.a.j.t.JMeterThread: Thread started: 秒杀线程组：1000用户 1-768
2026-07-17 19:35:43,656 INFO o.a.j.t.JMeterThread: Thread is done: 秒杀线程组：1000用户 1-16
2026-07-17 19:35:43,657 INFO o.a.j.t.JMeterThread: Thread finished: 秒杀线程组：1000用户 1-16
2026-07-17 19:35:43,662 INFO o.a.j.t.JMeterThread: Thread started: 秒杀线程组：1000用户 1-782
2026-07-17 19:35:43,663 INFO o.a.j.t.JMeterThread: Thread started: 秒杀线程组：1000用户 1-794
2026-07-17 19:35:43,664 INFO o.a.j.t.JMeterThread: Thread is done: 秒杀线程组：1000用户 1-145
2026-07-17 19:35:43,664 INFO o.a.j.t.JMeterThread: Thread finished: 秒杀线程组：1000用户 1-145
2026-07-17 19:35:43,665 INFO o.a.j.t.JMeterThread: Thread started: 秒杀线程组：1000用户 1-785
2026-07-17 19:35:43,666 INFO o.a.j.t.JMeterThread: Thread started: 秒杀线程组：1000用户 1-786
2026-07-17 19:35:43,667 INFO o.a.j.t.JMeterThread: Thread started: 秒杀线程组：1000用户 1-789
2026-07-17 19:35:43,667 INFO o.a.j.t.JMeterThread: Thread started: 秒杀线程组：1000用户 1-798
2026-07-17 19:35:43,667 INFO o.a.j.t.JMeterThread: Thread started: 秒杀线程组：1000用户 1-790
2026-07-17 19:35:43,667 INFO o.a.j.t.JMeterThread: Thread started: 秒杀线程组：1000用户 1-791
2026-07-17 19:35:43,667 INFO o.a.j.t.JMeterThread: Thread started: 秒杀线程组：1000用户 1-792
2026-07-17 19:35:43,668 INFO o.a.j.t.JMeterThread: Thread started: 秒杀线程组：1000用户 1-788
2026-07-17 19:35:43,669 INFO o.a.j.t.JMeterThread: Thread started: 秒杀线程组：1000用户 1-800
2026-07-17 19:35:43,669 INFO o.a.j.t.JMeterThread: Thread started: 秒杀线程组：1000用户 1-793
2026-07-17 19:35:43,669 INFO o.a.j.t.JMeterThread: Thread started: 秒杀线程组：1000用户 1-795
2026-07-17 19:35:43,669 INFO o.a.j.t.JMeterThread: Thread started: 秒杀线程组：1000用户 1-796
2026-07-17 19:35:43,671 INFO o.a.j.t.JMeterThread: Thread started: 秒杀线程组：1000用户 1-797
2026-07-17 19:35:43,672 INFO o.a.j.t.JMeterThread: Thread started: 秒杀线程组：1000用户 1-801
2026-07-17 19:35:43,672 INFO o.a.j.t.JMeterThread: Thread started: 秒杀线程组：1000用户 1-802
2026-07-17 19:35:43,672 INFO o.a.j.t.JMeterThread: Thread is done: 秒杀线程组：1000用户 1-127
2026-07-17 19:35:43,672 INFO o.a.j.t.JMeterThread: Thread finished: 秒杀线程组：1000用户 1-127
2026-07-17 19:35:43,673 INFO o.a.j.t.JMeterThread: Thread started: 秒杀线程组：1000用户 1-799
2026-07-17 19:35:43,676 INFO o.a.j.t.JMeterThread: Thread started: 秒杀线程组：1000用户 1-808
2026-07-17 19:35:43,676 INFO o.a.j.t.JMeterThread: Thread started: 秒杀线程组：1000用户 1-804
2026-07-17 19:35:43,679 INFO o.a.j.t.JMeterThread: Thread started: 秒杀线程组：1000用户 1-809
2026-07-17 19:35:43,680 INFO o.a.j.t.JMeterThread: Thread started: 秒杀线程组：1000用户 1-810
2026-07-17 19:35:43,680 INFO o.a.j.t.JMeterThread: Thread is done: 秒杀线程组：1000用户 1-76
2026-07-17 19:35:43,680 INFO o.a.j.t.JMeterThread: Thread finished: 秒杀线程组：1000用户 1-76
2026-07-17 19:35:43,681 INFO o.a.j.t.JMeterThread: Thread started: 秒杀线程组：1000用户 1-811
2026-07-17 19:35:43,681 INFO o.a.j.t.JMeterThread: Thread started: 秒杀线程组：1000用户 1-817
2026-07-17 19:35:43,682 INFO o.a.j.t.JMeterThread: Thread started: 秒杀线程组：1000用户 1-812
2026-07-17 19:35:43,682 INFO o.a.j.t.JMeterThread: Thread started: 秒杀线程组：1000用户 1-803
2026-07-17 19:35:43,682 INFO o.a.j.t.JMeterThread: Thread started: 秒杀线程组：1000用户 1-814
2026-07-17 19:35:43,683 INFO o.a.j.t.JMeterThread: Thread started: 秒杀线程组：1000用户 1-815
2026-07-17 19:35:43,686 INFO o.a.j.t.JMeterThread: Thread started: 秒杀线程组：1000用户 1-806
2026-07-17 19:35:43,686 INFO o.a.j.t.JMeterThread: Thread started: 秒杀线程组：1000用户 1-813
2026-07-17 19:35:43,686 INFO o.a.j.t.JMeterThread: Thread started: 秒杀线程组：1000用户 1-805
2026-07-17 19:35:43,687 INFO o.a.j.t.JMeterThread: Thread started: 秒杀线程组：1000用户 1-807
2026-07-17 19:35:43,688 INFO o.a.j.t.JMeterThread: Thread started: 秒杀线程组：1000用户 1-816
2026-07-17 19:35:43,688 INFO o.a.j.t.JMeterThread: Thread is done: 秒杀线程组：1000用户 1-191
2026-07-17 19:35:43,688 INFO o.a.j.t.JMeterThread: Thread finished: 秒杀线程组：1000用户 1-191
2026-07-17 19:35:43,694 INFO o.a.j.t.JMeterThread: Thread started: 秒杀线程组：1000用户 1-819
2026-07-17 19:35:43,708 INFO o.a.j.t.JMeterThread: Thread started: 秒杀线程组：1000用户 1-831
2026-07-17 19:35:43,708 INFO o.a.j.t.JMeterThread: Thread started: 秒杀线程组：1000用户 1-839
2026-07-17 19:35:43,708 INFO o.a.j.t.JMeterThread: Thread started: 秒杀线程组：1000用户 1-829
2026-07-17 19:35:43,708 INFO o.a.j.t.JMeterThread: Thread started: 秒杀线程组：1000用户 1-830
2026-07-17 19:35:43,708 INFO o.a.j.t.JMeterThread: Thread started: 秒杀线程组：1000用户 1-820
2026-07-17 19:35:43,708 INFO o.a.j.t.JMeterThread: Thread started: 秒杀线程组：1000用户 1-825
2026-07-17 19:35:43,708 INFO o.a.j.t.JMeterThread: Thread started: 秒杀线程组：1000用户 1-834
2026-07-17 19:35:43,708 INFO o.a.j.t.JMeterThread: Thread started: 秒杀线程组：1000用户 1-828
2026-07-17 19:35:43,708 INFO o.a.j.t.JMeterThread: Thread started: 秒杀线程组：1000用户 1-818
2026-07-17 19:35:43,710 INFO o.a.j.t.JMeterThread: Thread is done: 秒杀线程组：1000用户 1-245
2026-07-17 19:35:43,710 INFO o.a.j.t.JMeterThread: Thread finished: 秒杀线程组：1000用户 1-245
2026-07-17 19:35:43,711 INFO o.a.j.t.JMeterThread: Thread started: 秒杀线程组：1000用户 1-842
2026-07-17 19:35:43,711 INFO o.a.j.t.JMeterThread: Thread started: 秒杀线程组：1000用户 1-833
2026-07-17 19:35:43,708 INFO o.a.j.t.JMeterThread: Thread started: 秒杀线程组：1000用户 1-827
2026-07-17 19:35:43,710 INFO o.a.j.t.JMeterThread: Thread is done: 秒杀线程组：1000用户 1-45
2026-07-17 19:35:43,712 INFO o.a.j.t.JMeterThread: Thread finished: 秒杀线程组：1000用户 1-45
2026-07-17 19:35:43,708 INFO o.a.j.t.JMeterThread: Thread started: 秒杀线程组：1000用户 1-822
2026-07-17 19:35:43,708 INFO o.a.j.t.JMeterThread: Thread started: 秒杀线程组：1000用户 1-821
2026-07-17 19:35:43,708 INFO o.a.j.t.JMeterThread: Thread started: 秒杀线程组：1000用户 1-823
2026-07-17 19:35:43,708 INFO o.a.j.t.JMeterThread: Thread started: 秒杀线程组：1000用户 1-832
2026-07-17 19:35:43,708 INFO o.a.j.t.JMeterThread: Thread started: 秒杀线程组：1000用户 1-837
2026-07-17 19:35:43,708 INFO o.a.j.t.JMeterThread: Thread started: 秒杀线程组：1000用户 1-824
2026-07-17 19:35:43,708 INFO o.a.j.t.JMeterThread: Thread started: 秒杀线程组：1000用户 1-826
2026-07-17 19:35:43,712 INFO o.a.j.t.JMeterThread: Thread started: 秒杀线程组：1000用户 1-844
2026-07-17 19:35:43,714 INFO o.a.j.t.JMeterThread: Thread started: 秒杀线程组：1000用户 1-836
2026-07-17 19:35:43,714 INFO o.a.j.t.JMeterThread: Thread is done: 秒杀线程组：1000用户 1-74
2026-07-17 19:35:43,714 INFO o.a.j.t.JMeterThread: Thread finished: 秒杀线程组：1000用户 1-74
2026-07-17 19:35:43,716 INFO o.a.j.t.JMeterThread: Thread started: 秒杀线程组：1000用户 1-848
2026-07-17 19:35:43,716 INFO o.a.j.t.JMeterThread: Thread started: 秒杀线程组：1000用户 1-847
2026-07-17 19:35:43,716 INFO o.a.j.t.JMeterThread: Thread started: 秒杀线程组：1000用户 1-835
2026-07-17 19:35:43,718 INFO o.a.j.t.JMeterThread: Thread started: 秒杀线程组：1000用户 1-850
2026-07-17 19:35:43,718 INFO o.a.j.t.JMeterThread: Thread started: 秒杀线程组：1000用户 1-858
2026-07-17 19:35:43,718 INFO o.a.j.t.JMeterThread: Thread started: 秒杀线程组：1000用户 1-838
2026-07-17 19:35:43,718 INFO o.a.j.t.JMeterThread: Thread started: 秒杀线程组：1000用户 1-840
2026-07-17 19:35:43,718 INFO o.a.j.t.JMeterThread: Thread started: 秒杀线程组：1000用户 1-852
2026-07-17 19:35:43,719 INFO o.a.j.t.JMeterThread: Thread started: 秒杀线程组：1000用户 1-851
2026-07-17 19:35:43,719 INFO o.a.j.t.JMeterThread: Thread started: 秒杀线程组：1000用户 1-859
2026-07-17 19:35:43,720 INFO o.a.j.t.JMeterThread: Thread started: 秒杀线程组：1000用户 1-856
2026-07-17 19:35:43,721 INFO o.a.j.t.JMeterThread: Thread started: 秒杀线程组：1000用户 1-861
2026-07-17 19:35:43,721 INFO o.a.j.t.JMeterThread: Thread started: 秒杀线程组：1000用户 1-841
2026-07-17 19:35:43,722 INFO o.a.j.t.JMeterThread: Thread is done: 秒杀线程组：1000用户 1-150
2026-07-17 19:35:43,722 INFO o.a.j.t.JMeterThread: Thread finished: 秒杀线程组：1000用户 1-150
2026-07-17 19:35:43,722 INFO o.a.j.t.JMeterThread: Thread started: 秒杀线程组：1000用户 1-854
2026-07-17 19:35:43,722 INFO o.a.j.t.JMeterThread: Thread started: 秒杀线程组：1000用户 1-846
2026-07-17 19:35:43,723 INFO o.a.j.t.JMeterThread: Thread started: 秒杀线程组：1000用户 1-857
2026-07-17 19:35:43,723 INFO o.a.j.t.JMeterThread: Thread started: 秒杀线程组：1000用户 1-862
2026-07-17 19:35:43,723 INFO o.a.j.t.JMeterThread: Thread started: 秒杀线程组：1000用户 1-843
2026-07-17 19:35:43,723 INFO o.a.j.t.JMeterThread: Thread started: 秒杀线程组：1000用户 1-855
2026-07-17 19:35:43,723 INFO o.a.j.t.JMeterThread: Thread started: 秒杀线程组：1000用户 1-845
2026-07-17 19:35:43,724 INFO o.a.j.t.JMeterThread: Thread started: 秒杀线程组：1000用户 1-864
2026-07-17 19:35:43,724 INFO o.a.j.t.JMeterThread: Thread started: 秒杀线程组：1000用户 1-863
2026-07-17 19:35:43,729 INFO o.a.j.t.JMeterThread: Thread started: 秒杀线程组：1000用户 1-853
2026-07-17 19:35:43,729 INFO o.a.j.t.JMeterThread: Thread is done: 秒杀线程组：1000用户 1-23
2026-07-17 19:35:43,729 INFO o.a.j.t.JMeterThread: Thread finished: 秒杀线程组：1000用户 1-23
2026-07-17 19:35:43,730 INFO o.a.j.t.JMeterThread: Thread started: 秒杀线程组：1000用户 1-849
2026-07-17 19:35:43,731 INFO o.a.j.t.JMeterThread: Thread started: 秒杀线程组：1000用户 1-868
2026-07-17 19:35:43,733 INFO o.a.j.t.JMeterThread: Thread started: 秒杀线程组：1000用户 1-867
2026-07-17 19:35:43,734 INFO o.a.j.t.JMeterThread: Thread started: 秒杀线程组：1000用户 1-866
2026-07-17 19:35:43,734 INFO o.a.j.t.JMeterThread: Thread started: 秒杀线程组：1000用户 1-865
2026-07-17 19:35:43,734 INFO o.a.j.t.JMeterThread: Thread started: 秒杀线程组：1000用户 1-872
2026-07-17 19:35:43,736 INFO o.a.j.t.JMeterThread: Thread started: 秒杀线程组：1000用户 1-870
2026-07-17 19:35:43,737 INFO o.a.j.t.JMeterThread: Thread is done: 秒杀线程组：1000用户 1-88
2026-07-17 19:35:43,737 INFO o.a.j.t.JMeterThread: Thread finished: 秒杀线程组：1000用户 1-88
2026-07-17 19:35:43,738 INFO o.a.j.t.JMeterThread: Thread started: 秒杀线程组：1000用户 1-860
2026-07-17 19:35:43,738 INFO o.a.j.t.JMeterThread: Thread started: 秒杀线程组：1000用户 1-873
2026-07-17 19:35:43,738 INFO o.a.j.t.JMeterThread: Thread started: 秒杀线程组：1000用户 1-869
2026-07-17 19:35:43,740 INFO o.a.j.t.JMeterThread: Thread started: 秒杀线程组：1000用户 1-876
2026-07-17 19:35:43,740 INFO o.a.j.t.JMeterThread: Thread started: 秒杀线程组：1000用户 1-874
2026-07-17 19:35:43,740 INFO o.a.j.t.JMeterThread: Thread started: 秒杀线程组：1000用户 1-871
2026-07-17 19:35:43,745 INFO o.a.j.t.JMeterThread: Thread started: 秒杀线程组：1000用户 1-877
2026-07-17 19:35:43,746 INFO o.a.j.t.JMeterThread: Thread started: 秒杀线程组：1000用户 1-878
2026-07-17 19:35:43,747 INFO o.a.j.t.JMeterThread: Thread started: 秒杀线程组：1000用户 1-882
2026-07-17 19:35:43,747 INFO o.a.j.t.JMeterThread: Thread started: 秒杀线程组：1000用户 1-883
2026-07-17 19:35:43,748 INFO o.a.j.t.JMeterThread: Thread started: 秒杀线程组：1000用户 1-880
2026-07-17 19:35:43,748 INFO o.a.j.t.JMeterThread: Thread started: 秒杀线程组：1000用户 1-875
2026-07-17 19:35:43,749 INFO o.a.j.t.JMeterThread: Thread started: 秒杀线程组：1000用户 1-888
2026-07-17 19:35:43,750 INFO o.a.j.t.JMeterThread: Thread is done: 秒杀线程组：1000用户 1-100
2026-07-17 19:35:43,750 INFO o.a.j.t.JMeterThread: Thread finished: 秒杀线程组：1000用户 1-100
2026-07-17 19:35:43,752 INFO o.a.j.t.JMeterThread: Thread started: 秒杀线程组：1000用户 1-884
2026-07-17 19:35:43,752 INFO o.a.j.t.JMeterThread: Thread started: 秒杀线程组：1000用户 1-887
2026-07-17 19:35:43,752 INFO o.a.j.t.JMeterThread: Thread started: 秒杀线程组：1000用户 1-889
2026-07-17 19:35:43,757 INFO o.a.j.t.JMeterThread: Thread started: 秒杀线程组：1000用户 1-890
2026-07-17 19:35:43,757 INFO o.a.j.t.JMeterThread: Thread started: 秒杀线程组：1000用户 1-891
2026-07-17 19:35:43,757 INFO o.a.j.t.JMeterThread: Thread is done: 秒杀线程组：1000用户 1-57
2026-07-17 19:35:43,757 INFO o.a.j.t.JMeterThread: Thread finished: 秒杀线程组：1000用户 1-57
2026-07-17 19:35:43,758 INFO o.a.j.t.JMeterThread: Thread started: 秒杀线程组：1000用户 1-886
2026-07-17 19:35:43,758 INFO o.a.j.t.JMeterThread: Thread started: 秒杀线程组：1000用户 1-893
2026-07-17 19:35:43,758 INFO o.a.j.t.JMeterThread: Thread started: 秒杀线程组：1000用户 1-881
2026-07-17 19:35:43,758 INFO o.a.j.t.JMeterThread: Thread started: 秒杀线程组：1000用户 1-879
2026-07-17 19:35:43,759 INFO o.a.j.t.JMeterThread: Thread started: 秒杀线程组：1000用户 1-885
2026-07-17 19:35:43,759 INFO o.a.j.t.JMeterThread: Thread started: 秒杀线程组：1000用户 1-892
2026-07-17 19:35:43,759 INFO o.a.j.t.JMeterThread: Thread started: 秒杀线程组：1000用户 1-901
2026-07-17 19:35:43,761 INFO o.a.j.t.JMeterThread: Thread started: 秒杀线程组：1000用户 1-900
2026-07-17 19:35:43,762 INFO o.a.j.t.JMeterThread: Thread started: 秒杀线程组：1000用户 1-896
2026-07-17 19:35:43,763 INFO o.a.j.t.JMeterThread: Thread started: 秒杀线程组：1000用户 1-902
2026-07-17 19:35:43,763 INFO o.a.j.t.JMeterThread: Thread started: 秒杀线程组：1000用户 1-905
2026-07-17 19:35:43,766 INFO o.a.j.t.JMeterThread: Thread is done: 秒杀线程组：1000用户 1-107
2026-07-17 19:35:43,766 INFO o.a.j.t.JMeterThread: Thread finished: 秒杀线程组：1000用户 1-107
2026-07-17 19:35:43,767 INFO o.a.j.t.JMeterThread: Thread started: 秒杀线程组：1000用户 1-903
2026-07-17 19:35:43,769 INFO o.a.j.t.JMeterThread: Thread started: 秒杀线程组：1000用户 1-904
2026-07-17 19:35:43,769 INFO o.a.j.t.JMeterThread: Thread started: 秒杀线程组：1000用户 1-906
2026-07-17 19:35:43,769 INFO o.a.j.t.JMeterThread: Thread started: 秒杀线程组：1000用户 1-907
2026-07-17 19:35:43,769 INFO o.a.j.t.JMeterThread: Thread started: 秒杀线程组：1000用户 1-908
2026-07-17 19:35:43,769 INFO o.a.j.t.JMeterThread: Thread started: 秒杀线程组：1000用户 1-894
2026-07-17 19:35:43,770 INFO o.a.j.t.JMeterThread: Thread started: 秒杀线程组：1000用户 1-899
2026-07-17 19:35:43,771 INFO o.a.j.t.JMeterThread: Thread started: 秒杀线程组：1000用户 1-911
2026-07-17 19:35:43,771 INFO o.a.j.t.JMeterThread: Thread started: 秒杀线程组：1000用户 1-895
2026-07-17 19:35:43,772 INFO o.a.j.t.JMeterThread: Thread started: 秒杀线程组：1000用户 1-910
2026-07-17 19:35:43,772 INFO o.a.j.t.JMeterThread: Thread started: 秒杀线程组：1000用户 1-914
2026-07-17 19:35:43,773 INFO o.a.j.t.JMeterThread: Thread started: 秒杀线程组：1000用户 1-897
2026-07-17 19:35:43,773 INFO o.a.j.t.JMeterThread: Thread started: 秒杀线程组：1000用户 1-898
2026-07-17 19:35:43,774 INFO o.a.j.t.JMeterThread: Thread started: 秒杀线程组：1000用户 1-909
2026-07-17 19:35:43,774 INFO o.a.j.t.JMeterThread: Thread started: 秒杀线程组：1000用户 1-913
2026-07-17 19:35:43,776 INFO o.a.j.t.JMeterThread: Thread started: 秒杀线程组：1000用户 1-918
2026-07-17 19:35:43,776 INFO o.a.j.t.JMeterThread: Thread started: 秒杀线程组：1000用户 1-917
2026-07-17 19:35:43,777 INFO o.a.j.t.JMeterThread: Thread started: 秒杀线程组：1000用户 1-915
2026-07-17 19:35:43,777 INFO o.a.j.t.JMeterThread: Thread is done: 秒杀线程组：1000用户 1-101
2026-07-17 19:35:43,777 INFO o.a.j.t.JMeterThread: Thread finished: 秒杀线程组：1000用户 1-101
2026-07-17 19:35:43,780 INFO o.a.j.t.JMeterThread: Thread started: 秒杀线程组：1000用户 1-922
2026-07-17 19:35:43,781 INFO o.a.j.t.JMeterThread: Thread started: 秒杀线程组：1000用户 1-923
2026-07-17 19:35:43,781 INFO o.a.j.t.JMeterThread: Thread started: 秒杀线程组：1000用户 1-924
2026-07-17 19:35:43,783 INFO o.a.j.t.JMeterThread: Thread started: 秒杀线程组：1000用户 1-920
2026-07-17 19:35:43,783 INFO o.a.j.t.JMeterThread: Thread started: 秒杀线程组：1000用户 1-926
2026-07-17 19:35:43,784 INFO o.a.j.t.JMeterThread: Thread started: 秒杀线程组：1000用户 1-928
2026-07-17 19:35:43,784 INFO o.a.j.t.JMeterThread: Thread is done: 秒杀线程组：1000用户 1-137
2026-07-17 19:35:43,784 INFO o.a.j.t.JMeterThread: Thread finished: 秒杀线程组：1000用户 1-137
2026-07-17 19:35:43,785 INFO o.a.j.t.JMeterThread: Thread started: 秒杀线程组：1000用户 1-912
2026-07-17 19:35:43,788 INFO o.a.j.t.JMeterThread: Thread started: 秒杀线程组：1000用户 1-919
2026-07-17 19:35:43,790 INFO o.a.j.t.JMeterThread: Thread started: 秒杀线程组：1000用户 1-916
2026-07-17 19:35:43,791 INFO o.a.j.t.JMeterThread: Thread started: 秒杀线程组：1000用户 1-921
2026-07-17 19:35:43,791 INFO o.a.j.t.JMeterThread: Thread started: 秒杀线程组：1000用户 1-940
2026-07-17 19:35:43,791 INFO o.a.j.t.JMeterThread: Thread is done: 秒杀线程组：1000用户 1-148
2026-07-17 19:35:43,791 INFO o.a.j.t.JMeterThread: Thread finished: 秒杀线程组：1000用户 1-148
2026-07-17 19:35:43,793 INFO o.a.j.t.JMeterThread: Thread started: 秒杀线程组：1000用户 1-934
2026-07-17 19:35:43,793 INFO o.a.j.t.JMeterThread: Thread started: 秒杀线程组：1000用户 1-930
2026-07-17 19:35:43,793 INFO o.a.j.t.JMeterThread: Thread started: 秒杀线程组：1000用户 1-935
2026-07-17 19:35:43,795 INFO o.a.j.t.JMeterThread: Thread started: 秒杀线程组：1000用户 1-925
2026-07-17 19:35:43,796 INFO o.a.j.t.JMeterThread: Thread started: 秒杀线程组：1000用户 1-937
2026-07-17 19:35:43,796 INFO o.a.j.t.JMeterThread: Thread started: 秒杀线程组：1000用户 1-927
2026-07-17 19:35:43,796 INFO o.a.j.t.JMeterThread: Thread started: 秒杀线程组：1000用户 1-932
2026-07-17 19:35:43,801 INFO o.a.j.t.JMeterThread: Thread started: 秒杀线程组：1000用户 1-946
2026-07-17 19:35:43,801 INFO o.a.j.t.JMeterThread: Thread started: 秒杀线程组：1000用户 1-939
2026-07-17 19:35:43,801 INFO o.a.j.t.JMeterThread: Thread is done: 秒杀线程组：1000用户 1-256
2026-07-17 19:35:43,801 INFO o.a.j.t.JMeterThread: Thread finished: 秒杀线程组：1000用户 1-256
2026-07-17 19:35:43,803 INFO o.a.j.t.JMeterThread: Thread started: 秒杀线程组：1000用户 1-943
2026-07-17 19:35:43,803 INFO o.a.j.t.JMeterThread: Thread started: 秒杀线程组：1000用户 1-931
2026-07-17 19:35:43,803 INFO o.a.j.t.JMeterThread: Thread started: 秒杀线程组：1000用户 1-929
2026-07-17 19:35:43,805 INFO o.a.j.t.JMeterThread: Thread started: 秒杀线程组：1000用户 1-947
2026-07-17 19:35:43,805 INFO o.a.j.t.JMeterThread: Thread started: 秒杀线程组：1000用户 1-933
2026-07-17 19:35:43,806 INFO o.a.j.t.JMeterThread: Thread started: 秒杀线程组：1000用户 1-936
2026-07-17 19:35:43,808 INFO o.a.j.t.JMeterThread: Thread is done: 秒杀线程组：1000用户 1-164
2026-07-17 19:35:43,809 INFO o.a.j.t.JMeterThread: Thread finished: 秒杀线程组：1000用户 1-164
2026-07-17 19:35:43,809 INFO o.a.j.t.JMeterThread: Thread started: 秒杀线程组：1000用户 1-938
2026-07-17 19:35:43,809 INFO o.a.j.t.JMeterThread: Thread started: 秒杀线程组：1000用户 1-950
2026-07-17 19:35:43,809 INFO o.a.j.t.JMeterThread: Thread started: 秒杀线程组：1000用户 1-951
2026-07-17 19:35:43,810 INFO o.a.j.t.JMeterThread: Thread started: 秒杀线程组：1000用户 1-953
2026-07-17 19:35:43,811 INFO o.a.j.t.JMeterThread: Thread started: 秒杀线程组：1000用户 1-941
2026-07-17 19:35:43,812 INFO o.a.j.t.JMeterThread: Thread started: 秒杀线程组：1000用户 1-955
2026-07-17 19:35:43,814 INFO o.a.j.t.JMeterThread: Thread started: 秒杀线程组：1000用户 1-956
2026-07-17 19:35:43,814 INFO o.a.j.t.JMeterThread: Thread started: 秒杀线程组：1000用户 1-942
2026-07-17 19:35:43,815 INFO o.a.j.t.JMeterThread: Thread started: 秒杀线程组：1000用户 1-944
2026-07-17 19:35:43,815 INFO o.a.j.t.JMeterThread: Thread started: 秒杀线程组：1000用户 1-963
2026-07-17 19:35:43,817 INFO o.a.j.t.JMeterThread: Thread started: 秒杀线程组：1000用户 1-945
2026-07-17 19:35:43,818 INFO o.a.j.t.JMeterThread: Thread started: 秒杀线程组：1000用户 1-960
2026-07-17 19:35:43,818 INFO o.a.j.t.JMeterThread: Thread started: 秒杀线程组：1000用户 1-962
2026-07-17 19:35:43,818 INFO o.a.j.t.JMeterThread: Thread is done: 秒杀线程组：1000用户 1-66
2026-07-17 19:35:43,818 INFO o.a.j.t.JMeterThread: Thread finished: 秒杀线程组：1000用户 1-66
2026-07-17 19:35:43,819 INFO o.a.j.t.JMeterThread: Thread started: 秒杀线程组：1000用户 1-948
2026-07-17 19:35:43,819 INFO o.a.j.t.JMeterThread: Thread started: 秒杀线程组：1000用户 1-961
2026-07-17 19:35:43,820 INFO o.a.j.t.JMeterThread: Thread started: 秒杀线程组：1000用户 1-949
2026-07-17 19:35:43,822 INFO o.a.j.t.JMeterThread: Thread started: 秒杀线程组：1000用户 1-952
2026-07-17 19:35:43,822 INFO o.a.j.t.JMeterThread: Thread started: 秒杀线程组：1000用户 1-957
2026-07-17 19:35:43,823 INFO o.a.j.t.JMeterThread: Thread started: 秒杀线程组：1000用户 1-954
2026-07-17 19:35:43,824 INFO o.a.j.t.JMeterThread: Thread started: 秒杀线程组：1000用户 1-964
2026-07-17 19:35:43,824 INFO o.a.j.t.JMeterThread: Thread is done: 秒杀线程组：1000用户 1-176
2026-07-17 19:35:43,824 INFO o.a.j.t.JMeterThread: Thread finished: 秒杀线程组：1000用户 1-176
2026-07-17 19:35:43,826 INFO o.a.j.t.JMeterThread: Thread started: 秒杀线程组：1000用户 1-973
2026-07-17 19:35:43,826 INFO o.a.j.t.JMeterThread: Thread started: 秒杀线程组：1000用户 1-969
2026-07-17 19:35:43,826 INFO o.a.j.t.JMeterThread: Thread started: 秒杀线程组：1000用户 1-967
2026-07-17 19:35:43,827 INFO o.a.j.t.JMeterThread: Thread started: 秒杀线程组：1000用户 1-958
2026-07-17 19:35:43,827 INFO o.a.j.t.JMeterThread: Thread started: 秒杀线程组：1000用户 1-972
2026-07-17 19:35:43,828 INFO o.a.j.t.JMeterThread: Thread started: 秒杀线程组：1000用户 1-970
2026-07-17 19:35:43,828 INFO o.a.j.t.JMeterThread: Thread started: 秒杀线程组：1000用户 1-959
2026-07-17 19:35:43,831 INFO o.a.j.t.JMeterThread: Thread started: 秒杀线程组：1000用户 1-971
2026-07-17 19:35:43,831 INFO o.a.j.t.JMeterThread: Thread is done: 秒杀线程组：1000用户 1-31
2026-07-17 19:35:43,831 INFO o.a.j.t.JMeterThread: Thread finished: 秒杀线程组：1000用户 1-31
2026-07-17 19:35:43,832 INFO o.a.j.t.JMeterThread: Thread started: 秒杀线程组：1000用户 1-975
2026-07-17 19:35:43,833 INFO o.a.j.t.JMeterThread: Thread started: 秒杀线程组：1000用户 1-977
2026-07-17 19:35:43,833 INFO o.a.j.t.JMeterThread: Thread started: 秒杀线程组：1000用户 1-968
2026-07-17 19:35:43,834 INFO o.a.j.t.JMeterThread: Thread started: 秒杀线程组：1000用户 1-974
2026-07-17 19:35:43,834 INFO o.a.j.t.JMeterThread: Thread started: 秒杀线程组：1000用户 1-965
2026-07-17 19:35:43,834 INFO o.a.j.t.JMeterThread: Thread started: 秒杀线程组：1000用户 1-979
2026-07-17 19:35:43,836 INFO o.a.j.t.JMeterThread: Thread started: 秒杀线程组：1000用户 1-966
2026-07-17 19:35:43,837 INFO o.a.j.t.JMeterThread: Thread is done: 秒杀线程组：1000用户 1-28
2026-07-17 19:35:43,837 INFO o.a.j.t.JMeterThread: Thread finished: 秒杀线程组：1000用户 1-28
2026-07-17 19:35:43,839 INFO o.a.j.t.JMeterThread: Thread started: 秒杀线程组：1000用户 1-988
2026-07-17 19:35:43,840 INFO o.a.j.t.JMeterThread: Thread started: 秒杀线程组：1000用户 1-990
2026-07-17 19:35:43,840 INFO o.a.j.t.JMeterThread: Thread started: 秒杀线程组：1000用户 1-981
2026-07-17 19:35:43,842 INFO o.a.j.t.JMeterThread: Thread started: 秒杀线程组：1000用户 1-982
2026-07-17 19:35:43,842 INFO o.a.j.t.JMeterThread: Thread started: 秒杀线程组：1000用户 1-987
2026-07-17 19:35:43,842 INFO o.a.j.t.JMeterThread: Thread started: 秒杀线程组：1000用户 1-983
2026-07-17 19:35:43,842 INFO o.a.j.t.JMeterThread: Thread started: 秒杀线程组：1000用户 1-989
2026-07-17 19:35:43,844 INFO o.a.j.t.JMeterThread: Thread started: 秒杀线程组：1000用户 1-984
2026-07-17 19:35:43,844 INFO o.a.j.t.JMeterThread: Thread started: 秒杀线程组：1000用户 1-986
2026-07-17 19:35:43,844 INFO o.a.j.t.JMeterThread: Thread started: 秒杀线程组：1000用户 1-985
2026-07-17 19:35:43,845 INFO o.a.j.t.JMeterThread: Thread is done: 秒杀线程组：1000用户 1-153
2026-07-17 19:35:43,845 INFO o.a.j.t.JMeterThread: Thread finished: 秒杀线程组：1000用户 1-153
2026-07-17 19:35:43,846 INFO o.a.j.t.JMeterThread: Thread started: 秒杀线程组：1000用户 1-976
2026-07-17 19:35:43,846 INFO o.a.j.t.JMeterThread: Thread started: 秒杀线程组：1000用户 1-978
2026-07-17 19:35:43,847 INFO o.a.j.t.JMeterThread: Thread started: 秒杀线程组：1000用户 1-993
2026-07-17 19:35:43,847 INFO o.a.j.t.JMeterThread: Thread started: 秒杀线程组：1000用户 1-997
2026-07-17 19:35:43,847 INFO o.a.j.t.JMeterThread: Thread started: 秒杀线程组：1000用户 1-998
2026-07-17 19:35:43,850 INFO o.a.j.t.JMeterThread: Thread started: 秒杀线程组：1000用户 1-980
2026-07-17 19:35:43,851 INFO o.a.j.t.JMeterThread: Thread started: 秒杀线程组：1000用户 1-1000
2026-07-17 19:35:43,852 INFO o.a.j.t.JMeterThread: Thread started: 秒杀线程组：1000用户 1-999
2026-07-17 19:35:43,853 INFO o.a.j.t.JMeterThread: Thread is done: 秒杀线程组：1000用户 1-55
2026-07-17 19:35:43,853 INFO o.a.j.t.JMeterThread: Thread finished: 秒杀线程组：1000用户 1-55
2026-07-17 19:35:43,854 INFO o.a.j.t.JMeterThread: Thread started: 秒杀线程组：1000用户 1-994
2026-07-17 19:35:43,856 INFO o.a.j.t.JMeterThread: Thread started: 秒杀线程组：1000用户 1-995
2026-07-17 19:35:43,859 INFO o.a.j.t.JMeterThread: Thread started: 秒杀线程组：1000用户 1-991
2026-07-17 19:35:43,860 INFO o.a.j.t.JMeterThread: Thread started: 秒杀线程组：1000用户 1-992
2026-07-17 19:35:43,861 INFO o.a.j.t.JMeterThread: Thread is done: 秒杀线程组：1000用户 1-80
2026-07-17 19:35:43,861 INFO o.a.j.t.JMeterThread: Thread finished: 秒杀线程组：1000用户 1-80
2026-07-17 19:35:43,863 INFO o.a.j.t.JMeterThread: Thread started: 秒杀线程组：1000用户 1-996
2026-07-17 19:35:43,867 INFO o.a.j.t.JMeterThread: Thread is done: 秒杀线程组：1000用户 1-29
2026-07-17 19:35:43,867 INFO o.a.j.t.JMeterThread: Thread finished: 秒杀线程组：1000用户 1-29
2026-07-17 19:35:43,876 INFO o.a.j.t.JMeterThread: Thread is done: 秒杀线程组：1000用户 1-60
2026-07-17 19:35:43,876 INFO o.a.j.t.JMeterThread: Thread finished: 秒杀线程组：1000用户 1-60
2026-07-17 19:35:43,883 INFO o.a.j.t.JMeterThread: Thread is done: 秒杀线程组：1000用户 1-141
2026-07-17 19:35:43,883 INFO o.a.j.t.JMeterThread: Thread finished: 秒杀线程组：1000用户 1-141
2026-07-17 19:35:43,891 INFO o.a.j.t.JMeterThread: Thread is done: 秒杀线程组：1000用户 1-82
2026-07-17 19:35:43,891 INFO o.a.j.t.JMeterThread: Thread finished: 秒杀线程组：1000用户 1-82
2026-07-17 19:35:43,898 INFO o.a.j.t.JMeterThread: Thread is done: 秒杀线程组：1000用户 1-115
2026-07-17 19:35:43,898 INFO o.a.j.t.JMeterThread: Thread finished: 秒杀线程组：1000用户 1-115
2026-07-17 19:35:43,904 INFO o.a.j.t.JMeterThread: Thread is done: 秒杀线程组：1000用户 1-61
2026-07-17 19:35:43,904 INFO o.a.j.t.JMeterThread: Thread finished: 秒杀线程组：1000用户 1-61
2026-07-17 19:35:43,913 INFO o.a.j.t.JMeterThread: Thread is done: 秒杀线程组：1000用户 1-104
2026-07-17 19:35:43,913 INFO o.a.j.t.JMeterThread: Thread finished: 秒杀线程组：1000用户 1-104
2026-07-17 19:35:43,920 INFO o.a.j.t.JMeterThread: Thread is done: 秒杀线程组：1000用户 1-136
2026-07-17 19:35:43,920 INFO o.a.j.t.JMeterThread: Thread finished: 秒杀线程组：1000用户 1-136
2026-07-17 19:35:43,926 INFO o.a.j.t.JMeterThread: Thread is done: 秒杀线程组：1000用户 1-172
2026-07-17 19:35:43,926 INFO o.a.j.t.JMeterThread: Thread finished: 秒杀线程组：1000用户 1-172
2026-07-17 19:35:43,933 INFO o.a.j.t.JMeterThread: Thread is done: 秒杀线程组：1000用户 1-21
2026-07-17 19:35:43,933 INFO o.a.j.t.JMeterThread: Thread finished: 秒杀线程组：1000用户 1-21
2026-07-17 19:35:43,942 INFO o.a.j.t.JMeterThread: Thread is done: 秒杀线程组：1000用户 1-118
2026-07-17 19:35:43,942 INFO o.a.j.t.JMeterThread: Thread finished: 秒杀线程组：1000用户 1-118
2026-07-17 19:35:43,949 INFO o.a.j.t.JMeterThread: Thread is done: 秒杀线程组：1000用户 1-1
2026-07-17 19:35:43,949 INFO o.a.j.t.JMeterThread: Thread finished: 秒杀线程组：1000用户 1-1
2026-07-17 19:35:43,957 INFO o.a.j.t.JMeterThread: Thread is done: 秒杀线程组：1000用户 1-14
2026-07-17 19:35:43,957 INFO o.a.j.t.JMeterThread: Thread finished: 秒杀线程组：1000用户 1-14
2026-07-17 19:35:43,963 INFO o.a.j.t.JMeterThread: Thread is done: 秒杀线程组：1000用户 1-50
2026-07-17 19:35:43,963 INFO o.a.j.t.JMeterThread: Thread finished: 秒杀线程组：1000用户 1-50
2026-07-17 19:35:43,971 INFO o.a.j.t.JMeterThread: Thread is done: 秒杀线程组：1000用户 1-27
2026-07-17 19:35:43,971 INFO o.a.j.t.JMeterThread: Thread finished: 秒杀线程组：1000用户 1-27
2026-07-17 19:35:43,979 INFO o.a.j.t.JMeterThread: Thread is done: 秒杀线程组：1000用户 1-173
2026-07-17 19:35:43,979 INFO o.a.j.t.JMeterThread: Thread finished: 秒杀线程组：1000用户 1-173
2026-07-17 19:35:43,989 INFO o.a.j.t.JMeterThread: Thread is done: 秒杀线程组：1000用户 1-84
2026-07-17 19:35:43,989 INFO o.a.j.t.JMeterThread: Thread finished: 秒杀线程组：1000用户 1-84
2026-07-17 19:35:44,004 INFO o.a.j.t.JMeterThread: Thread is done: 秒杀线程组：1000用户 1-158
2026-07-17 19:35:44,004 INFO o.a.j.t.JMeterThread: Thread finished: 秒杀线程组：1000用户 1-158
2026-07-17 19:35:44,013 INFO o.a.j.t.JMeterThread: Thread is done: 秒杀线程组：1000用户 1-185
2026-07-17 19:35:44,013 INFO o.a.j.t.JMeterThread: Thread finished: 秒杀线程组：1000用户 1-185
2026-07-17 19:35:44,023 INFO o.a.j.t.JMeterThread: Thread is done: 秒杀线程组：1000用户 1-190
2026-07-17 19:35:44,023 INFO o.a.j.t.JMeterThread: Thread finished: 秒杀线程组：1000用户 1-190
2026-07-17 19:35:44,030 INFO o.a.j.t.JMeterThread: Thread is done: 秒杀线程组：1000用户 1-197
2026-07-17 19:35:44,030 INFO o.a.j.t.JMeterThread: Thread finished: 秒杀线程组：1000用户 1-197
2026-07-17 19:35:44,039 INFO o.a.j.t.JMeterThread: Thread is done: 秒杀线程组：1000用户 1-189
2026-07-17 19:35:44,039 INFO o.a.j.t.JMeterThread: Thread finished: 秒杀线程组：1000用户 1-189
2026-07-17 19:35:44,047 INFO o.a.j.t.JMeterThread: Thread is done: 秒杀线程组：1000用户 1-192
2026-07-17 19:35:44,047 INFO o.a.j.t.JMeterThread: Thread finished: 秒杀线程组：1000用户 1-192
2026-07-17 19:35:44,053 INFO o.a.j.t.JMeterThread: Thread is done: 秒杀线程组：1000用户 1-206
2026-07-17 19:35:44,053 INFO o.a.j.t.JMeterThread: Thread finished: 秒杀线程组：1000用户 1-206
2026-07-17 19:35:44,063 INFO o.a.j.t.JMeterThread: Thread is done: 秒杀线程组：1000用户 1-203
2026-07-17 19:35:44,063 INFO o.a.j.t.JMeterThread: Thread finished: 秒杀线程组：1000用户 1-203
2026-07-17 19:35:44,071 INFO o.a.j.t.JMeterThread: Thread is done: 秒杀线程组：1000用户 1-196
2026-07-17 19:35:44,071 INFO o.a.j.t.JMeterThread: Thread finished: 秒杀线程组：1000用户 1-196
2026-07-17 19:35:44,078 INFO o.a.j.t.JMeterThread: Thread is done: 秒杀线程组：1000用户 1-198
2026-07-17 19:35:44,078 INFO o.a.j.t.JMeterThread: Thread finished: 秒杀线程组：1000用户 1-198
2026-07-17 19:35:44,087 INFO o.a.j.t.JMeterThread: Thread is done: 秒杀线程组：1000用户 1-201
2026-07-17 19:35:44,087 INFO o.a.j.t.JMeterThread: Thread finished: 秒杀线程组：1000用户 1-201
2026-07-17 19:35:44,094 INFO o.a.j.t.JMeterThread: Thread is done: 秒杀线程组：1000用户 1-199
2026-07-17 19:35:44,094 INFO o.a.j.t.JMeterThread: Thread finished: 秒杀线程组：1000用户 1-199
2026-07-17 19:35:44,103 INFO o.a.j.t.JMeterThread: Thread is done: 秒杀线程组：1000用户 1-216
2026-07-17 19:35:44,103 INFO o.a.j.t.JMeterThread: Thread finished: 秒杀线程组：1000用户 1-216
2026-07-17 19:35:44,111 INFO o.a.j.t.JMeterThread: Thread is done: 秒杀线程组：1000用户 1-270
2026-07-17 19:35:44,111 INFO o.a.j.t.JMeterThread: Thread finished: 秒杀线程组：1000用户 1-270
2026-07-17 19:35:44,120 INFO o.a.j.t.JMeterThread: Thread is done: 秒杀线程组：1000用户 1-214
2026-07-17 19:35:44,120 INFO o.a.j.t.JMeterThread: Thread finished: 秒杀线程组：1000用户 1-214
2026-07-17 19:35:44,128 INFO o.a.j.t.JMeterThread: Thread is done: 秒杀线程组：1000用户 1-299
2026-07-17 19:35:44,128 INFO o.a.j.t.JMeterThread: Thread finished: 秒杀线程组：1000用户 1-299
2026-07-17 19:35:44,136 INFO o.a.j.t.JMeterThread: Thread is done: 秒杀线程组：1000用户 1-213
2026-07-17 19:35:44,136 INFO o.a.j.t.JMeterThread: Thread finished: 秒杀线程组：1000用户 1-213
2026-07-17 19:35:44,145 INFO o.a.j.t.JMeterThread: Thread is done: 秒杀线程组：1000用户 1-210
2026-07-17 19:35:44,145 INFO o.a.j.t.JMeterThread: Thread finished: 秒杀线程组：1000用户 1-210
2026-07-17 19:35:44,155 INFO o.a.j.t.JMeterThread: Thread is done: 秒杀线程组：1000用户 1-211
2026-07-17 19:35:44,155 INFO o.a.j.t.JMeterThread: Thread finished: 秒杀线程组：1000用户 1-211
2026-07-17 19:35:44,161 INFO o.a.j.t.JMeterThread: Thread is done: 秒杀线程组：1000用户 1-212
2026-07-17 19:35:44,161 INFO o.a.j.t.JMeterThread: Thread finished: 秒杀线程组：1000用户 1-212
2026-07-17 19:35:44,170 INFO o.a.j.t.JMeterThread: Thread is done: 秒杀线程组：1000用户 1-215
2026-07-17 19:35:44,170 INFO o.a.j.t.JMeterThread: Thread finished: 秒杀线程组：1000用户 1-215
2026-07-17 19:35:44,177 INFO o.a.j.t.JMeterThread: Thread is done: 秒杀线程组：1000用户 1-220
2026-07-17 19:35:44,177 INFO o.a.j.t.JMeterThread: Thread finished: 秒杀线程组：1000用户 1-220
2026-07-17 19:35:44,186 INFO o.a.j.t.JMeterThread: Thread is done: 秒杀线程组：1000用户 1-221
2026-07-17 19:35:44,186 INFO o.a.j.t.JMeterThread: Thread finished: 秒杀线程组：1000用户 1-221
2026-07-17 19:35:44,193 INFO o.a.j.t.JMeterThread: Thread is done: 秒杀线程组：1000用户 1-217
2026-07-17 19:35:44,193 INFO o.a.j.t.JMeterThread: Thread finished: 秒杀线程组：1000用户 1-217
2026-07-17 19:35:44,201 INFO o.a.j.t.JMeterThread: Thread is done: 秒杀线程组：1000用户 1-169
2026-07-17 19:35:44,201 INFO o.a.j.t.JMeterThread: Thread finished: 秒杀线程组：1000用户 1-169
2026-07-17 19:35:44,205 INFO o.a.j.t.JMeterThread: Thread is done: 秒杀线程组：1000用户 1-225
2026-07-17 19:35:44,205 INFO o.a.j.t.JMeterThread: Thread finished: 秒杀线程组：1000用户 1-225
2026-07-17 19:35:44,211 INFO o.a.j.t.JMeterThread: Thread is done: 秒杀线程组：1000用户 1-219
2026-07-17 19:35:44,211 INFO o.a.j.t.JMeterThread: Thread finished: 秒杀线程组：1000用户 1-219
2026-07-17 19:35:44,219 INFO o.a.j.t.JMeterThread: Thread is done: 秒杀线程组：1000用户 1-208
2026-07-17 19:35:44,219 INFO o.a.j.t.JMeterThread: Thread finished: 秒杀线程组：1000用户 1-208
2026-07-17 19:35:44,226 INFO o.a.j.t.JMeterThread: Thread is done: 秒杀线程组：1000用户 1-11
2026-07-17 19:35:44,226 INFO o.a.j.t.JMeterThread: Thread finished: 秒杀线程组：1000用户 1-11
2026-07-17 19:35:44,234 INFO o.a.j.t.JMeterThread: Thread is done: 秒杀线程组：1000用户 1-92
2026-07-17 19:35:44,234 INFO o.a.j.t.JMeterThread: Thread finished: 秒杀线程组：1000用户 1-92
2026-07-17 19:35:44,241 INFO o.a.j.t.JMeterThread: Thread is done: 秒杀线程组：1000用户 1-222
2026-07-17 19:35:44,241 INFO o.a.j.t.JMeterThread: Thread finished: 秒杀线程组：1000用户 1-222
2026-07-17 19:35:44,250 INFO o.a.j.t.JMeterThread: Thread is done: 秒杀线程组：1000用户 1-227
2026-07-17 19:35:44,250 INFO o.a.j.t.JMeterThread: Thread finished: 秒杀线程组：1000用户 1-227
2026-07-17 19:35:44,259 INFO o.a.j.t.JMeterThread: Thread is done: 秒杀线程组：1000用户 1-223
2026-07-17 19:35:44,259 INFO o.a.j.t.JMeterThread: Thread finished: 秒杀线程组：1000用户 1-223
2026-07-17 19:35:44,268 INFO o.a.j.t.JMeterThread: Thread is done: 秒杀线程组：1000用户 1-226
2026-07-17 19:35:44,268 INFO o.a.j.t.JMeterThread: Thread finished: 秒杀线程组：1000用户 1-226
2026-07-17 19:35:44,279 INFO o.a.j.t.JMeterThread: Thread is done: 秒杀线程组：1000用户 1-302
2026-07-17 19:35:44,279 INFO o.a.j.t.JMeterThread: Thread finished: 秒杀线程组：1000用户 1-302
2026-07-17 19:35:44,288 INFO o.a.j.t.JMeterThread: Thread is done: 秒杀线程组：1000用户 1-218
2026-07-17 19:35:44,288 INFO o.a.j.t.JMeterThread: Thread finished: 秒杀线程组：1000用户 1-218
2026-07-17 19:35:44,297 INFO o.a.j.t.JMeterThread: Thread is done: 秒杀线程组：1000用户 1-229
2026-07-17 19:35:44,297 INFO o.a.j.t.JMeterThread: Thread finished: 秒杀线程组：1000用户 1-229
2026-07-17 19:35:44,308 INFO o.a.j.t.JMeterThread: Thread is done: 秒杀线程组：1000用户 1-230
2026-07-17 19:35:44,308 INFO o.a.j.t.JMeterThread: Thread finished: 秒杀线程组：1000用户 1-230
2026-07-17 19:35:44,318 INFO o.a.j.t.JMeterThread: Thread is done: 秒杀线程组：1000用户 1-316
2026-07-17 19:35:44,318 INFO o.a.j.t.JMeterThread: Thread finished: 秒杀线程组：1000用户 1-316
2026-07-17 19:35:44,331 INFO o.a.j.t.JMeterThread: Thread is done: 秒杀线程组：1000用户 1-234
2026-07-17 19:35:44,331 INFO o.a.j.t.JMeterThread: Thread finished: 秒杀线程组：1000用户 1-234
2026-07-17 19:35:44,344 INFO o.a.j.t.JMeterThread: Thread is done: 秒杀线程组：1000用户 1-238
2026-07-17 19:35:44,344 INFO o.a.j.t.JMeterThread: Thread finished: 秒杀线程组：1000用户 1-238
2026-07-17 19:35:44,354 INFO o.a.j.t.JMeterThread: Thread is done: 秒杀线程组：1000用户 1-224
2026-07-17 19:35:44,354 INFO o.a.j.t.JMeterThread: Thread finished: 秒杀线程组：1000用户 1-224
2026-07-17 19:35:44,364 INFO o.a.j.t.JMeterThread: Thread is done: 秒杀线程组：1000用户 1-315
2026-07-17 19:35:44,364 INFO o.a.j.t.JMeterThread: Thread finished: 秒杀线程组：1000用户 1-315
2026-07-17 19:35:44,376 INFO o.a.j.t.JMeterThread: Thread is done: 秒杀线程组：1000用户 1-228
2026-07-17 19:35:44,376 INFO o.a.j.t.JMeterThread: Thread finished: 秒杀线程组：1000用户 1-228
2026-07-17 19:35:44,386 INFO o.a.j.t.JMeterThread: Thread is done: 秒杀线程组：1000用户 1-241
2026-07-17 19:35:44,386 INFO o.a.j.t.JMeterThread: Thread finished: 秒杀线程组：1000用户 1-241
2026-07-17 19:35:44,393 INFO o.a.j.t.JMeterThread: Thread is done: 秒杀线程组：1000用户 1-240
2026-07-17 19:35:44,393 INFO o.a.j.t.JMeterThread: Thread finished: 秒杀线程组：1000用户 1-240
2026-07-17 19:35:44,401 INFO o.a.j.t.JMeterThread: Thread is done: 秒杀线程组：1000用户 1-231
2026-07-17 19:35:44,401 INFO o.a.j.t.JMeterThread: Thread finished: 秒杀线程组：1000用户 1-231
2026-07-17 19:35:44,406 INFO o.a.j.t.JMeterThread: Thread is done: 秒杀线程组：1000用户 1-25
2026-07-17 19:35:44,408 INFO o.a.j.t.JMeterThread: Thread finished: 秒杀线程组：1000用户 1-25
2026-07-17 19:35:44,414 INFO o.a.j.t.JMeterThread: Thread is done: 秒杀线程组：1000用户 1-124
2026-07-17 19:35:44,414 INFO o.a.j.t.JMeterThread: Thread finished: 秒杀线程组：1000用户 1-124
2026-07-17 19:35:44,423 INFO o.a.j.t.JMeterThread: Thread is done: 秒杀线程组：1000用户 1-334
2026-07-17 19:35:44,424 INFO o.a.j.t.JMeterThread: Thread finished: 秒杀线程组：1000用户 1-334
2026-07-17 19:35:44,431 INFO o.a.j.t.JMeterThread: Thread is done: 秒杀线程组：1000用户 1-103
2026-07-17 19:35:44,431 INFO o.a.j.t.JMeterThread: Thread finished: 秒杀线程组：1000用户 1-103
2026-07-17 19:35:44,441 INFO o.a.j.t.JMeterThread: Thread is done: 秒杀线程组：1000用户 1-13
2026-07-17 19:35:44,441 INFO o.a.j.t.JMeterThread: Thread finished: 秒杀线程组：1000用户 1-13
2026-07-17 19:35:44,449 INFO o.a.j.t.JMeterThread: Thread is done: 秒杀线程组：1000用户 1-247
2026-07-17 19:35:44,449 INFO o.a.j.t.JMeterThread: Thread finished: 秒杀线程组：1000用户 1-247
2026-07-17 19:35:44,456 INFO o.a.j.t.JMeterThread: Thread is done: 秒杀线程组：1000用户 1-233
2026-07-17 19:35:44,456 INFO o.a.j.t.JMeterThread: Thread finished: 秒杀线程组：1000用户 1-233
2026-07-17 19:35:44,464 INFO o.a.j.t.JMeterThread: Thread is done: 秒杀线程组：1000用户 1-246
2026-07-17 19:35:44,464 INFO o.a.j.t.JMeterThread: Thread finished: 秒杀线程组：1000用户 1-246
2026-07-17 19:35:44,472 INFO o.a.j.t.JMeterThread: Thread is done: 秒杀线程组：1000用户 1-232
2026-07-17 19:35:44,472 INFO o.a.j.t.JMeterThread: Thread finished: 秒杀线程组：1000用户 1-232
2026-07-17 19:35:44,480 INFO o.a.j.t.JMeterThread: Thread is done: 秒杀线程组：1000用户 1-235
2026-07-17 19:35:44,481 INFO o.a.j.t.JMeterThread: Thread finished: 秒杀线程组：1000用户 1-235
2026-07-17 19:35:44,490 INFO o.a.j.t.JMeterThread: Thread is done: 秒杀线程组：1000用户 1-237
2026-07-17 19:35:44,490 INFO o.a.j.t.JMeterThread: Thread finished: 秒杀线程组：1000用户 1-237
2026-07-17 19:35:44,496 INFO o.a.j.t.JMeterThread: Thread is done: 秒杀线程组：1000用户 1-251
2026-07-17 19:35:44,496 INFO o.a.j.t.JMeterThread: Thread finished: 秒杀线程组：1000用户 1-251
2026-07-17 19:35:44,504 INFO o.a.j.t.JMeterThread: Thread is done: 秒杀线程组：1000用户 1-236
2026-07-17 19:35:44,504 INFO o.a.j.t.JMeterThread: Thread finished: 秒杀线程组：1000用户 1-236
2026-07-17 19:35:44,512 INFO o.a.j.t.JMeterThread: Thread is done: 秒杀线程组：1000用户 1-249
2026-07-17 19:35:44,512 INFO o.a.j.t.JMeterThread: Thread finished: 秒杀线程组：1000用户 1-249
2026-07-17 19:35:44,519 INFO o.a.j.t.JMeterThread: Thread is done: 秒杀线程组：1000用户 1-254
2026-07-17 19:35:44,519 INFO o.a.j.t.JMeterThread: Thread finished: 秒杀线程组：1000用户 1-254
2026-07-17 19:35:44,526 INFO o.a.j.t.JMeterThread: Thread is done: 秒杀线程组：1000用户 1-252
2026-07-17 19:35:44,526 INFO o.a.j.t.JMeterThread: Thread finished: 秒杀线程组：1000用户 1-252
2026-07-17 19:35:44,532 INFO o.a.j.t.JMeterThread: Thread is done: 秒杀线程组：1000用户 1-253
2026-07-17 19:35:44,532 INFO o.a.j.t.JMeterThread: Thread finished: 秒杀线程组：1000用户 1-253
2026-07-17 19:35:44,539 INFO o.a.j.t.JMeterThread: Thread is done: 秒杀线程组：1000用户 1-258
2026-07-17 19:35:44,539 INFO o.a.j.t.JMeterThread: Thread finished: 秒杀线程组：1000用户 1-258
2026-07-17 19:35:44,548 INFO o.a.j.t.JMeterThread: Thread is done: 秒杀线程组：1000用户 1-257
2026-07-17 19:35:44,548 INFO o.a.j.t.JMeterThread: Thread finished: 秒杀线程组：1000用户 1-257
2026-07-17 19:35:44,556 INFO o.a.j.t.JMeterThread: Thread is done: 秒杀线程组：1000用户 1-242
2026-07-17 19:35:44,556 INFO o.a.j.t.JMeterThread: Thread finished: 秒杀线程组：1000用户 1-242
2026-07-17 19:35:44,565 INFO o.a.j.t.JMeterThread: Thread is done: 秒杀线程组：1000用户 1-262
2026-07-17 19:35:44,565 INFO o.a.j.t.JMeterThread: Thread finished: 秒杀线程组：1000用户 1-262
2026-07-17 19:35:44,571 INFO o.a.j.t.JMeterThread: Thread is done: 秒杀线程组：1000用户 1-259
2026-07-17 19:35:44,571 INFO o.a.j.t.JMeterThread: Thread finished: 秒杀线程组：1000用户 1-259
2026-07-17 19:35:44,579 INFO o.a.j.t.JMeterThread: Thread is done: 秒杀线程组：1000用户 1-255
2026-07-17 19:35:44,579 INFO o.a.j.t.JMeterThread: Thread finished: 秒杀线程组：1000用户 1-255
2026-07-17 19:35:44,583 INFO o.a.j.t.JMeterThread: Thread is done: 秒杀线程组：1000用户 1-263
2026-07-17 19:35:44,583 INFO o.a.j.t.JMeterThread: Thread finished: 秒杀线程组：1000用户 1-263
2026-07-17 19:35:44,591 INFO o.a.j.t.JMeterThread: Thread is done: 秒杀线程组：1000用户 1-244
2026-07-17 19:35:44,591 INFO o.a.j.t.JMeterThread: Thread finished: 秒杀线程组：1000用户 1-244
2026-07-17 19:35:44,605 INFO o.a.j.t.JMeterThread: Thread is done: 秒杀线程组：1000用户 1-248
2026-07-17 19:35:44,605 INFO o.a.j.t.JMeterThread: Thread finished: 秒杀线程组：1000用户 1-248
2026-07-17 19:35:44,614 INFO o.a.j.t.JMeterThread: Thread is done: 秒杀线程组：1000用户 1-243
2026-07-17 19:35:44,614 INFO o.a.j.t.JMeterThread: Thread finished: 秒杀线程组：1000用户 1-243
2026-07-17 19:35:44,621 INFO o.a.j.t.JMeterThread: Thread is done: 秒杀线程组：1000用户 1-260
2026-07-17 19:35:44,621 INFO o.a.j.t.JMeterThread: Thread finished: 秒杀线程组：1000用户 1-260
2026-07-17 19:35:44,628 INFO o.a.j.t.JMeterThread: Thread is done: 秒杀线程组：1000用户 1-264
2026-07-17 19:35:44,628 INFO o.a.j.t.JMeterThread: Thread finished: 秒杀线程组：1000用户 1-264
2026-07-17 19:35:44,635 INFO o.a.j.t.JMeterThread: Thread is done: 秒杀线程组：1000用户 1-266
2026-07-17 19:35:44,635 INFO o.a.j.t.JMeterThread: Thread finished: 秒杀线程组：1000用户 1-266
2026-07-17 19:35:44,645 INFO o.a.j.t.JMeterThread: Thread is done: 秒杀线程组：1000用户 1-374
2026-07-17 19:35:44,645 INFO o.a.j.t.JMeterThread: Thread finished: 秒杀线程组：1000用户 1-374
2026-07-17 19:35:44,653 INFO o.a.j.t.JMeterThread: Thread is done: 秒杀线程组：1000用户 1-250
2026-07-17 19:35:44,653 INFO o.a.j.t.JMeterThread: Thread finished: 秒杀线程组：1000用户 1-250
2026-07-17 19:35:44,662 INFO o.a.j.t.JMeterThread: Thread is done: 秒杀线程组：1000用户 1-271
2026-07-17 19:35:44,662 INFO o.a.j.t.JMeterThread: Thread finished: 秒杀线程组：1000用户 1-271
2026-07-17 19:35:44,668 INFO o.a.j.t.JMeterThread: Thread is done: 秒杀线程组：1000用户 1-5
2026-07-17 19:35:44,668 INFO o.a.j.t.JMeterThread: Thread finished: 秒杀线程组：1000用户 1-5
2026-07-17 19:35:44,676 INFO o.a.j.t.JMeterThread: Thread is done: 秒杀线程组：1000用户 1-272
2026-07-17 19:35:44,676 INFO o.a.j.t.JMeterThread: Thread finished: 秒杀线程组：1000用户 1-272
2026-07-17 19:35:44,683 INFO o.a.j.t.JMeterThread: Thread is done: 秒杀线程组：1000用户 1-365
2026-07-17 19:35:44,683 INFO o.a.j.t.JMeterThread: Thread finished: 秒杀线程组：1000用户 1-365
2026-07-17 19:35:44,691 INFO o.a.j.t.JMeterThread: Thread is done: 秒杀线程组：1000用户 1-274
2026-07-17 19:35:44,691 INFO o.a.j.t.JMeterThread: Thread finished: 秒杀线程组：1000用户 1-274
2026-07-17 19:35:44,699 INFO o.a.j.t.JMeterThread: Thread is done: 秒杀线程组：1000用户 1-273
2026-07-17 19:35:44,699 INFO o.a.j.t.JMeterThread: Thread finished: 秒杀线程组：1000用户 1-273
2026-07-17 19:35:44,706 INFO o.a.j.t.JMeterThread: Thread is done: 秒杀线程组：1000用户 1-277
2026-07-17 19:35:44,706 INFO o.a.j.t.JMeterThread: Thread finished: 秒杀线程组：1000用户 1-277
2026-07-17 19:35:44,715 INFO o.a.j.t.JMeterThread: Thread is done: 秒杀线程组：1000用户 1-265
2026-07-17 19:35:44,715 INFO o.a.j.t.JMeterThread: Thread finished: 秒杀线程组：1000用户 1-265
2026-07-17 19:35:44,723 INFO o.a.j.t.JMeterThread: Thread is done: 秒杀线程组：1000用户 1-269
2026-07-17 19:35:44,723 INFO o.a.j.t.JMeterThread: Thread finished: 秒杀线程组：1000用户 1-269
2026-07-17 19:35:44,731 INFO o.a.j.t.JMeterThread: Thread is done: 秒杀线程组：1000用户 1-205
2026-07-17 19:35:44,731 INFO o.a.j.t.JMeterThread: Thread finished: 秒杀线程组：1000用户 1-205
2026-07-17 19:35:44,737 INFO o.a.j.t.JMeterThread: Thread is done: 秒杀线程组：1000用户 1-275
2026-07-17 19:35:44,737 INFO o.a.j.t.JMeterThread: Thread finished: 秒杀线程组：1000用户 1-275
2026-07-17 19:35:44,743 INFO o.a.j.t.JMeterThread: Thread is done: 秒杀线程组：1000用户 1-267
2026-07-17 19:35:44,743 INFO o.a.j.t.JMeterThread: Thread finished: 秒杀线程组：1000用户 1-267
2026-07-17 19:35:44,751 INFO o.a.j.t.JMeterThread: Thread is done: 秒杀线程组：1000用户 1-390
2026-07-17 19:35:44,751 INFO o.a.j.t.JMeterThread: Thread finished: 秒杀线程组：1000用户 1-390
2026-07-17 19:35:44,757 INFO o.a.j.t.JMeterThread: Thread is done: 秒杀线程组：1000用户 1-276
2026-07-17 19:35:44,757 INFO o.a.j.t.JMeterThread: Thread finished: 秒杀线程组：1000用户 1-276
2026-07-17 19:35:44,765 INFO o.a.j.t.JMeterThread: Thread is done: 秒杀线程组：1000用户 1-283
2026-07-17 19:35:44,765 INFO o.a.j.t.JMeterThread: Thread finished: 秒杀线程组：1000用户 1-283
2026-07-17 19:35:44,772 INFO o.a.j.t.JMeterThread: Thread is done: 秒杀线程组：1000用户 1-280
2026-07-17 19:35:44,772 INFO o.a.j.t.JMeterThread: Thread finished: 秒杀线程组：1000用户 1-280
2026-07-17 19:35:44,779 INFO o.a.j.t.JMeterThread: Thread is done: 秒杀线程组：1000用户 1-268
2026-07-17 19:35:44,779 INFO o.a.j.t.JMeterThread: Thread finished: 秒杀线程组：1000用户 1-268
2026-07-17 19:35:44,785 INFO o.a.j.t.JMeterThread: Thread is done: 秒杀线程组：1000用户 1-278
2026-07-17 19:35:44,785 INFO o.a.j.t.JMeterThread: Thread finished: 秒杀线程组：1000用户 1-278
2026-07-17 19:35:44,786 INFO o.a.j.t.JMeterThread: Thread is done: 秒杀线程组：1000用户 1-281
2026-07-17 19:35:44,786 INFO o.a.j.t.JMeterThread: Thread is done: 秒杀线程组：1000用户 1-392
2026-07-17 19:35:44,786 INFO o.a.j.t.JMeterThread: Thread is done: 秒杀线程组：1000用户 1-290
2026-07-17 19:35:44,786 INFO o.a.j.t.JMeterThread: Thread finished: 秒杀线程组：1000用户 1-281
2026-07-17 19:35:44,786 INFO o.a.j.t.JMeterThread: Thread is done: 秒杀线程组：1000用户 1-408
2026-07-17 19:35:44,787 INFO o.a.j.t.JMeterThread: Thread finished: 秒杀线程组：1000用户 1-408
2026-07-17 19:35:44,787 INFO o.a.j.t.JMeterThread: Thread finished: 秒杀线程组：1000用户 1-290
2026-07-17 19:35:44,786 INFO o.a.j.t.JMeterThread: Thread finished: 秒杀线程组：1000用户 1-392
2026-07-17 19:35:44,787 INFO o.a.j.t.JMeterThread: Thread is done: 秒杀线程组：1000用户 1-296
2026-07-17 19:35:44,787 INFO o.a.j.t.JMeterThread: Thread finished: 秒杀线程组：1000用户 1-296
2026-07-17 19:35:44,787 INFO o.a.j.t.JMeterThread: Thread is done: 秒杀线程组：1000用户 1-284
2026-07-17 19:35:44,787 INFO o.a.j.t.JMeterThread: Thread is done: 秒杀线程组：1000用户 1-397
2026-07-17 19:35:44,787 INFO o.a.j.t.JMeterThread: Thread finished: 秒杀线程组：1000用户 1-284
2026-07-17 19:35:44,787 INFO o.a.j.t.JMeterThread: Thread finished: 秒杀线程组：1000用户 1-397
2026-07-17 19:35:44,788 INFO o.a.j.t.JMeterThread: Thread is done: 秒杀线程组：1000用户 1-410
2026-07-17 19:35:44,788 INFO o.a.j.t.JMeterThread: Thread finished: 秒杀线程组：1000用户 1-410
2026-07-17 19:35:44,788 INFO o.a.j.t.JMeterThread: Thread is done: 秒杀线程组：1000用户 1-400
2026-07-17 19:35:44,788 INFO o.a.j.t.JMeterThread: Thread finished: 秒杀线程组：1000用户 1-400
2026-07-17 19:35:44,788 INFO o.a.j.t.JMeterThread: Thread is done: 秒杀线程组：1000用户 1-398
2026-07-17 19:35:44,788 INFO o.a.j.t.JMeterThread: Thread is done: 秒杀线程组：1000用户 1-402
2026-07-17 19:35:44,788 INFO o.a.j.t.JMeterThread: Thread is done: 秒杀线程组：1000用户 1-401
2026-07-17 19:35:44,789 INFO o.a.j.t.JMeterThread: Thread finished: 秒杀线程组：1000用户 1-401
2026-07-17 19:35:44,788 INFO o.a.j.t.JMeterThread: Thread finished: 秒杀线程组：1000用户 1-398
2026-07-17 19:35:44,789 INFO o.a.j.t.JMeterThread: Thread is done: 秒杀线程组：1000用户 1-405
2026-07-17 19:35:44,789 INFO o.a.j.t.JMeterThread: Thread finished: 秒杀线程组：1000用户 1-405
2026-07-17 19:35:44,788 INFO o.a.j.t.JMeterThread: Thread finished: 秒杀线程组：1000用户 1-402
2026-07-17 19:35:44,789 INFO o.a.j.t.JMeterThread: Thread is done: 秒杀线程组：1000用户 1-295
2026-07-17 19:35:44,789 INFO o.a.j.t.JMeterThread: Thread finished: 秒杀线程组：1000用户 1-295
2026-07-17 19:35:44,789 INFO o.a.j.t.JMeterThread: Thread is done: 秒杀线程组：1000用户 1-419
2026-07-17 19:35:44,790 INFO o.a.j.t.JMeterThread: Thread finished: 秒杀线程组：1000用户 1-419
2026-07-17 19:35:44,790 INFO o.a.j.t.JMeterThread: Thread is done: 秒杀线程组：1000用户 1-305
2026-07-17 19:35:44,790 INFO o.a.j.t.JMeterThread: Thread finished: 秒杀线程组：1000用户 1-305
2026-07-17 19:35:44,790 INFO o.a.j.t.JMeterThread: Thread is done: 秒杀线程组：1000用户 1-291
2026-07-17 19:35:44,790 INFO o.a.j.t.JMeterThread: Thread finished: 秒杀线程组：1000用户 1-291
2026-07-17 19:35:44,790 INFO o.a.j.t.JMeterThread: Thread is done: 秒杀线程组：1000用户 1-289
2026-07-17 19:35:44,790 INFO o.a.j.t.JMeterThread: Thread finished: 秒杀线程组：1000用户 1-289
2026-07-17 19:35:44,790 INFO o.a.j.t.JMeterThread: Thread is done: 秒杀线程组：1000用户 1-286
2026-07-17 19:35:44,790 INFO o.a.j.t.JMeterThread: Thread is done: 秒杀线程组：1000用户 1-300
2026-07-17 19:35:44,790 INFO o.a.j.t.JMeterThread: Thread finished: 秒杀线程组：1000用户 1-286
2026-07-17 19:35:44,791 INFO o.a.j.t.JMeterThread: Thread finished: 秒杀线程组：1000用户 1-300
2026-07-17 19:35:44,791 INFO o.a.j.t.JMeterThread: Thread is done: 秒杀线程组：1000用户 1-404
2026-07-17 19:35:44,791 INFO o.a.j.t.JMeterThread: Thread finished: 秒杀线程组：1000用户 1-404
2026-07-17 19:35:44,791 INFO o.a.j.t.JMeterThread: Thread is done: 秒杀线程组：1000用户 1-417
2026-07-17 19:35:44,791 INFO o.a.j.t.JMeterThread: Thread is done: 秒杀线程组：1000用户 1-285
2026-07-17 19:35:44,791 INFO o.a.j.t.JMeterThread: Thread finished: 秒杀线程组：1000用户 1-417
2026-07-17 19:35:44,791 INFO o.a.j.t.JMeterThread: Thread finished: 秒杀线程组：1000用户 1-285
2026-07-17 19:35:44,791 INFO o.a.j.t.JMeterThread: Thread is done: 秒杀线程组：1000用户 1-279
2026-07-17 19:35:44,791 INFO o.a.j.t.JMeterThread: Thread finished: 秒杀线程组：1000用户 1-279
2026-07-17 19:35:44,791 INFO o.a.j.t.JMeterThread: Thread is done: 秒杀线程组：1000用户 1-407
2026-07-17 19:35:44,791 INFO o.a.j.t.JMeterThread: Thread finished: 秒杀线程组：1000用户 1-407
2026-07-17 19:35:44,792 INFO o.a.j.t.JMeterThread: Thread is done: 秒杀线程组：1000用户 1-403
2026-07-17 19:35:44,792 INFO o.a.j.t.JMeterThread: Thread finished: 秒杀线程组：1000用户 1-403
2026-07-17 19:35:44,793 INFO o.a.j.t.JMeterThread: Thread is done: 秒杀线程组：1000用户 1-406
2026-07-17 19:35:44,793 INFO o.a.j.t.JMeterThread: Thread finished: 秒杀线程组：1000用户 1-406
2026-07-17 19:35:44,793 INFO o.a.j.t.JMeterThread: Thread is done: 秒杀线程组：1000用户 1-409
2026-07-17 19:35:44,793 INFO o.a.j.t.JMeterThread: Thread finished: 秒杀线程组：1000用户 1-409
2026-07-17 19:35:44,793 INFO o.a.j.t.JMeterThread: Thread is done: 秒杀线程组：1000用户 1-421
2026-07-17 19:35:44,793 INFO o.a.j.t.JMeterThread: Thread finished: 秒杀线程组：1000用户 1-421
2026-07-17 19:35:44,794 INFO o.a.j.t.JMeterThread: Thread is done: 秒杀线程组：1000用户 1-320
2026-07-17 19:35:44,794 INFO o.a.j.t.JMeterThread: Thread finished: 秒杀线程组：1000用户 1-320
2026-07-17 19:35:44,794 INFO o.a.j.t.JMeterThread: Thread is done: 秒杀线程组：1000用户 1-413
2026-07-17 19:35:44,794 INFO o.a.j.t.JMeterThread: Thread finished: 秒杀线程组：1000用户 1-413
2026-07-17 19:35:44,794 INFO o.a.j.t.JMeterThread: Thread is done: 秒杀线程组：1000用户 1-411
2026-07-17 19:35:44,794 INFO o.a.j.t.JMeterThread: Thread finished: 秒杀线程组：1000用户 1-411
2026-07-17 19:35:44,794 INFO o.a.j.t.JMeterThread: Thread is done: 秒杀线程组：1000用户 1-415
2026-07-17 19:35:44,794 INFO o.a.j.t.JMeterThread: Thread finished: 秒杀线程组：1000用户 1-415
2026-07-17 19:35:44,794 INFO o.a.j.t.JMeterThread: Thread is done: 秒杀线程组：1000用户 1-412
2026-07-17 19:35:44,794 INFO o.a.j.t.JMeterThread: Thread finished: 秒杀线程组：1000用户 1-412
2026-07-17 19:35:44,794 INFO o.a.j.t.JMeterThread: Thread is done: 秒杀线程组：1000用户 1-308
2026-07-17 19:35:44,795 INFO o.a.j.t.JMeterThread: Thread finished: 秒杀线程组：1000用户 1-308
2026-07-17 19:35:44,795 INFO o.a.j.t.JMeterThread: Thread is done: 秒杀线程组：1000用户 1-414
2026-07-17 19:35:44,795 INFO o.a.j.t.JMeterThread: Thread finished: 秒杀线程组：1000用户 1-414
2026-07-17 19:35:44,795 INFO o.a.j.t.JMeterThread: Thread is done: 秒杀线程组：1000用户 1-416
2026-07-17 19:35:44,795 INFO o.a.j.t.JMeterThread: Thread finished: 秒杀线程组：1000用户 1-416
2026-07-17 19:35:44,795 INFO o.a.j.t.JMeterThread: Thread is done: 秒杀线程组：1000用户 1-322
2026-07-17 19:35:44,795 INFO o.a.j.t.JMeterThread: Thread finished: 秒杀线程组：1000用户 1-322
2026-07-17 19:35:44,796 INFO o.a.j.t.JMeterThread: Thread is done: 秒杀线程组：1000用户 1-312
2026-07-17 19:35:44,796 INFO o.a.j.t.JMeterThread: Thread is done: 秒杀线程组：1000用户 1-420
2026-07-17 19:35:44,796 INFO o.a.j.t.JMeterThread: Thread finished: 秒杀线程组：1000用户 1-312
2026-07-17 19:35:44,796 INFO o.a.j.t.JMeterThread: Thread finished: 秒杀线程组：1000用户 1-420
2026-07-17 19:35:44,797 INFO o.a.j.t.JMeterThread: Thread is done: 秒杀线程组：1000用户 1-292
2026-07-17 19:35:44,797 INFO o.a.j.t.JMeterThread: Thread finished: 秒杀线程组：1000用户 1-292
2026-07-17 19:35:44,797 INFO o.a.j.t.JMeterThread: Thread is done: 秒杀线程组：1000用户 1-293
2026-07-17 19:35:44,797 INFO o.a.j.t.JMeterThread: Thread finished: 秒杀线程组：1000用户 1-293
2026-07-17 19:35:44,797 INFO o.a.j.t.JMeterThread: Thread is done: 秒杀线程组：1000用户 1-307
2026-07-17 19:35:44,797 INFO o.a.j.t.JMeterThread: Thread finished: 秒杀线程组：1000用户 1-307
2026-07-17 19:35:44,797 INFO o.a.j.t.JMeterThread: Thread is done: 秒杀线程组：1000用户 1-423
2026-07-17 19:35:44,797 INFO o.a.j.t.JMeterThread: Thread finished: 秒杀线程组：1000用户 1-423
2026-07-17 19:35:44,798 INFO o.a.j.t.JMeterThread: Thread is done: 秒杀线程组：1000用户 1-288
2026-07-17 19:35:44,798 INFO o.a.j.t.JMeterThread: Thread finished: 秒杀线程组：1000用户 1-288
2026-07-17 19:35:44,800 INFO o.a.j.t.JMeterThread: Thread is done: 秒杀线程组：1000用户 1-319
2026-07-17 19:35:44,800 INFO o.a.j.t.JMeterThread: Thread finished: 秒杀线程组：1000用户 1-319
2026-07-17 19:35:44,823 INFO o.a.j.t.JMeterThread: Thread is done: 秒杀线程组：1000用户 1-422
2026-07-17 19:35:44,823 INFO o.a.j.t.JMeterThread: Thread is done: 秒杀线程组：1000用户 1-311
2026-07-17 19:35:44,823 INFO o.a.j.t.JMeterThread: Thread is done: 秒杀线程组：1000用户 1-317
2026-07-17 19:35:44,823 INFO o.a.j.t.JMeterThread: Thread is done: 秒杀线程组：1000用户 1-327
2026-07-17 19:35:44,823 INFO o.a.j.t.JMeterThread: Thread finished: 秒杀线程组：1000用户 1-422
2026-07-17 19:35:44,823 INFO o.a.j.t.JMeterThread: Thread finished: 秒杀线程组：1000用户 1-327
2026-07-17 19:35:44,823 INFO o.a.j.t.JMeterThread: Thread is done: 秒杀线程组：1000用户 1-335
2026-07-17 19:35:44,823 INFO o.a.j.t.JMeterThread: Thread is done: 秒杀线程组：1000用户 1-303
2026-07-17 19:35:44,823 INFO o.a.j.t.JMeterThread: Thread is done: 秒杀线程组：1000用户 1-306
2026-07-17 19:35:44,823 INFO o.a.j.t.JMeterThread: Thread finished: 秒杀线程组：1000用户 1-306
2026-07-17 19:35:44,823 INFO o.a.j.t.JMeterThread: Thread finished: 秒杀线程组：1000用户 1-317
2026-07-17 19:35:44,823 INFO o.a.j.t.JMeterThread: Thread finished: 秒杀线程组：1000用户 1-311
2026-07-17 19:35:44,823 INFO o.a.j.t.JMeterThread: Thread is done: 秒杀线程组：1000用户 1-323
2026-07-17 19:35:44,823 INFO o.a.j.t.JMeterThread: Thread finished: 秒杀线程组：1000用户 1-303
2026-07-17 19:35:44,823 INFO o.a.j.t.JMeterThread: Thread finished: 秒杀线程组：1000用户 1-335
2026-07-17 19:35:44,823 INFO o.a.j.t.JMeterThread: Thread is done: 秒杀线程组：1000用户 1-332
2026-07-17 19:35:44,823 INFO o.a.j.t.JMeterThread: Thread finished: 秒杀线程组：1000用户 1-332
2026-07-17 19:35:44,823 INFO o.a.j.t.JMeterThread: Thread is done: 秒杀线程组：1000用户 1-321
2026-07-17 19:35:44,823 INFO o.a.j.t.JMeterThread: Thread is done: 秒杀线程组：1000用户 1-418
2026-07-17 19:35:44,823 INFO o.a.j.t.JMeterThread: Thread finished: 秒杀线程组：1000用户 1-321
2026-07-17 19:35:44,823 INFO o.a.j.t.JMeterThread: Thread is done: 秒杀线程组：1000用户 1-304
2026-07-17 19:35:44,823 INFO o.a.j.t.JMeterThread: Thread is done: 秒杀线程组：1000用户 1-298
2026-07-17 19:35:44,823 INFO o.a.j.t.JMeterThread: Thread is done: 秒杀线程组：1000用户 1-328
2026-07-17 19:35:44,823 INFO o.a.j.t.JMeterThread: Thread finished: 秒杀线程组：1000用户 1-323
2026-07-17 19:35:44,823 INFO o.a.j.t.JMeterThread: Thread is done: 秒杀线程组：1000用户 1-310
2026-07-17 19:35:44,823 INFO o.a.j.t.JMeterThread: Thread is done: 秒杀线程组：1000用户 1-325
2026-07-17 19:35:44,823 INFO o.a.j.t.JMeterThread: Thread is done: 秒杀线程组：1000用户 1-314
2026-07-17 19:35:44,824 INFO o.a.j.t.JMeterThread: Thread finished: 秒杀线程组：1000用户 1-310
2026-07-17 19:35:44,824 INFO o.a.j.t.JMeterThread: Thread is done: 秒杀线程组：1000用户 1-313
2026-07-17 19:35:44,825 INFO o.a.j.t.JMeterThread: Thread is done: 秒杀线程组：1000用户 1-301
2026-07-17 19:35:44,824 INFO o.a.j.t.JMeterThread: Thread finished: 秒杀线程组：1000用户 1-328
2026-07-17 19:35:44,824 INFO o.a.j.t.JMeterThread: Thread finished: 秒杀线程组：1000用户 1-298
2026-07-17 19:35:44,825 INFO o.a.j.t.JMeterThread: Thread is done: 秒杀线程组：1000用户 1-309
2026-07-17 19:35:44,823 INFO o.a.j.t.JMeterThread: Thread is done: 秒杀线程组：1000用户 1-297
2026-07-17 19:35:44,825 INFO o.a.j.t.JMeterThread: Thread finished: 秒杀线程组：1000用户 1-309
2026-07-17 19:35:44,823 INFO o.a.j.t.JMeterThread: Thread finished: 秒杀线程组：1000用户 1-304
2026-07-17 19:35:44,823 INFO o.a.j.t.JMeterThread: Thread finished: 秒杀线程组：1000用户 1-418
2026-07-17 19:35:44,825 INFO o.a.j.t.JMeterThread: Thread is done: 秒杀线程组：1000用户 1-324
2026-07-17 19:35:44,825 INFO o.a.j.t.JMeterThread: Thread is done: 秒杀线程组：1000用户 1-526
2026-07-17 19:35:44,825 INFO o.a.j.t.JMeterThread: Thread finished: 秒杀线程组：1000用户 1-301
2026-07-17 19:35:44,825 INFO o.a.j.t.JMeterThread: Thread finished: 秒杀线程组：1000用户 1-313
2026-07-17 19:35:44,825 INFO o.a.j.t.JMeterThread: Thread finished: 秒杀线程组：1000用户 1-314
2026-07-17 19:35:44,824 INFO o.a.j.t.JMeterThread: Thread finished: 秒杀线程组：1000用户 1-325
2026-07-17 19:35:44,825 INFO o.a.j.t.JMeterThread: Thread is done: 秒杀线程组：1000用户 1-425
2026-07-17 19:35:44,825 INFO o.a.j.t.JMeterThread: Thread finished: 秒杀线程组：1000用户 1-324
2026-07-17 19:35:44,825 INFO o.a.j.t.JMeterThread: Thread finished: 秒杀线程组：1000用户 1-425
2026-07-17 19:35:44,825 INFO o.a.j.t.JMeterThread: Thread finished: 秒杀线程组：1000用户 1-297
2026-07-17 19:35:44,826 INFO o.a.j.t.JMeterThread: Thread finished: 秒杀线程组：1000用户 1-526
2026-07-17 19:35:44,826 INFO o.a.j.t.JMeterThread: Thread is done: 秒杀线程组：1000用户 1-294
2026-07-17 19:35:44,826 INFO o.a.j.t.JMeterThread: Thread finished: 秒杀线程组：1000用户 1-294
2026-07-17 19:35:44,826 INFO o.a.j.t.JMeterThread: Thread is done: 秒杀线程组：1000用户 1-336
2026-07-17 19:35:44,826 INFO o.a.j.t.JMeterThread: Thread finished: 秒杀线程组：1000用户 1-336
2026-07-17 19:35:44,826 INFO o.a.j.t.JMeterThread: Thread is done: 秒杀线程组：1000用户 1-426
2026-07-17 19:35:44,826 INFO o.a.j.t.JMeterThread: Thread finished: 秒杀线程组：1000用户 1-426
2026-07-17 19:35:44,826 INFO o.a.j.t.JMeterThread: Thread is done: 秒杀线程组：1000用户 1-318
2026-07-17 19:35:44,826 INFO o.a.j.t.JMeterThread: Thread finished: 秒杀线程组：1000用户 1-318
2026-07-17 19:35:44,827 INFO o.a.j.t.JMeterThread: Thread is done: 秒杀线程组：1000用户 1-527
2026-07-17 19:35:44,827 INFO o.a.j.t.JMeterThread: Thread finished: 秒杀线程组：1000用户 1-527
2026-07-17 19:35:44,827 INFO o.a.j.t.JMeterThread: Thread is done: 秒杀线程组：1000用户 1-486
2026-07-17 19:35:44,827 INFO o.a.j.t.JMeterThread: Thread finished: 秒杀线程组：1000用户 1-486
2026-07-17 19:35:44,827 INFO o.a.j.t.JMeterThread: Thread is done: 秒杀线程组：1000用户 1-427
2026-07-17 19:35:44,827 INFO o.a.j.t.JMeterThread: Thread finished: 秒杀线程组：1000用户 1-427
2026-07-17 19:35:44,827 INFO o.a.j.t.JMeterThread: Thread is done: 秒杀线程组：1000用户 1-428
2026-07-17 19:35:44,827 INFO o.a.j.t.JMeterThread: Thread finished: 秒杀线程组：1000用户 1-428
2026-07-17 19:35:44,828 INFO o.a.j.t.JMeterThread: Thread is done: 秒杀线程组：1000用户 1-429
2026-07-17 19:35:44,828 INFO o.a.j.t.JMeterThread: Thread finished: 秒杀线程组：1000用户 1-429
2026-07-17 19:35:44,828 INFO o.a.j.t.JMeterThread: Thread is done: 秒杀线程组：1000用户 1-239
2026-07-17 19:35:44,828 INFO o.a.j.t.JMeterThread: Thread is done: 秒杀线程组：1000用户 1-347
2026-07-17 19:35:44,828 INFO o.a.j.t.JMeterThread: Thread finished: 秒杀线程组：1000用户 1-239
2026-07-17 19:35:44,828 INFO o.a.j.t.JMeterThread: Thread finished: 秒杀线程组：1000用户 1-347
2026-07-17 19:35:44,829 INFO o.a.j.t.JMeterThread: Thread is done: 秒杀线程组：1000用户 1-430
2026-07-17 19:35:44,829 INFO o.a.j.t.JMeterThread: Thread finished: 秒杀线程组：1000用户 1-430
2026-07-17 19:35:44,829 INFO o.a.j.t.JMeterThread: Thread is done: 秒杀线程组：1000用户 1-432
2026-07-17 19:35:44,829 INFO o.a.j.t.JMeterThread: Thread is done: 秒杀线程组：1000用户 1-513
2026-07-17 19:35:44,829 INFO o.a.j.t.JMeterThread: Thread is done: 秒杀线程组：1000用户 1-507
2026-07-17 19:35:44,829 INFO o.a.j.t.JMeterThread: Thread finished: 秒杀线程组：1000用户 1-513
2026-07-17 19:35:44,829 INFO o.a.j.t.JMeterThread: Thread finished: 秒杀线程组：1000用户 1-432
2026-07-17 19:35:44,829 INFO o.a.j.t.JMeterThread: Thread finished: 秒杀线程组：1000用户 1-507
2026-07-17 19:35:44,829 INFO o.a.j.t.JMeterThread: Thread is done: 秒杀线程组：1000用户 1-484
2026-07-17 19:35:44,829 INFO o.a.j.t.JMeterThread: Thread finished: 秒杀线程组：1000用户 1-484
2026-07-17 19:35:44,830 INFO o.a.j.t.JMeterThread: Thread is done: 秒杀线程组：1000用户 1-510
2026-07-17 19:35:44,830 INFO o.a.j.t.JMeterThread: Thread finished: 秒杀线程组：1000用户 1-510
2026-07-17 19:35:44,830 INFO o.a.j.t.JMeterThread: Thread is done: 秒杀线程组：1000用户 1-443
2026-07-17 19:35:44,830 INFO o.a.j.t.JMeterThread: Thread finished: 秒杀线程组：1000用户 1-443
2026-07-17 19:35:44,831 INFO o.a.j.t.JMeterThread: Thread is done: 秒杀线程组：1000用户 1-439
2026-07-17 19:35:44,831 INFO o.a.j.t.JMeterThread: Thread finished: 秒杀线程组：1000用户 1-439
2026-07-17 19:35:44,831 INFO o.a.j.t.JMeterThread: Thread is done: 秒杀线程组：1000用户 1-434
2026-07-17 19:35:44,831 INFO o.a.j.t.JMeterThread: Thread finished: 秒杀线程组：1000用户 1-434
2026-07-17 19:35:44,831 INFO o.a.j.t.JMeterThread: Thread is done: 秒杀线程组：1000用户 1-436
2026-07-17 19:35:44,831 INFO o.a.j.t.JMeterThread: Thread finished: 秒杀线程组：1000用户 1-436
2026-07-17 19:35:44,831 INFO o.a.j.t.JMeterThread: Thread is done: 秒杀线程组：1000用户 1-438
2026-07-17 19:35:44,831 INFO o.a.j.t.JMeterThread: Thread finished: 秒杀线程组：1000用户 1-438
2026-07-17 19:35:44,831 INFO o.a.j.t.JMeterThread: Thread is done: 秒杀线程组：1000用户 1-441
2026-07-17 19:35:44,831 INFO o.a.j.t.JMeterThread: Thread finished: 秒杀线程组：1000用户 1-441
2026-07-17 19:35:44,831 INFO o.a.j.t.JMeterThread: Thread is done: 秒杀线程组：1000用户 1-442
2026-07-17 19:35:44,831 INFO o.a.j.t.JMeterThread: Thread finished: 秒杀线程组：1000用户 1-442
2026-07-17 19:35:44,831 INFO o.a.j.t.JMeterThread: Thread is done: 秒杀线程组：1000用户 1-437
2026-07-17 19:35:44,831 INFO o.a.j.t.JMeterThread: Thread finished: 秒杀线程组：1000用户 1-437
2026-07-17 19:35:44,831 INFO o.a.j.t.JMeterThread: Thread is done: 秒杀线程组：1000用户 1-440
2026-07-17 19:35:44,831 INFO o.a.j.t.JMeterThread: Thread finished: 秒杀线程组：1000用户 1-440
2026-07-17 19:35:44,831 INFO o.a.j.t.JMeterThread: Thread is done: 秒杀线程组：1000用户 1-444
2026-07-17 19:35:44,831 INFO o.a.j.t.JMeterThread: Thread finished: 秒杀线程组：1000用户 1-444
2026-07-17 19:35:44,831 INFO o.a.j.t.JMeterThread: Thread is done: 秒杀线程组：1000用户 1-447
2026-07-17 19:35:44,831 INFO o.a.j.t.JMeterThread: Thread finished: 秒杀线程组：1000用户 1-447
2026-07-17 19:35:44,831 INFO o.a.j.t.JMeterThread: Thread is done: 秒杀线程组：1000用户 1-445
2026-07-17 19:35:44,831 INFO o.a.j.t.JMeterThread: Thread is done: 秒杀线程组：1000用户 1-446
2026-07-17 19:35:44,833 INFO o.a.j.t.JMeterThread: Thread finished: 秒杀线程组：1000用户 1-445
2026-07-17 19:35:44,833 INFO o.a.j.t.JMeterThread: Thread finished: 秒杀线程组：1000用户 1-446
2026-07-17 19:35:44,833 INFO o.a.j.t.JMeterThread: Thread is done: 秒杀线程组：1000用户 1-448
2026-07-17 19:35:44,833 INFO o.a.j.t.JMeterThread: Thread finished: 秒杀线程组：1000用户 1-448
2026-07-17 19:35:44,833 INFO o.a.j.t.JMeterThread: Thread is done: 秒杀线程组：1000用户 1-449
2026-07-17 19:35:44,833 INFO o.a.j.t.JMeterThread: Thread finished: 秒杀线程组：1000用户 1-449
2026-07-17 19:35:44,833 INFO o.a.j.t.JMeterThread: Thread is done: 秒杀线程组：1000用户 1-450
2026-07-17 19:35:44,834 INFO o.a.j.t.JMeterThread: Thread finished: 秒杀线程组：1000用户 1-450
2026-07-17 19:35:44,834 INFO o.a.j.t.JMeterThread: Thread is done: 秒杀线程组：1000用户 1-460
2026-07-17 19:35:44,834 INFO o.a.j.t.JMeterThread: Thread finished: 秒杀线程组：1000用户 1-460
2026-07-17 19:35:44,834 INFO o.a.j.t.JMeterThread: Thread is done: 秒杀线程组：1000用户 1-454
2026-07-17 19:35:44,834 INFO o.a.j.t.JMeterThread: Thread finished: 秒杀线程组：1000用户 1-454
2026-07-17 19:35:44,834 INFO o.a.j.t.JMeterThread: Thread is done: 秒杀线程组：1000用户 1-455
2026-07-17 19:35:44,834 INFO o.a.j.t.JMeterThread: Thread finished: 秒杀线程组：1000用户 1-455
2026-07-17 19:35:44,834 INFO o.a.j.t.JMeterThread: Thread is done: 秒杀线程组：1000用户 1-452
2026-07-17 19:35:44,834 INFO o.a.j.t.JMeterThread: Thread is done: 秒杀线程组：1000用户 1-353
2026-07-17 19:35:44,834 INFO o.a.j.t.JMeterThread: Thread finished: 秒杀线程组：1000用户 1-452
2026-07-17 19:35:44,834 INFO o.a.j.t.JMeterThread: Thread finished: 秒杀线程组：1000用户 1-353
2026-07-17 19:35:44,834 INFO o.a.j.t.JMeterThread: Thread is done: 秒杀线程组：1000用户 1-340
2026-07-17 19:35:44,834 INFO o.a.j.t.JMeterThread: Thread is done: 秒杀线程组：1000用户 1-333
2026-07-17 19:35:44,834 INFO o.a.j.t.JMeterThread: Thread finished: 秒杀线程组：1000用户 1-340
2026-07-17 19:35:44,834 INFO o.a.j.t.JMeterThread: Thread is done: 秒杀线程组：1000用户 1-329
2026-07-17 19:35:44,834 INFO o.a.j.t.JMeterThread: Thread finished: 秒杀线程组：1000用户 1-333
2026-07-17 19:35:44,834 INFO o.a.j.t.JMeterThread: Thread finished: 秒杀线程组：1000用户 1-329
2026-07-17 19:35:44,834 INFO o.a.j.t.JMeterThread: Thread is done: 秒杀线程组：1000用户 1-342
2026-07-17 19:35:44,835 INFO o.a.j.t.JMeterThread: Thread finished: 秒杀线程组：1000用户 1-342
2026-07-17 19:35:44,835 INFO o.a.j.t.JMeterThread: Thread is done: 秒杀线程组：1000用户 1-343
2026-07-17 19:35:44,835 INFO o.a.j.t.JMeterThread: Thread finished: 秒杀线程组：1000用户 1-343
2026-07-17 19:35:44,835 INFO o.a.j.t.JMeterThread: Thread is done: 秒杀线程组：1000用户 1-339
2026-07-17 19:35:44,835 INFO o.a.j.t.JMeterThread: Thread finished: 秒杀线程组：1000用户 1-339
2026-07-17 19:35:44,836 INFO o.a.j.t.JMeterThread: Thread is done: 秒杀线程组：1000用户 1-456
2026-07-17 19:35:44,836 INFO o.a.j.t.JMeterThread: Thread finished: 秒杀线程组：1000用户 1-456
2026-07-17 19:35:44,836 INFO o.a.j.t.JMeterThread: Thread is done: 秒杀线程组：1000用户 1-459
2026-07-17 19:35:44,836 INFO o.a.j.t.JMeterThread: Thread finished: 秒杀线程组：1000用户 1-459
2026-07-17 19:35:44,836 INFO o.a.j.t.JMeterThread: Thread is done: 秒杀线程组：1000用户 1-326
2026-07-17 19:35:44,836 INFO o.a.j.t.JMeterThread: Thread finished: 秒杀线程组：1000用户 1-326
2026-07-17 19:35:44,836 INFO o.a.j.t.JMeterThread: Thread is done: 秒杀线程组：1000用户 1-458
2026-07-17 19:35:44,836 INFO o.a.j.t.JMeterThread: Thread is done: 秒杀线程组：1000用户 1-338
2026-07-17 19:35:44,837 INFO o.a.j.t.JMeterThread: Thread finished: 秒杀线程组：1000用户 1-458
2026-07-17 19:35:44,837 INFO o.a.j.t.JMeterThread: Thread finished: 秒杀线程组：1000用户 1-338
2026-07-17 19:35:44,838 INFO o.a.j.t.JMeterThread: Thread is done: 秒杀线程组：1000用户 1-363
2026-07-17 19:35:44,838 INFO o.a.j.t.JMeterThread: Thread finished: 秒杀线程组：1000用户 1-363
2026-07-17 19:35:44,838 INFO o.a.j.t.JMeterThread: Thread is done: 秒杀线程组：1000用户 1-337
2026-07-17 19:35:44,838 INFO o.a.j.t.JMeterThread: Thread finished: 秒杀线程组：1000用户 1-337
2026-07-17 19:35:44,838 INFO o.a.j.t.JMeterThread: Thread is done: 秒杀线程组：1000用户 1-424
2026-07-17 19:35:44,838 INFO o.a.j.t.JMeterThread: Thread finished: 秒杀线程组：1000用户 1-424
2026-07-17 19:35:44,839 INFO o.a.j.t.JMeterThread: Thread is done: 秒杀线程组：1000用户 1-457
2026-07-17 19:35:44,839 INFO o.a.j.t.JMeterThread: Thread finished: 秒杀线程组：1000用户 1-457
2026-07-17 19:35:44,839 INFO o.a.j.t.JMeterThread: Thread is done: 秒杀线程组：1000用户 1-451
2026-07-17 19:35:44,839 INFO o.a.j.t.JMeterThread: Thread finished: 秒杀线程组：1000用户 1-451
2026-07-17 19:35:44,839 INFO o.a.j.t.JMeterThread: Thread is done: 秒杀线程组：1000用户 1-523
2026-07-17 19:35:44,839 INFO o.a.j.t.JMeterThread: Thread finished: 秒杀线程组：1000用户 1-523
2026-07-17 19:35:44,839 INFO o.a.j.t.JMeterThread: Thread is done: 秒杀线程组：1000用户 1-461
2026-07-17 19:35:44,839 INFO o.a.j.t.JMeterThread: Thread finished: 秒杀线程组：1000用户 1-461
2026-07-17 19:35:44,839 INFO o.a.j.t.JMeterThread: Thread is done: 秒杀线程组：1000用户 1-462
2026-07-17 19:35:44,839 INFO o.a.j.t.JMeterThread: Thread finished: 秒杀线程组：1000用户 1-462
2026-07-17 19:35:44,841 INFO o.a.j.t.JMeterThread: Thread is done: 秒杀线程组：1000用户 1-385
2026-07-17 19:35:44,841 INFO o.a.j.t.JMeterThread: Thread finished: 秒杀线程组：1000用户 1-385
2026-07-17 19:35:44,841 INFO o.a.j.t.JMeterThread: Thread is done: 秒杀线程组：1000用户 1-453
2026-07-17 19:35:44,841 INFO o.a.j.t.JMeterThread: Thread finished: 秒杀线程组：1000用户 1-453
2026-07-17 19:35:44,841 INFO o.a.j.t.JMeterThread: Thread is done: 秒杀线程组：1000用户 1-468
2026-07-17 19:35:44,842 INFO o.a.j.t.JMeterThread: Thread finished: 秒杀线程组：1000用户 1-468
2026-07-17 19:35:44,842 INFO o.a.j.t.JMeterThread: Thread is done: 秒杀线程组：1000用户 1-466
2026-07-17 19:35:44,842 INFO o.a.j.t.JMeterThread: Thread is done: 秒杀线程组：1000用户 1-349
2026-07-17 19:35:44,842 INFO o.a.j.t.JMeterThread: Thread finished: 秒杀线程组：1000用户 1-466
2026-07-17 19:35:44,842 INFO o.a.j.t.JMeterThread: Thread finished: 秒杀线程组：1000用户 1-349
2026-07-17 19:35:44,842 INFO o.a.j.t.JMeterThread: Thread is done: 秒杀线程组：1000用户 1-348
2026-07-17 19:35:44,842 INFO o.a.j.t.JMeterThread: Thread finished: 秒杀线程组：1000用户 1-348
2026-07-17 19:35:44,842 INFO o.a.j.t.JMeterThread: Thread is done: 秒杀线程组：1000用户 1-368
2026-07-17 19:35:44,842 INFO o.a.j.t.JMeterThread: Thread finished: 秒杀线程组：1000用户 1-368
2026-07-17 19:35:44,843 INFO o.a.j.t.JMeterThread: Thread is done: 秒杀线程组：1000用户 1-350
2026-07-17 19:35:44,843 INFO o.a.j.t.JMeterThread: Thread finished: 秒杀线程组：1000用户 1-350
2026-07-17 19:35:44,843 INFO o.a.j.t.JMeterThread: Thread is done: 秒杀线程组：1000用户 1-463
2026-07-17 19:35:44,843 INFO o.a.j.t.JMeterThread: Thread finished: 秒杀线程组：1000用户 1-463
2026-07-17 19:35:44,843 INFO o.a.j.t.JMeterThread: Thread is done: 秒杀线程组：1000用户 1-470
2026-07-17 19:35:44,843 INFO o.a.j.t.JMeterThread: Thread finished: 秒杀线程组：1000用户 1-470
2026-07-17 19:35:44,843 INFO o.a.j.t.JMeterThread: Thread is done: 秒杀线程组：1000用户 1-467
2026-07-17 19:35:44,843 INFO o.a.j.t.JMeterThread: Thread is done: 秒杀线程组：1000用户 1-261
2026-07-17 19:35:44,843 INFO o.a.j.t.JMeterThread: Thread finished: 秒杀线程组：1000用户 1-467
2026-07-17 19:35:44,843 INFO o.a.j.t.JMeterThread: Thread finished: 秒杀线程组：1000用户 1-261
2026-07-17 19:35:44,843 INFO o.a.j.t.JMeterThread: Thread is done: 秒杀线程组：1000用户 1-361
2026-07-17 19:35:44,844 INFO o.a.j.t.JMeterThread: Thread finished: 秒杀线程组：1000用户 1-361
2026-07-17 19:35:44,844 INFO o.a.j.t.JMeterThread: Thread is done: 秒杀线程组：1000用户 1-464
2026-07-17 19:35:44,844 INFO o.a.j.t.JMeterThread: Thread finished: 秒杀线程组：1000用户 1-464
2026-07-17 19:35:44,844 INFO o.a.j.t.JMeterThread: Thread is done: 秒杀线程组：1000用户 1-360
2026-07-17 19:35:44,844 INFO o.a.j.t.JMeterThread: Thread finished: 秒杀线程组：1000用户 1-360
2026-07-17 19:35:44,844 INFO o.a.j.t.JMeterThread: Thread is done: 秒杀线程组：1000用户 1-346
2026-07-17 19:35:44,844 INFO o.a.j.t.JMeterThread: Thread is done: 秒杀线程组：1000用户 1-465
2026-07-17 19:35:44,844 INFO o.a.j.t.JMeterThread: Thread finished: 秒杀线程组：1000用户 1-346
2026-07-17 19:35:44,844 INFO o.a.j.t.JMeterThread: Thread is done: 秒杀线程组：1000用户 1-359
2026-07-17 19:35:44,844 INFO o.a.j.t.JMeterThread: Thread finished: 秒杀线程组：1000用户 1-465
2026-07-17 19:35:44,844 INFO o.a.j.t.JMeterThread: Thread is done: 秒杀线程组：1000用户 1-345
2026-07-17 19:35:44,844 INFO o.a.j.t.JMeterThread: Thread finished: 秒杀线程组：1000用户 1-345
2026-07-17 19:35:44,844 INFO o.a.j.t.JMeterThread: Thread is done: 秒杀线程组：1000用户 1-472
2026-07-17 19:35:44,844 INFO o.a.j.t.JMeterThread: Thread is done: 秒杀线程组：1000用户 1-344
2026-07-17 19:35:44,844 INFO o.a.j.t.JMeterThread: Thread finished: 秒杀线程组：1000用户 1-344
2026-07-17 19:35:44,844 INFO o.a.j.t.JMeterThread: Thread finished: 秒杀线程组：1000用户 1-359
2026-07-17 19:35:44,844 INFO o.a.j.t.JMeterThread: Thread finished: 秒杀线程组：1000用户 1-472
2026-07-17 19:35:44,844 INFO o.a.j.t.JMeterThread: Thread is done: 秒杀线程组：1000用户 1-355
2026-07-17 19:35:44,845 INFO o.a.j.t.JMeterThread: Thread finished: 秒杀线程组：1000用户 1-355
2026-07-17 19:35:44,845 INFO o.a.j.t.JMeterThread: Thread is done: 秒杀线程组：1000用户 1-475
2026-07-17 19:35:44,845 INFO o.a.j.t.JMeterThread: Thread is done: 秒杀线程组：1000用户 1-469
2026-07-17 19:35:44,845 INFO o.a.j.t.JMeterThread: Thread finished: 秒杀线程组：1000用户 1-475
2026-07-17 19:35:44,845 INFO o.a.j.t.JMeterThread: Thread is done: 秒杀线程组：1000用户 1-354
2026-07-17 19:35:44,845 INFO o.a.j.t.JMeterThread: Thread is done: 秒杀线程组：1000用户 1-352
2026-07-17 19:35:44,845 INFO o.a.j.t.JMeterThread: Thread is done: 秒杀线程组：1000用户 1-388
2026-07-17 19:35:44,845 INFO o.a.j.t.JMeterThread: Thread finished: 秒杀线程组：1000用户 1-354
2026-07-17 19:35:44,846 INFO o.a.j.t.JMeterThread: Thread finished: 秒杀线程组：1000用户 1-388
2026-07-17 19:35:44,845 INFO o.a.j.t.JMeterThread: Thread is done: 秒杀线程组：1000用户 1-351
2026-07-17 19:35:44,845 INFO o.a.j.t.JMeterThread: Thread finished: 秒杀线程组：1000用户 1-352
2026-07-17 19:35:44,846 INFO o.a.j.t.JMeterThread: Thread finished: 秒杀线程组：1000用户 1-351
2026-07-17 19:35:44,846 INFO o.a.j.t.JMeterThread: Thread finished: 秒杀线程组：1000用户 1-469
2026-07-17 19:35:44,846 INFO o.a.j.t.JMeterThread: Thread is done: 秒杀线程组：1000用户 1-473
2026-07-17 19:35:44,846 INFO o.a.j.t.JMeterThread: Thread is done: 秒杀线程组：1000用户 1-371
2026-07-17 19:35:44,846 INFO o.a.j.t.JMeterThread: Thread finished: 秒杀线程组：1000用户 1-473
2026-07-17 19:35:44,846 INFO o.a.j.t.JMeterThread: Thread finished: 秒杀线程组：1000用户 1-371
2026-07-17 19:35:44,846 INFO o.a.j.t.JMeterThread: Thread is done: 秒杀线程组：1000用户 1-477
2026-07-17 19:35:44,846 INFO o.a.j.t.JMeterThread: Thread finished: 秒杀线程组：1000用户 1-477
2026-07-17 19:35:44,846 INFO o.a.j.t.JMeterThread: Thread is done: 秒杀线程组：1000用户 1-480
2026-07-17 19:35:44,846 INFO o.a.j.t.JMeterThread: Thread finished: 秒杀线程组：1000用户 1-480
2026-07-17 19:35:44,846 INFO o.a.j.t.JMeterThread: Thread is done: 秒杀线程组：1000用户 1-476
2026-07-17 19:35:44,846 INFO o.a.j.t.JMeterThread: Thread finished: 秒杀线程组：1000用户 1-476
2026-07-17 19:35:44,848 INFO o.a.j.t.JMeterThread: Thread is done: 秒杀线程组：1000用户 1-481
2026-07-17 19:35:44,848 INFO o.a.j.t.JMeterThread: Thread finished: 秒杀线程组：1000用户 1-481
2026-07-17 19:35:44,848 INFO o.a.j.t.JMeterThread: Thread is done: 秒杀线程组：1000用户 1-478
2026-07-17 19:35:44,848 INFO o.a.j.t.JMeterThread: Thread finished: 秒杀线程组：1000用户 1-478
2026-07-17 19:35:44,848 INFO o.a.j.t.JMeterThread: Thread is done: 秒杀线程组：1000用户 1-479
2026-07-17 19:35:44,848 INFO o.a.j.t.JMeterThread: Thread finished: 秒杀线程组：1000用户 1-479
2026-07-17 19:35:44,848 INFO o.a.j.t.JMeterThread: Thread is done: 秒杀线程组：1000用户 1-474
2026-07-17 19:35:44,848 INFO o.a.j.t.JMeterThread: Thread is done: 秒杀线程组：1000用户 1-471
2026-07-17 19:35:44,848 INFO o.a.j.t.JMeterThread: Thread finished: 秒杀线程组：1000用户 1-474
2026-07-17 19:35:44,848 INFO o.a.j.t.JMeterThread: Thread finished: 秒杀线程组：1000用户 1-471
2026-07-17 19:35:44,848 INFO o.a.j.t.JMeterThread: Thread is done: 秒杀线程组：1000用户 1-483
2026-07-17 19:35:44,850 INFO o.a.j.t.JMeterThread: Thread finished: 秒杀线程组：1000用户 1-483
2026-07-17 19:35:44,850 INFO o.a.j.t.JMeterThread: Thread is done: 秒杀线程组：1000用户 1-482
2026-07-17 19:35:44,850 INFO o.a.j.t.JMeterThread: Thread is done: 秒杀线程组：1000用户 1-485
2026-07-17 19:35:44,850 INFO o.a.j.t.JMeterThread: Thread finished: 秒杀线程组：1000用户 1-482
2026-07-17 19:35:44,850 INFO o.a.j.t.JMeterThread: Thread finished: 秒杀线程组：1000用户 1-485
2026-07-17 19:35:44,850 INFO o.a.j.t.JMeterThread: Thread is done: 秒杀线程组：1000用户 1-530
2026-07-17 19:35:44,850 INFO o.a.j.t.JMeterThread: Thread finished: 秒杀线程组：1000用户 1-530
2026-07-17 19:35:44,850 INFO o.a.j.t.JMeterThread: Thread is done: 秒杀线程组：1000用户 1-528
2026-07-17 19:35:44,850 INFO o.a.j.t.JMeterThread: Thread finished: 秒杀线程组：1000用户 1-528
2026-07-17 19:35:44,850 INFO o.a.j.t.JMeterThread: Thread is done: 秒杀线程组：1000用户 1-558
2026-07-17 19:35:44,850 INFO o.a.j.t.JMeterThread: Thread finished: 秒杀线程组：1000用户 1-558
2026-07-17 19:35:44,851 INFO o.a.j.t.JMeterThread: Thread is done: 秒杀线程组：1000用户 1-490
2026-07-17 19:35:44,851 INFO o.a.j.t.JMeterThread: Thread finished: 秒杀线程组：1000用户 1-490
2026-07-17 19:35:44,851 INFO o.a.j.t.JMeterThread: Thread is done: 秒杀线程组：1000用户 1-518
2026-07-17 19:35:44,851 INFO o.a.j.t.JMeterThread: Thread finished: 秒杀线程组：1000用户 1-518
2026-07-17 19:35:44,851 INFO o.a.j.t.JMeterThread: Thread is done: 秒杀线程组：1000用户 1-519
2026-07-17 19:35:44,851 INFO o.a.j.t.JMeterThread: Thread is done: 秒杀线程组：1000用户 1-516
2026-07-17 19:35:44,851 INFO o.a.j.t.JMeterThread: Thread is done: 秒杀线程组：1000用户 1-520
2026-07-17 19:35:44,851 INFO o.a.j.t.JMeterThread: Thread is done: 秒杀线程组：1000用户 1-505
2026-07-17 19:35:44,851 INFO o.a.j.t.JMeterThread: Thread finished: 秒杀线程组：1000用户 1-516
2026-07-17 19:35:44,851 INFO o.a.j.t.JMeterThread: Thread finished: 秒杀线程组：1000用户 1-519
2026-07-17 19:35:44,851 INFO o.a.j.t.JMeterThread: Thread is done: 秒杀线程组：1000用户 1-502
2026-07-17 19:35:44,851 INFO o.a.j.t.JMeterThread: Thread finished: 秒杀线程组：1000用户 1-502
2026-07-17 19:35:44,851 INFO o.a.j.t.JMeterThread: Thread finished: 秒杀线程组：1000用户 1-505
2026-07-17 19:35:44,851 INFO o.a.j.t.JMeterThread: Thread is done: 秒杀线程组：1000用户 1-504
2026-07-17 19:35:44,851 INFO o.a.j.t.JMeterThread: Thread finished: 秒杀线程组：1000用户 1-504
2026-07-17 19:35:44,851 INFO o.a.j.t.JMeterThread: Thread is done: 秒杀线程组：1000用户 1-514
2026-07-17 19:35:44,851 INFO o.a.j.t.JMeterThread: Thread finished: 秒杀线程组：1000用户 1-520
2026-07-17 19:35:44,851 INFO o.a.j.t.JMeterThread: Thread is done: 秒杀线程组：1000用户 1-532
2026-07-17 19:35:44,853 INFO o.a.j.t.JMeterThread: Thread finished: 秒杀线程组：1000用户 1-532
2026-07-17 19:35:44,851 INFO o.a.j.t.JMeterThread: Thread finished: 秒杀线程组：1000用户 1-514
2026-07-17 19:35:44,851 INFO o.a.j.t.JMeterThread: Thread is done: 秒杀线程组：1000用户 1-498
2026-07-17 19:35:44,853 INFO o.a.j.t.JMeterThread: Thread finished: 秒杀线程组：1000用户 1-498
2026-07-17 19:35:44,853 INFO o.a.j.t.JMeterThread: Thread is done: 秒杀线程组：1000用户 1-496
2026-07-17 19:35:44,853 INFO o.a.j.t.JMeterThread: Thread finished: 秒杀线程组：1000用户 1-496
2026-07-17 19:35:44,853 INFO o.a.j.t.JMeterThread: Thread is done: 秒杀线程组：1000用户 1-521
2026-07-17 19:35:44,853 INFO o.a.j.t.JMeterThread: Thread is done: 秒杀线程组：1000用户 1-529
2026-07-17 19:35:44,853 INFO o.a.j.t.JMeterThread: Thread finished: 秒杀线程组：1000用户 1-521
2026-07-17 19:35:44,853 INFO o.a.j.t.JMeterThread: Thread finished: 秒杀线程组：1000用户 1-529
2026-07-17 19:35:44,853 INFO o.a.j.t.JMeterThread: Thread is done: 秒杀线程组：1000用户 1-522
2026-07-17 19:35:44,853 INFO o.a.j.t.JMeterThread: Thread finished: 秒杀线程组：1000用户 1-522
2026-07-17 19:35:44,853 INFO o.a.j.t.JMeterThread: Thread is done: 秒杀线程组：1000用户 1-509
2026-07-17 19:35:44,853 INFO o.a.j.t.JMeterThread: Thread finished: 秒杀线程组：1000用户 1-509
2026-07-17 19:35:44,853 INFO o.a.j.t.JMeterThread: Thread is done: 秒杀线程组：1000用户 1-492
2026-07-17 19:35:44,854 INFO o.a.j.t.JMeterThread: Thread finished: 秒杀线程组：1000用户 1-492
2026-07-17 19:35:44,854 INFO o.a.j.t.JMeterThread: Thread is done: 秒杀线程组：1000用户 1-489
2026-07-17 19:35:44,854 INFO o.a.j.t.JMeterThread: Thread finished: 秒杀线程组：1000用户 1-489
2026-07-17 19:35:44,854 INFO o.a.j.t.JMeterThread: Thread is done: 秒杀线程组：1000用户 1-524
2026-07-17 19:35:44,854 INFO o.a.j.t.JMeterThread: Thread is done: 秒杀线程组：1000用户 1-512
2026-07-17 19:35:44,854 INFO o.a.j.t.JMeterThread: Thread finished: 秒杀线程组：1000用户 1-524
2026-07-17 19:35:44,854 INFO o.a.j.t.JMeterThread: Thread is done: 秒杀线程组：1000用户 1-491
2026-07-17 19:35:44,854 INFO o.a.j.t.JMeterThread: Thread is done: 秒杀线程组：1000用户 1-494
2026-07-17 19:35:44,854 INFO o.a.j.t.JMeterThread: Thread finished: 秒杀线程组：1000用户 1-512
2026-07-17 19:35:44,854 INFO o.a.j.t.JMeterThread: Thread finished: 秒杀线程组：1000用户 1-494
2026-07-17 19:35:44,854 INFO o.a.j.t.JMeterThread: Thread finished: 秒杀线程组：1000用户 1-491
2026-07-17 19:35:44,854 INFO o.a.j.t.JMeterThread: Thread is done: 秒杀线程组：1000用户 1-533
2026-07-17 19:35:44,854 INFO o.a.j.t.JMeterThread: Thread finished: 秒杀线程组：1000用户 1-533
2026-07-17 19:35:44,854 INFO o.a.j.t.JMeterThread: Thread is done: 秒杀线程组：1000用户 1-539
2026-07-17 19:35:44,856 INFO o.a.j.t.JMeterThread: Thread is done: 秒杀线程组：1000用户 1-499
2026-07-17 19:35:44,856 INFO o.a.j.t.JMeterThread: Thread finished: 秒杀线程组：1000用户 1-539
2026-07-17 19:35:44,856 INFO o.a.j.t.JMeterThread: Thread finished: 秒杀线程组：1000用户 1-499
2026-07-17 19:35:44,856 INFO o.a.j.t.JMeterThread: Thread is done: 秒杀线程组：1000用户 1-506
2026-07-17 19:35:44,856 INFO o.a.j.t.JMeterThread: Thread finished: 秒杀线程组：1000用户 1-506
2026-07-17 19:35:44,856 INFO o.a.j.t.JMeterThread: Thread is done: 秒杀线程组：1000用户 1-525
2026-07-17 19:35:44,856 INFO o.a.j.t.JMeterThread: Thread finished: 秒杀线程组：1000用户 1-525
2026-07-17 19:35:44,856 INFO o.a.j.t.JMeterThread: Thread is done: 秒杀线程组：1000用户 1-501
2026-07-17 19:35:44,856 INFO o.a.j.t.JMeterThread: Thread finished: 秒杀线程组：1000用户 1-501
2026-07-17 19:35:44,856 INFO o.a.j.t.JMeterThread: Thread is done: 秒杀线程组：1000用户 1-495
2026-07-17 19:35:44,856 INFO o.a.j.t.JMeterThread: Thread finished: 秒杀线程组：1000用户 1-495
2026-07-17 19:35:44,856 INFO o.a.j.t.JMeterThread: Thread is done: 秒杀线程组：1000用户 1-515
2026-07-17 19:35:44,856 INFO o.a.j.t.JMeterThread: Thread finished: 秒杀线程组：1000用户 1-515
2026-07-17 19:35:44,856 INFO o.a.j.t.JMeterThread: Thread is done: 秒杀线程组：1000用户 1-536
2026-07-17 19:35:44,856 INFO o.a.j.t.JMeterThread: Thread finished: 秒杀线程组：1000用户 1-536
2026-07-17 19:35:44,856 INFO o.a.j.t.JMeterThread: Thread is done: 秒杀线程组：1000用户 1-511
2026-07-17 19:35:44,857 INFO o.a.j.t.JMeterThread: Thread finished: 秒杀线程组：1000用户 1-511
2026-07-17 19:35:44,857 INFO o.a.j.t.JMeterThread: Thread is done: 秒杀线程组：1000用户 1-431
2026-07-17 19:35:44,857 INFO o.a.j.t.JMeterThread: Thread is done: 秒杀线程组：1000用户 1-497
2026-07-17 19:35:44,857 INFO o.a.j.t.JMeterThread: Thread finished: 秒杀线程组：1000用户 1-431
2026-07-17 19:35:44,857 INFO o.a.j.t.JMeterThread: Thread is done: 秒杀线程组：1000用户 1-517
2026-07-17 19:35:44,857 INFO o.a.j.t.JMeterThread: Thread finished: 秒杀线程组：1000用户 1-517
2026-07-17 19:35:44,857 INFO o.a.j.t.JMeterThread: Thread finished: 秒杀线程组：1000用户 1-497
2026-07-17 19:35:44,857 INFO o.a.j.t.JMeterThread: Thread is done: 秒杀线程组：1000用户 1-488
2026-07-17 19:35:44,857 INFO o.a.j.t.JMeterThread: Thread finished: 秒杀线程组：1000用户 1-488
2026-07-17 19:35:44,857 INFO o.a.j.t.JMeterThread: Thread is done: 秒杀线程组：1000用户 1-540
2026-07-17 19:35:44,857 INFO o.a.j.t.JMeterThread: Thread finished: 秒杀线程组：1000用户 1-540
2026-07-17 19:35:44,857 INFO o.a.j.t.JMeterThread: Thread is done: 秒杀线程组：1000用户 1-433
2026-07-17 19:35:44,857 INFO o.a.j.t.JMeterThread: Thread finished: 秒杀线程组：1000用户 1-433
2026-07-17 19:35:44,857 INFO o.a.j.t.JMeterThread: Thread is done: 秒杀线程组：1000用户 1-535
2026-07-17 19:35:44,857 INFO o.a.j.t.JMeterThread: Thread is done: 秒杀线程组：1000用户 1-435
2026-07-17 19:35:44,857 INFO o.a.j.t.JMeterThread: Thread finished: 秒杀线程组：1000用户 1-435
2026-07-17 19:35:44,857 INFO o.a.j.t.JMeterThread: Thread is done: 秒杀线程组：1000用户 1-546
2026-07-17 19:35:44,857 INFO o.a.j.t.JMeterThread: Thread finished: 秒杀线程组：1000用户 1-535
2026-07-17 19:35:44,857 INFO o.a.j.t.JMeterThread: Thread finished: 秒杀线程组：1000用户 1-546
2026-07-17 19:35:44,857 INFO o.a.j.t.JMeterThread: Thread is done: 秒杀线程组：1000用户 1-503
2026-07-17 19:35:44,857 INFO o.a.j.t.JMeterThread: Thread finished: 秒杀线程组：1000用户 1-503
2026-07-17 19:35:44,857 INFO o.a.j.t.JMeterThread: Thread is done: 秒杀线程组：1000用户 1-542
2026-07-17 19:35:44,857 INFO o.a.j.t.JMeterThread: Thread finished: 秒杀线程组：1000用户 1-542
2026-07-17 19:35:44,859 INFO o.a.j.t.JMeterThread: Thread is done: 秒杀线程组：1000用户 1-543
2026-07-17 19:35:44,859 INFO o.a.j.t.JMeterThread: Thread finished: 秒杀线程组：1000用户 1-543
2026-07-17 19:35:44,859 INFO o.a.j.t.JMeterThread: Thread is done: 秒杀线程组：1000用户 1-537
2026-07-17 19:35:44,859 INFO o.a.j.t.JMeterThread: Thread finished: 秒杀线程组：1000用户 1-537
2026-07-17 19:35:44,860 INFO o.a.j.t.JMeterThread: Thread is done: 秒杀线程组：1000用户 1-531
2026-07-17 19:35:44,860 INFO o.a.j.t.JMeterThread: Thread finished: 秒杀线程组：1000用户 1-531
2026-07-17 19:35:44,860 INFO o.a.j.t.JMeterThread: Thread is done: 秒杀线程组：1000用户 1-549
2026-07-17 19:35:44,860 INFO o.a.j.t.JMeterThread: Thread finished: 秒杀线程组：1000用户 1-549
2026-07-17 19:35:44,860 INFO o.a.j.t.JMeterThread: Thread is done: 秒杀线程组：1000用户 1-500
2026-07-17 19:35:44,860 INFO o.a.j.t.JMeterThread: Thread finished: 秒杀线程组：1000用户 1-500
2026-07-17 19:35:44,860 INFO o.a.j.t.JMeterThread: Thread is done: 秒杀线程组：1000用户 1-541
2026-07-17 19:35:44,860 INFO o.a.j.t.JMeterThread: Thread finished: 秒杀线程组：1000用户 1-541
2026-07-17 19:35:44,860 INFO o.a.j.t.JMeterThread: Thread is done: 秒杀线程组：1000用户 1-538
2026-07-17 19:35:44,860 INFO o.a.j.t.JMeterThread: Thread finished: 秒杀线程组：1000用户 1-538
2026-07-17 19:35:44,860 INFO o.a.j.t.JMeterThread: Thread is done: 秒杀线程组：1000用户 1-551
2026-07-17 19:35:44,860 INFO o.a.j.t.JMeterThread: Thread is done: 秒杀线程组：1000用户 1-545
2026-07-17 19:35:44,860 INFO o.a.j.t.JMeterThread: Thread finished: 秒杀线程组：1000用户 1-545
2026-07-17 19:35:44,860 INFO o.a.j.t.JMeterThread: Thread finished: 秒杀线程组：1000用户 1-551
2026-07-17 19:35:44,861 INFO o.a.j.t.JMeterThread: Thread is done: 秒杀线程组：1000用户 1-552
2026-07-17 19:35:44,861 INFO o.a.j.t.JMeterThread: Thread is done: 秒杀线程组：1000用户 1-550
2026-07-17 19:35:44,861 INFO o.a.j.t.JMeterThread: Thread finished: 秒杀线程组：1000用户 1-552
2026-07-17 19:35:44,861 INFO o.a.j.t.JMeterThread: Thread finished: 秒杀线程组：1000用户 1-550
2026-07-17 19:35:44,861 INFO o.a.j.t.JMeterThread: Thread is done: 秒杀线程组：1000用户 1-553
2026-07-17 19:35:44,861 INFO o.a.j.t.JMeterThread: Thread finished: 秒杀线程组：1000用户 1-553
2026-07-17 19:35:44,861 INFO o.a.j.t.JMeterThread: Thread is done: 秒杀线程组：1000用户 1-561
2026-07-17 19:35:44,861 INFO o.a.j.t.JMeterThread: Thread finished: 秒杀线程组：1000用户 1-561
2026-07-17 19:35:44,861 INFO o.a.j.t.JMeterThread: Thread is done: 秒杀线程组：1000用户 1-568
2026-07-17 19:35:44,861 INFO o.a.j.t.JMeterThread: Thread finished: 秒杀线程组：1000用户 1-568
2026-07-17 19:35:44,861 INFO o.a.j.t.JMeterThread: Thread is done: 秒杀线程组：1000用户 1-534
2026-07-17 19:35:44,861 INFO o.a.j.t.JMeterThread: Thread finished: 秒杀线程组：1000用户 1-534
2026-07-17 19:35:44,861 INFO o.a.j.t.JMeterThread: Thread is done: 秒杀线程组：1000用户 1-559
2026-07-17 19:35:44,861 INFO o.a.j.t.JMeterThread: Thread is done: 秒杀线程组：1000用户 1-508
2026-07-17 19:35:44,861 INFO o.a.j.t.JMeterThread: Thread finished: 秒杀线程组：1000用户 1-559
2026-07-17 19:35:44,861 INFO o.a.j.t.JMeterThread: Thread is done: 秒杀线程组：1000用户 1-574
2026-07-17 19:35:44,862 INFO o.a.j.t.JMeterThread: Thread finished: 秒杀线程组：1000用户 1-574
2026-07-17 19:35:44,862 INFO o.a.j.t.JMeterThread: Thread is done: 秒杀线程组：1000用户 1-556
2026-07-17 19:35:44,862 INFO o.a.j.t.JMeterThread: Thread is done: 秒杀线程组：1000用户 1-564
2026-07-17 19:35:44,861 INFO o.a.j.t.JMeterThread: Thread finished: 秒杀线程组：1000用户 1-508
2026-07-17 19:35:44,862 INFO o.a.j.t.JMeterThread: Thread finished: 秒杀线程组：1000用户 1-556
2026-07-17 19:35:44,862 INFO o.a.j.t.JMeterThread: Thread is done: 秒杀线程组：1000用户 1-548
2026-07-17 19:35:44,862 INFO o.a.j.t.JMeterThread: Thread finished: 秒杀线程组：1000用户 1-548
2026-07-17 19:35:44,862 INFO o.a.j.t.JMeterThread: Thread finished: 秒杀线程组：1000用户 1-564
2026-07-17 19:35:44,862 INFO o.a.j.t.JMeterThread: Thread is done: 秒杀线程组：1000用户 1-562
2026-07-17 19:35:44,862 INFO o.a.j.t.JMeterThread: Thread finished: 秒杀线程组：1000用户 1-562
2026-07-17 19:35:44,862 INFO o.a.j.t.JMeterThread: Thread is done: 秒杀线程组：1000用户 1-566
2026-07-17 19:35:44,862 INFO o.a.j.t.JMeterThread: Thread is done: 秒杀线程组：1000用户 1-493
2026-07-17 19:35:44,862 INFO o.a.j.t.JMeterThread: Thread finished: 秒杀线程组：1000用户 1-566
2026-07-17 19:35:44,862 INFO o.a.j.t.JMeterThread: Thread is done: 秒杀线程组：1000用户 1-577
2026-07-17 19:35:44,862 INFO o.a.j.t.JMeterThread: Thread finished: 秒杀线程组：1000用户 1-577
2026-07-17 19:35:44,862 INFO o.a.j.t.JMeterThread: Thread is done: 秒杀线程组：1000用户 1-557
2026-07-17 19:35:44,862 INFO o.a.j.t.JMeterThread: Thread finished: 秒杀线程组：1000用户 1-557
2026-07-17 19:35:44,862 INFO o.a.j.t.JMeterThread: Thread finished: 秒杀线程组：1000用户 1-493
2026-07-17 19:35:44,862 INFO o.a.j.t.JMeterThread: Thread is done: 秒杀线程组：1000用户 1-544
2026-07-17 19:35:44,863 INFO o.a.j.t.JMeterThread: Thread is done: 秒杀线程组：1000用户 1-487
2026-07-17 19:35:44,863 INFO o.a.j.t.JMeterThread: Thread finished: 秒杀线程组：1000用户 1-487
2026-07-17 19:35:44,863 INFO o.a.j.t.JMeterThread: Thread finished: 秒杀线程组：1000用户 1-544
2026-07-17 19:35:44,863 INFO o.a.j.t.JMeterThread: Thread is done: 秒杀线程组：1000用户 1-573
2026-07-17 19:35:44,863 INFO o.a.j.t.JMeterThread: Thread is done: 秒杀线程组：1000用户 1-560
2026-07-17 19:35:44,863 INFO o.a.j.t.JMeterThread: Thread is done: 秒杀线程组：1000用户 1-555
2026-07-17 19:35:44,863 INFO o.a.j.t.JMeterThread: Thread finished: 秒杀线程组：1000用户 1-573
2026-07-17 19:35:44,863 INFO o.a.j.t.JMeterThread: Thread finished: 秒杀线程组：1000用户 1-560
2026-07-17 19:35:44,863 INFO o.a.j.t.JMeterThread: Thread finished: 秒杀线程组：1000用户 1-555
2026-07-17 19:35:44,863 INFO o.a.j.t.JMeterThread: Thread is done: 秒杀线程组：1000用户 1-547
2026-07-17 19:35:44,863 INFO o.a.j.t.JMeterThread: Thread is done: 秒杀线程组：1000用户 1-563
2026-07-17 19:35:44,863 INFO o.a.j.t.JMeterThread: Thread finished: 秒杀线程组：1000用户 1-547
2026-07-17 19:35:44,863 INFO o.a.j.t.JMeterThread: Thread finished: 秒杀线程组：1000用户 1-563
2026-07-17 19:35:44,863 INFO o.a.j.t.JMeterThread: Thread is done: 秒杀线程组：1000用户 1-554
2026-07-17 19:35:44,863 INFO o.a.j.t.JMeterThread: Thread finished: 秒杀线程组：1000用户 1-554
2026-07-17 19:35:44,863 INFO o.a.j.t.JMeterThread: Thread is done: 秒杀线程组：1000用户 1-565
2026-07-17 19:35:44,863 INFO o.a.j.t.JMeterThread: Thread finished: 秒杀线程组：1000用户 1-565
2026-07-17 19:35:44,863 INFO o.a.j.t.JMeterThread: Thread is done: 秒杀线程组：1000用户 1-575
2026-07-17 19:35:44,863 INFO o.a.j.t.JMeterThread: Thread finished: 秒杀线程组：1000用户 1-575
2026-07-17 19:35:44,863 INFO o.a.j.t.JMeterThread: Thread is done: 秒杀线程组：1000用户 1-364
2026-07-17 19:35:44,863 INFO o.a.j.t.JMeterThread: Thread finished: 秒杀线程组：1000用户 1-364
2026-07-17 19:35:44,863 INFO o.a.j.t.JMeterThread: Thread is done: 秒杀线程组：1000用户 1-382
2026-07-17 19:35:44,865 INFO o.a.j.t.JMeterThread: Thread is done: 秒杀线程组：1000用户 1-380
2026-07-17 19:35:44,865 INFO o.a.j.t.JMeterThread: Thread is done: 秒杀线程组：1000用户 1-373
2026-07-17 19:35:44,865 INFO o.a.j.t.JMeterThread: Thread finished: 秒杀线程组：1000用户 1-380
2026-07-17 19:35:44,865 INFO o.a.j.t.JMeterThread: Thread finished: 秒杀线程组：1000用户 1-382
2026-07-17 19:35:44,865 INFO o.a.j.t.JMeterThread: Thread is done: 秒杀线程组：1000用户 1-378
2026-07-17 19:35:44,865 INFO o.a.j.t.JMeterThread: Thread is done: 秒杀线程组：1000用户 1-362
2026-07-17 19:35:44,865 INFO o.a.j.t.JMeterThread: Thread finished: 秒杀线程组：1000用户 1-378
2026-07-17 19:35:44,865 INFO o.a.j.t.JMeterThread: Thread finished: 秒杀线程组：1000用户 1-373
2026-07-17 19:35:44,865 INFO o.a.j.t.JMeterThread: Thread is done: 秒杀线程组：1000用户 1-366
2026-07-17 19:35:44,865 INFO o.a.j.t.JMeterThread: Thread is done: 秒杀线程组：1000用户 1-357
2026-07-17 19:35:44,865 INFO o.a.j.t.JMeterThread: Thread finished: 秒杀线程组：1000用户 1-357
2026-07-17 19:35:44,865 INFO o.a.j.t.JMeterThread: Thread finished: 秒杀线程组：1000用户 1-362
2026-07-17 19:35:44,865 INFO o.a.j.t.JMeterThread: Thread is done: 秒杀线程组：1000用户 1-379
2026-07-17 19:35:44,865 INFO o.a.j.t.JMeterThread: Thread finished: 秒杀线程组：1000用户 1-366
2026-07-17 19:35:44,865 INFO o.a.j.t.JMeterThread: Thread is done: 秒杀线程组：1000用户 1-358
2026-07-17 19:35:44,865 INFO o.a.j.t.JMeterThread: Thread finished: 秒杀线程组：1000用户 1-379
2026-07-17 19:35:44,865 INFO o.a.j.t.JMeterThread: Thread finished: 秒杀线程组：1000用户 1-358
2026-07-17 19:35:44,865 INFO o.a.j.t.JMeterThread: Thread is done: 秒杀线程组：1000用户 1-383
2026-07-17 19:35:44,865 INFO o.a.j.t.JMeterThread: Thread finished: 秒杀线程组：1000用户 1-383
2026-07-17 19:35:44,865 INFO o.a.j.t.JMeterThread: Thread is done: 秒杀线程组：1000用户 1-367
2026-07-17 19:35:44,865 INFO o.a.j.t.JMeterThread: Thread finished: 秒杀线程组：1000用户 1-367
2026-07-17 19:35:44,865 INFO o.a.j.t.JMeterThread: Thread is done: 秒杀线程组：1000用户 1-386
2026-07-17 19:35:44,865 INFO o.a.j.t.JMeterThread: Thread is done: 秒杀线程组：1000用户 1-369
2026-07-17 19:35:44,865 INFO o.a.j.t.JMeterThread: Thread finished: 秒杀线程组：1000用户 1-386
2026-07-17 19:35:44,865 INFO o.a.j.t.JMeterThread: Thread is done: 秒杀线程组：1000用户 1-370
2026-07-17 19:35:44,865 INFO o.a.j.t.JMeterThread: Thread finished: 秒杀线程组：1000用户 1-369
2026-07-17 19:35:44,865 INFO o.a.j.t.JMeterThread: Thread finished: 秒杀线程组：1000用户 1-370
2026-07-17 19:35:44,865 INFO o.a.j.t.JMeterThread: Thread is done: 秒杀线程组：1000用户 1-372
2026-07-17 19:35:44,865 INFO o.a.j.t.JMeterThread: Thread finished: 秒杀线程组：1000用户 1-372
2026-07-17 19:35:44,866 INFO o.a.j.t.JMeterThread: Thread is done: 秒杀线程组：1000用户 1-375
2026-07-17 19:35:44,866 INFO o.a.j.t.JMeterThread: Thread finished: 秒杀线程组：1000用户 1-375
2026-07-17 19:35:44,866 INFO o.a.j.t.JMeterThread: Thread is done: 秒杀线程组：1000用户 1-394
2026-07-17 19:35:44,866 INFO o.a.j.t.JMeterThread: Thread is done: 秒杀线程组：1000用户 1-381
2026-07-17 19:35:44,866 INFO o.a.j.t.JMeterThread: Thread finished: 秒杀线程组：1000用户 1-394
2026-07-17 19:35:44,866 INFO o.a.j.t.JMeterThread: Thread is done: 秒杀线程组：1000用户 1-391
2026-07-17 19:35:44,867 INFO o.a.j.t.JMeterThread: Thread finished: 秒杀线程组：1000用户 1-381
2026-07-17 19:35:44,866 INFO o.a.j.t.JMeterThread: Thread is done: 秒杀线程组：1000用户 1-389
2026-07-17 19:35:44,867 INFO o.a.j.t.JMeterThread: Thread finished: 秒杀线程组：1000用户 1-391
2026-07-17 19:35:44,867 INFO o.a.j.t.JMeterThread: Thread finished: 秒杀线程组：1000用户 1-389
2026-07-17 19:35:44,866 INFO o.a.j.t.JMeterThread: Thread is done: 秒杀线程组：1000用户 1-377
2026-07-17 19:35:44,867 INFO o.a.j.t.JMeterThread: Thread finished: 秒杀线程组：1000用户 1-377
2026-07-17 19:35:44,867 INFO o.a.j.t.JMeterThread: Thread is done: 秒杀线程组：1000用户 1-384
2026-07-17 19:35:44,867 INFO o.a.j.t.JMeterThread: Thread is done: 秒杀线程组：1000用户 1-393
2026-07-17 19:35:44,867 INFO o.a.j.t.JMeterThread: Thread finished: 秒杀线程组：1000用户 1-393
2026-07-17 19:35:44,867 INFO o.a.j.t.JMeterThread: Thread finished: 秒杀线程组：1000用户 1-384
2026-07-17 19:35:44,869 INFO o.a.j.t.JMeterThread: Thread is done: 秒杀线程组：1000用户 1-579
2026-07-17 19:35:44,869 INFO o.a.j.t.JMeterThread: Thread is done: 秒杀线程组：1000用户 1-567
2026-07-17 19:35:44,869 INFO o.a.j.t.JMeterThread: Thread finished: 秒杀线程组：1000用户 1-567
2026-07-17 19:35:44,869 INFO o.a.j.t.JMeterThread: Thread is done: 秒杀线程组：1000用户 1-584
2026-07-17 19:35:44,869 INFO o.a.j.t.JMeterThread: Thread finished: 秒杀线程组：1000用户 1-584
2026-07-17 19:35:44,869 INFO o.a.j.t.JMeterThread: Thread is done: 秒杀线程组：1000用户 1-572
2026-07-17 19:35:44,869 INFO o.a.j.t.JMeterThread: Thread is done: 秒杀线程组：1000用户 1-576
2026-07-17 19:35:44,869 INFO o.a.j.t.JMeterThread: Thread finished: 秒杀线程组：1000用户 1-576
2026-07-17 19:35:44,870 INFO o.a.j.t.JMeterThread: Thread is done: 秒杀线程组：1000用户 1-570
2026-07-17 19:35:44,870 INFO o.a.j.t.JMeterThread: Thread finished: 秒杀线程组：1000用户 1-570
2026-07-17 19:35:44,870 INFO o.a.j.t.JMeterThread: Thread is done: 秒杀线程组：1000用户 1-599
2026-07-17 19:35:44,870 INFO o.a.j.t.JMeterThread: Thread is done: 秒杀线程组：1000用户 1-571
2026-07-17 19:35:44,870 INFO o.a.j.t.JMeterThread: Thread is done: 秒杀线程组：1000用户 1-578
2026-07-17 19:35:44,870 INFO o.a.j.t.JMeterThread: Thread finished: 秒杀线程组：1000用户 1-578
2026-07-17 19:35:44,870 INFO o.a.j.t.JMeterThread: Thread is done: 秒杀线程组：1000用户 1-580
2026-07-17 19:35:44,869 INFO o.a.j.t.JMeterThread: Thread finished: 秒杀线程组：1000用户 1-579
2026-07-17 19:35:44,870 INFO o.a.j.t.JMeterThread: Thread finished: 秒杀线程组：1000用户 1-580
2026-07-17 19:35:44,870 INFO o.a.j.t.JMeterThread: Thread is done: 秒杀线程组：1000用户 1-582
2026-07-17 19:35:44,870 INFO o.a.j.t.JMeterThread: Thread finished: 秒杀线程组：1000用户 1-582
2026-07-17 19:35:44,870 INFO o.a.j.t.JMeterThread: Thread is done: 秒杀线程组：1000用户 1-588
2026-07-17 19:35:44,870 INFO o.a.j.t.JMeterThread: Thread finished: 秒杀线程组：1000用户 1-588
2026-07-17 19:35:44,870 INFO o.a.j.t.JMeterThread: Thread finished: 秒杀线程组：1000用户 1-571
2026-07-17 19:35:44,870 INFO o.a.j.t.JMeterThread: Thread is done: 秒杀线程组：1000用户 1-581
2026-07-17 19:35:44,870 INFO o.a.j.t.JMeterThread: Thread finished: 秒杀线程组：1000用户 1-581
2026-07-17 19:35:44,870 INFO o.a.j.t.JMeterThread: Thread is done: 秒杀线程组：1000用户 1-587
2026-07-17 19:35:44,870 INFO o.a.j.t.JMeterThread: Thread is done: 秒杀线程组：1000用户 1-592
2026-07-17 19:35:44,870 INFO o.a.j.t.JMeterThread: Thread finished: 秒杀线程组：1000用户 1-592
2026-07-17 19:35:44,870 INFO o.a.j.t.JMeterThread: Thread is done: 秒杀线程组：1000用户 1-600
2026-07-17 19:35:44,870 INFO o.a.j.t.JMeterThread: Thread finished: 秒杀线程组：1000用户 1-600
2026-07-17 19:35:44,870 INFO o.a.j.t.JMeterThread: Thread is done: 秒杀线程组：1000用户 1-598
2026-07-17 19:35:44,870 INFO o.a.j.t.JMeterThread: Thread finished: 秒杀线程组：1000用户 1-599
2026-07-17 19:35:44,870 INFO o.a.j.t.JMeterThread: Thread is done: 秒杀线程组：1000用户 1-589
2026-07-17 19:35:44,870 INFO o.a.j.t.JMeterThread: Thread is done: 秒杀线程组：1000用户 1-585
2026-07-17 19:35:44,869 INFO o.a.j.t.JMeterThread: Thread finished: 秒杀线程组：1000用户 1-572
2026-07-17 19:35:44,871 INFO o.a.j.t.JMeterThread: Thread is done: 秒杀线程组：1000用户 1-590
2026-07-17 19:35:44,870 INFO o.a.j.t.JMeterThread: Thread finished: 秒杀线程组：1000用户 1-598
2026-07-17 19:35:44,870 INFO o.a.j.t.JMeterThread: Thread is done: 秒杀线程组：1000用户 1-595
2026-07-17 19:35:44,870 INFO o.a.j.t.JMeterThread: Thread finished: 秒杀线程组：1000用户 1-587
2026-07-17 19:35:44,871 INFO o.a.j.t.JMeterThread: Thread finished: 秒杀线程组：1000用户 1-595
2026-07-17 19:35:44,870 INFO o.a.j.t.JMeterThread: Thread is done: 秒杀线程组：1000用户 1-586
2026-07-17 19:35:44,871 INFO o.a.j.t.JMeterThread: Thread finished: 秒杀线程组：1000用户 1-586
2026-07-17 19:35:44,871 INFO o.a.j.t.JMeterThread: Thread finished: 秒杀线程组：1000用户 1-589
2026-07-17 19:35:44,871 INFO o.a.j.t.JMeterThread: Thread is done: 秒杀线程组：1000用户 1-594
2026-07-17 19:35:44,871 INFO o.a.j.t.JMeterThread: Thread finished: 秒杀线程组：1000用户 1-590
2026-07-17 19:35:44,871 INFO o.a.j.t.JMeterThread: Thread is done: 秒杀线程组：1000用户 1-591
2026-07-17 19:35:44,871 INFO o.a.j.t.JMeterThread: Thread is done: 秒杀线程组：1000用户 1-601
2026-07-17 19:35:44,871 INFO o.a.j.t.JMeterThread: Thread finished: 秒杀线程组：1000用户 1-585
2026-07-17 19:35:44,871 INFO o.a.j.t.JMeterThread: Thread finished: 秒杀线程组：1000用户 1-591
2026-07-17 19:35:44,871 INFO o.a.j.t.JMeterThread: Thread is done: 秒杀线程组：1000用户 1-583
2026-07-17 19:35:44,871 INFO o.a.j.t.JMeterThread: Thread finished: 秒杀线程组：1000用户 1-594
2026-07-17 19:35:44,871 INFO o.a.j.t.JMeterThread: Thread is done: 秒杀线程组：1000用户 1-605
2026-07-17 19:35:44,871 INFO o.a.j.t.JMeterThread: Thread is done: 秒杀线程组：1000用户 1-607
2026-07-17 19:35:44,871 INFO o.a.j.t.JMeterThread: Thread finished: 秒杀线程组：1000用户 1-605
2026-07-17 19:35:44,871 INFO o.a.j.t.JMeterThread: Thread finished: 秒杀线程组：1000用户 1-583
2026-07-17 19:35:44,871 INFO o.a.j.t.JMeterThread: Thread finished: 秒杀线程组：1000用户 1-601
2026-07-17 19:35:44,871 INFO o.a.j.t.JMeterThread: Thread is done: 秒杀线程组：1000用户 1-597
2026-07-17 19:35:44,871 INFO o.a.j.t.JMeterThread: Thread finished: 秒杀线程组：1000用户 1-597
2026-07-17 19:35:44,871 INFO o.a.j.t.JMeterThread: Thread finished: 秒杀线程组：1000用户 1-607
2026-07-17 19:35:44,871 INFO o.a.j.t.JMeterThread: Thread is done: 秒杀线程组：1000用户 1-614
2026-07-17 19:35:44,871 INFO o.a.j.t.JMeterThread: Thread is done: 秒杀线程组：1000用户 1-610
2026-07-17 19:35:44,871 INFO o.a.j.t.JMeterThread: Thread is done: 秒杀线程组：1000用户 1-615
2026-07-17 19:35:44,871 INFO o.a.j.t.JMeterThread: Thread is done: 秒杀线程组：1000用户 1-602
2026-07-17 19:35:44,873 INFO o.a.j.t.JMeterThread: Thread is done: 秒杀线程组：1000用户 1-569
2026-07-17 19:35:44,871 INFO o.a.j.t.JMeterThread: Thread finished: 秒杀线程组：1000用户 1-610
2026-07-17 19:35:44,873 INFO o.a.j.t.JMeterThread: Thread finished: 秒杀线程组：1000用户 1-602
2026-07-17 19:35:44,873 INFO o.a.j.t.JMeterThread: Thread finished: 秒杀线程组：1000用户 1-614
2026-07-17 19:35:44,873 INFO o.a.j.t.JMeterThread: Thread finished: 秒杀线程组：1000用户 1-615
2026-07-17 19:35:44,873 INFO o.a.j.t.JMeterThread: Thread finished: 秒杀线程组：1000用户 1-569
2026-07-17 19:35:44,876 INFO o.a.j.t.JMeterThread: Thread is done: 秒杀线程组：1000用户 1-356
2026-07-17 19:35:44,876 INFO o.a.j.t.JMeterThread: Thread is done: 秒杀线程组：1000用户 1-331
2026-07-17 19:35:44,876 INFO o.a.j.t.JMeterThread: Thread finished: 秒杀线程组：1000用户 1-356
2026-07-17 19:35:44,876 INFO o.a.j.t.JMeterThread: Thread finished: 秒杀线程组：1000用户 1-331
2026-07-17 19:35:44,876 INFO o.a.j.t.JMeterThread: Thread is done: 秒杀线程组：1000用户 1-677
2026-07-17 19:35:44,877 INFO o.a.j.t.JMeterThread: Thread finished: 秒杀线程组：1000用户 1-677
2026-07-17 19:35:44,877 INFO o.a.j.t.JMeterThread: Thread is done: 秒杀线程组：1000用户 1-330
2026-07-17 19:35:44,877 INFO o.a.j.t.JMeterThread: Thread finished: 秒杀线程组：1000用户 1-330
2026-07-17 19:35:44,877 INFO o.a.j.t.JMeterThread: Thread is done: 秒杀线程组：1000用户 1-621
2026-07-17 19:35:44,877 INFO o.a.j.t.JMeterThread: Thread is done: 秒杀线程组：1000用户 1-636
2026-07-17 19:35:44,877 INFO o.a.j.t.JMeterThread: Thread finished: 秒杀线程组：1000用户 1-621
2026-07-17 19:35:44,877 INFO o.a.j.t.JMeterThread: Thread is done: 秒杀线程组：1000用户 1-620
2026-07-17 19:35:44,877 INFO o.a.j.t.JMeterThread: Thread finished: 秒杀线程组：1000用户 1-620
2026-07-17 19:35:44,877 INFO o.a.j.t.JMeterThread: Thread is done: 秒杀线程组：1000用户 1-639
2026-07-17 19:35:44,877 INFO o.a.j.t.JMeterThread: Thread finished: 秒杀线程组：1000用户 1-639
2026-07-17 19:35:44,877 INFO o.a.j.t.JMeterThread: Thread is done: 秒杀线程组：1000用户 1-709
2026-07-17 19:35:44,877 INFO o.a.j.t.JMeterThread: Thread finished: 秒杀线程组：1000用户 1-709
2026-07-17 19:35:44,877 INFO o.a.j.t.JMeterThread: Thread is done: 秒杀线程组：1000用户 1-658
2026-07-17 19:35:44,878 INFO o.a.j.t.JMeterThread: Thread is done: 秒杀线程组：1000用户 1-630
2026-07-17 19:35:44,878 INFO o.a.j.t.JMeterThread: Thread finished: 秒杀线程组：1000用户 1-630
2026-07-17 19:35:44,878 INFO o.a.j.t.JMeterThread: Thread is done: 秒杀线程组：1000用户 1-694
2026-07-17 19:35:44,878 INFO o.a.j.t.JMeterThread: Thread finished: 秒杀线程组：1000用户 1-694
2026-07-17 19:35:44,878 INFO o.a.j.t.JMeterThread: Thread is done: 秒杀线程组：1000用户 1-644
2026-07-17 19:35:44,878 INFO o.a.j.t.JMeterThread: Thread finished: 秒杀线程组：1000用户 1-644
2026-07-17 19:35:44,878 INFO o.a.j.t.JMeterThread: Thread is done: 秒杀线程组：1000用户 1-341
2026-07-17 19:35:44,878 INFO o.a.j.t.JMeterThread: Thread finished: 秒杀线程组：1000用户 1-341
2026-07-17 19:35:44,879 INFO o.a.j.t.JMeterThread: Thread is done: 秒杀线程组：1000用户 1-643
2026-07-17 19:35:44,879 INFO o.a.j.t.JMeterThread: Thread finished: 秒杀线程组：1000用户 1-643
2026-07-17 19:35:44,879 INFO o.a.j.t.JMeterThread: Thread is done: 秒杀线程组：1000用户 1-633
2026-07-17 19:35:44,879 INFO o.a.j.t.JMeterThread: Thread is done: 秒杀线程组：1000用户 1-704
2026-07-17 19:35:44,879 INFO o.a.j.t.JMeterThread: Thread finished: 秒杀线程组：1000用户 1-704
2026-07-17 19:35:44,879 INFO o.a.j.t.JMeterThread: Thread is done: 秒杀线程组：1000用户 1-623
2026-07-17 19:35:44,880 INFO o.a.j.t.JMeterThread: Thread is done: 秒杀线程组：1000用户 1-650
2026-07-17 19:35:44,880 INFO o.a.j.t.JMeterThread: Thread finished: 秒杀线程组：1000用户 1-650
2026-07-17 19:35:44,877 INFO o.a.j.t.JMeterThread: Thread is done: 秒杀线程组：1000用户 1-625
2026-07-17 19:35:44,880 INFO o.a.j.t.JMeterThread: Thread finished: 秒杀线程组：1000用户 1-625
2026-07-17 19:35:44,877 INFO o.a.j.t.JMeterThread: Thread finished: 秒杀线程组：1000用户 1-636
2026-07-17 19:35:44,880 INFO o.a.j.t.JMeterThread: Thread is done: 秒杀线程组：1000用户 1-693
2026-07-17 19:35:44,880 INFO o.a.j.t.JMeterThread: Thread finished: 秒杀线程组：1000用户 1-693
2026-07-17 19:35:44,880 INFO o.a.j.t.JMeterThread: Thread is done: 秒杀线程组：1000用户 1-666
2026-07-17 19:35:44,879 INFO o.a.j.t.JMeterThread: Thread finished: 秒杀线程组：1000用户 1-623
2026-07-17 19:35:44,880 INFO o.a.j.t.JMeterThread: Thread is done: 秒杀线程组：1000用户 1-731
2026-07-17 19:35:44,881 INFO o.a.j.t.JMeterThread: Thread finished: 秒杀线程组：1000用户 1-731
2026-07-17 19:35:44,880 INFO o.a.j.t.JMeterThread: Thread is done: 秒杀线程组：1000用户 1-604
2026-07-17 19:35:44,880 INFO o.a.j.t.JMeterThread: Thread is done: 秒杀线程组：1000用户 1-719
2026-07-17 19:35:44,880 INFO o.a.j.t.JMeterThread: Thread is done: 秒杀线程组：1000用户 1-696
2026-07-17 19:35:44,879 INFO o.a.j.t.JMeterThread: Thread is done: 秒杀线程组：1000用户 1-624
2026-07-17 19:35:44,881 INFO o.a.j.t.JMeterThread: Thread finished: 秒杀线程组：1000用户 1-624
2026-07-17 19:35:44,881 INFO o.a.j.t.JMeterThread: Thread is done: 秒杀线程组：1000用户 1-718
2026-07-17 19:35:44,881 INFO o.a.j.t.JMeterThread: Thread finished: 秒杀线程组：1000用户 1-718
2026-07-17 19:35:44,879 INFO o.a.j.t.JMeterThread: Thread is done: 秒杀线程组：1000用户 1-640
2026-07-17 19:35:44,879 INFO o.a.j.t.JMeterThread: Thread is done: 秒杀线程组：1000用户 1-695
2026-07-17 19:35:44,879 INFO o.a.j.t.JMeterThread: Thread is done: 秒杀线程组：1000用户 1-703
2026-07-17 19:35:44,881 INFO o.a.j.t.JMeterThread: Thread finished: 秒杀线程组：1000用户 1-703
2026-07-17 19:35:44,879 INFO o.a.j.t.JMeterThread: Thread finished: 秒杀线程组：1000用户 1-633
2026-07-17 19:35:44,878 INFO o.a.j.t.JMeterThread: Thread is done: 秒杀线程组：1000用户 1-662
2026-07-17 19:35:44,882 INFO o.a.j.t.JMeterThread: Thread is done: 秒杀线程组：1000用户 1-628
2026-07-17 19:35:44,882 INFO o.a.j.t.JMeterThread: Thread finished: 秒杀线程组：1000用户 1-628
2026-07-17 19:35:44,878 INFO o.a.j.t.JMeterThread: Thread finished: 秒杀线程组：1000用户 1-658
2026-07-17 19:35:44,882 INFO o.a.j.t.JMeterThread: Thread is done: 秒杀线程组：1000用户 1-282
2026-07-17 19:35:44,882 INFO o.a.j.t.JMeterThread: Thread finished: 秒杀线程组：1000用户 1-282
2026-07-17 19:35:44,878 INFO o.a.j.t.JMeterThread: Thread is done: 秒杀线程组：1000用户 1-661
2026-07-17 19:35:44,882 INFO o.a.j.t.JMeterThread: Thread is done: 秒杀线程组：1000用户 1-608
2026-07-17 19:35:44,882 INFO o.a.j.t.JMeterThread: Thread finished: 秒杀线程组：1000用户 1-661
2026-07-17 19:35:44,882 INFO o.a.j.t.JMeterThread: Thread is done: 秒杀线程组：1000用户 1-717
2026-07-17 19:35:44,882 INFO o.a.j.t.JMeterThread: Thread is done: 秒杀线程组：1000用户 1-716
2026-07-17 19:35:44,882 INFO o.a.j.t.JMeterThread: Thread finished: 秒杀线程组：1000用户 1-716
2026-07-17 19:35:44,882 INFO o.a.j.t.JMeterThread: Thread is done: 秒杀线程组：1000用户 1-724
2026-07-17 19:35:44,882 INFO o.a.j.t.JMeterThread: Thread finished: 秒杀线程组：1000用户 1-662
2026-07-17 19:35:44,881 INFO o.a.j.t.JMeterThread: Thread is done: 秒杀线程组：1000用户 1-395
2026-07-17 19:35:44,881 INFO o.a.j.t.JMeterThread: Thread finished: 秒杀线程组：1000用户 1-695
2026-07-17 19:35:44,881 INFO o.a.j.t.JMeterThread: Thread finished: 秒杀线程组：1000用户 1-640
2026-07-17 19:35:44,881 INFO o.a.j.t.JMeterThread: Thread is done: 秒杀线程组：1000用户 1-684
2026-07-17 19:35:44,881 INFO o.a.j.t.JMeterThread: Thread finished: 秒杀线程组：1000用户 1-696
2026-07-17 19:35:44,881 INFO o.a.j.t.JMeterThread: Thread finished: 秒杀线程组：1000用户 1-719
2026-07-17 19:35:44,883 INFO o.a.j.t.JMeterThread: Thread is done: 秒杀线程组：1000用户 1-699
2026-07-17 19:35:44,883 INFO o.a.j.t.JMeterThread: Thread finished: 秒杀线程组：1000用户 1-699
2026-07-17 19:35:44,883 INFO o.a.j.t.JMeterThread: Thread is done: 秒杀线程组：1000用户 1-714
2026-07-17 19:35:44,883 INFO o.a.j.t.JMeterThread: Thread finished: 秒杀线程组：1000用户 1-714
2026-07-17 19:35:44,883 INFO o.a.j.t.JMeterThread: Thread is done: 秒杀线程组：1000用户 1-698
2026-07-17 19:35:44,883 INFO o.a.j.t.JMeterThread: Thread is done: 秒杀线程组：1000用户 1-740
2026-07-17 19:35:44,883 INFO o.a.j.t.JMeterThread: Thread finished: 秒杀线程组：1000用户 1-698
2026-07-17 19:35:44,883 INFO o.a.j.t.JMeterThread: Thread is done: 秒杀线程组：1000用户 1-707
2026-07-17 19:35:44,881 INFO o.a.j.t.JMeterThread: Thread finished: 秒杀线程组：1000用户 1-604
2026-07-17 19:35:44,883 INFO o.a.j.t.JMeterThread: Thread is done: 秒杀线程组：1000用户 1-681
2026-07-17 19:35:44,883 INFO o.a.j.t.JMeterThread: Thread finished: 秒杀线程组：1000用户 1-681
2026-07-17 19:35:44,883 INFO o.a.j.t.JMeterThread: Thread is done: 秒杀线程组：1000用户 1-596
2026-07-17 19:35:44,883 INFO o.a.j.t.JMeterThread: Thread finished: 秒杀线程组：1000用户 1-596
2026-07-17 19:35:44,883 INFO o.a.j.t.JMeterThread: Thread is done: 秒杀线程组：1000用户 1-711
2026-07-17 19:35:44,883 INFO o.a.j.t.JMeterThread: Thread finished: 秒杀线程组：1000用户 1-711
2026-07-17 19:35:44,883 INFO o.a.j.t.JMeterThread: Thread is done: 秒杀线程组：1000用户 1-678
2026-07-17 19:35:44,883 INFO o.a.j.t.JMeterThread: Thread is done: 秒杀线程组：1000用户 1-387
2026-07-17 19:35:44,883 INFO o.a.j.t.JMeterThread: Thread is done: 秒杀线程组：1000用户 1-670
2026-07-17 19:35:44,883 INFO o.a.j.t.JMeterThread: Thread finished: 秒杀线程组：1000用户 1-670
2026-07-17 19:35:44,883 INFO o.a.j.t.JMeterThread: Thread is done: 秒杀线程组：1000用户 1-679
2026-07-17 19:35:44,883 INFO o.a.j.t.JMeterThread: Thread is done: 秒杀线程组：1000用户 1-672
2026-07-17 19:35:44,883 INFO o.a.j.t.JMeterThread: Thread finished: 秒杀线程组：1000用户 1-672
2026-07-17 19:35:44,883 INFO o.a.j.t.JMeterThread: Thread is done: 秒杀线程组：1000用户 1-653
2026-07-17 19:35:44,883 INFO o.a.j.t.JMeterThread: Thread is done: 秒杀线程组：1000用户 1-396
2026-07-17 19:35:44,884 INFO o.a.j.t.JMeterThread: Thread finished: 秒杀线程组：1000用户 1-396
2026-07-17 19:35:44,884 INFO o.a.j.t.JMeterThread: Thread is done: 秒杀线程组：1000用户 1-613
2026-07-17 19:35:44,884 INFO o.a.j.t.JMeterThread: Thread finished: 秒杀线程组：1000用户 1-613
2026-07-17 19:35:44,884 INFO o.a.j.t.JMeterThread: Thread is done: 秒杀线程组：1000用户 1-609
2026-07-17 19:35:44,884 INFO o.a.j.t.JMeterThread: Thread finished: 秒杀线程组：1000用户 1-609
2026-07-17 19:35:44,884 INFO o.a.j.t.JMeterThread: Thread is done: 秒杀线程组：1000用户 1-713
2026-07-17 19:35:44,884 INFO o.a.j.t.JMeterThread: Thread is done: 秒杀线程组：1000用户 1-664
2026-07-17 19:35:44,884 INFO o.a.j.t.JMeterThread: Thread finished: 秒杀线程组：1000用户 1-664
2026-07-17 19:35:44,884 INFO o.a.j.t.JMeterThread: Thread is done: 秒杀线程组：1000用户 1-659
2026-07-17 19:35:44,884 INFO o.a.j.t.JMeterThread: Thread finished: 秒杀线程组：1000用户 1-659
2026-07-17 19:35:44,884 INFO o.a.j.t.JMeterThread: Thread is done: 秒杀线程组：1000用户 1-669
2026-07-17 19:35:44,884 INFO o.a.j.t.JMeterThread: Thread finished: 秒杀线程组：1000用户 1-669
2026-07-17 19:35:44,884 INFO o.a.j.t.JMeterThread: Thread is done: 秒杀线程组：1000用户 1-675
2026-07-17 19:35:44,885 INFO o.a.j.t.JMeterThread: Thread finished: 秒杀线程组：1000用户 1-675
2026-07-17 19:35:44,885 INFO o.a.j.t.JMeterThread: Thread is done: 秒杀线程组：1000用户 1-41
2026-07-17 19:35:44,885 INFO o.a.j.t.JMeterThread: Thread finished: 秒杀线程组：1000用户 1-41
2026-07-17 19:35:44,880 INFO o.a.j.t.JMeterThread: Thread is done: 秒杀线程组：1000用户 1-708
2026-07-17 19:35:44,885 INFO o.a.j.t.JMeterThread: Thread is done: 秒杀线程组：1000用户 1-147
2026-07-17 19:35:44,880 INFO o.a.j.t.JMeterThread: Thread finished: 秒杀线程组：1000用户 1-666
2026-07-17 19:35:44,885 INFO o.a.j.t.JMeterThread: Thread finished: 秒杀线程组：1000用户 1-147
2026-07-17 19:35:44,885 INFO o.a.j.t.JMeterThread: Thread is done: 秒杀线程组：1000用户 1-121
2026-07-17 19:35:44,886 INFO o.a.j.t.JMeterThread: Thread finished: 秒杀线程组：1000用户 1-708
2026-07-17 19:35:44,885 INFO o.a.j.t.JMeterThread: Thread is done: 秒杀线程组：1000用户 1-152
2026-07-17 19:35:44,886 INFO o.a.j.t.JMeterThread: Thread finished: 秒杀线程组：1000用户 1-121
2026-07-17 19:35:44,886 INFO o.a.j.t.JMeterThread: Thread is done: 秒杀线程组：1000用户 1-686
2026-07-17 19:35:44,884 INFO o.a.j.t.JMeterThread: Thread finished: 秒杀线程组：1000用户 1-713
2026-07-17 19:35:44,886 INFO o.a.j.t.JMeterThread: Thread is done: 秒杀线程组：1000用户 1-109
2026-07-17 19:35:44,886 INFO o.a.j.t.JMeterThread: Thread is done: 秒杀线程组：1000用户 1-657
2026-07-17 19:35:44,884 INFO o.a.j.t.JMeterThread: Thread is done: 秒杀线程组：1000用户 1-619
2026-07-17 19:35:44,886 INFO o.a.j.t.JMeterThread: Thread finished: 秒杀线程组：1000用户 1-109
2026-07-17 19:35:44,884 INFO o.a.j.t.JMeterThread: Thread is done: 秒杀线程组：1000用户 1-287
2026-07-17 19:35:44,883 INFO o.a.j.t.JMeterThread: Thread is done: 秒杀线程组：1000用户 1-706
2026-07-17 19:35:44,886 INFO o.a.j.t.JMeterThread: Thread is done: 秒杀线程组：1000用户 1-687
2026-07-17 19:35:44,886 INFO o.a.j.t.JMeterThread: Thread finished: 秒杀线程组：1000用户 1-687
2026-07-17 19:35:44,883 INFO o.a.j.t.JMeterThread: Thread finished: 秒杀线程组：1000用户 1-653
2026-07-17 19:35:44,883 INFO o.a.j.t.JMeterThread: Thread finished: 秒杀线程组：1000用户 1-679
2026-07-17 19:35:44,883 INFO o.a.j.t.JMeterThread: Thread is done: 秒杀线程组：1000用户 1-668
2026-07-17 19:35:44,883 INFO o.a.j.t.JMeterThread: Thread is done: 秒杀线程组：1000用户 1-667
2026-07-17 19:35:44,883 INFO o.a.j.t.JMeterThread: Thread finished: 秒杀线程组：1000用户 1-387
2026-07-17 19:35:44,886 INFO o.a.j.t.JMeterThread: Thread is done: 秒杀线程组：1000用户 1-593
2026-07-17 19:35:44,886 INFO o.a.j.t.JMeterThread: Thread finished: 秒杀线程组：1000用户 1-593
2026-07-17 19:35:44,883 INFO o.a.j.t.JMeterThread: Thread finished: 秒杀线程组：1000用户 1-678
2026-07-17 19:35:44,883 INFO o.a.j.t.JMeterThread: Thread is done: 秒杀线程组：1000用户 1-634
2026-07-17 19:35:44,886 INFO o.a.j.t.JMeterThread: Thread finished: 秒杀线程组：1000用户 1-634
2026-07-17 19:35:44,886 INFO o.a.j.t.JMeterThread: Thread is done: 秒杀线程组：1000用户 1-747
2026-07-17 19:35:44,887 INFO o.a.j.t.JMeterThread: Thread finished: 秒杀线程组：1000用户 1-747
2026-07-17 19:35:44,887 INFO o.a.j.t.JMeterThread: Thread is done: 秒杀线程组：1000用户 1-94
2026-07-17 19:35:44,887 INFO o.a.j.t.JMeterThread: Thread finished: 秒杀线程组：1000用户 1-94
2026-07-17 19:35:44,887 INFO o.a.j.t.JMeterThread: Thread is done: 秒杀线程组：1000用户 1-745
2026-07-17 19:35:44,887 INFO o.a.j.t.JMeterThread: Thread finished: 秒杀线程组：1000用户 1-745
2026-07-17 19:35:44,883 INFO o.a.j.t.JMeterThread: Thread is done: 秒杀线程组：1000用户 1-376
2026-07-17 19:35:44,887 INFO o.a.j.t.JMeterThread: Thread finished: 秒杀线程组：1000用户 1-376
2026-07-17 19:35:44,883 INFO o.a.j.t.JMeterThread: Thread finished: 秒杀线程组：1000用户 1-707
2026-07-17 19:35:44,882 INFO o.a.j.t.JMeterThread: Thread finished: 秒杀线程组：1000用户 1-684
2026-07-17 19:35:44,887 INFO o.a.j.t.JMeterThread: Thread finished: 秒杀线程组：1000用户 1-740
2026-07-17 19:35:44,882 INFO o.a.j.t.JMeterThread: Thread finished: 秒杀线程组：1000用户 1-395
2026-07-17 19:35:44,882 INFO o.a.j.t.JMeterThread: Thread is done: 秒杀线程组：1000用户 1-399
2026-07-17 19:35:44,887 INFO o.a.j.t.JMeterThread: Thread finished: 秒杀线程组：1000用户 1-724
2026-07-17 19:35:44,882 INFO o.a.j.t.JMeterThread: Thread finished: 秒杀线程组：1000用户 1-717
2026-07-17 19:35:44,887 INFO o.a.j.t.JMeterThread: Thread is done: 秒杀线程组：1000用户 1-646
2026-07-17 19:35:44,887 INFO o.a.j.t.JMeterThread: Thread finished: 秒杀线程组：1000用户 1-646
2026-07-17 19:35:44,882 INFO o.a.j.t.JMeterThread: Thread finished: 秒杀线程组：1000用户 1-608
2026-07-17 19:35:44,882 INFO o.a.j.t.JMeterThread: Thread is done: 秒杀线程组：1000用户 1-725
2026-07-17 19:35:44,887 INFO o.a.j.t.JMeterThread: Thread is done: 秒杀线程组：1000用户 1-673
2026-07-17 19:35:44,887 INFO o.a.j.t.JMeterThread: Thread finished: 秒杀线程组：1000用户 1-673
2026-07-17 19:35:44,887 INFO o.a.j.t.JMeterThread: Thread finished: 秒杀线程组：1000用户 1-399
2026-07-17 19:35:44,887 INFO o.a.j.t.JMeterThread: Thread is done: 秒杀线程组：1000用户 1-752
2026-07-17 19:35:44,887 INFO o.a.j.t.JMeterThread: Thread finished: 秒杀线程组：1000用户 1-752
2026-07-17 19:35:44,887 INFO o.a.j.t.JMeterThread: Thread is done: 秒杀线程组：1000用户 1-739
2026-07-17 19:35:44,887 INFO o.a.j.t.JMeterThread: Thread finished: 秒杀线程组：1000用户 1-739
2026-07-17 19:35:44,887 INFO o.a.j.t.JMeterThread: Thread is done: 秒杀线程组：1000用户 1-671
2026-07-17 19:35:44,887 INFO o.a.j.t.JMeterThread: Thread is done: 秒杀线程组：1000用户 1-647
2026-07-17 19:35:44,887 INFO o.a.j.t.JMeterThread: Thread finished: 秒杀线程组：1000用户 1-647
2026-07-17 19:35:44,886 INFO o.a.j.t.JMeterThread: Thread is done: 秒杀线程组：1000用户 1-741
2026-07-17 19:35:44,886 INFO o.a.j.t.JMeterThread: Thread is done: 秒杀线程组：1000用户 1-751
2026-07-17 19:35:44,886 INFO o.a.j.t.JMeterThread: Thread finished: 秒杀线程组：1000用户 1-667
2026-07-17 19:35:44,887 INFO o.a.j.t.JMeterThread: Thread is done: 秒杀线程组：1000用户 1-652
2026-07-17 19:35:44,886 INFO o.a.j.t.JMeterThread: Thread finished: 秒杀线程组：1000用户 1-668
2026-07-17 19:35:44,888 INFO o.a.j.t.JMeterThread: Thread is done: 秒杀线程组：1000用户 1-645
2026-07-17 19:35:44,888 INFO o.a.j.t.JMeterThread: Thread finished: 秒杀线程组：1000用户 1-645
2026-07-17 19:35:44,888 INFO o.a.j.t.JMeterThread: Thread is done: 秒杀线程组：1000用户 1-126
2026-07-17 19:35:44,888 INFO o.a.j.t.JMeterThread: Thread finished: 秒杀线程组：1000用户 1-126
2026-07-17 19:35:44,888 INFO o.a.j.t.JMeterThread: Thread is done: 秒杀线程组：1000用户 1-641
2026-07-17 19:35:44,888 INFO o.a.j.t.JMeterThread: Thread finished: 秒杀线程组：1000用户 1-641
2026-07-17 19:35:44,886 INFO o.a.j.t.JMeterThread: Thread finished: 秒杀线程组：1000用户 1-706
2026-07-17 19:35:44,886 INFO o.a.j.t.JMeterThread: Thread finished: 秒杀线程组：1000用户 1-287
2026-07-17 19:35:44,889 INFO o.a.j.t.JMeterThread: Thread finished: 秒杀线程组：1000用户 1-619
2026-07-17 19:35:44,889 INFO o.a.j.t.JMeterThread: Thread is done: 秒杀线程组：1000用户 1-744
2026-07-17 19:35:44,889 INFO o.a.j.t.JMeterThread: Thread finished: 秒杀线程组：1000用户 1-744
2026-07-17 19:35:44,890 INFO o.a.j.t.JMeterThread: Thread is done: 秒杀线程组：1000用户 1-627
2026-07-17 19:35:44,890 INFO o.a.j.t.JMeterThread: Thread finished: 秒杀线程组：1000用户 1-627
2026-07-17 19:35:44,890 INFO o.a.j.t.JMeterThread: Thread is done: 秒杀线程组：1000用户 1-702
2026-07-17 19:35:44,890 INFO o.a.j.t.JMeterThread: Thread finished: 秒杀线程组：1000用户 1-702
2026-07-17 19:35:44,890 INFO o.a.j.t.JMeterThread: Thread is done: 秒杀线程组：1000用户 1-688
2026-07-17 19:35:44,890 INFO o.a.j.t.JMeterThread: Thread finished: 秒杀线程组：1000用户 1-688
2026-07-17 19:35:44,886 INFO o.a.j.t.JMeterThread: Thread is done: 秒杀线程组：1000用户 1-683
2026-07-17 19:35:44,890 INFO o.a.j.t.JMeterThread: Thread finished: 秒杀线程组：1000用户 1-683
2026-07-17 19:35:44,890 INFO o.a.j.t.JMeterThread: Thread is done: 秒杀线程组：1000用户 1-638
2026-07-17 19:35:44,890 INFO o.a.j.t.JMeterThread: Thread finished: 秒杀线程组：1000用户 1-638
2026-07-17 19:35:44,890 INFO o.a.j.t.JMeterThread: Thread is done: 秒杀线程组：1000用户 1-622
2026-07-17 19:35:44,890 INFO o.a.j.t.JMeterThread: Thread finished: 秒杀线程组：1000用户 1-622
2026-07-17 19:35:44,886 INFO o.a.j.t.JMeterThread: Thread finished: 秒杀线程组：1000用户 1-686
2026-07-17 19:35:44,890 INFO o.a.j.t.JMeterThread: Thread is done: 秒杀线程组：1000用户 1-721
2026-07-17 19:35:44,890 INFO o.a.j.t.JMeterThread: Thread finished: 秒杀线程组：1000用户 1-721
2026-07-17 19:35:44,890 INFO o.a.j.t.JMeterThread: Thread is done: 秒杀线程组：1000用户 1-777
2026-07-17 19:35:44,890 INFO o.a.j.t.JMeterThread: Thread finished: 秒杀线程组：1000用户 1-777
2026-07-17 19:35:44,890 INFO o.a.j.t.JMeterThread: Thread finished: 秒杀线程组：1000用户 1-657
2026-07-17 19:35:44,890 INFO o.a.j.t.JMeterThread: Thread is done: 秒杀线程组：1000用户 1-637
2026-07-17 19:35:44,890 INFO o.a.j.t.JMeterThread: Thread finished: 秒杀线程组：1000用户 1-637
2026-07-17 19:35:44,890 INFO o.a.j.t.JMeterThread: Thread finished: 秒杀线程组：1000用户 1-152
2026-07-17 19:35:44,890 INFO o.a.j.t.JMeterThread: Thread is done: 秒杀线程组：1000用户 1-632
2026-07-17 19:35:44,890 INFO o.a.j.t.JMeterThread: Thread finished: 秒杀线程组：1000用户 1-632
2026-07-17 19:35:44,888 INFO o.a.j.t.JMeterThread: Thread is done: 秒杀线程组：1000用户 1-651
2026-07-17 19:35:44,890 INFO o.a.j.t.JMeterThread: Thread finished: 秒杀线程组：1000用户 1-651
2026-07-17 19:35:44,888 INFO o.a.j.t.JMeterThread: Thread is done: 秒杀线程组：1000用户 1-674
2026-07-17 19:35:44,891 INFO o.a.j.t.JMeterThread: Thread finished: 秒杀线程组：1000用户 1-674
2026-07-17 19:35:44,888 INFO o.a.j.t.JMeterThread: Thread finished: 秒杀线程组：1000用户 1-652
2026-07-17 19:35:44,891 INFO o.a.j.t.JMeterThread: Thread is done: 秒杀线程组：1000用户 1-690
2026-07-17 19:35:44,887 INFO o.a.j.t.JMeterThread: Thread finished: 秒杀线程组：1000用户 1-751
2026-07-17 19:35:44,891 INFO o.a.j.t.JMeterThread: Thread finished: 秒杀线程组：1000用户 1-690
2026-07-17 19:35:44,891 INFO o.a.j.t.JMeterThread: Thread is done: 秒杀线程组：1000用户 1-181
2026-07-17 19:35:44,891 INFO o.a.j.t.JMeterThread: Thread finished: 秒杀线程组：1000用户 1-181
2026-07-17 19:35:44,891 INFO o.a.j.t.JMeterThread: Thread is done: 秒杀线程组：1000用户 1-142
2026-07-17 19:35:44,887 INFO o.a.j.t.JMeterThread: Thread finished: 秒杀线程组：1000用户 1-741
2026-07-17 19:35:44,891 INFO o.a.j.t.JMeterThread: Thread finished: 秒杀线程组：1000用户 1-142
2026-07-17 19:35:44,887 INFO o.a.j.t.JMeterThread: Thread is done: 秒杀线程组：1000用户 1-654
2026-07-17 19:35:44,891 INFO o.a.j.t.JMeterThread: Thread is done: 秒杀线程组：1000用户 1-20
2026-07-17 19:35:44,887 INFO o.a.j.t.JMeterThread: Thread is done: 秒杀线程组：1000用户 1-656
2026-07-17 19:35:44,891 INFO o.a.j.t.JMeterThread: Thread finished: 秒杀线程组：1000用户 1-20
2026-07-17 19:35:44,887 INFO o.a.j.t.JMeterThread: Thread finished: 秒杀线程组：1000用户 1-725
2026-07-17 19:35:44,891 INFO o.a.j.t.JMeterThread: Thread finished: 秒杀线程组：1000用户 1-671
2026-07-17 19:35:44,891 INFO o.a.j.t.JMeterThread: Thread finished: 秒杀线程组：1000用户 1-654
2026-07-17 19:35:44,891 INFO o.a.j.t.JMeterThread: Thread is done: 秒杀线程组：1000用户 1-766
2026-07-17 19:35:44,892 INFO o.a.j.t.JMeterThread: Thread is done: 秒杀线程组：1000用户 1-697
2026-07-17 19:35:44,892 INFO o.a.j.t.JMeterThread: Thread finished: 秒杀线程组：1000用户 1-697
2026-07-17 19:35:44,892 INFO o.a.j.t.JMeterThread: Thread is done: 秒杀线程组：1000用户 1-700
2026-07-17 19:35:44,892 INFO o.a.j.t.JMeterThread: Thread finished: 秒杀线程组：1000用户 1-700
2026-07-17 19:35:44,892 INFO o.a.j.t.JMeterThread: Thread is done: 秒杀线程组：1000用户 1-727
2026-07-17 19:35:44,892 INFO o.a.j.t.JMeterThread: Thread is done: 秒杀线程组：1000用户 1-736
2026-07-17 19:35:44,891 INFO o.a.j.t.JMeterThread: Thread is done: 秒杀线程组：1000用户 1-750
2026-07-17 19:35:44,892 INFO o.a.j.t.JMeterThread: Thread is done: 秒杀线程组：1000用户 1-39
2026-07-17 19:35:44,891 INFO o.a.j.t.JMeterThread: Thread is done: 秒杀线程组：1000用户 1-691
2026-07-17 19:35:44,891 INFO o.a.j.t.JMeterThread: Thread is done: 秒杀线程组：1000用户 1-676
2026-07-17 19:35:44,890 INFO o.a.j.t.JMeterThread: Thread is done: 秒杀线程组：1000用户 1-722
2026-07-17 19:35:44,892 INFO o.a.j.t.JMeterThread: Thread finished: 秒杀线程组：1000用户 1-691
2026-07-17 19:35:44,892 INFO o.a.j.t.JMeterThread: Thread finished: 秒杀线程组：1000用户 1-750
2026-07-17 19:35:44,892 INFO o.a.j.t.JMeterThread: Thread is done: 秒杀线程组：1000用户 1-59
2026-07-17 19:35:44,892 INFO o.a.j.t.JMeterThread: Thread finished: 秒杀线程组：1000用户 1-727
2026-07-17 19:35:44,892 INFO o.a.j.t.JMeterThread: Thread finished: 秒杀线程组：1000用户 1-766
2026-07-17 19:35:44,892 INFO o.a.j.t.JMeterThread: Thread finished: 秒杀线程组：1000用户 1-736
2026-07-17 19:35:44,892 INFO o.a.j.t.JMeterThread: Thread is done: 秒杀线程组：1000用户 1-129
2026-07-17 19:35:44,892 INFO o.a.j.t.JMeterThread: Thread is done: 秒杀线程组：1000用户 1-692
2026-07-17 19:35:44,892 INFO o.a.j.t.JMeterThread: Thread finished: 秒杀线程组：1000用户 1-129
2026-07-17 19:35:44,891 INFO o.a.j.t.JMeterThread: Thread is done: 秒杀线程组：1000用户 1-705
2026-07-17 19:35:44,892 INFO o.a.j.t.JMeterThread: Thread finished: 秒杀线程组：1000用户 1-705
2026-07-17 19:35:44,891 INFO o.a.j.t.JMeterThread: Thread is done: 秒杀线程组：1000用户 1-710
2026-07-17 19:35:44,891 INFO o.a.j.t.JMeterThread: Thread finished: 秒杀线程组：1000用户 1-656
2026-07-17 19:35:44,892 INFO o.a.j.t.JMeterThread: Thread finished: 秒杀线程组：1000用户 1-39
2026-07-17 19:35:44,892 INFO o.a.j.t.JMeterThread: Thread is done: 秒杀线程组：1000用户 1-663
2026-07-17 19:35:44,892 INFO o.a.j.t.JMeterThread: Thread is done: 秒杀线程组：1000用户 1-73
2026-07-17 19:35:44,892 INFO o.a.j.t.JMeterThread: Thread finished: 秒杀线程组：1000用户 1-59
2026-07-17 19:35:44,892 INFO o.a.j.t.JMeterThread: Thread finished: 秒杀线程组：1000用户 1-73
2026-07-17 19:35:44,892 INFO o.a.j.t.JMeterThread: Thread is done: 秒杀线程组：1000用户 1-715
2026-07-17 19:35:44,893 INFO o.a.j.t.JMeterThread: Thread finished: 秒杀线程组：1000用户 1-715
2026-07-17 19:35:44,892 INFO o.a.j.t.JMeterThread: Thread finished: 秒杀线程组：1000用户 1-722
2026-07-17 19:35:44,892 INFO o.a.j.t.JMeterThread: Thread finished: 秒杀线程组：1000用户 1-676
2026-07-17 19:35:44,893 INFO o.a.j.t.JMeterThread: Thread is done: 秒杀线程组：1000用户 1-735
2026-07-17 19:35:44,893 INFO o.a.j.t.JMeterThread: Thread finished: 秒杀线程组：1000用户 1-735
2026-07-17 19:35:44,893 INFO o.a.j.t.JMeterThread: Thread is done: 秒杀线程组：1000用户 1-606
2026-07-17 19:35:44,893 INFO o.a.j.t.JMeterThread: Thread is done: 秒杀线程组：1000用户 1-4
2026-07-17 19:35:44,893 INFO o.a.j.t.JMeterThread: Thread finished: 秒杀线程组：1000用户 1-606
2026-07-17 19:35:44,893 INFO o.a.j.t.JMeterThread: Thread is done: 秒杀线程组：1000用户 1-629
2026-07-17 19:35:44,893 INFO o.a.j.t.JMeterThread: Thread finished: 秒杀线程组：1000用户 1-629
2026-07-17 19:35:44,892 INFO o.a.j.t.JMeterThread: Thread finished: 秒杀线程组：1000用户 1-663
2026-07-17 19:35:44,892 INFO o.a.j.t.JMeterThread: Thread finished: 秒杀线程组：1000用户 1-692
2026-07-17 19:35:44,892 INFO o.a.j.t.JMeterThread: Thread finished: 秒杀线程组：1000用户 1-710
2026-07-17 19:35:44,893 INFO o.a.j.t.JMeterThread: Thread finished: 秒杀线程组：1000用户 1-4
2026-07-17 19:35:44,893 INFO o.a.j.t.JMeterThread: Thread is done: 秒杀线程组：1000用户 1-756
2026-07-17 19:35:44,893 INFO o.a.j.t.JMeterThread: Thread is done: 秒杀线程组：1000用户 1-616
2026-07-17 19:35:44,893 INFO o.a.j.t.JMeterThread: Thread finished: 秒杀线程组：1000用户 1-616
2026-07-17 19:35:44,893 INFO o.a.j.t.JMeterThread: Thread is done: 秒杀线程组：1000用户 1-755
2026-07-17 19:35:44,893 INFO o.a.j.t.JMeterThread: Thread is done: 秒杀线程组：1000用户 1-782
2026-07-17 19:35:44,893 INFO o.a.j.t.JMeterThread: Thread finished: 秒杀线程组：1000用户 1-756
2026-07-17 19:35:44,893 INFO o.a.j.t.JMeterThread: Thread finished: 秒杀线程组：1000用户 1-782
2026-07-17 19:35:44,893 INFO o.a.j.t.JMeterThread: Thread is done: 秒杀线程组：1000用户 1-38
2026-07-17 19:35:44,893 INFO o.a.j.t.JMeterThread: Thread finished: 秒杀线程组：1000用户 1-755
2026-07-17 19:35:44,893 INFO o.a.j.t.JMeterThread: Thread finished: 秒杀线程组：1000用户 1-38
2026-07-17 19:35:44,893 INFO o.a.j.t.JMeterThread: Thread is done: 秒杀线程组：1000用户 1-631
2026-07-17 19:35:44,893 INFO o.a.j.t.JMeterThread: Thread is done: 秒杀线程组：1000用户 1-618
2026-07-17 19:35:44,893 INFO o.a.j.t.JMeterThread: Thread finished: 秒杀线程组：1000用户 1-618
2026-07-17 19:35:44,893 INFO o.a.j.t.JMeterThread: Thread is done: 秒杀线程组：1000用户 1-2
2026-07-17 19:35:44,893 INFO o.a.j.t.JMeterThread: Thread finished: 秒杀线程组：1000用户 1-2
2026-07-17 19:35:44,893 INFO o.a.j.t.JMeterThread: Thread is done: 秒杀线程组：1000用户 1-69
2026-07-17 19:35:44,895 INFO o.a.j.t.JMeterThread: Thread finished: 秒杀线程组：1000用户 1-69
2026-07-17 19:35:44,893 INFO o.a.j.t.JMeterThread: Thread is done: 秒杀线程组：1000用户 1-130
2026-07-17 19:35:44,893 INFO o.a.j.t.JMeterThread: Thread is done: 秒杀线程组：1000用户 1-15
2026-07-17 19:35:44,895 INFO o.a.j.t.JMeterThread: Thread finished: 秒杀线程组：1000用户 1-130
2026-07-17 19:35:44,893 INFO o.a.j.t.JMeterThread: Thread finished: 秒杀线程组：1000用户 1-631
2026-07-17 19:35:44,895 INFO o.a.j.t.JMeterThread: Thread is done: 秒杀线程组：1000用户 1-737
2026-07-17 19:35:44,895 INFO o.a.j.t.JMeterThread: Thread is done: 秒杀线程组：1000用户 1-183
2026-07-17 19:35:44,895 INFO o.a.j.t.JMeterThread: Thread finished: 秒杀线程组：1000用户 1-183
2026-07-17 19:35:44,895 INFO o.a.j.t.JMeterThread: Thread finished: 秒杀线程组：1000用户 1-737
2026-07-17 19:35:44,895 INFO o.a.j.t.JMeterThread: Thread is done: 秒杀线程组：1000用户 1-178
2026-07-17 19:35:44,895 INFO o.a.j.t.JMeterThread: Thread finished: 秒杀线程组：1000用户 1-178
2026-07-17 19:35:44,895 INFO o.a.j.t.JMeterThread: Thread is done: 秒杀线程组：1000用户 1-128
2026-07-17 19:35:44,895 INFO o.a.j.t.JMeterThread: Thread is done: 秒杀线程组：1000用户 1-179
2026-07-17 19:35:44,895 INFO o.a.j.t.JMeterThread: Thread finished: 秒杀线程组：1000用户 1-179
2026-07-17 19:35:44,895 INFO o.a.j.t.JMeterThread: Thread is done: 秒杀线程组：1000用户 1-63
2026-07-17 19:35:44,895 INFO o.a.j.t.JMeterThread: Thread is done: 秒杀线程组：1000用户 1-649
2026-07-17 19:35:44,896 INFO o.a.j.t.JMeterThread: Thread finished: 秒杀线程组：1000用户 1-649
2026-07-17 19:35:44,896 INFO o.a.j.t.JMeterThread: Thread is done: 秒杀线程组：1000用户 1-72
2026-07-17 19:35:44,895 INFO o.a.j.t.JMeterThread: Thread finished: 秒杀线程组：1000用户 1-15
2026-07-17 19:35:44,896 INFO o.a.j.t.JMeterThread: Thread finished: 秒杀线程组：1000用户 1-72
2026-07-17 19:35:44,895 INFO o.a.j.t.JMeterThread: Thread is done: 秒杀线程组：1000用户 1-603
2026-07-17 19:35:44,895 INFO o.a.j.t.JMeterThread: Thread finished: 秒杀线程组：1000用户 1-63
2026-07-17 19:35:44,895 INFO o.a.j.t.JMeterThread: Thread finished: 秒杀线程组：1000用户 1-128
2026-07-17 19:35:44,896 INFO o.a.j.t.JMeterThread: Thread finished: 秒杀线程组：1000用户 1-603
2026-07-17 19:35:44,896 INFO o.a.j.t.JMeterThread: Thread is done: 秒杀线程组：1000用户 1-159
2026-07-17 19:35:44,896 INFO o.a.j.t.JMeterThread: Thread finished: 秒杀线程组：1000用户 1-159
2026-07-17 19:35:44,896 INFO o.a.j.t.JMeterThread: Thread is done: 秒杀线程组：1000用户 1-34
2026-07-17 19:35:44,896 INFO o.a.j.t.JMeterThread: Thread finished: 秒杀线程组：1000用户 1-34
2026-07-17 19:35:44,896 INFO o.a.j.t.JMeterThread: Thread is done: 秒杀线程组：1000用户 1-144
2026-07-17 19:35:44,896 INFO o.a.j.t.JMeterThread: Thread is done: 秒杀线程组：1000用户 1-187
2026-07-17 19:35:44,896 INFO o.a.j.t.JMeterThread: Thread finished: 秒杀线程组：1000用户 1-144
2026-07-17 19:35:44,896 INFO o.a.j.t.JMeterThread: Thread finished: 秒杀线程组：1000用户 1-187
2026-07-17 19:35:44,896 INFO o.a.j.t.JMeterThread: Thread is done: 秒杀线程组：1000用户 1-193
2026-07-17 19:35:44,896 INFO o.a.j.t.JMeterThread: Thread finished: 秒杀线程组：1000用户 1-193
2026-07-17 19:35:44,896 INFO o.a.j.t.JMeterThread: Thread is done: 秒杀线程组：1000用户 1-729
2026-07-17 19:35:44,896 INFO o.a.j.t.JMeterThread: Thread finished: 秒杀线程组：1000用户 1-729
2026-07-17 19:35:44,896 INFO o.a.j.t.JMeterThread: Thread is done: 秒杀线程组：1000用户 1-728
2026-07-17 19:35:44,896 INFO o.a.j.t.JMeterThread: Thread finished: 秒杀线程组：1000用户 1-728
2026-07-17 19:35:44,896 INFO o.a.j.t.JMeterThread: Thread is done: 秒杀线程组：1000用户 1-33
2026-07-17 19:35:44,896 INFO o.a.j.t.JMeterThread: Thread finished: 秒杀线程组：1000用户 1-33
2026-07-17 19:35:44,896 INFO o.a.j.t.JMeterThread: Thread is done: 秒杀线程组：1000用户 1-734
2026-07-17 19:35:44,896 INFO o.a.j.t.JMeterThread: Thread is done: 秒杀线程组：1000用户 1-642
2026-07-17 19:35:44,898 INFO o.a.j.t.JMeterThread: Thread finished: 秒杀线程组：1000用户 1-642
2026-07-17 19:35:44,898 INFO o.a.j.t.JMeterThread: Thread is done: 秒杀线程组：1000用户 1-612
2026-07-17 19:35:44,898 INFO o.a.j.t.JMeterThread: Thread is done: 秒杀线程组：1000用户 1-195
2026-07-17 19:35:44,898 INFO o.a.j.t.JMeterThread: Thread is done: 秒杀线程组：1000用户 1-748
2026-07-17 19:35:44,898 INFO o.a.j.t.JMeterThread: Thread finished: 秒杀线程组：1000用户 1-748
2026-07-17 19:35:44,898 INFO o.a.j.t.JMeterThread: Thread is done: 秒杀线程组：1000用户 1-749
2026-07-17 19:35:44,896 INFO o.a.j.t.JMeterThread: Thread finished: 秒杀线程组：1000用户 1-734
2026-07-17 19:35:44,898 INFO o.a.j.t.JMeterThread: Thread finished: 秒杀线程组：1000用户 1-749
2026-07-17 19:35:44,898 INFO o.a.j.t.JMeterThread: Thread finished: 秒杀线程组：1000用户 1-195
2026-07-17 19:35:44,898 INFO o.a.j.t.JMeterThread: Thread is done: 秒杀线程组：1000用户 1-753
2026-07-17 19:35:44,898 INFO o.a.j.t.JMeterThread: Thread finished: 秒杀线程组：1000用户 1-753
2026-07-17 19:35:44,898 INFO o.a.j.t.JMeterThread: Thread is done: 秒杀线程组：1000用户 1-617
2026-07-17 19:35:44,898 INFO o.a.j.t.JMeterThread: Thread finished: 秒杀线程组：1000用户 1-617
2026-07-17 19:35:44,898 INFO o.a.j.t.JMeterThread: Thread is done: 秒杀线程组：1000用户 1-665
2026-07-17 19:35:44,899 INFO o.a.j.t.JMeterThread: Thread finished: 秒杀线程组：1000用户 1-665
2026-07-17 19:35:44,899 INFO o.a.j.t.JMeterThread: Thread is done: 秒杀线程组：1000用户 1-186
2026-07-17 19:35:44,899 INFO o.a.j.t.JMeterThread: Thread finished: 秒杀线程组：1000用户 1-186
2026-07-17 19:35:44,899 INFO o.a.j.t.JMeterThread: Thread is done: 秒杀线程组：1000用户 1-742
2026-07-17 19:35:44,898 INFO o.a.j.t.JMeterThread: Thread is done: 秒杀线程组：1000用户 1-132
2026-07-17 19:35:44,899 INFO o.a.j.t.JMeterThread: Thread finished: 秒杀线程组：1000用户 1-742
2026-07-17 19:35:44,899 INFO o.a.j.t.JMeterThread: Thread finished: 秒杀线程组：1000用户 1-132
2026-07-17 19:35:44,899 INFO o.a.j.t.JMeterThread: Thread is done: 秒杀线程组：1000用户 1-71
2026-07-17 19:35:44,899 INFO o.a.j.t.JMeterThread: Thread finished: 秒杀线程组：1000用户 1-71
2026-07-17 19:35:44,899 INFO o.a.j.t.JMeterThread: Thread is done: 秒杀线程组：1000用户 1-685
2026-07-17 19:35:44,899 INFO o.a.j.t.JMeterThread: Thread finished: 秒杀线程组：1000用户 1-685
2026-07-17 19:35:44,899 INFO o.a.j.t.JMeterThread: Thread is done: 秒杀线程组：1000用户 1-156
2026-07-17 19:35:44,899 INFO o.a.j.t.JMeterThread: Thread is done: 秒杀线程组：1000用户 1-96
2026-07-17 19:35:44,899 INFO o.a.j.t.JMeterThread: Thread finished: 秒杀线程组：1000用户 1-96
2026-07-17 19:35:44,899 INFO o.a.j.t.JMeterThread: Thread is done: 秒杀线程组：1000用户 1-56
2026-07-17 19:35:44,900 INFO o.a.j.t.JMeterThread: Thread finished: 秒杀线程组：1000用户 1-56
2026-07-17 19:35:44,898 INFO o.a.j.t.JMeterThread: Thread finished: 秒杀线程组：1000用户 1-612
2026-07-17 19:35:44,900 INFO o.a.j.t.JMeterThread: Thread is done: 秒杀线程组：1000用户 1-807
2026-07-17 19:35:44,899 INFO o.a.j.t.JMeterThread: Thread finished: 秒杀线程组：1000用户 1-156
2026-07-17 19:35:44,900 INFO o.a.j.t.JMeterThread: Thread is done: 秒杀线程组：1000用户 1-805
2026-07-17 19:35:44,900 INFO o.a.j.t.JMeterThread: Thread finished: 秒杀线程组：1000用户 1-805
2026-07-17 19:35:44,900 INFO o.a.j.t.JMeterThread: Thread is done: 秒杀线程组：1000用户 1-123
2026-07-17 19:35:44,900 INFO o.a.j.t.JMeterThread: Thread finished: 秒杀线程组：1000用户 1-123
2026-07-17 19:35:44,900 INFO o.a.j.t.JMeterThread: Thread is done: 秒杀线程组：1000用户 1-133
2026-07-17 19:35:44,900 INFO o.a.j.t.JMeterThread: Thread finished: 秒杀线程组：1000用户 1-133
2026-07-17 19:35:44,900 INFO o.a.j.t.JMeterThread: Thread is done: 秒杀线程组：1000用户 1-859
2026-07-17 19:35:44,900 INFO o.a.j.t.JMeterThread: Thread is done: 秒杀线程组：1000用户 1-682
2026-07-17 19:35:44,900 INFO o.a.j.t.JMeterThread: Thread is done: 秒杀线程组：1000用户 1-655
2026-07-17 19:35:44,900 INFO o.a.j.t.JMeterThread: Thread is done: 秒杀线程组：1000用户 1-7
2026-07-17 19:35:44,900 INFO o.a.j.t.JMeterThread: Thread finished: 秒杀线程组：1000用户 1-655
2026-07-17 19:35:44,900 INFO o.a.j.t.JMeterThread: Thread is done: 秒杀线程组：1000用户 1-648
2026-07-17 19:35:44,900 INFO o.a.j.t.JMeterThread: Thread finished: 秒杀线程组：1000用户 1-807
2026-07-17 19:35:44,900 INFO o.a.j.t.JMeterThread: Thread finished: 秒杀线程组：1000用户 1-648
2026-07-17 19:35:44,900 INFO o.a.j.t.JMeterThread: Thread is done: 秒杀线程组：1000用户 1-157
2026-07-17 19:35:44,900 INFO o.a.j.t.JMeterThread: Thread is done: 秒杀线程组：1000用户 1-819
2026-07-17 19:35:44,900 INFO o.a.j.t.JMeterThread: Thread finished: 秒杀线程组：1000用户 1-157
2026-07-17 19:35:44,900 INFO o.a.j.t.JMeterThread: Thread is done: 秒杀线程组：1000用户 1-835
2026-07-17 19:35:44,900 INFO o.a.j.t.JMeterThread: Thread finished: 秒杀线程组：1000用户 1-835
2026-07-17 19:35:44,900 INFO o.a.j.t.JMeterThread: Thread is done: 秒杀线程组：1000用户 1-660
2026-07-17 19:35:44,900 INFO o.a.j.t.JMeterThread: Thread finished: 秒杀线程组：1000用户 1-660
2026-07-17 19:35:44,900 INFO o.a.j.t.JMeterThread: Thread is done: 秒杀线程组：1000用户 1-200
2026-07-17 19:35:44,900 INFO o.a.j.t.JMeterThread: Thread is done: 秒杀线程组：1000用户 1-180
2026-07-17 19:35:44,900 INFO o.a.j.t.JMeterThread: Thread finished: 秒杀线程组：1000用户 1-180
2026-07-17 19:35:44,900 INFO o.a.j.t.JMeterThread: Thread finished: 秒杀线程组：1000用户 1-859
2026-07-17 19:35:44,900 INFO o.a.j.t.JMeterThread: Thread is done: 秒杀线程组：1000用户 1-635
2026-07-17 19:35:44,900 INFO o.a.j.t.JMeterThread: Thread finished: 秒杀线程组：1000用户 1-635
2026-07-17 19:35:44,900 INFO o.a.j.t.JMeterThread: Thread is done: 秒杀线程组：1000用户 1-793
2026-07-17 19:35:44,900 INFO o.a.j.t.JMeterThread: Thread finished: 秒杀线程组：1000用户 1-793
2026-07-17 19:35:44,900 INFO o.a.j.t.JMeterThread: Thread is done: 秒杀线程组：1000用户 1-52
2026-07-17 19:35:44,900 INFO o.a.j.t.JMeterThread: Thread finished: 秒杀线程组：1000用户 1-52
2026-07-17 19:35:44,900 INFO o.a.j.t.JMeterThread: Thread finished: 秒杀线程组：1000用户 1-200
2026-07-17 19:35:44,900 INFO o.a.j.t.JMeterThread: Thread is done: 秒杀线程组：1000用户 1-207
2026-07-17 19:35:44,900 INFO o.a.j.t.JMeterThread: Thread finished: 秒杀线程组：1000用户 1-207
2026-07-17 19:35:44,900 INFO o.a.j.t.JMeterThread: Thread is done: 秒杀线程组：1000用户 1-58
2026-07-17 19:35:44,902 INFO o.a.j.t.JMeterThread: Thread finished: 秒杀线程组：1000用户 1-58
2026-07-17 19:35:44,900 INFO o.a.j.t.JMeterThread: Thread is done: 秒杀线程组：1000用户 1-77
2026-07-17 19:35:44,902 INFO o.a.j.t.JMeterThread: Thread is done: 秒杀线程组：1000用户 1-738
2026-07-17 19:35:44,902 INFO o.a.j.t.JMeterThread: Thread finished: 秒杀线程组：1000用户 1-738
2026-07-17 19:35:44,902 INFO o.a.j.t.JMeterThread: Thread is done: 秒杀线程组：1000用户 1-113
2026-07-17 19:35:44,902 INFO o.a.j.t.JMeterThread: Thread is done: 秒杀线程组：1000用户 1-182
2026-07-17 19:35:44,902 INFO o.a.j.t.JMeterThread: Thread finished: 秒杀线程组：1000用户 1-182
2026-07-17 19:35:44,900 INFO o.a.j.t.JMeterThread: Thread finished: 秒杀线程组：1000用户 1-7
2026-07-17 19:35:44,902 INFO o.a.j.t.JMeterThread: Thread is done: 秒杀线程组：1000用户 1-110
2026-07-17 19:35:44,902 INFO o.a.j.t.JMeterThread: Thread finished: 秒杀线程组：1000用户 1-819
2026-07-17 19:35:44,902 INFO o.a.j.t.JMeterThread: Thread finished: 秒杀线程组：1000用户 1-113
2026-07-17 19:35:44,902 INFO o.a.j.t.JMeterThread: Thread is done: 秒杀线程组：1000用户 1-75
2026-07-17 19:35:44,902 INFO o.a.j.t.JMeterThread: Thread is done: 秒杀线程组：1000用户 1-177
2026-07-17 19:35:44,902 INFO o.a.j.t.JMeterThread: Thread is done: 秒杀线程组：1000用户 1-43
2026-07-17 19:35:44,902 INFO o.a.j.t.JMeterThread: Thread finished: 秒杀线程组：1000用户 1-43
2026-07-17 19:35:44,902 INFO o.a.j.t.JMeterThread: Thread is done: 秒杀线程组：1000用户 1-202
2026-07-17 19:35:44,902 INFO o.a.j.t.JMeterThread: Thread is done: 秒杀线程组：1000用户 1-730
2026-07-17 19:35:44,902 INFO o.a.j.t.JMeterThread: Thread finished: 秒杀线程组：1000用户 1-730
2026-07-17 19:35:44,902 INFO o.a.j.t.JMeterThread: Thread finished: 秒杀线程组：1000用户 1-77
2026-07-17 19:35:44,902 INFO o.a.j.t.JMeterThread: Thread is done: 秒杀线程组：1000用户 1-105
2026-07-17 19:35:44,900 INFO o.a.j.t.JMeterThread: Thread is done: 秒杀线程组：1000用户 1-746
2026-07-17 19:35:44,903 INFO o.a.j.t.JMeterThread: Thread is done: 秒杀线程组：1000用户 1-116
2026-07-17 19:35:44,900 INFO o.a.j.t.JMeterThread: Thread finished: 秒杀线程组：1000用户 1-682
2026-07-17 19:35:44,903 INFO o.a.j.t.JMeterThread: Thread finished: 秒杀线程组：1000用户 1-116
2026-07-17 19:35:44,903 INFO o.a.j.t.JMeterThread: Thread finished: 秒杀线程组：1000用户 1-746
2026-07-17 19:35:44,903 INFO o.a.j.t.JMeterThread: Thread finished: 秒杀线程组：1000用户 1-105
2026-07-17 19:35:44,903 INFO o.a.j.t.JMeterThread: Thread is done: 秒杀线程组：1000用户 1-87
2026-07-17 19:35:44,902 INFO o.a.j.t.JMeterThread: Thread finished: 秒杀线程组：1000用户 1-202
2026-07-17 19:35:44,902 INFO o.a.j.t.JMeterThread: Thread finished: 秒杀线程组：1000用户 1-177
2026-07-17 19:35:44,902 INFO o.a.j.t.JMeterThread: Thread finished: 秒杀线程组：1000用户 1-75
2026-07-17 19:35:44,904 INFO o.a.j.t.JMeterThread: Thread is done: 秒杀线程组：1000用户 1-155
2026-07-17 19:35:44,902 INFO o.a.j.t.JMeterThread: Thread is done: 秒杀线程组：1000用户 1-44
2026-07-17 19:35:44,904 INFO o.a.j.t.JMeterThread: Thread finished: 秒杀线程组：1000用户 1-155
2026-07-17 19:35:44,904 INFO o.a.j.t.JMeterThread: Thread finished: 秒杀线程组：1000用户 1-44
2026-07-17 19:35:44,904 INFO o.a.j.t.JMeterThread: Thread is done: 秒杀线程组：1000用户 1-114
2026-07-17 19:35:44,904 INFO o.a.j.t.JMeterThread: Thread finished: 秒杀线程组：1000用户 1-114
2026-07-17 19:35:44,904 INFO o.a.j.t.JMeterThread: Thread is done: 秒杀线程组：1000用户 1-841
2026-07-17 19:35:44,904 INFO o.a.j.t.JMeterThread: Thread is done: 秒杀线程组：1000用户 1-767
2026-07-17 19:35:44,904 INFO o.a.j.t.JMeterThread: Thread finished: 秒杀线程组：1000用户 1-767
2026-07-17 19:35:44,904 INFO o.a.j.t.JMeterThread: Thread is done: 秒杀线程组：1000用户 1-42
2026-07-17 19:35:44,904 INFO o.a.j.t.JMeterThread: Thread is done: 秒杀线程组：1000用户 1-761
2026-07-17 19:35:44,904 INFO o.a.j.t.JMeterThread: Thread finished: 秒杀线程组：1000用户 1-761
2026-07-17 19:35:44,904 INFO o.a.j.t.JMeterThread: Thread is done: 秒杀线程组：1000用户 1-111
2026-07-17 19:35:44,904 INFO o.a.j.t.JMeterThread: Thread is done: 秒杀线程组：1000用户 1-90
2026-07-17 19:35:44,904 INFO o.a.j.t.JMeterThread: Thread is done: 秒杀线程组：1000用户 1-845
2026-07-17 19:35:44,903 INFO o.a.j.t.JMeterThread: Thread finished: 秒杀线程组：1000用户 1-87
2026-07-17 19:35:44,904 INFO o.a.j.t.JMeterThread: Thread is done: 秒杀线程组：1000用户 1-871
2026-07-17 19:35:44,904 INFO o.a.j.t.JMeterThread: Thread finished: 秒杀线程组：1000用户 1-871
2026-07-17 19:35:44,903 INFO o.a.j.t.JMeterThread: Thread is done: 秒杀线程组：1000用户 1-165
2026-07-17 19:35:44,904 INFO o.a.j.t.JMeterThread: Thread finished: 秒杀线程组：1000用户 1-165
2026-07-17 19:35:44,904 INFO o.a.j.t.JMeterThread: Thread is done: 秒杀线程组：1000用户 1-99
2026-07-17 19:35:44,904 INFO o.a.j.t.JMeterThread: Thread finished: 秒杀线程组：1000用户 1-99
2026-07-17 19:35:44,904 INFO o.a.j.t.JMeterThread: Thread finished: 秒杀线程组：1000用户 1-845
2026-07-17 19:35:44,904 INFO o.a.j.t.JMeterThread: Thread is done: 秒杀线程组：1000用户 1-773
2026-07-17 19:35:44,904 INFO o.a.j.t.JMeterThread: Thread is done: 秒杀线程组：1000用户 1-759
2026-07-17 19:35:44,904 INFO o.a.j.t.JMeterThread: Thread finished: 秒杀线程组：1000用户 1-759
2026-07-17 19:35:44,904 INFO o.a.j.t.JMeterThread: Thread finished: 秒杀线程组：1000用户 1-90
2026-07-17 19:35:44,904 INFO o.a.j.t.JMeterThread: Thread finished: 秒杀线程组：1000用户 1-111
2026-07-17 19:35:44,904 INFO o.a.j.t.JMeterThread: Thread is done: 秒杀线程组：1000用户 1-781
2026-07-17 19:35:44,904 INFO o.a.j.t.JMeterThread: Thread finished: 秒杀线程组：1000用户 1-841
2026-07-17 19:35:44,904 INFO o.a.j.t.JMeterThread: Thread finished: 秒杀线程组：1000用户 1-110
2026-07-17 19:35:44,904 INFO o.a.j.t.JMeterThread: Thread is done: 秒杀线程组：1000用户 1-757
2026-07-17 19:35:44,904 INFO o.a.j.t.JMeterThread: Thread finished: 秒杀线程组：1000用户 1-757
2026-07-17 19:35:44,904 INFO o.a.j.t.JMeterThread: Thread is done: 秒杀线程组：1000用户 1-779
2026-07-17 19:35:44,904 INFO o.a.j.t.JMeterThread: Thread finished: 秒杀线程组：1000用户 1-781
2026-07-17 19:35:44,904 INFO o.a.j.t.JMeterThread: Thread finished: 秒杀线程组：1000用户 1-779
2026-07-17 19:35:44,904 INFO o.a.j.t.JMeterThread: Thread finished: 秒杀线程组：1000用户 1-42
2026-07-17 19:35:44,904 INFO o.a.j.t.JMeterThread: Thread is done: 秒杀线程组：1000用户 1-876
2026-07-17 19:35:44,904 INFO o.a.j.t.JMeterThread: Thread finished: 秒杀线程组：1000用户 1-876
2026-07-17 19:35:44,904 INFO o.a.j.t.JMeterThread: Thread is done: 秒杀线程组：1000用户 1-760
2026-07-17 19:35:44,904 INFO o.a.j.t.JMeterThread: Thread is done: 秒杀线程组：1000用户 1-764
2026-07-17 19:35:44,904 INFO o.a.j.t.JMeterThread: Thread is done: 秒杀线程组：1000用户 1-869
2026-07-17 19:35:44,904 INFO o.a.j.t.JMeterThread: Thread finished: 秒杀线程组：1000用户 1-764
2026-07-17 19:35:44,904 INFO o.a.j.t.JMeterThread: Thread finished: 秒杀线程组：1000用户 1-773
2026-07-17 19:35:44,904 INFO o.a.j.t.JMeterThread: Thread is done: 秒杀线程组：1000用户 1-35
2026-07-17 19:35:44,904 INFO o.a.j.t.JMeterThread: Thread is done: 秒杀线程组：1000用户 1-758
2026-07-17 19:35:44,904 INFO o.a.j.t.JMeterThread: Thread is done: 秒杀线程组：1000用户 1-865
2026-07-17 19:35:44,906 INFO o.a.j.t.JMeterThread: Thread finished: 秒杀线程组：1000用户 1-865
2026-07-17 19:35:44,906 INFO o.a.j.t.JMeterThread: Thread is done: 秒杀线程组：1000用户 1-24
2026-07-17 19:35:44,906 INFO o.a.j.t.JMeterThread: Thread finished: 秒杀线程组：1000用户 1-24
2026-07-17 19:35:44,904 INFO o.a.j.t.JMeterThread: Thread is done: 秒杀线程组：1000用户 1-783
2026-07-17 19:35:44,906 INFO o.a.j.t.JMeterThread: Thread finished: 秒杀线程组：1000用户 1-783
2026-07-17 19:35:44,904 INFO o.a.j.t.JMeterThread: Thread is done: 秒杀线程组：1000用户 1-160
2026-07-17 19:35:44,906 INFO o.a.j.t.JMeterThread: Thread finished: 秒杀线程组：1000用户 1-760
2026-07-17 19:35:44,906 INFO o.a.j.t.JMeterThread: Thread is done: 秒杀线程组：1000用户 1-131
2026-07-17 19:35:44,906 INFO o.a.j.t.JMeterThread: Thread finished: 秒杀线程组：1000用户 1-758
2026-07-17 19:35:44,904 INFO o.a.j.t.JMeterThread: Thread finished: 秒杀线程组：1000用户 1-35
2026-07-17 19:35:44,904 INFO o.a.j.t.JMeterThread: Thread is done: 秒杀线程组：1000用户 1-17
2026-07-17 19:35:44,904 INFO o.a.j.t.JMeterThread: Thread finished: 秒杀线程组：1000用户 1-869
2026-07-17 19:35:44,906 INFO o.a.j.t.JMeterThread: Thread is done: 秒杀线程组：1000用户 1-93
2026-07-17 19:35:44,906 INFO o.a.j.t.JMeterThread: Thread is done: 秒杀线程组：1000用户 1-776
2026-07-17 19:35:44,906 INFO o.a.j.t.JMeterThread: Thread finished: 秒杀线程组：1000用户 1-93
2026-07-17 19:35:44,906 INFO o.a.j.t.JMeterThread: Thread is done: 秒杀线程组：1000用户 1-174
2026-07-17 19:35:44,906 INFO o.a.j.t.JMeterThread: Thread finished: 秒杀线程组：1000用户 1-174
2026-07-17 19:35:44,906 INFO o.a.j.t.JMeterThread: Thread finished: 秒杀线程组：1000用户 1-131
2026-07-17 19:35:44,906 INFO o.a.j.t.JMeterThread: Thread finished: 秒杀线程组：1000用户 1-160
2026-07-17 19:35:44,906 INFO o.a.j.t.JMeterThread: Thread is done: 秒杀线程组：1000用户 1-171
2026-07-17 19:35:44,906 INFO o.a.j.t.JMeterThread: Thread finished: 秒杀线程组：1000用户 1-171
2026-07-17 19:35:44,906 INFO o.a.j.t.JMeterThread: Thread is done: 秒杀线程组：1000用户 1-140
2026-07-17 19:35:44,906 INFO o.a.j.t.JMeterThread: Thread finished: 秒杀线程组：1000用户 1-140
2026-07-17 19:35:44,906 INFO o.a.j.t.JMeterThread: Thread is done: 秒杀线程组：1000用户 1-204
2026-07-17 19:35:44,906 INFO o.a.j.t.JMeterThread: Thread is done: 秒杀线程组：1000用户 1-40
2026-07-17 19:35:44,906 INFO o.a.j.t.JMeterThread: Thread finished: 秒杀线程组：1000用户 1-40
2026-07-17 19:35:44,906 INFO o.a.j.t.JMeterThread: Thread is done: 秒杀线程组：1000用户 1-723
2026-07-17 19:35:44,906 INFO o.a.j.t.JMeterThread: Thread finished: 秒杀线程组：1000用户 1-723
2026-07-17 19:35:44,908 INFO o.a.j.t.JMeterThread: Thread is done: 秒杀线程组：1000用户 1-768
2026-07-17 19:35:44,908 INFO o.a.j.t.JMeterThread: Thread finished: 秒杀线程组：1000用户 1-768
2026-07-17 19:35:44,908 INFO o.a.j.t.JMeterThread: Thread is done: 秒杀线程组：1000用户 1-769
2026-07-17 19:35:44,906 INFO o.a.j.t.JMeterThread: Thread is done: 秒杀线程组：1000用户 1-161
2026-07-17 19:35:44,908 INFO o.a.j.t.JMeterThread: Thread finished: 秒杀线程组：1000用户 1-161
2026-07-17 19:35:44,906 INFO o.a.j.t.JMeterThread: Thread finished: 秒杀线程组：1000用户 1-17
2026-07-17 19:35:44,908 INFO o.a.j.t.JMeterThread: Thread is done: 秒杀线程组：1000用户 1-701
2026-07-17 19:35:44,908 INFO o.a.j.t.JMeterThread: Thread finished: 秒杀线程组：1000用户 1-776
2026-07-17 19:35:44,908 INFO o.a.j.t.JMeterThread: Thread is done: 秒杀线程组：1000用户 1-771
2026-07-17 19:35:44,908 INFO o.a.j.t.JMeterThread: Thread finished: 秒杀线程组：1000用户 1-771
2026-07-17 19:35:44,908 INFO o.a.j.t.JMeterThread: Thread finished: 秒杀线程组：1000用户 1-769
2026-07-17 19:35:44,908 INFO o.a.j.t.JMeterThread: Thread finished: 秒杀线程组：1000用户 1-701
2026-07-17 19:35:44,908 INFO o.a.j.t.JMeterThread: Thread is done: 秒杀线程组：1000用户 1-712
2026-07-17 19:35:44,908 INFO o.a.j.t.JMeterThread: Thread is done: 秒杀线程组：1000用户 1-888
2026-07-17 19:35:44,908 INFO o.a.j.t.JMeterThread: Thread finished: 秒杀线程组：1000用户 1-204
2026-07-17 19:35:44,908 INFO o.a.j.t.JMeterThread: Thread is done: 秒杀线程组：1000用户 1-774
2026-07-17 19:35:44,908 INFO o.a.j.t.JMeterThread: Thread finished: 秒杀线程组：1000用户 1-712
2026-07-17 19:35:44,908 INFO o.a.j.t.JMeterThread: Thread finished: 秒杀线程组：1000用户 1-774
2026-07-17 19:35:44,908 INFO o.a.j.t.JMeterThread: Thread finished: 秒杀线程组：1000用户 1-888
2026-07-17 19:35:44,908 INFO o.a.j.t.JMeterThread: Thread is done: 秒杀线程组：1000用户 1-12
2026-07-17 19:35:44,908 INFO o.a.j.t.JMeterThread: Thread is done: 秒杀线程组：1000用户 1-772
2026-07-17 19:35:44,908 INFO o.a.j.t.JMeterThread: Thread finished: 秒杀线程组：1000用户 1-772
2026-07-17 19:35:44,908 INFO o.a.j.t.JMeterThread: Thread is done: 秒杀线程组：1000用户 1-770
2026-07-17 19:35:44,908 INFO o.a.j.t.JMeterThread: Thread finished: 秒杀线程组：1000用户 1-12
2026-07-17 19:35:44,908 INFO o.a.j.t.JMeterThread: Thread finished: 秒杀线程组：1000用户 1-770
2026-07-17 19:35:44,908 INFO o.a.j.t.JMeterThread: Thread is done: 秒杀线程组：1000用户 1-848
2026-07-17 19:35:44,908 INFO o.a.j.t.JMeterThread: Thread is done: 秒杀线程组：1000用户 1-879
2026-07-17 19:35:44,909 INFO o.a.j.t.JMeterThread: Thread finished: 秒杀线程组：1000用户 1-848
2026-07-17 19:35:44,909 INFO o.a.j.t.JMeterThread: Thread finished: 秒杀线程组：1000用户 1-879
2026-07-17 19:35:44,909 INFO o.a.j.t.JMeterThread: Thread is done: 秒杀线程组：1000用户 1-720
2026-07-17 19:35:44,909 INFO o.a.j.t.JMeterThread: Thread finished: 秒杀线程组：1000用户 1-720
2026-07-17 19:35:44,909 INFO o.a.j.t.JMeterThread: Thread is done: 秒杀线程组：1000用户 1-794
2026-07-17 19:35:44,909 INFO o.a.j.t.JMeterThread: Thread finished: 秒杀线程组：1000用户 1-794
2026-07-17 19:35:44,909 INFO o.a.j.t.JMeterThread: Thread is done: 秒杀线程组：1000用户 1-790
2026-07-17 19:35:44,909 INFO o.a.j.t.JMeterThread: Thread finished: 秒杀线程组：1000用户 1-790
2026-07-17 19:35:44,909 INFO o.a.j.t.JMeterThread: Thread is done: 秒杀线程组：1000用户 1-765
2026-07-17 19:35:44,909 INFO o.a.j.t.JMeterThread: Thread is done: 秒杀线程组：1000用户 1-98
2026-07-17 19:35:44,909 INFO o.a.j.t.JMeterThread: Thread is done: 秒杀线程组：1000用户 1-732
2026-07-17 19:35:44,909 INFO o.a.j.t.JMeterThread: Thread finished: 秒杀线程组：1000用户 1-765
2026-07-17 19:35:44,909 INFO o.a.j.t.JMeterThread: Thread finished: 秒杀线程组：1000用户 1-732
2026-07-17 19:35:44,909 INFO o.a.j.t.JMeterThread: Thread finished: 秒杀线程组：1000用户 1-98
2026-07-17 19:35:44,910 INFO o.a.j.t.JMeterThread: Thread is done: 秒杀线程组：1000用户 1-85
2026-07-17 19:35:44,910 INFO o.a.j.t.JMeterThread: Thread is done: 秒杀线程组：1000用户 1-787
2026-07-17 19:35:44,910 INFO o.a.j.t.JMeterThread: Thread is done: 秒杀线程组：1000用户 1-95
2026-07-17 19:35:44,910 INFO o.a.j.t.JMeterThread: Thread finished: 秒杀线程组：1000用户 1-95
2026-07-17 19:35:44,910 INFO o.a.j.t.JMeterThread: Thread finished: 秒杀线程组：1000用户 1-85
2026-07-17 19:35:44,910 INFO o.a.j.t.JMeterThread: Thread is done: 秒杀线程组：1000用户 1-786
2026-07-17 19:35:44,910 INFO o.a.j.t.JMeterThread: Thread finished: 秒杀线程组：1000用户 1-786
2026-07-17 19:35:44,910 INFO o.a.j.t.JMeterThread: Thread finished: 秒杀线程组：1000用户 1-787
2026-07-17 19:35:44,910 INFO o.a.j.t.JMeterThread: Thread is done: 秒杀线程组：1000用户 1-785
2026-07-17 19:35:44,910 INFO o.a.j.t.JMeterThread: Thread finished: 秒杀线程组：1000用户 1-785
2026-07-17 19:35:44,910 INFO o.a.j.t.JMeterThread: Thread is done: 秒杀线程组：1000用户 1-789
2026-07-17 19:35:44,910 INFO o.a.j.t.JMeterThread: Thread finished: 秒杀线程组：1000用户 1-789
2026-07-17 19:35:44,910 INFO o.a.j.t.JMeterThread: Thread is done: 秒杀线程组：1000用户 1-788
2026-07-17 19:35:44,910 INFO o.a.j.t.JMeterThread: Thread is done: 秒杀线程组：1000用户 1-791
2026-07-17 19:35:44,910 INFO o.a.j.t.JMeterThread: Thread finished: 秒杀线程组：1000用户 1-788
2026-07-17 19:35:44,910 INFO o.a.j.t.JMeterThread: Thread is done: 秒杀线程组：1000用户 1-798
2026-07-17 19:35:44,910 INFO o.a.j.t.JMeterThread: Thread finished: 秒杀线程组：1000用户 1-798
2026-07-17 19:35:44,910 INFO o.a.j.t.JMeterThread: Thread is done: 秒杀线程组：1000用户 1-800
2026-07-17 19:35:44,910 INFO o.a.j.t.JMeterThread: Thread finished: 秒杀线程组：1000用户 1-791
2026-07-17 19:35:44,910 INFO o.a.j.t.JMeterThread: Thread finished: 秒杀线程组：1000用户 1-800
2026-07-17 19:35:44,911 INFO o.a.j.t.JMeterThread: Thread is done: 秒杀线程组：1000用户 1-810
2026-07-17 19:35:44,911 INFO o.a.j.t.JMeterThread: Thread is done: 秒杀线程组：1000用户 1-808
2026-07-17 19:35:44,911 INFO o.a.j.t.JMeterThread: Thread finished: 秒杀线程组：1000用户 1-810
2026-07-17 19:35:44,911 INFO o.a.j.t.JMeterThread: Thread is done: 秒杀线程组：1000用户 1-801
2026-07-17 19:35:44,911 INFO o.a.j.t.JMeterThread: Thread is done: 秒杀线程组：1000用户 1-799
2026-07-17 19:35:44,911 INFO o.a.j.t.JMeterThread: Thread finished: 秒杀线程组：1000用户 1-801
2026-07-17 19:35:44,911 INFO o.a.j.t.JMeterThread: Thread finished: 秒杀线程组：1000用户 1-808
2026-07-17 19:35:44,911 INFO o.a.j.t.JMeterThread: Thread is done: 秒杀线程组：1000用户 1-792
2026-07-17 19:35:44,911 INFO o.a.j.t.JMeterThread: Thread finished: 秒杀线程组：1000用户 1-792
2026-07-17 19:35:44,911 INFO o.a.j.t.JMeterThread: Thread finished: 秒杀线程组：1000用户 1-799
2026-07-17 19:35:44,911 INFO o.a.j.t.JMeterThread: Thread is done: 秒杀线程组：1000用户 1-811
2026-07-17 19:35:44,911 INFO o.a.j.t.JMeterThread: Thread finished: 秒杀线程组：1000用户 1-811
2026-07-17 19:35:44,911 INFO o.a.j.t.JMeterThread: Thread is done: 秒杀线程组：1000用户 1-763
2026-07-17 19:35:44,911 INFO o.a.j.t.JMeterThread: Thread is done: 秒杀线程组：1000用户 1-796
2026-07-17 19:35:44,911 INFO o.a.j.t.JMeterThread: Thread is done: 秒杀线程组：1000用户 1-804
2026-07-17 19:35:44,911 INFO o.a.j.t.JMeterThread: Thread finished: 秒杀线程组：1000用户 1-763
2026-07-17 19:35:44,911 INFO o.a.j.t.JMeterThread: Thread is done: 秒杀线程组：1000用户 1-802
2026-07-17 19:35:44,911 INFO o.a.j.t.JMeterThread: Thread finished: 秒杀线程组：1000用户 1-804
2026-07-17 19:35:44,911 INFO o.a.j.t.JMeterThread: Thread is done: 秒杀线程组：1000用户 1-795
2026-07-17 19:35:44,911 INFO o.a.j.t.JMeterThread: Thread is done: 秒杀线程组：1000用户 1-809
2026-07-17 19:35:44,911 INFO o.a.j.t.JMeterThread: Thread finished: 秒杀线程组：1000用户 1-796
2026-07-17 19:35:44,912 INFO o.a.j.t.JMeterThread: Thread finished: 秒杀线程组：1000用户 1-795
2026-07-17 19:35:44,912 INFO o.a.j.t.JMeterThread: Thread is done: 秒杀线程组：1000用户 1-803
2026-07-17 19:35:44,913 INFO o.a.j.t.JMeterThread: Thread finished: 秒杀线程组：1000用户 1-803
2026-07-17 19:35:44,913 INFO o.a.j.t.JMeterThread: Thread is done: 秒杀线程组：1000用户 1-806
2026-07-17 19:35:44,912 INFO o.a.j.t.JMeterThread: Thread finished: 秒杀线程组：1000用户 1-802
2026-07-17 19:35:44,913 INFO o.a.j.t.JMeterThread: Thread is done: 秒杀线程组：1000用户 1-814
2026-07-17 19:35:44,913 INFO o.a.j.t.JMeterThread: Thread finished: 秒杀线程组：1000用户 1-814
2026-07-17 19:35:44,913 INFO o.a.j.t.JMeterThread: Thread is done: 秒杀线程组：1000用户 1-813
2026-07-17 19:35:44,913 INFO o.a.j.t.JMeterThread: Thread finished: 秒杀线程组：1000用户 1-813
2026-07-17 19:35:44,912 INFO o.a.j.t.JMeterThread: Thread is done: 秒杀线程组：1000用户 1-817
2026-07-17 19:35:44,913 INFO o.a.j.t.JMeterThread: Thread is done: 秒杀线程组：1000用户 1-37
2026-07-17 19:35:44,913 INFO o.a.j.t.JMeterThread: Thread is done: 秒杀线程组：1000用户 1-818
2026-07-17 19:35:44,913 INFO o.a.j.t.JMeterThread: Thread is done: 秒杀线程组：1000用户 1-815
2026-07-17 19:35:44,913 INFO o.a.j.t.JMeterThread: Thread finished: 秒杀线程组：1000用户 1-818
2026-07-17 19:35:44,913 INFO o.a.j.t.JMeterThread: Thread is done: 秒杀线程组：1000用户 1-797
2026-07-17 19:35:44,913 INFO o.a.j.t.JMeterThread: Thread is done: 秒杀线程组：1000用户 1-754
2026-07-17 19:35:44,913 INFO o.a.j.t.JMeterThread: Thread finished: 秒杀线程组：1000用户 1-797
2026-07-17 19:35:44,913 INFO o.a.j.t.JMeterThread: Thread is done: 秒杀线程组：1000用户 1-831
2026-07-17 19:35:44,913 INFO o.a.j.t.JMeterThread: Thread finished: 秒杀线程组：1000用户 1-831
2026-07-17 19:35:44,913 INFO o.a.j.t.JMeterThread: Thread is done: 秒杀线程组：1000用户 1-833
2026-07-17 19:35:44,913 INFO o.a.j.t.JMeterThread: Thread finished: 秒杀线程组：1000用户 1-833
2026-07-17 19:35:44,913 INFO o.a.j.t.JMeterThread: Thread is done: 秒杀线程组：1000用户 1-837
2026-07-17 19:35:44,914 INFO o.a.j.t.JMeterThread: Thread finished: 秒杀线程组：1000用户 1-837
2026-07-17 19:35:44,913 INFO o.a.j.t.JMeterThread: Thread is done: 秒杀线程组：1000用户 1-816
2026-07-17 19:35:44,914 INFO o.a.j.t.JMeterThread: Thread finished: 秒杀线程组：1000用户 1-816
2026-07-17 19:35:44,914 INFO o.a.j.t.JMeterThread: Thread is done: 秒杀线程组：1000用户 1-829
2026-07-17 19:35:44,914 INFO o.a.j.t.JMeterThread: Thread finished: 秒杀线程组：1000用户 1-829
2026-07-17 19:35:44,914 INFO o.a.j.t.JMeterThread: Thread is done: 秒杀线程组：1000用户 1-826
2026-07-17 19:35:44,914 INFO o.a.j.t.JMeterThread: Thread finished: 秒杀线程组：1000用户 1-826
2026-07-17 19:35:44,913 INFO o.a.j.t.JMeterThread: Thread is done: 秒杀线程组：1000用户 1-812
2026-07-17 19:35:44,913 INFO o.a.j.t.JMeterThread: Thread finished: 秒杀线程组：1000用户 1-806
2026-07-17 19:35:44,914 INFO o.a.j.t.JMeterThread: Thread finished: 秒杀线程组：1000用户 1-812
2026-07-17 19:35:44,914 INFO o.a.j.t.JMeterThread: Thread is done: 秒杀线程组：1000用户 1-862
2026-07-17 19:35:44,912 INFO o.a.j.t.JMeterThread: Thread finished: 秒杀线程组：1000用户 1-809
2026-07-17 19:35:44,914 INFO o.a.j.t.JMeterThread: Thread is done: 秒杀线程组：1000用户 1-851
2026-07-17 19:35:44,914 INFO o.a.j.t.JMeterThread: Thread is done: 秒杀线程组：1000用户 1-680
2026-07-17 19:35:44,914 INFO o.a.j.t.JMeterThread: Thread is done: 秒杀线程组：1000用户 1-836
2026-07-17 19:35:44,914 INFO o.a.j.t.JMeterThread: Thread is done: 秒杀线程组：1000用户 1-823
2026-07-17 19:35:44,914 INFO o.a.j.t.JMeterThread: Thread is done: 秒杀线程组：1000用户 1-822
2026-07-17 19:35:44,914 INFO o.a.j.t.JMeterThread: Thread is done: 秒杀线程组：1000用户 1-839
2026-07-17 19:35:44,914 INFO o.a.j.t.JMeterThread: Thread finished: 秒杀线程组：1000用户 1-822
2026-07-17 19:35:44,913 INFO o.a.j.t.JMeterThread: Thread is done: 秒杀线程组：1000用户 1-842
2026-07-17 19:35:44,914 INFO o.a.j.t.JMeterThread: Thread finished: 秒杀线程组：1000用户 1-842
2026-07-17 19:35:44,914 INFO o.a.j.t.JMeterThread: Thread is done: 秒杀线程组：1000用户 1-850
2026-07-17 19:35:44,914 INFO o.a.j.t.JMeterThread: Thread finished: 秒杀线程组：1000用户 1-850
2026-07-17 19:35:44,914 INFO o.a.j.t.JMeterThread: Thread is done: 秒杀线程组：1000用户 1-838
2026-07-17 19:35:44,914 INFO o.a.j.t.JMeterThread: Thread finished: 秒杀线程组：1000用户 1-838
2026-07-17 19:35:44,913 INFO o.a.j.t.JMeterThread: Thread finished: 秒杀线程组：1000用户 1-754
2026-07-17 19:35:44,913 INFO o.a.j.t.JMeterThread: Thread finished: 秒杀线程组：1000用户 1-37
2026-07-17 19:35:44,913 INFO o.a.j.t.JMeterThread: Thread finished: 秒杀线程组：1000用户 1-817
2026-07-17 19:35:44,914 INFO o.a.j.t.JMeterThread: Thread is done: 秒杀线程组：1000用户 1-856
2026-07-17 19:35:44,914 INFO o.a.j.t.JMeterThread: Thread finished: 秒杀线程组：1000用户 1-856
2026-07-17 19:35:44,913 INFO o.a.j.t.JMeterThread: Thread is done: 秒杀线程组：1000用户 1-626
2026-07-17 19:35:44,914 INFO o.a.j.t.JMeterThread: Thread is done: 秒杀线程组：1000用户 1-828
2026-07-17 19:35:44,914 INFO o.a.j.t.JMeterThread: Thread finished: 秒杀线程组：1000用户 1-815
2026-07-17 19:35:44,914 INFO o.a.j.t.JMeterThread: Thread is done: 秒杀线程组：1000用户 1-858
2026-07-17 19:35:44,915 INFO o.a.j.t.JMeterThread: Thread finished: 秒杀线程组：1000用户 1-858
2026-07-17 19:35:44,914 INFO o.a.j.t.JMeterThread: Thread is done: 秒杀线程组：1000用户 1-861
2026-07-17 19:35:44,915 INFO o.a.j.t.JMeterThread: Thread finished: 秒杀线程组：1000用户 1-861
2026-07-17 19:35:44,916 INFO o.a.j.t.JMeterThread: Thread is done: 秒杀线程组：1000用户 1-820
2026-07-17 19:35:44,916 INFO o.a.j.t.JMeterThread: Thread is done: 秒杀线程组：1000用户 1-830
2026-07-17 19:35:44,916 INFO o.a.j.t.JMeterThread: Thread finished: 秒杀线程组：1000用户 1-830
2026-07-17 19:35:44,916 INFO o.a.j.t.JMeterThread: Thread is done: 秒杀线程组：1000用户 1-825
2026-07-17 19:35:44,916 INFO o.a.j.t.JMeterThread: Thread finished: 秒杀线程组：1000用户 1-825
2026-07-17 19:35:44,914 INFO o.a.j.t.JMeterThread: Thread is done: 秒杀线程组：1000用户 1-840
2026-07-17 19:35:44,914 INFO o.a.j.t.JMeterThread: Thread finished: 秒杀线程组：1000用户 1-823
2026-07-17 19:35:44,916 INFO o.a.j.t.JMeterThread: Thread finished: 秒杀线程组：1000用户 1-840
2026-07-17 19:35:44,914 INFO o.a.j.t.JMeterThread: Thread finished: 秒杀线程组：1000用户 1-836
2026-07-17 19:35:44,916 INFO o.a.j.t.JMeterThread: Thread is done: 秒杀线程组：1000用户 1-844
2026-07-17 19:35:44,914 INFO o.a.j.t.JMeterThread: Thread is done: 秒杀线程组：1000用户 1-847
2026-07-17 19:35:44,916 INFO o.a.j.t.JMeterThread: Thread finished: 秒杀线程组：1000用户 1-844
2026-07-17 19:35:44,914 INFO o.a.j.t.JMeterThread: Thread is done: 秒杀线程组：1000用户 1-834
2026-07-17 19:35:44,916 INFO o.a.j.t.JMeterThread: Thread finished: 秒杀线程组：1000用户 1-834
2026-07-17 19:35:44,914 INFO o.a.j.t.JMeterThread: Thread is done: 秒杀线程组：1000用户 1-821
2026-07-17 19:35:44,916 INFO o.a.j.t.JMeterThread: Thread finished: 秒杀线程组：1000用户 1-821
2026-07-17 19:35:44,914 INFO o.a.j.t.JMeterThread: Thread finished: 秒杀线程组：1000用户 1-680
2026-07-17 19:35:44,914 INFO o.a.j.t.JMeterThread: Thread finished: 秒杀线程组：1000用户 1-851
2026-07-17 19:35:44,914 INFO o.a.j.t.JMeterThread: Thread finished: 秒杀线程组：1000用户 1-862
2026-07-17 19:35:44,916 INFO o.a.j.t.JMeterThread: Thread is done: 秒杀线程组：1000用户 1-855
2026-07-17 19:35:44,934 INFO o.a.j.t.JMeterThread: Thread finished: 秒杀线程组：1000用户 1-855
2026-07-17 19:35:44,916 INFO o.a.j.t.JMeterThread: Thread is done: 秒杀线程组：1000用户 1-832
2026-07-17 19:35:44,934 INFO o.a.j.t.JMeterThread: Thread is done: 秒杀线程组：1000用户 1-864
2026-07-17 19:35:44,916 INFO o.a.j.t.JMeterThread: Thread finished: 秒杀线程组：1000用户 1-839
2026-07-17 19:35:44,935 INFO o.a.j.t.JMeterThread: Thread finished: 秒杀线程组：1000用户 1-864
2026-07-17 19:35:44,916 INFO o.a.j.t.JMeterThread: Thread is done: 秒杀线程组：1000用户 1-162
2026-07-17 19:35:44,916 INFO o.a.j.t.JMeterThread: Thread finished: 秒杀线程组：1000用户 1-820
2026-07-17 19:35:44,915 INFO o.a.j.t.JMeterThread: Thread is done: 秒杀线程组：1000用户 1-824
2026-07-17 19:35:44,935 INFO o.a.j.t.JMeterThread: Thread finished: 秒杀线程组：1000用户 1-824
2026-07-17 19:35:44,915 INFO o.a.j.t.JMeterThread: Thread finished: 秒杀线程组：1000用户 1-828
2026-07-17 19:35:44,915 INFO o.a.j.t.JMeterThread: Thread is done: 秒杀线程组：1000用户 1-827
2026-07-17 19:35:44,935 INFO o.a.j.t.JMeterThread: Thread is done: 秒杀线程组：1000用户 1-964
2026-07-17 19:35:44,935 INFO o.a.j.t.JMeterThread: Thread is done: 秒杀线程组：1000用户 1-949
2026-07-17 19:35:44,915 INFO o.a.j.t.JMeterThread: Thread finished: 秒杀线程组：1000用户 1-626
2026-07-17 19:35:44,935 INFO o.a.j.t.JMeterThread: Thread is done: 秒杀线程组：1000用户 1-970
2026-07-17 19:35:44,935 INFO o.a.j.t.JMeterThread: Thread finished: 秒杀线程组：1000用户 1-964
2026-07-17 19:35:44,935 INFO o.a.j.t.JMeterThread: Thread finished: 秒杀线程组：1000用户 1-827
2026-07-17 19:35:44,935 INFO o.a.j.t.JMeterThread: Thread is done: 秒杀线程组：1000用户 1-952
2026-07-17 19:35:44,935 INFO o.a.j.t.JMeterThread: Thread finished: 秒杀线程组：1000用户 1-952
2026-07-17 19:35:44,935 INFO o.a.j.t.JMeterThread: Thread is done: 秒杀线程组：1000用户 1-974
2026-07-17 19:35:44,935 INFO o.a.j.t.JMeterThread: Thread is done: 秒杀线程组：1000用户 1-954
2026-07-17 19:35:44,935 INFO o.a.j.t.JMeterThread: Thread is done: 秒杀线程组：1000用户 1-892
2026-07-17 19:35:44,935 INFO o.a.j.t.JMeterThread: Thread finished: 秒杀线程组：1000用户 1-162
2026-07-17 19:35:44,936 INFO o.a.j.t.JMeterThread: Thread finished: 秒杀线程组：1000用户 1-892
2026-07-17 19:35:44,935 INFO o.a.j.t.JMeterThread: Thread finished: 秒杀线程组：1000用户 1-832
2026-07-17 19:35:44,934 INFO o.a.j.t.JMeterThread: Thread is done: 秒杀线程组：1000用户 1-885
2026-07-17 19:35:44,933 INFO o.a.j.t.JMeterThread: Thread is done: 秒杀线程组：1000用户 1-967
2026-07-17 19:35:44,933 INFO o.a.j.t.JMeterThread: Thread is done: 秒杀线程组：1000用户 1-953
2026-07-17 19:35:44,916 INFO o.a.j.t.JMeterThread: Thread finished: 秒杀线程组：1000用户 1-847
2026-07-17 19:35:44,936 INFO o.a.j.t.JMeterThread: Thread finished: 秒杀线程组：1000用户 1-953
2026-07-17 19:35:44,932 INFO o.a.j.t.JMeterThread: Thread is done: 秒杀线程组：1000用户 1-997
2026-07-17 19:35:44,932 INFO o.a.j.t.JMeterThread: Thread is done: 秒杀线程组：1000用户 1-906
2026-07-17 19:35:44,936 INFO o.a.j.t.JMeterThread: Thread finished: 秒杀线程组：1000用户 1-997
2026-07-17 19:35:44,932 INFO o.a.j.t.JMeterThread: Thread is done: 秒杀线程组：1000用户 1-961
2026-07-17 19:35:44,936 INFO o.a.j.t.JMeterThread: Thread is done: 秒杀线程组：1000用户 1-999
2026-07-17 19:35:44,936 INFO o.a.j.t.JMeterThread: Thread finished: 秒杀线程组：1000用户 1-961
2026-07-17 19:35:44,932 INFO o.a.j.t.JMeterThread: Thread is done: 秒杀线程组：1000用户 1-853
2026-07-17 19:35:44,932 INFO o.a.j.t.JMeterThread: Thread is done: 秒杀线程组：1000用户 1-994
2026-07-17 19:35:44,936 INFO o.a.j.t.JMeterThread: Thread finished: 秒杀线程组：1000用户 1-853
2026-07-17 19:35:44,931 INFO o.a.j.t.JMeterThread: Thread is done: 秒杀线程组：1000用户 1-986
2026-07-17 19:35:44,931 INFO o.a.j.t.JMeterThread: Thread is done: 秒杀线程组：1000用户 1-976
2026-07-17 19:35:44,936 INFO o.a.j.t.JMeterThread: Thread finished: 秒杀线程组：1000用户 1-986
2026-07-17 19:35:44,931 INFO o.a.j.t.JMeterThread: Thread is done: 秒杀线程组：1000用户 1-867
2026-07-17 19:35:44,931 INFO o.a.j.t.JMeterThread: Thread is done: 秒杀线程组：1000用户 1-992
2026-07-17 19:35:44,931 INFO o.a.j.t.JMeterThread: Thread is done: 秒杀线程组：1000用户 1-980
2026-07-17 19:35:44,930 INFO o.a.j.t.JMeterThread: Thread is done: 秒杀线程组：1000用户 1-991
2026-07-17 19:35:44,930 INFO o.a.j.t.JMeterThread: Thread is done: 秒杀线程组：1000用户 1-981
2026-07-17 19:35:44,936 INFO o.a.j.t.JMeterThread: Thread finished: 秒杀线程组：1000用户 1-991
2026-07-17 19:35:44,930 INFO o.a.j.t.JMeterThread: Thread is done: 秒杀线程组：1000用户 1-743
2026-07-17 19:35:44,930 INFO o.a.j.t.JMeterThread: Thread is done: 秒杀线程组：1000用户 1-863
2026-07-17 19:35:44,936 INFO o.a.j.t.JMeterThread: Thread finished: 秒杀线程组：1000用户 1-863
2026-07-17 19:35:44,930 INFO o.a.j.t.JMeterThread: Thread is done: 秒杀线程组：1000用户 1-984
2026-07-17 19:35:44,930 INFO o.a.j.t.JMeterThread: Thread is done: 秒杀线程组：1000用户 1-866
2026-07-17 19:35:44,936 INFO o.a.j.t.JMeterThread: Thread finished: 秒杀线程组：1000用户 1-866
2026-07-17 19:35:44,930 INFO o.a.j.t.JMeterThread: Thread is done: 秒杀线程组：1000用户 1-778
2026-07-17 19:35:44,930 INFO o.a.j.t.JMeterThread: Thread is done: 秒杀线程组：1000用户 1-870
2026-07-17 19:35:44,936 INFO o.a.j.t.JMeterThread: Thread finished: 秒杀线程组：1000用户 1-778
2026-07-17 19:35:44,930 INFO o.a.j.t.JMeterThread: Thread is done: 秒杀线程组：1000用户 1-849
2026-07-17 19:35:44,936 INFO o.a.j.t.JMeterThread: Thread finished: 秒杀线程组：1000用户 1-849
2026-07-17 19:35:44,930 INFO o.a.j.t.JMeterThread: Thread is done: 秒杀线程组：1000用户 1-988
2026-07-17 19:35:44,930 INFO o.a.j.t.JMeterThread: Thread is done: 秒杀线程组：1000用户 1-868
2026-07-17 19:35:44,936 INFO o.a.j.t.JMeterThread: Thread finished: 秒杀线程组：1000用户 1-988
2026-07-17 19:35:44,930 INFO o.a.j.t.JMeterThread: Thread is done: 秒杀线程组：1000用户 1-1000
2026-07-17 19:35:44,930 INFO o.a.j.t.JMeterThread: Thread is done: 秒杀线程组：1000用户 1-998
2026-07-17 19:35:44,930 INFO o.a.j.t.JMeterThread: Thread is done: 秒杀线程组：1000用户 1-872
2026-07-17 19:35:44,930 INFO o.a.j.t.JMeterThread: Thread is done: 秒杀线程组：1000用户 1-873
2026-07-17 19:35:44,936 INFO o.a.j.t.JMeterThread: Thread finished: 秒杀线程组：1000用户 1-873
2026-07-17 19:35:44,930 INFO o.a.j.t.JMeterThread: Thread is done: 秒杀线程组：1000用户 1-966
2026-07-17 19:35:44,930 INFO o.a.j.t.JMeterThread: Thread is done: 秒杀线程组：1000用户 1-878
2026-07-17 19:35:44,930 INFO o.a.j.t.JMeterThread: Thread is done: 秒杀线程组：1000用户 1-995
2026-07-17 19:35:44,938 INFO o.a.j.t.JMeterThread: Thread finished: 秒杀线程组：1000用户 1-878
2026-07-17 19:35:44,930 INFO o.a.j.t.JMeterThread: Thread is done: 秒杀线程组：1000用户 1-877
2026-07-17 19:35:44,938 INFO o.a.j.t.JMeterThread: Thread finished: 秒杀线程组：1000用户 1-995
2026-07-17 19:35:44,930 INFO o.a.j.t.JMeterThread: Thread is done: 秒杀线程组：1000用户 1-946
2026-07-17 19:35:44,930 INFO o.a.j.t.JMeterThread: Thread is done: 秒杀线程组：1000用户 1-775
2026-07-17 19:35:44,938 INFO o.a.j.t.JMeterThread: Thread finished: 秒杀线程组：1000用户 1-775
2026-07-17 19:35:44,930 INFO o.a.j.t.JMeterThread: Thread is done: 秒杀线程组：1000用户 1-726
2026-07-17 19:35:44,938 INFO o.a.j.t.JMeterThread: Thread finished: 秒杀线程组：1000用户 1-726
2026-07-17 19:35:44,930 INFO o.a.j.t.JMeterThread: Thread is done: 秒杀线程组：1000用户 1-875
2026-07-17 19:35:44,930 INFO o.a.j.t.JMeterThread: Thread is done: 秒杀线程组：1000用户 1-762
2026-07-17 19:35:44,930 INFO o.a.j.t.JMeterThread: Thread is done: 秒杀线程组：1000用户 1-882
2026-07-17 19:35:44,930 INFO o.a.j.t.JMeterThread: Thread is done: 秒杀线程组：1000用户 1-884
2026-07-17 19:35:44,938 INFO o.a.j.t.JMeterThread: Thread finished: 秒杀线程组：1000用户 1-882
2026-07-17 19:35:44,930 INFO o.a.j.t.JMeterThread: Thread is done: 秒杀线程组：1000用户 1-883
2026-07-17 19:35:44,930 INFO o.a.j.t.JMeterThread: Thread is done: 秒杀线程组：1000用户 1-985
2026-07-17 19:35:44,930 INFO o.a.j.t.JMeterThread: Thread is done: 秒杀线程组：1000用户 1-780
2026-07-17 19:35:44,930 INFO o.a.j.t.JMeterThread: Thread is done: 秒杀线程组：1000用户 1-880
2026-07-17 19:35:44,938 INFO o.a.j.t.JMeterThread: Thread finished: 秒杀线程组：1000用户 1-780
2026-07-17 19:35:44,930 INFO o.a.j.t.JMeterThread: Thread is done: 秒杀线程组：1000用户 1-891
2026-07-17 19:35:44,938 INFO o.a.j.t.JMeterThread: Thread finished: 秒杀线程组：1000用户 1-880
2026-07-17 19:35:44,930 INFO o.a.j.t.JMeterThread: Thread is done: 秒杀线程组：1000用户 1-983
2026-07-17 19:35:44,930 INFO o.a.j.t.JMeterThread: Thread is done: 秒杀线程组：1000用户 1-887
2026-07-17 19:35:44,938 INFO o.a.j.t.JMeterThread: Thread finished: 秒杀线程组：1000用户 1-887
2026-07-17 19:35:44,930 INFO o.a.j.t.JMeterThread: Thread is done: 秒杀线程组：1000用户 1-908
2026-07-17 19:35:44,938 INFO o.a.j.t.JMeterThread: Thread finished: 秒杀线程组：1000用户 1-908
2026-07-17 19:35:44,930 INFO o.a.j.t.JMeterThread: Thread is done: 秒杀线程组：1000用户 1-886
2026-07-17 19:35:44,929 INFO o.a.j.t.JMeterThread: Thread is done: 秒杀线程组：1000用户 1-979
2026-07-17 19:35:44,938 INFO o.a.j.t.JMeterThread: Thread finished: 秒杀线程组：1000用户 1-979
2026-07-17 19:35:44,929 INFO o.a.j.t.JMeterThread: Thread is done: 秒杀线程组：1000用户 1-977
2026-07-17 19:35:44,929 INFO o.a.j.t.JMeterThread: Thread is done: 秒杀线程组：1000用户 1-982
2026-07-17 19:35:44,938 INFO o.a.j.t.JMeterThread: Thread finished: 秒杀线程组：1000用户 1-977
2026-07-17 19:35:44,929 INFO o.a.j.t.JMeterThread: Thread is done: 秒杀线程组：1000用户 1-784
2026-07-17 19:35:44,938 INFO o.a.j.t.JMeterThread: Thread finished: 秒杀线程组：1000用户 1-784
2026-07-17 19:35:44,929 INFO o.a.j.t.JMeterThread: Thread is done: 秒杀线程组：1000用户 1-893
2026-07-17 19:35:44,929 INFO o.a.j.t.JMeterThread: Thread is done: 秒杀线程组：1000用户 1-889
2026-07-17 19:35:44,938 INFO o.a.j.t.JMeterThread: Thread finished: 秒杀线程组：1000用户 1-893
2026-07-17 19:35:44,929 INFO o.a.j.t.JMeterThread: Thread is done: 秒杀线程组：1000用户 1-990
2026-07-17 19:35:44,929 INFO o.a.j.t.JMeterThread: Thread is done: 秒杀线程组：1000用户 1-944
2026-07-17 19:35:44,929 INFO o.a.j.t.JMeterThread: Thread is done: 秒杀线程组：1000用户 1-962
2026-07-17 19:35:44,929 INFO o.a.j.t.JMeterThread: Thread is done: 秒杀线程组：1000用户 1-968
2026-07-17 19:35:44,929 INFO o.a.j.t.JMeterThread: Thread is done: 秒杀线程组：1000用户 1-924
2026-07-17 19:35:44,929 INFO o.a.j.t.JMeterThread: Thread is done: 秒杀线程组：1000用户 1-890
2026-07-17 19:35:44,939 INFO o.a.j.t.JMeterThread: Thread finished: 秒杀线程组：1000用户 1-924
2026-07-17 19:35:44,929 INFO o.a.j.t.JMeterThread: Thread is done: 秒杀线程组：1000用户 1-965
2026-07-17 19:35:44,929 INFO o.a.j.t.JMeterThread: Thread is done: 秒杀线程组：1000用户 1-957
2026-07-17 19:35:44,929 INFO o.a.j.t.JMeterThread: Thread is done: 秒杀线程组：1000用户 1-960
2026-07-17 19:35:44,939 INFO o.a.j.t.JMeterThread: Thread finished: 秒杀线程组：1000用户 1-957
2026-07-17 19:35:44,929 INFO o.a.j.t.JMeterThread: Thread is done: 秒杀线程组：1000用户 1-969
2026-07-17 19:35:44,929 INFO o.a.j.t.JMeterThread: Thread is done: 秒杀线程组：1000用户 1-881
2026-07-17 19:35:44,929 INFO o.a.j.t.JMeterThread: Thread is done: 秒杀线程组：1000用户 1-959
2026-07-17 19:35:44,939 INFO o.a.j.t.JMeterThread: Thread finished: 秒杀线程组：1000用户 1-881
2026-07-17 19:35:44,929 INFO o.a.j.t.JMeterThread: Thread is done: 秒杀线程组：1000用户 1-611
2026-07-17 19:35:44,929 INFO o.a.j.t.JMeterThread: Thread is done: 秒杀线程组：1000用户 1-912
2026-07-17 19:35:44,929 INFO o.a.j.t.JMeterThread: Thread is done: 秒杀线程组：1000用户 1-860
2026-07-17 19:35:44,939 INFO o.a.j.t.JMeterThread: Thread finished: 秒杀线程组：1000用户 1-912
2026-07-17 19:35:44,929 INFO o.a.j.t.JMeterThread: Thread is done: 秒杀线程组：1000用户 1-971
2026-07-17 19:35:44,929 INFO o.a.j.t.JMeterThread: Thread is done: 秒杀线程组：1000用户 1-874
2026-07-17 19:35:44,939 INFO o.a.j.t.JMeterThread: Thread finished: 秒杀线程组：1000用户 1-971
2026-07-17 19:35:44,929 INFO o.a.j.t.JMeterThread: Thread is done: 秒杀线程组：1000用户 1-900
2026-07-17 19:35:44,929 INFO o.a.j.t.JMeterThread: Thread is done: 秒杀线程组：1000用户 1-901
2026-07-17 19:35:44,939 INFO o.a.j.t.JMeterThread: Thread finished: 秒杀线程组：1000用户 1-900
2026-07-17 19:35:44,929 INFO o.a.j.t.JMeterThread: Thread is done: 秒杀线程组：1000用户 1-894
2026-07-17 19:35:44,928 INFO o.a.j.t.JMeterThread: Thread is done: 秒杀线程组：1000用户 1-948
2026-07-17 19:35:44,939 INFO o.a.j.t.JMeterThread: Thread finished: 秒杀线程组：1000用户 1-894
2026-07-17 19:35:44,928 INFO o.a.j.t.JMeterThread: Thread is done: 秒杀线程组：1000用户 1-920
2026-07-17 19:35:44,928 INFO o.a.j.t.JMeterThread: Thread is done: 秒杀线程组：1000用户 1-928
2026-07-17 19:35:44,928 INFO o.a.j.t.JMeterThread: Thread is done: 秒杀线程组：1000用户 1-973
2026-07-17 19:35:44,928 INFO o.a.j.t.JMeterThread: Thread is done: 秒杀线程组：1000用户 1-905
2026-07-17 19:35:44,939 INFO o.a.j.t.JMeterThread: Thread finished: 秒杀线程组：1000用户 1-973
2026-07-17 19:35:44,928 INFO o.a.j.t.JMeterThread: Thread is done: 秒杀线程组：1000用户 1-945
2026-07-17 19:35:44,939 INFO o.a.j.t.JMeterThread: Thread finished: 秒杀线程组：1000用户 1-905
2026-07-17 19:35:44,928 INFO o.a.j.t.JMeterThread: Thread is done: 秒杀线程组：1000用户 1-689
2026-07-17 19:35:44,928 INFO o.a.j.t.JMeterThread: Thread is done: 秒杀线程组：1000用户 1-911
2026-07-17 19:35:44,939 INFO o.a.j.t.JMeterThread: Thread finished: 秒杀线程组：1000用户 1-689
2026-07-17 19:35:44,928 INFO o.a.j.t.JMeterThread: Thread is done: 秒杀线程组：1000用户 1-958
2026-07-17 19:35:44,939 INFO o.a.j.t.JMeterThread: Thread finished: 秒杀线程组：1000用户 1-958
2026-07-17 19:35:44,928 INFO o.a.j.t.JMeterThread: Thread is done: 秒杀线程组：1000用户 1-972
2026-07-17 19:35:44,928 INFO o.a.j.t.JMeterThread: Thread is done: 秒杀线程组：1000用户 1-942
2026-07-17 19:35:44,939 INFO o.a.j.t.JMeterThread: Thread finished: 秒杀线程组：1000用户 1-972
2026-07-17 19:35:44,928 INFO o.a.j.t.JMeterThread: Thread is done: 秒杀线程组：1000用户 1-934
2026-07-17 19:35:44,928 INFO o.a.j.t.JMeterThread: Thread is done: 秒杀线程组：1000用户 1-919
2026-07-17 19:35:44,939 INFO o.a.j.t.JMeterThread: Thread finished: 秒杀线程组：1000用户 1-934
2026-07-17 19:35:44,928 INFO o.a.j.t.JMeterThread: Thread is done: 秒杀线程组：1000用户 1-914
2026-07-17 19:35:44,928 INFO o.a.j.t.JMeterThread: Thread is done: 秒杀线程组：1000用户 1-902
2026-07-17 19:35:44,928 INFO o.a.j.t.JMeterThread: Thread is done: 秒杀线程组：1000用户 1-898
2026-07-17 19:35:44,928 INFO o.a.j.t.JMeterThread: Thread is done: 秒杀线程组：1000用户 1-895
2026-07-17 19:35:44,939 INFO o.a.j.t.JMeterThread: Thread finished: 秒杀线程组：1000用户 1-898
2026-07-17 19:35:44,928 INFO o.a.j.t.JMeterThread: Thread is done: 秒杀线程组：1000用户 1-937
2026-07-17 19:35:44,928 INFO o.a.j.t.JMeterThread: Thread is done: 秒杀线程组：1000用户 1-963
2026-07-17 19:35:44,939 INFO o.a.j.t.JMeterThread: Thread finished: 秒杀线程组：1000用户 1-937
2026-07-17 19:35:44,928 INFO o.a.j.t.JMeterThread: Thread is done: 秒杀线程组：1000用户 1-932
2026-07-17 19:35:44,939 INFO o.a.j.t.JMeterThread: Thread finished: 秒杀线程组：1000用户 1-963
2026-07-17 19:35:44,939 INFO o.a.j.t.JMeterThread: Thread finished: 秒杀线程组：1000用户 1-932
2026-07-17 19:35:44,928 INFO o.a.j.t.JMeterThread: Thread is done: 秒杀线程组：1000用户 1-921
2026-07-17 19:35:44,928 INFO o.a.j.t.JMeterThread: Thread is done: 秒杀线程组：1000用户 1-940
2026-07-17 19:35:44,939 INFO o.a.j.t.JMeterThread: Thread finished: 秒杀线程组：1000用户 1-921
2026-07-17 19:35:44,928 INFO o.a.j.t.JMeterThread: Thread is done: 秒杀线程组：1000用户 1-916
2026-07-17 19:35:44,939 INFO o.a.j.t.JMeterThread: Thread finished: 秒杀线程组：1000用户 1-940
2026-07-17 19:35:44,928 INFO o.a.j.t.JMeterThread: Thread is done: 秒杀线程组：1000用户 1-907
2026-07-17 19:35:44,928 INFO o.a.j.t.JMeterThread: Thread is done: 秒杀线程组：1000用户 1-927
2026-07-17 19:35:44,939 INFO o.a.j.t.JMeterThread: Thread finished: 秒杀线程组：1000用户 1-907
2026-07-17 19:35:44,928 INFO o.a.j.t.JMeterThread: Thread is done: 秒杀线程组：1000用户 1-843
2026-07-17 19:35:44,928 INFO o.a.j.t.JMeterThread: Thread is done: 秒杀线程组：1000用户 1-931
2026-07-17 19:35:44,928 INFO o.a.j.t.JMeterThread: Thread is done: 秒杀线程组：1000用户 1-904
2026-07-17 19:35:44,941 INFO o.a.j.t.JMeterThread: Thread finished: 秒杀线程组：1000用户 1-904
2026-07-17 19:35:44,928 INFO o.a.j.t.JMeterThread: Thread is done: 秒杀线程组：1000用户 1-903
2026-07-17 19:35:44,926 INFO o.a.j.t.JMeterThread: Thread is done: 秒杀线程组：1000用户 1-896
2026-07-17 19:35:44,941 INFO o.a.j.t.JMeterThread: Thread finished: 秒杀线程组：1000用户 1-903
2026-07-17 19:35:44,926 INFO o.a.j.t.JMeterThread: Thread is done: 秒杀线程组：1000用户 1-915
2026-07-17 19:35:44,926 INFO o.a.j.t.JMeterThread: Thread is done: 秒杀线程组：1000用户 1-956
2026-07-17 19:35:44,926 INFO o.a.j.t.JMeterThread: Thread is done: 秒杀线程组：1000用户 1-918
2026-07-17 19:35:44,941 INFO o.a.j.t.JMeterThread: Thread finished: 秒杀线程组：1000用户 1-956
2026-07-17 19:35:44,926 INFO o.a.j.t.JMeterThread: Thread is done: 秒杀线程组：1000用户 1-938
2026-07-17 19:35:44,926 INFO o.a.j.t.JMeterThread: Thread is done: 秒杀线程组：1000用户 1-936
2026-07-17 19:35:44,941 INFO o.a.j.t.JMeterThread: Thread finished: 秒杀线程组：1000用户 1-938
2026-07-17 19:35:44,926 INFO o.a.j.t.JMeterThread: Thread is done: 秒杀线程组：1000用户 1-897
2026-07-17 19:35:44,926 INFO o.a.j.t.JMeterThread: Thread is done: 秒杀线程组：1000用户 1-899
2026-07-17 19:35:44,941 INFO o.a.j.t.JMeterThread: Thread finished: 秒杀线程组：1000用户 1-897
2026-07-17 19:35:44,926 INFO o.a.j.t.JMeterThread: Thread is done: 秒杀线程组：1000用户 1-923
2026-07-17 19:35:44,926 INFO o.a.j.t.JMeterThread: Thread is done: 秒杀线程组：1000用户 1-955
2026-07-17 19:35:44,926 INFO o.a.j.t.JMeterThread: Thread is done: 秒杀线程组：1000用户 1-943
2026-07-17 19:35:44,926 INFO o.a.j.t.JMeterThread: Thread is done: 秒杀线程组：1000用户 1-910
2026-07-17 19:35:44,926 INFO o.a.j.t.JMeterThread: Thread is done: 秒杀线程组：1000用户 1-941
2026-07-17 19:35:44,941 INFO o.a.j.t.JMeterThread: Thread finished: 秒杀线程组：1000用户 1-910
2026-07-17 19:35:44,926 INFO o.a.j.t.JMeterThread: Thread is done: 秒杀线程组：1000用户 1-922
2026-07-17 19:35:44,926 INFO o.a.j.t.JMeterThread: Thread is done: 秒杀线程组：1000用户 1-852
2026-07-17 19:35:44,926 INFO o.a.j.t.JMeterThread: Thread is done: 秒杀线程组：1000用户 1-950
2026-07-17 19:35:44,941 INFO o.a.j.t.JMeterThread: Thread finished: 秒杀线程组：1000用户 1-852
2026-07-17 19:35:44,926 INFO o.a.j.t.JMeterThread: Thread is done: 秒杀线程组：1000用户 1-951
2026-07-17 19:35:44,926 INFO o.a.j.t.JMeterThread: Thread is done: 秒杀线程组：1000用户 1-854
2026-07-17 19:35:44,941 INFO o.a.j.t.JMeterThread: Thread finished: 秒杀线程组：1000用户 1-854
2026-07-17 19:35:44,926 INFO o.a.j.t.JMeterThread: Thread is done: 秒杀线程组：1000用户 1-857
2026-07-17 19:35:44,926 INFO o.a.j.t.JMeterThread: Thread is done: 秒杀线程组：1000用户 1-846
2026-07-17 19:35:44,926 INFO o.a.j.t.JMeterThread: Thread is done: 秒杀线程组：1000用户 1-930
2026-07-17 19:35:44,926 INFO o.a.j.t.JMeterThread: Thread is done: 秒杀线程组：1000用户 1-913
2026-07-17 19:35:44,941 INFO o.a.j.t.JMeterThread: Thread finished: 秒杀线程组：1000用户 1-930
2026-07-17 19:35:44,926 INFO o.a.j.t.JMeterThread: Thread is done: 秒杀线程组：1000用户 1-929
2026-07-17 19:35:44,926 INFO o.a.j.t.JMeterThread: Thread is done: 秒杀线程组：1000用户 1-947
2026-07-17 19:35:44,941 INFO o.a.j.t.JMeterThread: Thread finished: 秒杀线程组：1000用户 1-929
2026-07-17 19:35:44,926 INFO o.a.j.t.JMeterThread: Thread is done: 秒杀线程组：1000用户 1-925
2026-07-17 19:35:44,926 INFO o.a.j.t.JMeterThread: Thread is done: 秒杀线程组：1000用户 1-933
2026-07-17 19:35:44,941 INFO o.a.j.t.JMeterThread: Thread finished: 秒杀线程组：1000用户 1-925
2026-07-17 19:35:44,926 INFO o.a.j.t.JMeterThread: Thread is done: 秒杀线程组：1000用户 1-909
2026-07-17 19:35:44,926 INFO o.a.j.t.JMeterThread: Thread is done: 秒杀线程组：1000用户 1-935
2026-07-17 19:35:44,926 INFO o.a.j.t.JMeterThread: Thread is done: 秒杀线程组：1000用户 1-939
2026-07-17 19:35:44,941 INFO o.a.j.t.JMeterThread: Thread finished: 秒杀线程组：1000用户 1-935
2026-07-17 19:35:44,926 INFO o.a.j.t.JMeterThread: Thread is done: 秒杀线程组：1000用户 1-917
2026-07-17 19:35:44,916 INFO o.a.j.t.JMeterThread: Thread is done: 秒杀线程组：1000用户 1-97
2026-07-17 19:35:44,941 INFO o.a.j.t.JMeterThread: Thread finished: 秒杀线程组：1000用户 1-917
2026-07-17 19:35:44,916 INFO o.a.j.t.JMeterThread: Thread is done: 秒杀线程组：1000用户 1-733
2026-07-17 19:35:44,941 INFO o.a.j.t.JMeterThread: Thread finished: 秒杀线程组：1000用户 1-97
2026-07-17 19:35:44,941 INFO o.a.j.t.JMeterThread: Thread finished: 秒杀线程组：1000用户 1-733
2026-07-17 19:35:44,941 INFO o.a.j.t.JMeterThread: Thread finished: 秒杀线程组：1000用户 1-909
2026-07-17 19:35:44,941 INFO o.a.j.t.JMeterThread: Thread finished: 秒杀线程组：1000用户 1-939
2026-07-17 19:35:44,941 INFO o.a.j.t.JMeterThread: Thread finished: 秒杀线程组：1000用户 1-933
2026-07-17 19:35:44,941 INFO o.a.j.t.JMeterThread: Thread finished: 秒杀线程组：1000用户 1-913
2026-07-17 19:35:44,941 INFO o.a.j.t.JMeterThread: Thread finished: 秒杀线程组：1000用户 1-846
2026-07-17 19:35:44,941 INFO o.a.j.t.JMeterThread: Thread finished: 秒杀线程组：1000用户 1-857
2026-07-17 19:35:44,941 INFO o.a.j.t.JMeterThread: Thread finished: 秒杀线程组：1000用户 1-951
2026-07-17 19:35:44,941 INFO o.a.j.t.JMeterThread: Thread finished: 秒杀线程组：1000用户 1-922
2026-07-17 19:35:44,943 INFO o.a.j.t.JMeterThread: Thread finished: 秒杀线程组：1000用户 1-941
2026-07-17 19:35:44,941 INFO o.a.j.t.JMeterThread: Thread finished: 秒杀线程组：1000用户 1-943
2026-07-17 19:35:44,941 INFO o.a.j.t.JMeterThread: Thread finished: 秒杀线程组：1000用户 1-955
2026-07-17 19:35:44,941 INFO o.a.j.t.JMeterThread: Thread finished: 秒杀线程组：1000用户 1-923
2026-07-17 19:35:44,941 INFO o.a.j.t.JMeterThread: Thread finished: 秒杀线程组：1000用户 1-936
2026-07-17 19:35:44,941 INFO o.a.j.t.JMeterThread: Thread finished: 秒杀线程组：1000用户 1-915
2026-07-17 19:35:44,943 INFO o.a.j.t.JMeterThread: Thread finished: 秒杀线程组：1000用户 1-918
2026-07-17 19:35:44,941 INFO o.a.j.t.JMeterThread: Thread finished: 秒杀线程组：1000用户 1-931
2026-07-17 19:35:44,941 INFO o.a.j.t.JMeterThread: Thread finished: 秒杀线程组：1000用户 1-843
2026-07-17 19:35:44,943 INFO o.a.j.t.JMeterThread: Thread finished: 秒杀线程组：1000用户 1-916
2026-07-17 19:35:44,939 INFO o.a.j.t.JMeterThread: Thread finished: 秒杀线程组：1000用户 1-895
2026-07-17 19:35:44,939 INFO o.a.j.t.JMeterThread: Thread finished: 秒杀线程组：1000用户 1-902
2026-07-17 19:35:44,939 INFO o.a.j.t.JMeterThread: Thread finished: 秒杀线程组：1000用户 1-914
2026-07-17 19:35:44,939 INFO o.a.j.t.JMeterThread: Thread finished: 秒杀线程组：1000用户 1-919
2026-07-17 19:35:44,939 INFO o.a.j.t.JMeterThread: Thread finished: 秒杀线程组：1000用户 1-911
2026-07-17 19:35:44,943 INFO o.a.j.t.JMeterThread: Thread finished: 秒杀线程组：1000用户 1-942
2026-07-17 19:35:44,943 INFO o.a.j.t.JMeterThread: Thread finished: 秒杀线程组：1000用户 1-945
2026-07-17 19:35:44,939 INFO o.a.j.t.JMeterThread: Thread finished: 秒杀线程组：1000用户 1-928
2026-07-17 19:35:44,939 INFO o.a.j.t.JMeterThread: Thread finished: 秒杀线程组：1000用户 1-920
2026-07-17 19:35:44,943 INFO o.a.j.t.JMeterThread: Thread finished: 秒杀线程组：1000用户 1-948
2026-07-17 19:35:44,939 INFO o.a.j.t.JMeterThread: Thread finished: 秒杀线程组：1000用户 1-860
2026-07-17 19:35:44,943 INFO o.a.j.t.JMeterThread: Thread finished: 秒杀线程组：1000用户 1-874
2026-07-17 19:35:44,939 INFO o.a.j.t.JMeterThread: Thread finished: 秒杀线程组：1000用户 1-611
2026-07-17 19:35:44,939 INFO o.a.j.t.JMeterThread: Thread finished: 秒杀线程组：1000用户 1-969
2026-07-17 19:35:44,939 INFO o.a.j.t.JMeterThread: Thread finished: 秒杀线程组：1000用户 1-960
2026-07-17 19:35:44,939 INFO o.a.j.t.JMeterThread: Thread finished: 秒杀线程组：1000用户 1-965
2026-07-17 19:35:44,939 INFO o.a.j.t.JMeterThread: Thread finished: 秒杀线程组：1000用户 1-968
2026-07-17 19:35:44,938 INFO o.a.j.t.JMeterThread: Thread finished: 秒杀线程组：1000用户 1-962
2026-07-17 19:35:44,938 INFO o.a.j.t.JMeterThread: Thread finished: 秒杀线程组：1000用户 1-944
2026-07-17 19:35:44,938 INFO o.a.j.t.JMeterThread: Thread finished: 秒杀线程组：1000用户 1-990
2026-07-17 19:35:44,944 INFO o.a.j.t.JMeterThread: Thread finished: 秒杀线程组：1000用户 1-889
2026-07-17 19:35:44,944 INFO o.a.j.t.JMeterThread: Thread finished: 秒杀线程组：1000用户 1-982
2026-07-17 19:35:44,938 INFO o.a.j.t.JMeterThread: Thread finished: 秒杀线程组：1000用户 1-886
2026-07-17 19:35:44,938 INFO o.a.j.t.JMeterThread: Thread finished: 秒杀线程组：1000用户 1-983
2026-07-17 19:35:44,944 INFO o.a.j.t.JMeterThread: Thread finished: 秒杀线程组：1000用户 1-891
2026-07-17 19:35:44,938 INFO o.a.j.t.JMeterThread: Thread finished: 秒杀线程组：1000用户 1-985
2026-07-17 19:35:44,938 INFO o.a.j.t.JMeterThread: Thread finished: 秒杀线程组：1000用户 1-883
2026-07-17 19:35:44,938 INFO o.a.j.t.JMeterThread: Thread finished: 秒杀线程组：1000用户 1-762
2026-07-17 19:35:44,938 INFO o.a.j.t.JMeterThread: Thread finished: 秒杀线程组：1000用户 1-875
2026-07-17 19:35:44,938 INFO o.a.j.t.JMeterThread: Thread finished: 秒杀线程组：1000用户 1-946
2026-07-17 19:35:44,944 INFO o.a.j.t.JMeterThread: Thread finished: 秒杀线程组：1000用户 1-877
2026-07-17 19:35:44,938 INFO o.a.j.t.JMeterThread: Thread finished: 秒杀线程组：1000用户 1-966
2026-07-17 19:35:44,936 INFO o.a.j.t.JMeterThread: Thread finished: 秒杀线程组：1000用户 1-872
2026-07-17 19:35:44,936 INFO o.a.j.t.JMeterThread: Thread finished: 秒杀线程组：1000用户 1-998
2026-07-17 19:35:44,936 INFO o.a.j.t.JMeterThread: Thread finished: 秒杀线程组：1000用户 1-1000
2026-07-17 19:35:44,936 INFO o.a.j.t.JMeterThread: Thread finished: 秒杀线程组：1000用户 1-870
2026-07-17 19:35:44,936 INFO o.a.j.t.JMeterThread: Thread finished: 秒杀线程组：1000用户 1-984
2026-07-17 19:35:44,936 INFO o.a.j.t.JMeterThread: Thread finished: 秒杀线程组：1000用户 1-743
2026-07-17 19:35:44,936 INFO o.a.j.t.JMeterThread: Thread finished: 秒杀线程组：1000用户 1-980
2026-07-17 19:35:44,936 INFO o.a.j.t.JMeterThread: Thread finished: 秒杀线程组：1000用户 1-867
2026-07-17 19:35:44,936 INFO o.a.j.t.JMeterThread: Thread finished: 秒杀线程组：1000用户 1-994
2026-07-17 19:35:44,936 INFO o.a.j.t.JMeterThread: Thread finished: 秒杀线程组：1000用户 1-999
2026-07-17 19:35:44,936 INFO o.a.j.t.JMeterThread: Thread is done: 秒杀线程组：1000用户 1-989
2026-07-17 19:35:44,944 INFO o.a.j.t.JMeterThread: Thread finished: 秒杀线程组：1000用户 1-906
2026-07-17 19:35:44,936 INFO o.a.j.t.JMeterThread: Thread finished: 秒杀线程组：1000用户 1-967
2026-07-17 19:35:44,936 INFO o.a.j.t.JMeterThread: Thread is done: 秒杀线程组：1000用户 1-975
2026-07-17 19:35:44,936 INFO o.a.j.t.JMeterThread: Thread finished: 秒杀线程组：1000用户 1-885
2026-07-17 19:35:44,944 INFO o.a.j.t.JMeterThread: Thread finished: 秒杀线程组：1000用户 1-975
2026-07-17 19:35:44,936 INFO o.a.j.t.JMeterThread: Thread is done: 秒杀线程组：1000用户 1-996
2026-07-17 19:35:44,944 INFO o.a.j.t.JMeterThread: Thread finished: 秒杀线程组：1000用户 1-996
2026-07-17 19:35:44,936 INFO o.a.j.t.JMeterThread: Thread is done: 秒杀线程组：1000用户 1-987
2026-07-17 19:35:44,944 INFO o.a.j.t.JMeterThread: Thread finished: 秒杀线程组：1000用户 1-987
2026-07-17 19:35:44,936 INFO o.a.j.t.JMeterThread: Thread finished: 秒杀线程组：1000用户 1-954
2026-07-17 19:35:44,935 INFO o.a.j.t.JMeterThread: Thread finished: 秒杀线程组：1000用户 1-974
2026-07-17 19:35:44,935 INFO o.a.j.t.JMeterThread: Thread is done: 秒杀线程组：1000用户 1-993
2026-07-17 19:35:44,935 INFO o.a.j.t.JMeterThread: Thread finished: 秒杀线程组：1000用户 1-949
2026-07-17 19:35:44,935 INFO o.a.j.t.JMeterThread: Thread is done: 秒杀线程组：1000用户 1-926
2026-07-17 19:35:44,946 INFO o.a.j.t.JMeterThread: Thread finished: 秒杀线程组：1000用户 1-926
2026-07-17 19:35:44,946 INFO o.a.j.t.JMeterThread: Thread finished: 秒杀线程组：1000用户 1-970
2026-07-17 19:35:44,946 INFO o.a.j.t.JMeterThread: Thread finished: 秒杀线程组：1000用户 1-993
2026-07-17 19:35:44,944 INFO o.a.j.t.JMeterThread: Thread finished: 秒杀线程组：1000用户 1-992
2026-07-17 19:35:44,946 INFO o.a.j.t.JMeterThread: Thread finished: 秒杀线程组：1000用户 1-989
2026-07-17 19:35:44,944 INFO o.a.j.t.JMeterThread: Thread finished: 秒杀线程组：1000用户 1-976
2026-07-17 19:35:44,944 INFO o.a.j.t.JMeterThread: Thread finished: 秒杀线程组：1000用户 1-981
2026-07-17 19:35:44,944 INFO o.a.j.t.JMeterThread: Thread finished: 秒杀线程组：1000用户 1-868
2026-07-17 19:35:44,944 INFO o.a.j.t.JMeterThread: Thread is done: 秒杀线程组：1000用户 1-978
2026-07-17 19:35:44,944 INFO o.a.j.t.JMeterThread: Thread finished: 秒杀线程组：1000用户 1-884
2026-07-17 19:35:44,943 INFO o.a.j.t.JMeterThread: Thread finished: 秒杀线程组：1000用户 1-890
2026-07-17 19:35:44,943 INFO o.a.j.t.JMeterThread: Thread finished: 秒杀线程组：1000用户 1-959
2026-07-17 19:35:44,943 INFO o.a.j.t.JMeterThread: Thread finished: 秒杀线程组：1000用户 1-901
2026-07-17 19:35:44,943 INFO o.a.j.t.JMeterThread: Thread finished: 秒杀线程组：1000用户 1-927
2026-07-17 19:35:44,943 INFO o.a.j.t.JMeterThread: Thread finished: 秒杀线程组：1000用户 1-896
2026-07-17 19:35:44,943 INFO o.a.j.t.JMeterThread: Thread finished: 秒杀线程组：1000用户 1-899
2026-07-17 19:35:44,943 INFO o.a.j.t.JMeterThread: Thread finished: 秒杀线程组：1000用户 1-950
2026-07-17 19:35:44,941 INFO o.a.j.t.JMeterThread: Thread finished: 秒杀线程组：1000用户 1-947
2026-07-17 19:35:44,946 INFO o.a.j.t.JMeterThread: Thread finished: 秒杀线程组：1000用户 1-978
2026-07-17 19:35:44,947 INFO o.a.j.e.StandardJMeterEngine: Notifying test listeners of end of test
2026-07-17 19:35:44,947 INFO o.a.j.s.FileServer: Close: D:/IDEAprojects/bench-sync/benchmark/tokens.txt
2026-07-17 19:35:44,951 INFO o.a.j.r.Summariser: summary =   1000 in 00:00:03 =  396.8/s Avg:  1285 Min:    67 Max:  1823 Err:     0 (0.00%)
